{"linkageTable":[{"node2":19,"distance":0.460460992463945,"node1":17},{"node2":8,"distance":0.462599789852155,"node1":2},{"node2":7,"distance":0.46561668285329,"node1":5},{"node2":20,"distance":0.471792237086815,"node1":6},{"node2":16,"distance":0.472988239828825,"node1":12},{"node2":14,"distance":0.473840300398005,"node1":9},{"node2":21,"distance":0.47569464885337,"node1":13},{"node2":27,"distance":0.48383197603803413,"node1":26},{"node2":11,"distance":0.4849965604326675,"node1":24},{"node2":28,"distance":0.487304510358438,"node1":23},{"node2":1,"distance":0.489321677941495,"node1":0},{"node2":15,"distance":0.490671982954525,"node1":29},{"node2":30,"distance":0.49145640672232427,"node1":22},{"node2":32,"distance":0.49203259823699597,"node1":33},{"node2":34,"distance":0.4949397351119846,"node1":31},{"node2":25,"distance":0.49642883083564376,"node1":35},{"node2":10,"distance":0.49693016338493146,"node1":36},{"node2":18,"distance":0.4979970109654139,"node1":37},{"node2":3,"distance":0.4987752818031827,"node1":38},{"node2":4,"distance":0.4996788774882107,"node1":39}],"conceptsData":[{"conceptId":11,"clusterId":0,"hexCoordinates":{"x":-3.4641016151377544,"y":-3},"labels":[{"weight":279,"label":"disease"},{"weight":206,"label":"arthritis"},{"weight":193,"label":"patient"},{"weight":108,"label":"psa"},{"weight":102,"label":"inflammatory"},{"weight":76,"label":"biologic"},{"weight":76,"label":"bowel"},{"weight":74,"label":"jia"},{"weight":74,"label":"rheumatoid"},{"weight":56,"label":"crohn"},{"weight":50,"label":"rheumatology"},{"weight":45,"label":"alf"},{"weight":45,"label":"significantly"},{"weight":44,"label":"colitis"},{"weight":43,"label":"rheumatic"},{"weight":43,"label":"tnf"},{"weight":42,"label":"idiopathic"},{"weight":41,"label":"ibd"},{"weight":41,"label":"condition"},{"weight":39,"label":"mre"},{"weight":39,"label":"tea"},{"weight":38,"label":"spa"},{"weight":38,"label":"activity"},{"weight":35,"label":"small"},{"weight":35,"label":"joint"}],"subTopicId":576},{"conceptId":12,"clusterId":0,"hexCoordinates":{"x":0,"y":-6},"labels":[{"weight":498,"label":"medicine"},{"weight":316,"label":"drug"},{"weight":234,"label":"generic"},{"weight":182,"label":"prescribe"},{"weight":164,"label":"increase"},{"weight":132,"label":"expenditure"},{"weight":125,"label":"price"},{"weight":125,"label":"include"},{"weight":113,"label":"utilization"},{"weight":103,"label":"pharmaceutical"},{"weight":99,"label":"utilisation"},{"weight":94,"label":"concern"},{"weight":78,"label":"cost"},{"weight":78,"label":"country"},{"weight":77,"label":"health"},{"weight":67,"label":"result"},{"weight":66,"label":"initiative"},{"weight":63,"label":"ppi"},{"weight":61,"label":"patent"},{"weight":60,"label":"total"},{"weight":52,"label":"availability"},{"weight":51,"label":"statin"},{"weight":51,"label":"prescribing"},{"weight":49,"label":"measure"},{"weight":48,"label":"prescription"}],"subTopicId":618},{"conceptId":2,"clusterId":0,"hexCoordinates":{"x":-2.598076211353316,"y":-1.5},"labels":[{"weight":1591,"label":"asthma"},{"weight":279,"label":"patient"},{"weight":256,"label":"control"},{"weight":234,"label":"allergic"},{"weight":206,"label":"symptom"},{"weight":167,"label":"rhinitis"},{"weight":167,"label":"exacerbation"},{"weight":166,"label":"allergy"},{"weight":152,"label":"treatment"},{"weight":139,"label":"severe"},{"weight":117,"label":"wheeze"},{"weight":115,"label":"allergen"},{"weight":107,"label":"management"},{"weight":105,"label":"airway"},{"weight":104,"label":"year"},{"weight":101,"label":"clinical"},{"weight":98,"label":"care"},{"weight":97,"label":"corticosteroid"},{"weight":88,"label":"medication"},{"weight":88,"label":"disease"},{"weight":78,"label":"life"},{"weight":78,"label":"outcome"},{"weight":64,"label":"background"},{"weight":61,"label":"respiratory"},{"weight":61,"label":"primary"}],"subTopicId":227},{"conceptId":8,"clusterId":0,"hexCoordinates":{"x":-1.7320508075688772,"y":0},"labels":[{"weight":612,"label":"copd"},{"weight":442,"label":"patient"},{"weight":263,"label":"exacerbation"},{"weight":226,"label":"asthma"},{"weight":206,"label":"corticosteroid"},{"weight":162,"label":"therapy"},{"weight":144,"label":"laba"},{"weight":134,"label":"inhaler"},{"weight":132,"label":"disease"},{"weight":129,"label":"pulmonary"},{"weight":128,"label":"inhale"},{"weight":127,"label":"obstructive"},{"weight":122,"label":"chronic"},{"weight":115,"label":"dose"},{"weight":109,"label":"long"},{"weight":95,"label":"act"},{"weight":85,"label":"severe"},{"weight":74,"label":"lung"},{"weight":70,"label":"lama"},{"weight":69,"label":"treatment"},{"weight":68,"label":"device"},{"weight":66,"label":"prescribe"},{"weight":65,"label":"beta"},{"weight":62,"label":"agonist"},{"weight":61,"label":"fev"}],"subTopicId":421},{"conceptId":3,"clusterId":0,"hexCoordinates":{"x":3.4641016151377544,"y":-3},"labels":[{"weight":307,"label":"oxygen"},{"weight":100,"label":"target"},{"weight":84,"label":"saturation"},{"weight":79,"label":"spo"},{"weight":63,"label":"infant"},{"weight":62,"label":"hypoxia"},{"weight":52,"label":"standard"},{"weight":51,"label":"oximetry"},{"weight":51,"label":"blood"},{"weight":49,"label":"vessel"},{"weight":47,"label":"care"},{"weight":40,"label":"modify"},{"weight":36,"label":"gmp"},{"weight":36,"label":"hour"},{"weight":35,"label":"prion"},{"weight":35,"label":"day"},{"weight":32,"label":"lower"},{"weight":30,"label":"bulbar"},{"weight":30,"label":"pulse"},{"weight":27,"label":"feather"},{"weight":26,"label":"conjunctival"},{"weight":25,"label":"respiratory"},{"weight":25,"label":"air"},{"weight":24,"label":"oximeter"},{"weight":24,"label":"higher"}],"subTopicId":263},{"conceptId":20,"clusterId":0,"hexCoordinates":{"x":-2.598076211353316,"y":-4.5},"labels":[{"weight":2569,"label":"disease"},{"weight":696,"label":"patient"},{"weight":619,"label":"associate"},{"weight":527,"label":"clinical"},{"weight":503,"label":"chronic"},{"weight":476,"label":"disorder"},{"weight":368,"label":"include"},{"weight":362,"label":"condition"},{"weight":348,"label":"severe"},{"weight":342,"label":"common"},{"weight":337,"label":"syndrome"},{"weight":297,"label":"human"},{"weight":290,"label":"study"},{"weight":287,"label":"acute"},{"weight":285,"label":"affect"},{"weight":277,"label":"severity"},{"weight":273,"label":"factor"},{"weight":271,"label":"evidence"},{"weight":264,"label":"mechanism"},{"weight":262,"label":"inflammatory"},{"weight":260,"label":"increase"},{"weight":253,"label":"pathology"},{"weight":240,"label":"lead"},{"weight":217,"label":"present"},{"weight":214,"label":"remain"}],"subTopicId":970},{"conceptId":16,"clusterId":0,"hexCoordinates":{"x":0.8660254037844386,"y":-4.5},"labels":[{"weight":973,"label":"antibiotic"},{"weight":470,"label":"antimicrobial"},{"weight":408,"label":"infection"},{"weight":335,"label":"prescribe"},{"weight":220,"label":"resistance"},{"weight":189,"label":"hospital"},{"weight":163,"label":"amr"},{"weight":141,"label":"stewardship"},{"weight":140,"label":"prescription"},{"weight":139,"label":"patient"},{"weight":106,"label":"cdi"},{"weight":102,"label":"rate"},{"weight":101,"label":"community"},{"weight":98,"label":"prophylaxis"},{"weight":90,"label":"prescribing"},{"weight":85,"label":"reduce"},{"weight":78,"label":"guideline"},{"weight":78,"label":"cap"},{"weight":75,"label":"treatment"},{"weight":71,"label":"include"},{"weight":67,"label":"practice"},{"weight":63,"label":"national"},{"weight":62,"label":"tract"},{"weight":61,"label":"oral"},{"weight":57,"label":"hai"}],"subTopicId":816},{"conceptId":17,"clusterId":0,"hexCoordinates":{"x":0,"y":0},"labels":[{"weight":951,"label":"hospital"},{"weight":594,"label":"patient"},{"weight":560,"label":"admission"},{"weight":395,"label":"mortality"},{"weight":391,"label":"day"},{"weight":340,"label":"discharge"},{"weight":322,"label":"delirium"},{"weight":291,"label":"acute"},{"weight":221,"label":"stay"},{"weight":205,"label":"admit"},{"weight":196,"label":"length"},{"weight":163,"label":"care"},{"weight":152,"label":"outcome"},{"weight":130,"label":"readmission"},{"weight":105,"label":"unit"},{"weight":93,"label":"increase"},{"weight":90,"label":"associate"},{"weight":85,"label":"inpatient"},{"weight":80,"label":"older"},{"weight":78,"label":"medical"},{"weight":77,"label":"sepsis"},{"weight":74,"label":"reduce"},{"weight":72,"label":"include"},{"weight":66,"label":"result"},{"weight":65,"label":"intensive"}],"subTopicId":856},{"conceptId":15,"clusterId":0,"hexCoordinates":{"x":-0.8660254037844386,"y":-4.5},"labels":[{"weight":337,"label":"ibd"},{"weight":288,"label":"disease"},{"weight":116,"label":"patient"},{"weight":105,"label":"inflammatory"},{"weight":104,"label":"crohn"},{"weight":103,"label":"mbct"},{"weight":98,"label":"relapse"},{"weight":97,"label":"bowel"},{"weight":74,"label":"colitis"},{"weight":66,"label":"remission"},{"weight":58,"label":"recurrence"},{"weight":48,"label":"anti"},{"weight":47,"label":"therapy"},{"weight":46,"label":"ulcerative"},{"weight":42,"label":"http"},{"weight":38,"label":"org"},{"weight":35,"label":"pmn"},{"weight":35,"label":"doi"},{"weight":35,"label":"inflammation"},{"weight":33,"label":"intestinal"},{"weight":33,"label":"aim"},{"weight":31,"label":"paediatric"},{"weight":30,"label":"time"},{"weight":29,"label":"calprotectin"},{"weight":28,"label":"thiopurine"}],"subTopicId":688},{"conceptId":9,"clusterId":0,"hexCoordinates":{"x":0,"y":-3},"labels":[{"weight":1104,"label":"diagnosis"},{"weight":1091,"label":"case"},{"weight":837,"label":"patient"},{"weight":535,"label":"clinical"},{"weight":362,"label":"symptom"},{"weight":356,"label":"diagnose"},{"weight":355,"label":"diagnostic"},{"weight":334,"label":"present"},{"weight":325,"label":"treatment"},{"weight":309,"label":"report"},{"weight":253,"label":"management"},{"weight":239,"label":"follow"},{"weight":229,"label":"year"},{"weight":222,"label":"disease"},{"weight":198,"label":"delay"},{"weight":194,"label":"identify"},{"weight":192,"label":"presentation"},{"weight":186,"label":"sign"},{"weight":172,"label":"finding"},{"weight":163,"label":"result"},{"weight":157,"label":"suspect"},{"weight":154,"label":"investigation"},{"weight":129,"label":"feature"},{"weight":124,"label":"confirm"},{"weight":124,"label":"history"}],"subTopicId":447},{"conceptId":19,"clusterId":0,"hexCoordinates":{"x":1.7320508075688772,"y":0},"labels":[{"weight":1297,"label":"patient"},{"weight":914,"label":"year"},{"weight":760,"label":"survival"},{"weight":644,"label":"associate"},{"weight":616,"label":"median"},{"weight":580,"label":"outcome"},{"weight":545,"label":"follow"},{"weight":488,"label":"mortality"},{"weight":443,"label":"risk"},{"weight":432,"label":"age"},{"weight":385,"label":"analysis"},{"weight":380,"label":"study"},{"weight":312,"label":"time"},{"weight":311,"label":"day"},{"weight":310,"label":"result"},{"weight":298,"label":"month"},{"weight":293,"label":"method"},{"weight":290,"label":"increase"},{"weight":285,"label":"cohort"},{"weight":285,"label":"data"},{"weight":281,"label":"factor"},{"weight":261,"label":"compare"},{"weight":257,"label":"conclusion"},{"weight":256,"label":"regression"},{"weight":252,"label":"death"}],"subTopicId":876},{"conceptId":4,"clusterId":0,"hexCoordinates":{"x":3.4641016151377544,"y":0},"labels":[{"weight":92,"label":"cpr"},{"weight":61,"label":"bystander"},{"weight":42,"label":"resuscitation"},{"weight":32,"label":"arrest"},{"weight":29,"label":"server"},{"weight":26,"label":"survival"},{"weight":26,"label":"rate"},{"weight":24,"label":"target"},{"weight":22,"label":"ohca"},{"weight":20,"label":"cardiac"},{"weight":19,"label":"trained"},{"weight":19,"label":"view"},{"weight":19,"label":"call"},{"weight":19,"label":"point"},{"weight":18,"label":"smp"},{"weight":18,"label":"administer"},{"weight":16,"label":"training"},{"weight":15,"label":"sla"},{"weight":15,"label":"increase"},{"weight":15,"label":"social"},{"weight":14,"label":"dnacpr"},{"weight":14,"label":"handler"},{"weight":14,"label":"tower"},{"weight":14,"label":"hold"},{"weight":14,"label":"hospital"}],"subTopicId":274},{"conceptId":13,"clusterId":0,"hexCoordinates":{"x":0.8660254037844386,"y":-1.5},"labels":[{"weight":978,"label":"surgery"},{"weight":889,"label":"patient"},{"weight":667,"label":"surgical"},{"weight":370,"label":"complication"},{"weight":355,"label":"operative"},{"weight":333,"label":"undergo"},{"weight":282,"label":"outcome"},{"weight":254,"label":"postoperative"},{"weight":175,"label":"procedure"},{"weight":171,"label":"follow"},{"weight":153,"label":"post"},{"weight":149,"label":"preoperative"},{"weight":140,"label":"elective"},{"weight":138,"label":"surgeon"},{"weight":123,"label":"study"},{"weight":116,"label":"perform"},{"weight":111,"label":"day"},{"weight":111,"label":"conclusion"},{"weight":104,"label":"resection"},{"weight":103,"label":"rate"},{"weight":102,"label":"result"},{"weight":87,"label":"laparoscopic"},{"weight":86,"label":"aim"},{"weight":85,"label":"method"},{"weight":82,"label":"perioperative"}],"subTopicId":670},{"conceptId":14,"clusterId":0,"hexCoordinates":{"x":-0.8660254037844386,"y":-1.5},"labels":[{"weight":3075,"label":"patient"},{"weight":1110,"label":"hospital"},{"weight":734,"label":"study"},{"weight":694,"label":"year"},{"weight":582,"label":"care"},{"weight":562,"label":"data"},{"weight":534,"label":"record"},{"weight":522,"label":"result"},{"weight":494,"label":"case"},{"weight":435,"label":"identify"},{"weight":427,"label":"conclusion"},{"weight":427,"label":"follow"},{"weight":411,"label":"month"},{"weight":398,"label":"method"},{"weight":387,"label":"admission"},{"weight":363,"label":"service"},{"weight":357,"label":"aim"},{"weight":337,"label":"report"},{"weight":312,"label":"clinical"},{"weight":302,"label":"day"},{"weight":297,"label":"receive"},{"weight":286,"label":"median"},{"weight":285,"label":"primary"},{"weight":278,"label":"period"},{"weight":271,"label":"scotland"}],"subTopicId":675},{"conceptId":-1,"clusterId":-1,"hexCoordinates":{"x":6.928203230275509,"y":1.5},"labels":[{"weight":2500,"label":"Unclassified"},{"weight":0,"label":""},{"weight":0,"label":""},{"weight":0,"label":""},{"weight":0,"label":""},{"weight":0,"label":""},{"weight":0,"label":""},{"weight":0,"label":""},{"weight":0,"label":""},{"weight":0,"label":""},{"weight":0,"label":""}],"subTopicId":null},{"conceptId":0,"clusterId":0,"hexCoordinates":{"x":-0.8660254037844386,"y":1.5},"labels":[{"weight":191,"label":"patient"},{"weight":128,"label":"level"},{"weight":100,"label":"arthritis"},{"weight":89,"label":"crab"},{"weight":89,"label":"activity"},{"weight":86,"label":"baseline"},{"weight":81,"label":"serum"},{"weight":78,"label":"disease"},{"weight":76,"label":"rheumatoid"},{"weight":69,"label":"mtx"},{"weight":64,"label":"biomarker"},{"weight":63,"label":"gst"},{"weight":62,"label":"blood"},{"weight":62,"label":"response"},{"weight":61,"label":"healthy"},{"weight":58,"label":"associate"},{"weight":56,"label":"month"},{"weight":55,"label":"significantly"},{"weight":46,"label":"das"},{"weight":46,"label":"compare"},{"weight":45,"label":"higher"},{"weight":45,"label":"measure"},{"weight":43,"label":"marker"},{"weight":43,"label":"concentration"},{"weight":42,"label":"inflammatory"}],"subTopicId":56},{"conceptId":5,"clusterId":0,"hexCoordinates":{"x":2.598076211353316,"y":-1.5},"labels":[{"weight":1232,"label":"score"},{"weight":821,"label":"patient"},{"weight":662,"label":"clinical"},{"weight":636,"label":"risk"},{"weight":628,"label":"cohort"},{"weight":591,"label":"predict"},{"weight":495,"label":"outcome"},{"weight":386,"label":"predictor"},{"weight":384,"label":"study"},{"weight":375,"label":"model"},{"weight":301,"label":"analysis"},{"weight":274,"label":"identify"},{"weight":268,"label":"independent"},{"weight":264,"label":"predictive"},{"weight":255,"label":"prognostic"},{"weight":251,"label":"year"},{"weight":248,"label":"assess"},{"weight":231,"label":"validation"},{"weight":230,"label":"result"},{"weight":228,"label":"method"},{"weight":224,"label":"validate"},{"weight":199,"label":"prediction"},{"weight":199,"label":"conclusion"},{"weight":193,"label":"factor"},{"weight":192,"label":"variable"}],"subTopicId":341},{"conceptId":1,"clusterId":0,"hexCoordinates":{"x":0.8660254037844386,"y":1.5},"labels":[{"weight":442,"label":"patient"},{"weight":429,"label":"icu"},{"weight":302,"label":"illness"},{"weight":281,"label":"care"},{"weight":277,"label":"critical"},{"weight":188,"label":"discharge"},{"weight":181,"label":"intensive"},{"weight":116,"label":"unit"},{"weight":97,"label":"readmission"},{"weight":90,"label":"survivor"},{"weight":88,"label":"hospital"},{"weight":87,"label":"admission"},{"weight":86,"label":"follow"},{"weight":82,"label":"recovery"},{"weight":81,"label":"post"},{"weight":80,"label":"rehabilitation"},{"weight":79,"label":"early"},{"weight":64,"label":"physical"},{"weight":61,"label":"sepsis"},{"weight":51,"label":"unplanned"},{"weight":51,"label":"day"},{"weight":39,"label":"require"},{"weight":38,"label":"stay"},{"weight":35,"label":"ventilation"},{"weight":34,"label":"support"}],"subTopicId":225},{"conceptId":10,"clusterId":0,"hexCoordinates":{"x":2.598076211353316,"y":1.5},"labels":[{"weight":202,"label":"sedation"},{"weight":62,"label":"icus"},{"weight":60,"label":"analgesia"},{"weight":60,"label":"anaesthesia"},{"weight":53,"label":"quality"},{"weight":47,"label":"ventilation"},{"weight":47,"label":"drug"},{"weight":45,"label":"benzodiazepine"},{"weight":44,"label":"period"},{"weight":43,"label":"dex"},{"weight":43,"label":"minute"},{"weight":42,"label":"icu"},{"weight":42,"label":"anaesthetic"},{"weight":35,"label":"clinical"},{"weight":33,"label":"sedative"},{"weight":33,"label":"hypnotic"},{"weight":31,"label":"propofol"},{"weight":30,"label":"rate"},{"weight":29,"label":"msk"},{"weight":27,"label":"methadone"},{"weight":27,"label":"intensive"},{"weight":25,"label":"mechanical"},{"weight":24,"label":"anesthetic"},{"weight":22,"label":"midazolam"},{"weight":22,"label":"anesthesia"}],"subTopicId":572},{"conceptId":18,"clusterId":0,"hexCoordinates":{"x":-4.330127018922193,"y":-1.5},"labels":[{"weight":683,"label":"reserve"},{"weight":565,"label":"rights"},{"weight":443,"label":"copyright"},{"weight":364,"label":"article"},{"weight":351,"label":"protect"},{"weight":137,"label":"elsevier"},{"weight":105,"label":"ebv"},{"weight":81,"label":"ait"},{"weight":53,"label":"publish"},{"weight":46,"label":"central"},{"weight":38,"label":"ebna"},{"weight":37,"label":"apa"},{"weight":33,"label":"epstein"},{"weight":31,"label":"barr"},{"weight":29,"label":"psycinfo"},{"weight":28,"label":"device"},{"weight":27,"label":"author"},{"weight":26,"label":"database"},{"weight":20,"label":"carry"},{"weight":19,"label":"access"},{"weight":18,"label":"cvad"},{"weight":17,"label":"peripheral"},{"weight":16,"label":"experience"},{"weight":15,"label":"picc"},{"weight":15,"label":"hickman"}],"subTopicId":875},{"conceptId":6,"clusterId":0,"hexCoordinates":{"x":-1.7320508075688772,"y":-3},"labels":[{"weight":3187,"label":"treatment"},{"weight":1690,"label":"clinical"},{"weight":1400,"label":"therapy"},{"weight":1120,"label":"drug"},{"weight":1097,"label":"disease"},{"weight":1048,"label":"patient"},{"weight":640,"label":"trial"},{"weight":599,"label":"target"},{"weight":506,"label":"therapeutic"},{"weight":501,"label":"potential"},{"weight":446,"label":"improve"},{"weight":377,"label":"treat"},{"weight":374,"label":"efficacy"},{"weight":355,"label":"approach"},{"weight":353,"label":"outcome"},{"weight":341,"label":"effect"},{"weight":337,"label":"effective"},{"weight":337,"label":"include"},{"weight":331,"label":"strategy"},{"weight":329,"label":"review"},{"weight":318,"label":"medicine"},{"weight":292,"label":"management"},{"weight":281,"label":"development"},{"weight":268,"label":"current"},{"weight":256,"label":"benefit"}],"subTopicId":378},{"conceptId":7,"clusterId":0,"hexCoordinates":{"x":1.7320508075688772,"y":-3},"labels":[{"weight":758,"label":"lung"},{"weight":404,"label":"copd"},{"weight":400,"label":"pulmonary"},{"weight":367,"label":"respiratory"},{"weight":316,"label":"bronchiectasis"},{"weight":276,"label":"disease"},{"weight":247,"label":"patient"},{"weight":238,"label":"airway"},{"weight":228,"label":"function"},{"weight":218,"label":"chronic"},{"weight":194,"label":"fev"},{"weight":189,"label":"fibrosis"},{"weight":149,"label":"exacerbation"},{"weight":114,"label":"obstructive"},{"weight":106,"label":"sputum"},{"weight":98,"label":"cystic"},{"weight":96,"label":"aeruginosa"},{"weight":90,"label":"associate"},{"weight":78,"label":"clinical"},{"weight":77,"label":"severity"},{"weight":76,"label":"fvc"},{"weight":74,"label":"cough"},{"weight":74,"label":"infection"},{"weight":63,"label":"emphysema"},{"weight":63,"label":"cftr"}],"subTopicId":401}]}