[{"topicData":[{"numberOfDocuments":0.0,"label":"Heriot-Watt University"},{"numberOfDocuments":0.0,"label":"Robert Gordon University"},{"numberOfDocuments":0.0,"label":"Glasgow Caledonian University"},{"numberOfDocuments":0.0,"label":"Queen Margaret University"},{"numberOfDocuments":0.0,"label":"University of Dundee"},{"numberOfDocuments":0.0,"label":"University of the Highlands and Islands"},{"numberOfDocuments":0.0,"label":"Edinburgh Napier University"},{"numberOfDocuments":0.0,"label":"University of Stirling"},{"numberOfDocuments":0.0,"label":"Abertay University"},{"numberOfDocuments":0.0,"label":"University of Aberdeen"},{"numberOfDocuments":0.0,"label":"University of Edinburgh"},{"numberOfDocuments":0.0,"label":"University of the West of Scotland"},{"numberOfDocuments":0.0,"label":"University of Glasgow"},{"numberOfDocuments":0.0,"label":"University of St Andrews"},{"numberOfDocuments":0.0,"label":"University of Strathclyde"}],"conceptId":-1},{"topicData":[{"numberOfDocuments":0.022556390977443608,"label":"Heriot-Watt University"},{"numberOfDocuments":0.017391304347826087,"label":"Robert Gordon University"},{"numberOfDocuments":0.03676470588235294,"label":"Glasgow Caledonian University"},{"numberOfDocuments":0.47821754721867166,"label":"Queen Margaret University"},{"numberOfDocuments":6.79669162894678,"label":"University of Dundee"},{"numberOfDocuments":0.062459978417691346,"label":"University of the Highlands and Islands"},{"numberOfDocuments":0.023809523809523808,"label":"Edinburgh Napier University"},{"numberOfDocuments":0.20100942333454316,"label":"University of Stirling"},{"numberOfDocuments":0.0,"label":"Abertay University"},{"numberOfDocuments":1.499619798843383,"label":"University of Aberdeen"},{"numberOfDocuments":7.1576400001318445,"label":"University of Edinburgh"},{"numberOfDocuments":0.06239694523995488,"label":"University of the West of Scotland"},{"numberOfDocuments":2.1120608905943263,"label":"University of Glasgow"},{"numberOfDocuments":0.6063430911617695,"label":"University of St Andrews"},{"numberOfDocuments":0.5201019969392563,"label":"University of Strathclyde"}],"conceptId":0},{"topicData":[{"numberOfDocuments":0.17505605528596416,"label":"Heriot-Watt University"},{"numberOfDocuments":0.07373622667740315,"label":"Robert Gordon University"},{"numberOfDocuments":0.013378684807256236,"label":"Glasgow Caledonian University"},{"numberOfDocuments":0.005235602094240838,"label":"Queen Margaret University"},{"numberOfDocuments":8.305018355674243,"label":"University of Dundee"},{"numberOfDocuments":0.16956521739130434,"label":"University of the Highlands and Islands"},{"numberOfDocuments":0.10754307687124645,"label":"Edinburgh Napier University"},{"numberOfDocuments":0.3058180229019792,"label":"University of Stirling"},{"numberOfDocuments":0.013289036544850499,"label":"Abertay University"},{"numberOfDocuments":1.5577501400063145,"label":"University of Aberdeen"},{"numberOfDocuments":22.596668850246434,"label":"University of Edinburgh"},{"numberOfDocuments":0.014084507042253521,"label":"University of the West of Scotland"},{"numberOfDocuments":10.094633133354089,"label":"University of Glasgow"},{"numberOfDocuments":0.6369268448122132,"label":"University of St Andrews"},{"numberOfDocuments":0.6648635621587293,"label":"University of Strathclyde"}],"conceptId":1},{"topicData":[{"numberOfDocuments":0.7988398935482762,"label":"Heriot-Watt University"},{"numberOfDocuments":1.4713058452083498,"label":"Robert Gordon University"},{"numberOfDocuments":0.46256046774621273,"label":"Glasgow Caledonian University"},{"numberOfDocuments":0.4091721933171107,"label":"Queen Margaret University"},{"numberOfDocuments":37.138329843972485,"label":"University of Dundee"},{"numberOfDocuments":2.4503102622042485,"label":"University of the Highlands and Islands"},{"numberOfDocuments":0.35742450647878143,"label":"Edinburgh Napier University"},{"numberOfDocuments":4.213742691275599,"label":"University of Stirling"},{"numberOfDocuments":0.6640568654356062,"label":"Abertay University"},{"numberOfDocuments":16.05835165343239,"label":"University of Aberdeen"},{"numberOfDocuments":95.93501213127675,"label":"University of Edinburgh"},{"numberOfDocuments":0.44490598436339596,"label":"University of the West of Scotland"},{"numberOfDocuments":49.97548529486042,"label":"University of Glasgow"},{"numberOfDocuments":11.542917393271209,"label":"University of St Andrews"},{"numberOfDocuments":3.2696281537475604,"label":"University of Strathclyde"}],"conceptId":2},{"topicData":[{"numberOfDocuments":1.051682101280551,"label":"Heriot-Watt University"},{"numberOfDocuments":0.31825238231176,"label":"Robert Gordon University"},{"numberOfDocuments":0.3530466977510453,"label":"Glasgow Caledonian University"},{"numberOfDocuments":1.2782479012422796,"label":"Queen Margaret University"},{"numberOfDocuments":27.40857488966296,"label":"University of Dundee"},{"numberOfDocuments":3.149791005257256,"label":"University of the Highlands and Islands"},{"numberOfDocuments":0.22456982838736356,"label":"Edinburgh Napier University"},{"numberOfDocuments":1.3255990123272874,"label":"University of Stirling"},{"numberOfDocuments":0.5062518859639581,"label":"Abertay University"},{"numberOfDocuments":7.588414753109291,"label":"University of Aberdeen"},{"numberOfDocuments":63.34612021560165,"label":"University of Edinburgh"},{"numberOfDocuments":0.5026801801181513,"label":"University of the West of Scotland"},{"numberOfDocuments":20.923452417724032,"label":"University of Glasgow"},{"numberOfDocuments":2.2394752716391104,"label":"University of St Andrews"},{"numberOfDocuments":1.573042353776018,"label":"University of Strathclyde"}],"conceptId":3},{"topicData":[{"numberOfDocuments":0.3632547292651129,"label":"Heriot-Watt University"},{"numberOfDocuments":0.005291005291005291,"label":"Robert Gordon University"},{"numberOfDocuments":0.10608934934503354,"label":"Glasgow Caledonian University"},{"numberOfDocuments":0.2330912970419039,"label":"Queen Margaret University"},{"numberOfDocuments":10.905837851548888,"label":"University of Dundee"},{"numberOfDocuments":0.33236880627073995,"label":"University of the Highlands and Islands"},{"numberOfDocuments":0.266945952274677,"label":"Edinburgh Napier University"},{"numberOfDocuments":0.5732832615095074,"label":"University of Stirling"},{"numberOfDocuments":0.013333333333333334,"label":"Abertay University"},{"numberOfDocuments":9.673813415413417,"label":"University of Aberdeen"},{"numberOfDocuments":49.36534158378266,"label":"University of Edinburgh"},{"numberOfDocuments":0.0816517553243217,"label":"University of the West of Scotland"},{"numberOfDocuments":19.64427550348708,"label":"University of Glasgow"},{"numberOfDocuments":2.441853714716373,"label":"University of St Andrews"},{"numberOfDocuments":1.6296544931555659,"label":"University of Strathclyde"}],"conceptId":4},{"topicData":[{"numberOfDocuments":0.7535480468204315,"label":"Heriot-Watt University"},{"numberOfDocuments":0.9215494974159251,"label":"Robert Gordon University"},{"numberOfDocuments":0.04594951328163669,"label":"Glasgow Caledonian University"},{"numberOfDocuments":0.02127659574468085,"label":"Queen Margaret University"},{"numberOfDocuments":4.909700788875334,"label":"University of Dundee"},{"numberOfDocuments":0.6626536444436967,"label":"University of the Highlands and Islands"},{"numberOfDocuments":0.3569969454321066,"label":"Edinburgh Napier University"},{"numberOfDocuments":4.235306956992181,"label":"University of Stirling"},{"numberOfDocuments":0.0868737464810396,"label":"Abertay University"},{"numberOfDocuments":3.4721339415751054,"label":"University of Aberdeen"},{"numberOfDocuments":76.02563263536796,"label":"University of Edinburgh"},{"numberOfDocuments":0.12463507747585896,"label":"University of the West of Scotland"},{"numberOfDocuments":8.153776614025215,"label":"University of Glasgow"},{"numberOfDocuments":2.800154282237767,"label":"University of St Andrews"},{"numberOfDocuments":0.7750305152253691,"label":"University of Strathclyde"}],"conceptId":5},{"topicData":[{"numberOfDocuments":2.5321598521432747,"label":"Heriot-Watt University"},{"numberOfDocuments":0.4091554232588719,"label":"Robert Gordon University"},{"numberOfDocuments":0.03131480634880972,"label":"Glasgow Caledonian University"},{"numberOfDocuments":0.5832689401253189,"label":"Queen Margaret University"},{"numberOfDocuments":23.314148810174707,"label":"University of Dundee"},{"numberOfDocuments":0.533640514483843,"label":"University of the Highlands and Islands"},{"numberOfDocuments":0.4972616967406243,"label":"Edinburgh Napier University"},{"numberOfDocuments":0.8863330443587671,"label":"University of Stirling"},{"numberOfDocuments":0.07568774703557313,"label":"Abertay University"},{"numberOfDocuments":9.140570953250469,"label":"University of Aberdeen"},{"numberOfDocuments":82.6097103755875,"label":"University of Edinburgh"},{"numberOfDocuments":0.26421871219127047,"label":"University of the West of Scotland"},{"numberOfDocuments":44.38313343174887,"label":"University of Glasgow"},{"numberOfDocuments":3.4461148455898654,"label":"University of St Andrews"},{"numberOfDocuments":2.4161598076984423,"label":"University of Strathclyde"}],"conceptId":6},{"topicData":[{"numberOfDocuments":0.3469893784408697,"label":"Heriot-Watt University"},{"numberOfDocuments":0.0,"label":"Robert Gordon University"},{"numberOfDocuments":0.09339099505125487,"label":"Glasgow Caledonian University"},{"numberOfDocuments":0.26160294626325103,"label":"Queen Margaret University"},{"numberOfDocuments":11.252525892683623,"label":"University of Dundee"},{"numberOfDocuments":0.014220514052366082,"label":"University of the Highlands and Islands"},{"numberOfDocuments":0.026062169132618433,"label":"Edinburgh Napier University"},{"numberOfDocuments":1.4703705958407596,"label":"University of Stirling"},{"numberOfDocuments":0.0,"label":"Abertay University"},{"numberOfDocuments":9.833027686652407,"label":"University of Aberdeen"},{"numberOfDocuments":37.968809668452074,"label":"University of Edinburgh"},{"numberOfDocuments":0.023076923076923078,"label":"University of the West of Scotland"},{"numberOfDocuments":13.00921095416438,"label":"University of Glasgow"},{"numberOfDocuments":0.9030492921938252,"label":"University of St Andrews"},{"numberOfDocuments":0.9279672728953889,"label":"University of Strathclyde"}],"conceptId":7},{"topicData":[{"numberOfDocuments":0.08823529411764706,"label":"Heriot-Watt University"},{"numberOfDocuments":0.05614241001564945,"label":"Robert Gordon University"},{"numberOfDocuments":0.014492753623188406,"label":"Glasgow Caledonian University"},{"numberOfDocuments":0.04285714285714286,"label":"Queen Margaret University"},{"numberOfDocuments":1.022831859763076,"label":"University of Dundee"},{"numberOfDocuments":0.10125965537730243,"label":"University of the Highlands and Islands"},{"numberOfDocuments":0.0,"label":"Edinburgh Napier University"},{"numberOfDocuments":1.0795802310150604,"label":"University of Stirling"},{"numberOfDocuments":0.007462686567164179,"label":"Abertay University"},{"numberOfDocuments":0.6330028371353336,"label":"University of Aberdeen"},{"numberOfDocuments":14.1702515032772,"label":"University of Edinburgh"},{"numberOfDocuments":0.060042735042735045,"label":"University of the West of Scotland"},{"numberOfDocuments":1.368965324171074,"label":"University of Glasgow"},{"numberOfDocuments":0.17928895251729898,"label":"University of St Andrews"},{"numberOfDocuments":0.28105757965000744,"label":"University of Strathclyde"}],"conceptId":8},{"topicData":[{"numberOfDocuments":0.41627707556435695,"label":"Heriot-Watt University"},{"numberOfDocuments":0.18475315859905778,"label":"Robert Gordon University"},{"numberOfDocuments":1.0119726938561175,"label":"Glasgow Caledonian University"},{"numberOfDocuments":0.08632915811685307,"label":"Queen Margaret University"},{"numberOfDocuments":8.975028794376549,"label":"University of Dundee"},{"numberOfDocuments":0.36220756463912146,"label":"University of the Highlands and Islands"},{"numberOfDocuments":0.36484876564586133,"label":"Edinburgh Napier University"},{"numberOfDocuments":1.5816941745525945,"label":"University of Stirling"},{"numberOfDocuments":0.38680281225520774,"label":"Abertay University"},{"numberOfDocuments":3.7331041764571036,"label":"University of Aberdeen"},{"numberOfDocuments":33.6129605273705,"label":"University of Edinburgh"},{"numberOfDocuments":0.05634363283696418,"label":"University of the West of Scotland"},{"numberOfDocuments":15.768031636578236,"label":"University of Glasgow"},{"numberOfDocuments":4.989853513339841,"label":"University of St Andrews"},{"numberOfDocuments":1.9212665714114556,"label":"University of Strathclyde"}],"conceptId":9},{"topicData":[{"numberOfDocuments":0.6456521739130434,"label":"Heriot-Watt University"},{"numberOfDocuments":0.010416666666666666,"label":"Robert Gordon University"},{"numberOfDocuments":0.009259259259259259,"label":"Glasgow Caledonian University"},{"numberOfDocuments":0.035057791393956275,"label":"Queen Margaret University"},{"numberOfDocuments":1.2384228416955576,"label":"University of Dundee"},{"numberOfDocuments":0.0,"label":"University of the Highlands and Islands"},{"numberOfDocuments":0.0,"label":"Edinburgh Napier University"},{"numberOfDocuments":0.3096619897959184,"label":"University of Stirling"},{"numberOfDocuments":0.0,"label":"Abertay University"},{"numberOfDocuments":1.358490811514437,"label":"University of Aberdeen"},{"numberOfDocuments":6.117805357131497,"label":"University of Edinburgh"},{"numberOfDocuments":0.02564102564102564,"label":"University of the West of Scotland"},{"numberOfDocuments":2.423931856167422,"label":"University of Glasgow"},{"numberOfDocuments":0.0756759230654813,"label":"University of St Andrews"},{"numberOfDocuments":0.08796608796608797,"label":"University of Strathclyde"}],"conceptId":10},{"topicData":[{"numberOfDocuments":0.2373737373737374,"label":"Heriot-Watt University"},{"numberOfDocuments":0.0,"label":"Robert Gordon University"},{"numberOfDocuments":0.012658227848101266,"label":"Glasgow Caledonian University"},{"numberOfDocuments":0.13818892454659693,"label":"Queen Margaret University"},{"numberOfDocuments":2.7160424013712405,"label":"University of Dundee"},{"numberOfDocuments":0.03902439024390244,"label":"University of the Highlands and Islands"},{"numberOfDocuments":0.3309559293165851,"label":"Edinburgh Napier University"},{"numberOfDocuments":0.07633709576115955,"label":"University of Stirling"},{"numberOfDocuments":0.17272727272727273,"label":"Abertay University"},{"numberOfDocuments":0.30229880554223726,"label":"University of Aberdeen"},{"numberOfDocuments":3.6072378950446127,"label":"University of Edinburgh"},{"numberOfDocuments":0.0,"label":"University of the West of Scotland"},{"numberOfDocuments":4.0548699982257155,"label":"University of Glasgow"},{"numberOfDocuments":0.3030755633881495,"label":"University of St Andrews"},{"numberOfDocuments":0.9527447358365456,"label":"University of Strathclyde"}],"conceptId":11}]