[{"topicData":[{"numberOfDocuments":0.0,"label":"Heriot-Watt University"},{"numberOfDocuments":0.0,"label":"Robert Gordon University"},{"numberOfDocuments":0.0,"label":"Glasgow Caledonian University"},{"numberOfDocuments":0.0,"label":"Queen Margaret University"},{"numberOfDocuments":0.0,"label":"University of Dundee"},{"numberOfDocuments":0.0,"label":"University of the Highlands and Islands"},{"numberOfDocuments":0.0,"label":"Edinburgh Napier University"},{"numberOfDocuments":0.0,"label":"University of Stirling"},{"numberOfDocuments":0.0,"label":"Abertay University"},{"numberOfDocuments":0.0,"label":"University of Aberdeen"},{"numberOfDocuments":0.0,"label":"University of Edinburgh"},{"numberOfDocuments":0.0,"label":"University of the West of Scotland"},{"numberOfDocuments":0.0,"label":"University of Glasgow"},{"numberOfDocuments":0.0,"label":"University of St Andrews"},{"numberOfDocuments":0.0,"label":"University of Strathclyde"}],"conceptId":-1},{"topicData":[{"numberOfDocuments":1.9514557381822495,"label":"Heriot-Watt University"},{"numberOfDocuments":0.13536223475435993,"label":"Robert Gordon University"},{"numberOfDocuments":0.005847953216374269,"label":"Glasgow Caledonian University"},{"numberOfDocuments":0.07933211570547277,"label":"Queen Margaret University"},{"numberOfDocuments":63.11954951581514,"label":"University of Dundee"},{"numberOfDocuments":0.12308518608402373,"label":"University of the Highlands and Islands"},{"numberOfDocuments":0.6552904259911276,"label":"Edinburgh Napier University"},{"numberOfDocuments":0.5391769221987358,"label":"University of Stirling"},{"numberOfDocuments":0.0,"label":"Abertay University"},{"numberOfDocuments":1.8402175955389202,"label":"University of Aberdeen"},{"numberOfDocuments":17.33088719493839,"label":"University of Edinburgh"},{"numberOfDocuments":0.5719399290433302,"label":"University of the West of Scotland"},{"numberOfDocuments":30.45705144391648,"label":"University of Glasgow"},{"numberOfDocuments":4.497666324933974,"label":"University of St Andrews"},{"numberOfDocuments":2.871996459155164,"label":"University of Strathclyde"}],"conceptId":0},{"topicData":[{"numberOfDocuments":0.9790142733331252,"label":"Heriot-Watt University"},{"numberOfDocuments":0.11881116346502356,"label":"Robert Gordon University"},{"numberOfDocuments":0.0,"label":"Glasgow Caledonian University"},{"numberOfDocuments":0.018575586372196543,"label":"Queen Margaret University"},{"numberOfDocuments":18.52193344655196,"label":"University of Dundee"},{"numberOfDocuments":0.06601355063175243,"label":"University of the Highlands and Islands"},{"numberOfDocuments":0.0,"label":"Edinburgh Napier University"},{"numberOfDocuments":1.6078852578991105,"label":"University of Stirling"},{"numberOfDocuments":0.025423728813559324,"label":"Abertay University"},{"numberOfDocuments":2.2400159338907324,"label":"University of Aberdeen"},{"numberOfDocuments":4.511711109846021,"label":"University of Edinburgh"},{"numberOfDocuments":2.8979180354862253,"label":"University of the West of Scotland"},{"numberOfDocuments":14.55902975422998,"label":"University of Glasgow"},{"numberOfDocuments":1.472324041208781,"label":"University of St Andrews"},{"numberOfDocuments":0.8253953715135403,"label":"University of Strathclyde"}],"conceptId":1},{"topicData":[{"numberOfDocuments":1.1680175825486945,"label":"Heriot-Watt University"},{"numberOfDocuments":0.48918171820467066,"label":"Robert Gordon University"},{"numberOfDocuments":1.3662598615472081,"label":"Glasgow Caledonian University"},{"numberOfDocuments":0.032801518213609306,"label":"Queen Margaret University"},{"numberOfDocuments":21.164723807655154,"label":"University of Dundee"},{"numberOfDocuments":2.1877150456381655,"label":"University of the Highlands and Islands"},{"numberOfDocuments":0.6836155536085032,"label":"Edinburgh Napier University"},{"numberOfDocuments":2.6025754548768893,"label":"University of Stirling"},{"numberOfDocuments":1.8271694060366577,"label":"Abertay University"},{"numberOfDocuments":7.3317815483742965,"label":"University of Aberdeen"},{"numberOfDocuments":16.938399333864297,"label":"University of Edinburgh"},{"numberOfDocuments":0.36179704369185844,"label":"University of the West of Scotland"},{"numberOfDocuments":30.30535114056468,"label":"University of Glasgow"},{"numberOfDocuments":5.3750972623292945,"label":"University of St Andrews"},{"numberOfDocuments":2.9689595647108895,"label":"University of Strathclyde"}],"conceptId":2},{"topicData":[{"numberOfDocuments":1.695617813158633,"label":"Heriot-Watt University"},{"numberOfDocuments":0.21578090584114681,"label":"Robert Gordon University"},{"numberOfDocuments":0.5623193498667881,"label":"Glasgow Caledonian University"},{"numberOfDocuments":0.029688535987069206,"label":"Queen Margaret University"},{"numberOfDocuments":10.527799791646396,"label":"University of Dundee"},{"numberOfDocuments":0.10831647910836872,"label":"University of the Highlands and Islands"},{"numberOfDocuments":0.7789571193911655,"label":"Edinburgh Napier University"},{"numberOfDocuments":0.8205335860739075,"label":"University of Stirling"},{"numberOfDocuments":4.052974578563527,"label":"Abertay University"},{"numberOfDocuments":3.0430501369435548,"label":"University of Aberdeen"},{"numberOfDocuments":16.915182802186976,"label":"University of Edinburgh"},{"numberOfDocuments":1.5170611582149367,"label":"University of the West of Scotland"},{"numberOfDocuments":27.066694536113197,"label":"University of Glasgow"},{"numberOfDocuments":4.234782083041301,"label":"University of St Andrews"},{"numberOfDocuments":2.5939986866432387,"label":"University of Strathclyde"}],"conceptId":3},{"topicData":[{"numberOfDocuments":9.854695186877107,"label":"Heriot-Watt University"},{"numberOfDocuments":2.8558694463353493,"label":"Robert Gordon University"},{"numberOfDocuments":1.3643751147079075,"label":"Glasgow Caledonian University"},{"numberOfDocuments":2.0525266654791072,"label":"Queen Margaret University"},{"numberOfDocuments":64.94232445017667,"label":"University of Dundee"},{"numberOfDocuments":3.9005787107594307,"label":"University of the Highlands and Islands"},{"numberOfDocuments":4.137835454976883,"label":"Edinburgh Napier University"},{"numberOfDocuments":10.953359644394626,"label":"University of Stirling"},{"numberOfDocuments":1.9529011784184038,"label":"Abertay University"},{"numberOfDocuments":30.952401255810397,"label":"University of Aberdeen"},{"numberOfDocuments":146.90807283772804,"label":"University of Edinburgh"},{"numberOfDocuments":1.9276934584097556,"label":"University of the West of Scotland"},{"numberOfDocuments":114.39817316944568,"label":"University of Glasgow"},{"numberOfDocuments":26.444770206809313,"label":"University of St Andrews"},{"numberOfDocuments":20.417676106766866,"label":"University of Strathclyde"}],"conceptId":4},{"topicData":[{"numberOfDocuments":0.25825376274478073,"label":"Heriot-Watt University"},{"numberOfDocuments":0.027294685990338165,"label":"Robert Gordon University"},{"numberOfDocuments":0.665103775943986,"label":"Glasgow Caledonian University"},{"numberOfDocuments":0.0070921985815602835,"label":"Queen Margaret University"},{"numberOfDocuments":4.062687253448053,"label":"University of Dundee"},{"numberOfDocuments":0.034521628857263634,"label":"University of the Highlands and Islands"},{"numberOfDocuments":0.0,"label":"Edinburgh Napier University"},{"numberOfDocuments":0.27536267406391324,"label":"University of Stirling"},{"numberOfDocuments":0.1327639467719529,"label":"Abertay University"},{"numberOfDocuments":0.705763547053366,"label":"University of Aberdeen"},{"numberOfDocuments":4.6614755968041885,"label":"University of Edinburgh"},{"numberOfDocuments":0.039473684210526314,"label":"University of the West of Scotland"},{"numberOfDocuments":8.33896375001278,"label":"University of Glasgow"},{"numberOfDocuments":0.9691227092790089,"label":"University of St Andrews"},{"numberOfDocuments":2.2385651724711417,"label":"University of Strathclyde"}],"conceptId":5},{"topicData":[{"numberOfDocuments":0.2229074529074529,"label":"Heriot-Watt University"},{"numberOfDocuments":0.0,"label":"Robert Gordon University"},{"numberOfDocuments":0.0,"label":"Glasgow Caledonian University"},{"numberOfDocuments":0.010752688172043012,"label":"Queen Margaret University"},{"numberOfDocuments":5.462517988692238,"label":"University of Dundee"},{"numberOfDocuments":0.0,"label":"University of the Highlands and Islands"},{"numberOfDocuments":0.10720059694067902,"label":"Edinburgh Napier University"},{"numberOfDocuments":0.8527393370053546,"label":"University of Stirling"},{"numberOfDocuments":0.0,"label":"Abertay University"},{"numberOfDocuments":0.4858402623429456,"label":"University of Aberdeen"},{"numberOfDocuments":4.843428194301774,"label":"University of Edinburgh"},{"numberOfDocuments":0.0,"label":"University of the West of Scotland"},{"numberOfDocuments":2.8321732402564583,"label":"University of Glasgow"},{"numberOfDocuments":1.0352536690508525,"label":"University of St Andrews"},{"numberOfDocuments":1.4685435198868464,"label":"University of Strathclyde"}],"conceptId":6},{"topicData":[{"numberOfDocuments":0.3309478021978022,"label":"Heriot-Watt University"},{"numberOfDocuments":0.48078383296488336,"label":"Robert Gordon University"},{"numberOfDocuments":0.0,"label":"Glasgow Caledonian University"},{"numberOfDocuments":0.2621080942987588,"label":"Queen Margaret University"},{"numberOfDocuments":1.869925893160019,"label":"University of Dundee"},{"numberOfDocuments":0.2634316770186335,"label":"University of the Highlands and Islands"},{"numberOfDocuments":0.18682519704543188,"label":"Edinburgh Napier University"},{"numberOfDocuments":0.5868228721549154,"label":"University of Stirling"},{"numberOfDocuments":0.0,"label":"Abertay University"},{"numberOfDocuments":0.5300820355632027,"label":"University of Aberdeen"},{"numberOfDocuments":2.350391355738299,"label":"University of Edinburgh"},{"numberOfDocuments":0.07711196911196913,"label":"University of the West of Scotland"},{"numberOfDocuments":2.5089528463985764,"label":"University of Glasgow"},{"numberOfDocuments":0.2512204357443923,"label":"University of St Andrews"},{"numberOfDocuments":0.6460070079737219,"label":"University of Strathclyde"}],"conceptId":7},{"topicData":[{"numberOfDocuments":3.0362716967879413,"label":"Heriot-Watt University"},{"numberOfDocuments":0.08479612163102694,"label":"Robert Gordon University"},{"numberOfDocuments":0.7427969581855451,"label":"Glasgow Caledonian University"},{"numberOfDocuments":0.03333333333333333,"label":"Queen Margaret University"},{"numberOfDocuments":13.033456499943439,"label":"University of Dundee"},{"numberOfDocuments":0.3002950805061596,"label":"University of the Highlands and Islands"},{"numberOfDocuments":0.10776830932642792,"label":"Edinburgh Napier University"},{"numberOfDocuments":0.9530983682188222,"label":"University of Stirling"},{"numberOfDocuments":0.09358974358974359,"label":"Abertay University"},{"numberOfDocuments":8.664357419086892,"label":"University of Aberdeen"},{"numberOfDocuments":28.288406073096112,"label":"University of Edinburgh"},{"numberOfDocuments":0.2024652622142537,"label":"University of the West of Scotland"},{"numberOfDocuments":37.770423902951265,"label":"University of Glasgow"},{"numberOfDocuments":2.9118638818133773,"label":"University of St Andrews"},{"numberOfDocuments":5.948956696136683,"label":"University of Strathclyde"}],"conceptId":8},{"topicData":[{"numberOfDocuments":0.1567632850241546,"label":"Heriot-Watt University"},{"numberOfDocuments":0.17857142857142858,"label":"Robert Gordon University"},{"numberOfDocuments":0.0369736997287416,"label":"Glasgow Caledonian University"},{"numberOfDocuments":0.07058823529411765,"label":"Queen Margaret University"},{"numberOfDocuments":4.443312913581956,"label":"University of Dundee"},{"numberOfDocuments":0.7602570816224947,"label":"University of the Highlands and Islands"},{"numberOfDocuments":0.21745040567520496,"label":"Edinburgh Napier University"},{"numberOfDocuments":0.9368004661208613,"label":"University of Stirling"},{"numberOfDocuments":0.5863076251552899,"label":"Abertay University"},{"numberOfDocuments":2.918588271181949,"label":"University of Aberdeen"},{"numberOfDocuments":8.652481957518184,"label":"University of Edinburgh"},{"numberOfDocuments":0.3049645390070922,"label":"University of the West of Scotland"},{"numberOfDocuments":11.453278331339483,"label":"University of Glasgow"},{"numberOfDocuments":1.869265699553397,"label":"University of St Andrews"},{"numberOfDocuments":1.5110930980142205,"label":"University of Strathclyde"}],"conceptId":9},{"topicData":[{"numberOfDocuments":8.450883936762219,"label":"Heriot-Watt University"},{"numberOfDocuments":1.9550617140862565,"label":"Robert Gordon University"},{"numberOfDocuments":0.9783552597107726,"label":"Glasgow Caledonian University"},{"numberOfDocuments":1.5490759182142968,"label":"Queen Margaret University"},{"numberOfDocuments":97.72265499623204,"label":"University of Dundee"},{"numberOfDocuments":2.999333454145526,"label":"University of the Highlands and Islands"},{"numberOfDocuments":4.5745021566009605,"label":"Edinburgh Napier University"},{"numberOfDocuments":8.07187424569444,"label":"University of Stirling"},{"numberOfDocuments":2.019072519921936,"label":"Abertay University"},{"numberOfDocuments":41.827193938546216,"label":"University of Aberdeen"},{"numberOfDocuments":156.47892165613757,"label":"University of Edinburgh"},{"numberOfDocuments":5.645906172264398,"label":"University of the West of Scotland"},{"numberOfDocuments":139.22267493433472,"label":"University of Glasgow"},{"numberOfDocuments":17.728950551754235,"label":"University of St Andrews"},{"numberOfDocuments":27.042559538526312,"label":"University of Strathclyde"}],"conceptId":10},{"topicData":[{"numberOfDocuments":7.82166953472049,"label":"Heriot-Watt University"},{"numberOfDocuments":0.55511314805333,"label":"Robert Gordon University"},{"numberOfDocuments":1.7731548104485249,"label":"Glasgow Caledonian University"},{"numberOfDocuments":0.516728197489648,"label":"Queen Margaret University"},{"numberOfDocuments":68.51280034489699,"label":"University of Dundee"},{"numberOfDocuments":0.9582261378144045,"label":"University of the Highlands and Islands"},{"numberOfDocuments":1.2676386809383215,"label":"Edinburgh Napier University"},{"numberOfDocuments":4.710954272889706,"label":"University of Stirling"},{"numberOfDocuments":0.4360900317702818,"label":"Abertay University"},{"numberOfDocuments":18.727633510536542,"label":"University of Aberdeen"},{"numberOfDocuments":88.01784942341952,"label":"University of Edinburgh"},{"numberOfDocuments":0.7009681619834378,"label":"University of the West of Scotland"},{"numberOfDocuments":80.40103116436879,"label":"University of Glasgow"},{"numberOfDocuments":22.975822509241134,"label":"University of St Andrews"},{"numberOfDocuments":19.856337043330505,"label":"University of Strathclyde"}],"conceptId":11},{"topicData":[{"numberOfDocuments":2.841722808375276,"label":"Heriot-Watt University"},{"numberOfDocuments":0.046511627906976744,"label":"Robert Gordon University"},{"numberOfDocuments":0.0,"label":"Glasgow Caledonian University"},{"numberOfDocuments":0.008849557522123894,"label":"Queen Margaret University"},{"numberOfDocuments":2.626286565038886,"label":"University of Dundee"},{"numberOfDocuments":0.04188522664996477,"label":"University of the Highlands and Islands"},{"numberOfDocuments":0.14471148727776004,"label":"Edinburgh Napier University"},{"numberOfDocuments":0.495317126919775,"label":"University of Stirling"},{"numberOfDocuments":0.0,"label":"Abertay University"},{"numberOfDocuments":0.42243196733714433,"label":"University of Aberdeen"},{"numberOfDocuments":1.859582816195465,"label":"University of Edinburgh"},{"numberOfDocuments":0.16917326859187326,"label":"University of the West of Scotland"},{"numberOfDocuments":11.113893078052719,"label":"University of Glasgow"},{"numberOfDocuments":0.6044378093438878,"label":"University of St Andrews"},{"numberOfDocuments":2.3588471657237733,"label":"University of Strathclyde"}],"conceptId":12},{"topicData":[{"numberOfDocuments":0.8322465613504192,"label":"Heriot-Watt University"},{"numberOfDocuments":0.0,"label":"Robert Gordon University"},{"numberOfDocuments":1.6765251630367908,"label":"Glasgow Caledonian University"},{"numberOfDocuments":0.0,"label":"Queen Margaret University"},{"numberOfDocuments":1.9372395905860604,"label":"University of Dundee"},{"numberOfDocuments":0.7786176486741425,"label":"University of the Highlands and Islands"},{"numberOfDocuments":0.0,"label":"Edinburgh Napier University"},{"numberOfDocuments":0.46098139753311135,"label":"University of Stirling"},{"numberOfDocuments":0.052012882447665054,"label":"Abertay University"},{"numberOfDocuments":0.9149568476478641,"label":"University of Aberdeen"},{"numberOfDocuments":6.398523150304088,"label":"University of Edinburgh"},{"numberOfDocuments":0.0380952380952381,"label":"University of the West of Scotland"},{"numberOfDocuments":3.713504289563475,"label":"University of Glasgow"},{"numberOfDocuments":2.1282888882827637,"label":"University of St Andrews"},{"numberOfDocuments":1.4026071430408777,"label":"University of Strathclyde"}],"conceptId":13},{"topicData":[{"numberOfDocuments":0.17799539170506912,"label":"Heriot-Watt University"},{"numberOfDocuments":0.05355160932297447,"label":"Robert Gordon University"},{"numberOfDocuments":0.14736842105263157,"label":"Glasgow Caledonian University"},{"numberOfDocuments":0.05142482803799542,"label":"Queen Margaret University"},{"numberOfDocuments":1.1175110376428083,"label":"University of Dundee"},{"numberOfDocuments":0.7905417102664348,"label":"University of the Highlands and Islands"},{"numberOfDocuments":0.01620224435758416,"label":"Edinburgh Napier University"},{"numberOfDocuments":0.10877541444790803,"label":"University of Stirling"},{"numberOfDocuments":0.05765467409303026,"label":"Abertay University"},{"numberOfDocuments":0.7927719900938751,"label":"University of Aberdeen"},{"numberOfDocuments":6.820955065790373,"label":"University of Edinburgh"},{"numberOfDocuments":0.008771929824561403,"label":"University of the West of Scotland"},{"numberOfDocuments":10.551280107895163,"label":"University of Glasgow"},{"numberOfDocuments":0.8002280777944132,"label":"University of St Andrews"},{"numberOfDocuments":0.8254626022963536,"label":"University of Strathclyde"}],"conceptId":14},{"topicData":[{"numberOfDocuments":0.6332115574415567,"label":"Heriot-Watt University"},{"numberOfDocuments":0.23546524204055558,"label":"Robert Gordon University"},{"numberOfDocuments":0.0,"label":"Glasgow Caledonian University"},{"numberOfDocuments":0.0,"label":"Queen Margaret University"},{"numberOfDocuments":4.87651889300532,"label":"University of Dundee"},{"numberOfDocuments":0.9982708115212402,"label":"University of the Highlands and Islands"},{"numberOfDocuments":0.03629500580720093,"label":"Edinburgh Napier University"},{"numberOfDocuments":0.48427210765273015,"label":"University of Stirling"},{"numberOfDocuments":0.2928598028089091,"label":"Abertay University"},{"numberOfDocuments":1.3649721534801307,"label":"University of Aberdeen"},{"numberOfDocuments":4.654221541735597,"label":"University of Edinburgh"},{"numberOfDocuments":0.08333333333333334,"label":"University of the West of Scotland"},{"numberOfDocuments":7.737324574552939,"label":"University of Glasgow"},{"numberOfDocuments":6.170730147783845,"label":"University of St Andrews"},{"numberOfDocuments":6.189661787985297,"label":"University of Strathclyde"}],"conceptId":15}]