{"linkageTable":[{"node2":22,"distance":0.4563236362614,"node1":7},{"node2":19,"distance":0.45852253611898497,"node1":10},{"node2":16,"distance":0.467992322599075,"node1":13},{"node2":8,"distance":0.46802953024759497,"node1":6},{"node2":17,"distance":0.47081176436733996,"node1":23},{"node2":21,"distance":0.470980363864675,"node1":12},{"node2":15,"distance":0.474932338259515,"node1":2},{"node2":9,"distance":0.4775667749247675,"node1":29},{"node2":26,"distance":0.48049474149489,"node1":3},{"node2":27,"distance":0.48171051540370335,"node1":5},{"node2":18,"distance":0.483126617161935,"node1":4},{"node2":11,"distance":0.48496819030353,"node1":24},{"node2":14,"distance":0.485323443332815,"node1":1},{"node2":32,"distance":0.4857182872902088,"node1":0},{"node2":25,"distance":0.48651459011803755,"node1":33},{"node2":28,"distance":0.4878793758403308,"node1":31},{"node2":38,"distance":0.48871921910703037,"node1":30},{"node2":34,"distance":0.48971154105320397,"node1":36},{"node2":39,"distance":0.4927037202735586,"node1":40},{"node2":20,"distance":0.49358183215233503,"node1":37},{"node2":42,"distance":0.4960925907678992,"node1":41},{"node2":35,"distance":0.49746996764555795,"node1":43}],"conceptsData":[{"conceptId":10,"clusterId":0,"hexCoordinates":{"x":1.7320508075688772,"y":6},"labels":[{"weight":269,"label":"memory"},{"weight":106,"label":"lesion"},{"weight":104,"label":"rest"},{"weight":88,"label":"test"},{"weight":74,"label":"reward"},{"weight":73,"label":"forget"},{"weight":66,"label":"consolidation"},{"weight":62,"label":"route"},{"weight":58,"label":"rat"},{"weight":58,"label":"learn"},{"weight":57,"label":"learning"},{"weight":51,"label":"delay"},{"weight":51,"label":"task"},{"weight":49,"label":"recognition"},{"weight":47,"label":"hippocampus"},{"weight":47,"label":"retention"},{"weight":44,"label":"present"},{"weight":44,"label":"result"},{"weight":43,"label":"follow"},{"weight":40,"label":"place"},{"weight":37,"label":"recurrent"},{"weight":37,"label":"spatial"},{"weight":36,"label":"maze"},{"weight":34,"label":"acquisition"},{"weight":33,"label":"conditioning"}],"subTopicId":605},{"conceptId":13,"clusterId":0,"hexCoordinates":{"x":-3.4641016151377544,"y":3},"labels":[{"weight":376,"label":"hand"},{"weight":220,"label":"gesture"},{"weight":96,"label":"block"},{"weight":58,"label":"lab"},{"weight":57,"label":"finger"},{"weight":52,"label":"recommendation"},{"weight":49,"label":"recommender"},{"weight":43,"label":"wash"},{"weight":37,"label":"news"},{"weight":37,"label":"timing"},{"weight":36,"label":"participant"},{"weight":33,"label":"study"},{"weight":30,"label":"newsreel"},{"weight":29,"label":"side"},{"weight":28,"label":"evaluation"},{"weight":26,"label":"gestural"},{"weight":26,"label":"position"},{"weight":23,"label":"base"},{"weight":21,"label":"stream"},{"weight":21,"label":"final"},{"weight":21,"label":"distance"},{"weight":20,"label":"tap"},{"weight":19,"label":"apraxia"},{"weight":17,"label":"frequency"},{"weight":16,"label":"lingual"}],"subTopicId":714},{"conceptId":6,"clusterId":0,"hexCoordinates":{"x":0,"y":0},"labels":[{"weight":889,"label":"word"},{"weight":365,"label":"reading"},{"weight":238,"label":"read"},{"weight":119,"label":"language"},{"weight":111,"label":"sentence"},{"weight":109,"label":"lexical"},{"weight":106,"label":"comprehension"},{"weight":104,"label":"frequency"},{"weight":103,"label":"phonological"},{"weight":96,"label":"processing"},{"weight":95,"label":"semantic"},{"weight":91,"label":"effect"},{"weight":72,"label":"reader"},{"weight":72,"label":"form"},{"weight":68,"label":"participant"},{"weight":64,"label":"related"},{"weight":62,"label":"dyslexia"},{"weight":56,"label":"error"},{"weight":51,"label":"morphological"},{"weight":50,"label":"acquisition"},{"weight":49,"label":"predictable"},{"weight":48,"label":"letter"},{"weight":47,"label":"show"},{"weight":47,"label":"experiment"},{"weight":41,"label":"meaning"}],"subTopicId":388},{"conceptId":-1,"clusterId":-1,"hexCoordinates":{"x":7.794228634059947,"y":6},"labels":[{"weight":2500,"label":"Unclassified"},{"weight":0,"label":""},{"weight":0,"label":""},{"weight":0,"label":""},{"weight":0,"label":""},{"weight":0,"label":""},{"weight":0,"label":""},{"weight":0,"label":""},{"weight":0,"label":""},{"weight":0,"label":""},{"weight":0,"label":""}],"subTopicId":null},{"conceptId":8,"clusterId":0,"hexCoordinates":{"x":1.7320508075688772,"y":0},"labels":[{"weight":8548,"label":"effect"},{"weight":6376,"label":"study"},{"weight":6169,"label":"level"},{"weight":5827,"label":"result"},{"weight":5204,"label":"show"},{"weight":4424,"label":"find"},{"weight":4138,"label":"increase"},{"weight":3740,"label":"suggest"},{"weight":3539,"label":"difference"},{"weight":3138,"label":"higher"},{"weight":3000,"label":"high"},{"weight":2898,"label":"significant"},{"weight":2692,"label":"compare"},{"weight":2505,"label":"investigate"},{"weight":2216,"label":"low"},{"weight":2170,"label":"observe"},{"weight":1989,"label":"influence"},{"weight":1898,"label":"affect"},{"weight":1794,"label":"significantly"},{"weight":1787,"label":"lower"},{"weight":1761,"label":"finding"},{"weight":1743,"label":"evidence"},{"weight":1715,"label":"impact"},{"weight":1700,"label":"analysis"},{"weight":1628,"label":"examine"}],"subTopicId":506},{"conceptId":0,"clusterId":0,"hexCoordinates":{"x":0,"y":6},"labels":[{"weight":1188,"label":"memory"},{"weight":300,"label":"work"},{"weight":287,"label":"cognitive"},{"weight":172,"label":"recall"},{"weight":170,"label":"task"},{"weight":146,"label":"spatial"},{"weight":138,"label":"verbal"},{"weight":127,"label":"information"},{"weight":124,"label":"cognition"},{"weight":106,"label":"effect"},{"weight":100,"label":"visual"},{"weight":100,"label":"processing"},{"weight":99,"label":"performance"},{"weight":92,"label":"remember"},{"weight":89,"label":"executive"},{"weight":80,"label":"ability"},{"weight":74,"label":"present"},{"weight":71,"label":"capacity"},{"weight":71,"label":"term"},{"weight":71,"label":"process"},{"weight":70,"label":"study"},{"weight":67,"label":"involve"},{"weight":63,"label":"item"},{"weight":61,"label":"episodic"},{"weight":61,"label":"investigate"}],"subTopicId":32},{"conceptId":21,"clusterId":0,"hexCoordinates":{"x":2.598076211353316,"y":1.5},"labels":[{"weight":636,"label":"task"},{"weight":249,"label":"control"},{"weight":160,"label":"participant"},{"weight":146,"label":"effect"},{"weight":136,"label":"duration"},{"weight":131,"label":"inhibition"},{"weight":113,"label":"trial"},{"weight":111,"label":"switch"},{"weight":98,"label":"response"},{"weight":83,"label":"measure"},{"weight":81,"label":"performance"},{"weight":79,"label":"switching"},{"weight":78,"label":"difference"},{"weight":72,"label":"experiment"},{"weight":69,"label":"cue"},{"weight":63,"label":"cognitive"},{"weight":62,"label":"password"},{"weight":61,"label":"result"},{"weight":54,"label":"executive"},{"weight":54,"label":"finding"},{"weight":53,"label":"perform"},{"weight":51,"label":"inhibitory"},{"weight":50,"label":"time"},{"weight":48,"label":"individual"},{"weight":47,"label":"complete"}],"subTopicId":944},{"conceptId":1,"clusterId":0,"hexCoordinates":{"x":3.4641016151377544,"y":3},"labels":[{"weight":265,"label":"direction"},{"weight":218,"label":"head"},{"weight":218,"label":"motion"},{"weight":188,"label":"symmetry"},{"weight":184,"label":"angle"},{"weight":156,"label":"position"},{"weight":96,"label":"condition"},{"weight":92,"label":"location"},{"weight":89,"label":"pattern"},{"weight":78,"label":"tilt"},{"weight":72,"label":"threshold"},{"weight":72,"label":"rotation"},{"weight":70,"label":"alpha"},{"weight":67,"label":"axis"},{"weight":63,"label":"symmetric"},{"weight":63,"label":"movement"},{"weight":59,"label":"move"},{"weight":53,"label":"plane"},{"weight":52,"label":"back"},{"weight":51,"label":"element"},{"weight":48,"label":"orientation"},{"weight":46,"label":"horizontal"},{"weight":41,"label":"delay"},{"weight":41,"label":"stimulus"},{"weight":40,"label":"symmetrical"}],"subTopicId":105},{"conceptId":19,"clusterId":0,"hexCoordinates":{"x":3.4641016151377544,"y":6},"labels":[{"weight":177,"label":"retrieval"},{"weight":157,"label":"spc"},{"weight":103,"label":"memory"},{"weight":67,"label":"schema"},{"weight":63,"label":"cue"},{"weight":62,"label":"information"},{"weight":58,"label":"recollection"},{"weight":43,"label":"episodic"},{"weight":42,"label":"bpc"},{"weight":41,"label":"process"},{"weight":40,"label":"tnt"},{"weight":38,"label":"retrieve"},{"weight":32,"label":"event"},{"weight":31,"label":"context"},{"weight":25,"label":"semantic"},{"weight":24,"label":"autobiographical"},{"weight":23,"label":"encode"},{"weight":21,"label":"test"},{"weight":20,"label":"interference"},{"weight":20,"label":"support"},{"weight":20,"label":"demonstrate"},{"weight":19,"label":"congruent"},{"weight":18,"label":"sbm"},{"weight":18,"label":"faba"},{"weight":18,"label":"word"}],"subTopicId":879},{"conceptId":20,"clusterId":0,"hexCoordinates":{"x":-3.4641016151377544,"y":6},"labels":[{"weight":205,"label":"speech"},{"weight":172,"label":"ultrasound"},{"weight":130,"label":"tongue"},{"weight":127,"label":"child"},{"weight":91,"label":"therapy"},{"weight":81,"label":"error"},{"weight":77,"label":"epg"},{"weight":67,"label":"sound"},{"weight":60,"label":"articulation"},{"weight":55,"label":"study"},{"weight":53,"label":"visual"},{"weight":49,"label":"disorder"},{"weight":49,"label":"target"},{"weight":45,"label":"biofeedback"},{"weight":42,"label":"phonetic"},{"weight":41,"label":"palate"},{"weight":39,"label":"type"},{"weight":39,"label":"production"},{"weight":35,"label":"motor"},{"weight":33,"label":"assessment"},{"weight":32,"label":"articulatory"},{"weight":30,"label":"transcription"},{"weight":28,"label":"uti"},{"weight":26,"label":"ssd"},{"weight":26,"label":"measure"}],"subTopicId":891},{"conceptId":22,"clusterId":0,"hexCoordinates":{"x":0,"y":3},"labels":[{"weight":1221,"label":"object"},{"weight":897,"label":"visual"},{"weight":602,"label":"eye"},{"weight":478,"label":"scene"},{"weight":422,"label":"target"},{"weight":344,"label":"movement"},{"weight":311,"label":"gaze"},{"weight":272,"label":"image"},{"weight":267,"label":"view"},{"weight":226,"label":"color"},{"weight":221,"label":"tracking"},{"weight":200,"label":"fixation"},{"weight":198,"label":"motion"},{"weight":197,"label":"vision"},{"weight":192,"label":"experiment"},{"weight":162,"label":"attention"},{"weight":160,"label":"cue"},{"weight":159,"label":"feature"},{"weight":149,"label":"information"},{"weight":139,"label":"participant"},{"weight":138,"label":"time"},{"weight":137,"label":"task"},{"weight":127,"label":"human"},{"weight":126,"label":"search"},{"weight":116,"label":"move"}],"subTopicId":986},{"conceptId":15,"clusterId":0,"hexCoordinates":{"x":-1.7320508075688772,"y":0},"labels":[{"weight":437,"label":"word"},{"weight":364,"label":"language"},{"weight":223,"label":"semantic"},{"weight":178,"label":"meaning"},{"weight":167,"label":"context"},{"weight":132,"label":"corpus"},{"weight":127,"label":"linguistic"},{"weight":113,"label":"text"},{"weight":94,"label":"reference"},{"weight":90,"label":"knowledge"},{"weight":89,"label":"verb"},{"weight":89,"label":"sentence"},{"weight":86,"label":"structure"},{"weight":84,"label":"lexicon"},{"weight":82,"label":"order"},{"weight":77,"label":"vocabulary"},{"weight":71,"label":"grammar"},{"weight":67,"label":"argument"},{"weight":67,"label":"form"},{"weight":66,"label":"expression"},{"weight":66,"label":"sense"},{"weight":65,"label":"representation"},{"weight":63,"label":"find"},{"weight":62,"label":"lexical"},{"weight":62,"label":"discourse"}],"subTopicId":736},{"conceptId":17,"clusterId":0,"hexCoordinates":{"x":-0.8660254037844386,"y":4.5},"labels":[{"weight":1201,"label":"task"},{"weight":586,"label":"performance"},{"weight":484,"label":"action"},{"weight":339,"label":"participant"},{"weight":317,"label":"perform"},{"weight":268,"label":"study"},{"weight":245,"label":"individual"},{"weight":212,"label":"result"},{"weight":204,"label":"goal"},{"weight":197,"label":"ability"},{"weight":195,"label":"condition"},{"weight":180,"label":"experiment"},{"weight":179,"label":"crowd"},{"weight":173,"label":"show"},{"weight":166,"label":"motion"},{"weight":164,"label":"movement"},{"weight":153,"label":"suggest"},{"weight":150,"label":"control"},{"weight":135,"label":"effect"},{"weight":131,"label":"perception"},{"weight":128,"label":"group"},{"weight":124,"label":"related"},{"weight":120,"label":"response"},{"weight":116,"label":"time"},{"weight":111,"label":"investigate"}],"subTopicId":836},{"conceptId":18,"clusterId":0,"hexCoordinates":{"x":-2.598076211353316,"y":4.5},"labels":[{"weight":900,"label":"speech"},{"weight":817,"label":"voice"},{"weight":549,"label":"speaker"},{"weight":226,"label":"pitch"},{"weight":224,"label":"acoustic"},{"weight":169,"label":"vocal"},{"weight":162,"label":"listener"},{"weight":121,"label":"word"},{"weight":101,"label":"result"},{"weight":100,"label":"vowel"},{"weight":99,"label":"speak"},{"weight":97,"label":"utterance"},{"weight":83,"label":"perceptual"},{"weight":82,"label":"show"},{"weight":76,"label":"recording"},{"weight":75,"label":"tone"},{"weight":75,"label":"experiment"},{"weight":74,"label":"accent"},{"weight":74,"label":"synthesis"},{"weight":73,"label":"prosodic"},{"weight":67,"label":"produce"},{"weight":66,"label":"synthetic"},{"weight":66,"label":"production"},{"weight":64,"label":"duration"},{"weight":61,"label":"cue"}],"subTopicId":837},{"conceptId":14,"clusterId":0,"hexCoordinates":{"x":4.330127018922193,"y":1.5},"labels":[{"weight":132,"label":"depth"},{"weight":101,"label":"disparity"},{"weight":77,"label":"stimulus"},{"weight":71,"label":"binocular"},{"weight":42,"label":"image"},{"weight":39,"label":"perception"},{"weight":26,"label":"hbo"},{"weight":26,"label":"correlate"},{"weight":24,"label":"observer"},{"weight":23,"label":"cortex"},{"weight":23,"label":"dot"},{"weight":23,"label":"order"},{"weight":21,"label":"hdr"},{"weight":21,"label":"iovd"},{"weight":21,"label":"hbr"},{"weight":21,"label":"manipulation"},{"weight":21,"label":"similarity"},{"weight":21,"label":"surface"},{"weight":20,"label":"perceive"},{"weight":18,"label":"vergence"},{"weight":18,"label":"anti"},{"weight":17,"label":"stereo"},{"weight":16,"label":"monocular"},{"weight":15,"label":"coasean"},{"weight":14,"label":"meme"}],"subTopicId":735},{"conceptId":12,"clusterId":0,"hexCoordinates":{"x":0.8660254037844386,"y":1.5},"labels":[{"weight":2465,"label":"language"},{"weight":760,"label":"english"},{"weight":381,"label":"speaker"},{"weight":380,"label":"linguistic"},{"weight":260,"label":"bilingual"},{"weight":249,"label":"native"},{"weight":239,"label":"gaelic"},{"weight":154,"label":"speak"},{"weight":100,"label":"monolingual"},{"weight":98,"label":"foreign"},{"weight":94,"label":"sign"},{"weight":92,"label":"multilingual"},{"weight":92,"label":"speaking"},{"weight":92,"label":"learner"},{"weight":83,"label":"acquisition"},{"weight":82,"label":"medium"},{"weight":82,"label":"study"},{"weight":81,"label":"spanish"},{"weight":74,"label":"group"},{"weight":73,"label":"german"},{"weight":70,"label":"deaf"},{"weight":66,"label":"proficiency"},{"weight":63,"label":"sli"},{"weight":62,"label":"italian"},{"weight":62,"label":"context"}],"subTopicId":712},{"conceptId":11,"clusterId":0,"hexCoordinates":{"x":2.598076211353316,"y":4.5},"labels":[{"weight":645,"label":"memory"},{"weight":239,"label":"task"},{"weight":182,"label":"binding"},{"weight":171,"label":"deficit"},{"weight":153,"label":"patient"},{"weight":136,"label":"performance"},{"weight":132,"label":"cognitive"},{"weight":127,"label":"test"},{"weight":121,"label":"impairment"},{"weight":118,"label":"effect"},{"weight":114,"label":"recall"},{"weight":106,"label":"control"},{"weight":86,"label":"frontal"},{"weight":78,"label":"condition"},{"weight":77,"label":"term"},{"weight":77,"label":"suggest"},{"weight":76,"label":"show"},{"weight":74,"label":"hippocampal"},{"weight":72,"label":"short"},{"weight":71,"label":"impaired"},{"weight":68,"label":"shape"},{"weight":67,"label":"visual"},{"weight":67,"label":"healthy"},{"weight":65,"label":"picture"},{"weight":63,"label":"participant"}],"subTopicId":687},{"conceptId":7,"clusterId":0,"hexCoordinates":{"x":0.8660254037844386,"y":4.5},"labels":[{"weight":504,"label":"task"},{"weight":387,"label":"attention"},{"weight":330,"label":"visual"},{"weight":328,"label":"stimulus"},{"weight":305,"label":"experiment"},{"weight":278,"label":"participant"},{"weight":249,"label":"effect"},{"weight":246,"label":"memory"},{"weight":230,"label":"bias"},{"weight":201,"label":"object"},{"weight":199,"label":"processing"},{"weight":191,"label":"line"},{"weight":179,"label":"left"},{"weight":179,"label":"present"},{"weight":168,"label":"suggest"},{"weight":164,"label":"test"},{"weight":164,"label":"study"},{"weight":161,"label":"item"},{"weight":154,"label":"cue"},{"weight":152,"label":"spatial"},{"weight":151,"label":"condition"},{"weight":149,"label":"feature"},{"weight":145,"label":"response"},{"weight":137,"label":"recognition"},{"weight":135,"label":"pattern"}],"subTopicId":414},{"conceptId":16,"clusterId":0,"hexCoordinates":{"x":-4.330127018922193,"y":4.5},"labels":[{"weight":224,"label":"vowel"},{"weight":125,"label":"speaker"},{"weight":112,"label":"english"},{"weight":107,"label":"tongue"},{"weight":77,"label":"variation"},{"weight":70,"label":"speech"},{"weight":69,"label":"class"},{"weight":68,"label":"acoustic"},{"weight":65,"label":"onset"},{"weight":63,"label":"phonological"},{"weight":63,"label":"consonant"},{"weight":63,"label":"word"},{"weight":62,"label":"articulatory"},{"weight":59,"label":"coda"},{"weight":56,"label":"phonetic"},{"weight":54,"label":"analysis"},{"weight":49,"label":"variety"},{"weight":49,"label":"change"},{"weight":48,"label":"pattern"},{"weight":47,"label":"scot"},{"weight":47,"label":"evidence"},{"weight":45,"label":"scottish"},{"weight":43,"label":"production"},{"weight":43,"label":"difference"},{"weight":43,"label":"paper"}],"subTopicId":833},{"conceptId":2,"clusterId":0,"hexCoordinates":{"x":-0.8660254037844386,"y":1.5},"labels":[{"weight":456,"label":"experiment"},{"weight":357,"label":"language"},{"weight":212,"label":"speaker"},{"weight":210,"label":"participant"},{"weight":209,"label":"effect"},{"weight":195,"label":"sentence"},{"weight":183,"label":"linguistic"},{"weight":182,"label":"priming"},{"weight":160,"label":"suggest"},{"weight":158,"label":"production"},{"weight":153,"label":"produce"},{"weight":150,"label":"show"},{"weight":148,"label":"gesture"},{"weight":146,"label":"investigate"},{"weight":140,"label":"context"},{"weight":137,"label":"result"},{"weight":136,"label":"communication"},{"weight":134,"label":"picture"},{"weight":132,"label":"utterance"},{"weight":132,"label":"comprehension"},{"weight":127,"label":"information"},{"weight":126,"label":"cue"},{"weight":125,"label":"structure"},{"weight":118,"label":"processing"},{"weight":116,"label":"structural"}],"subTopicId":110},{"conceptId":3,"clusterId":0,"hexCoordinates":{"x":0.8660254037844386,"y":-1.5},"labels":[{"weight":633,"label":"emotion"},{"weight":503,"label":"emotional"},{"weight":381,"label":"negative"},{"weight":328,"label":"positive"},{"weight":264,"label":"affective"},{"weight":148,"label":"stimulus"},{"weight":143,"label":"response"},{"weight":134,"label":"neutral"},{"weight":123,"label":"valence"},{"weight":113,"label":"affect"},{"weight":99,"label":"cognitive"},{"weight":85,"label":"fear"},{"weight":78,"label":"arousal"},{"weight":73,"label":"feeling"},{"weight":64,"label":"state"},{"weight":61,"label":"cannabis"},{"weight":56,"label":"content"},{"weight":53,"label":"participant"},{"weight":50,"label":"psychology"},{"weight":50,"label":"perceive"},{"weight":46,"label":"reduce"},{"weight":44,"label":"image"},{"weight":43,"label":"research"},{"weight":40,"label":"physiological"},{"weight":39,"label":"induce"}],"subTopicId":144},{"conceptId":4,"clusterId":0,"hexCoordinates":{"x":-1.7320508075688772,"y":3},"labels":[{"weight":508,"label":"sound"},{"weight":264,"label":"speech"},{"weight":156,"label":"auditory"},{"weight":134,"label":"hearing"},{"weight":121,"label":"voice"},{"weight":101,"label":"arabic"},{"weight":77,"label":"acoustic"},{"weight":75,"label":"noise"},{"weight":69,"label":"audio"},{"weight":68,"label":"hear"},{"weight":60,"label":"test"},{"weight":58,"label":"listen"},{"weight":54,"label":"vocal"},{"weight":50,"label":"intelligibility"},{"weight":50,"label":"perception"},{"weight":44,"label":"listener"},{"weight":42,"label":"condition"},{"weight":37,"label":"spike"},{"weight":36,"label":"recording"},{"weight":35,"label":"part"},{"weight":32,"label":"generate"},{"weight":31,"label":"dialect"},{"weight":29,"label":"vocalization"},{"weight":29,"label":"soundscape"},{"weight":28,"label":"measure"}],"subTopicId":179},{"conceptId":9,"clusterId":0,"hexCoordinates":{"x":-2.598076211353316,"y":1.5},"labels":[{"weight":883,"label":"learning"},{"weight":744,"label":"learn"},{"weight":551,"label":"social"},{"weight":415,"label":"human"},{"weight":293,"label":"cultural"},{"weight":216,"label":"cognitive"},{"weight":213,"label":"bias"},{"weight":183,"label":"culture"},{"weight":181,"label":"transmission"},{"weight":172,"label":"evolution"},{"weight":162,"label":"individual"},{"weight":155,"label":"information"},{"weight":141,"label":"copy"},{"weight":121,"label":"ability"},{"weight":121,"label":"experiment"},{"weight":118,"label":"mechanism"},{"weight":117,"label":"cumulative"},{"weight":117,"label":"task"},{"weight":116,"label":"cognition"},{"weight":114,"label":"participant"},{"weight":112,"label":"show"},{"weight":106,"label":"evidence"},{"weight":106,"label":"context"},{"weight":105,"label":"structure"},{"weight":104,"label":"behavior"}],"subTopicId":575},{"conceptId":5,"clusterId":0,"hexCoordinates":{"x":1.7320508075688772,"y":3},"labels":[{"weight":1318,"label":"face"},{"weight":459,"label":"recognition"},{"weight":386,"label":"emotion"},{"weight":325,"label":"facial"},{"weight":260,"label":"participant"},{"weight":223,"label":"expression"},{"weight":155,"label":"show"},{"weight":153,"label":"composite"},{"weight":153,"label":"identification"},{"weight":151,"label":"emotional"},{"weight":136,"label":"effect"},{"weight":133,"label":"social"},{"weight":122,"label":"present"},{"weight":119,"label":"processing"},{"weight":118,"label":"experiment"},{"weight":116,"label":"task"},{"weight":113,"label":"study"},{"weight":106,"label":"result"},{"weight":96,"label":"lineup"},{"weight":95,"label":"memory"},{"weight":92,"label":"test"},{"weight":86,"label":"unfamiliar"},{"weight":82,"label":"familiar"},{"weight":80,"label":"video"},{"weight":76,"label":"correct"}],"subTopicId":204}]}