{"linkageTable":[{"node2":8,"distance":0.46836987952016,"node1":1},{"node2":6,"distance":0.47182828057083,"node1":3},{"node2":12,"distance":0.47548691270217747,"node1":0},{"node2":11,"distance":0.480064113924575,"node1":2},{"node2":13,"distance":0.48507720615778577,"node1":14},{"node2":9,"distance":0.488331420921014,"node1":16},{"node2":15,"distance":0.49206102669455,"node1":17},{"node2":5,"distance":0.49337011244872436,"node1":18},{"node2":7,"distance":0.49404992224950944,"node1":19},{"node2":4,"distance":0.49689194415032245,"node1":20},{"node2":10,"distance":0.4975090054608304,"node1":21}],"conceptsData":[{"conceptId":1,"clusterId":0,"hexCoordinates":{"x":0,"y":0},"labels":[{"weight":2468,"label":"energy"},{"weight":689,"label":"electricity"},{"weight":590,"label":"renewable"},{"weight":495,"label":"system"},{"weight":384,"label":"generation"},{"weight":376,"label":"power"},{"weight":308,"label":"technology"},{"weight":302,"label":"demand"},{"weight":295,"label":"cost"},{"weight":251,"label":"solar"},{"weight":230,"label":"storage"},{"weight":222,"label":"grid"},{"weight":207,"label":"fuel"},{"weight":179,"label":"supply"},{"weight":167,"label":"low"},{"weight":148,"label":"carbon"},{"weight":145,"label":"source"},{"weight":140,"label":"paper"},{"weight":133,"label":"capacity"},{"weight":123,"label":"price"},{"weight":123,"label":"consumption"},{"weight":120,"label":"wind"},{"weight":118,"label":"potential"},{"weight":117,"label":"emission"},{"weight":115,"label":"resource"}],"subTopicId":116},{"conceptId":6,"clusterId":0,"hexCoordinates":{"x":-1.7320508075688772,"y":0},"labels":[{"weight":660,"label":"heat"},{"weight":428,"label":"system"},{"weight":359,"label":"water"},{"weight":280,"label":"energy"},{"weight":241,"label":"temperature"},{"weight":209,"label":"pump"},{"weight":184,"label":"thermal"},{"weight":174,"label":"heating"},{"weight":168,"label":"power"},{"weight":159,"label":"efficiency"},{"weight":129,"label":"cycle"},{"weight":129,"label":"performance"},{"weight":108,"label":"work"},{"weight":106,"label":"cooling"},{"weight":86,"label":"storage"},{"weight":84,"label":"hot"},{"weight":82,"label":"low"},{"weight":81,"label":"source"},{"weight":76,"label":"waste"},{"weight":70,"label":"cool"},{"weight":68,"label":"air"},{"weight":68,"label":"study"},{"weight":67,"label":"generation"},{"weight":66,"label":"geothermal"},{"weight":61,"label":"exchanger"}],"subTopicId":428},{"conceptId":2,"clusterId":0,"hexCoordinates":{"x":2.598076211353316,"y":1.5},"labels":[{"weight":614,"label":"waste"},{"weight":202,"label":"recycle"},{"weight":183,"label":"product"},{"weight":145,"label":"material"},{"weight":106,"label":"closo"},{"weight":95,"label":"environmental"},{"weight":78,"label":"circular"},{"weight":74,"label":"plastic"},{"weight":73,"label":"study"},{"weight":70,"label":"life"},{"weight":55,"label":"remanufacturing"},{"weight":55,"label":"recycling"},{"weight":53,"label":"disposal"},{"weight":51,"label":"reuse"},{"weight":48,"label":"potential"},{"weight":46,"label":"recovery"},{"weight":44,"label":"remanufacture"},{"weight":43,"label":"economy"},{"weight":43,"label":"management"},{"weight":42,"label":"end"},{"weight":39,"label":"carborane"},{"weight":36,"label":"industry"},{"weight":35,"label":"prime"},{"weight":34,"label":"weee"},{"weight":34,"label":"stream"}],"subTopicId":129},{"conceptId":8,"clusterId":0,"hexCoordinates":{"x":1.7320508075688772,"y":0},"labels":[{"weight":1590,"label":"carbon"},{"weight":1552,"label":"emission"},{"weight":580,"label":"gas"},{"weight":391,"label":"storage"},{"weight":364,"label":"global"},{"weight":342,"label":"climate"},{"weight":340,"label":"greenhouse"},{"weight":313,"label":"ghg"},{"weight":284,"label":"potential"},{"weight":277,"label":"change"},{"weight":255,"label":"dioxide"},{"weight":236,"label":"capture"},{"weight":223,"label":"mitigation"},{"weight":222,"label":"reduction"},{"weight":212,"label":"reduce"},{"weight":166,"label":"estimate"},{"weight":164,"label":"source"},{"weight":161,"label":"net"},{"weight":161,"label":"transport"},{"weight":161,"label":"cycle"},{"weight":161,"label":"production"},{"weight":151,"label":"environmental"},{"weight":146,"label":"low"},{"weight":146,"label":"scenario"},{"weight":143,"label":"impact"}],"subTopicId":546},{"conceptId":9,"clusterId":0,"hexCoordinates":{"x":-0.8660254037844386,"y":1.5},"labels":[{"weight":342,"label":"capture"},{"weight":293,"label":"gas"},{"weight":244,"label":"plant"},{"weight":188,"label":"power"},{"weight":121,"label":"process"},{"weight":105,"label":"steam"},{"weight":100,"label":"cycle"},{"weight":97,"label":"combustion"},{"weight":77,"label":"efficiency"},{"weight":74,"label":"carbon"},{"weight":65,"label":"flue"},{"weight":64,"label":"technology"},{"weight":56,"label":"turbine"},{"weight":52,"label":"pcc"},{"weight":52,"label":"amine"},{"weight":52,"label":"configuration"},{"weight":50,"label":"post"},{"weight":50,"label":"solvent"},{"weight":49,"label":"coal"},{"weight":47,"label":"recovery"},{"weight":47,"label":"output"},{"weight":46,"label":"mea"},{"weight":45,"label":"natural"},{"weight":44,"label":"operation"},{"weight":42,"label":"pressure"}],"subTopicId":666},{"conceptId":10,"clusterId":0,"hexCoordinates":{"x":0,"y":-3},"labels":[{"weight":793,"label":"energy"},{"weight":330,"label":"wave"},{"weight":286,"label":"tidal"},{"weight":277,"label":"renewable"},{"weight":263,"label":"marine"},{"weight":180,"label":"device"},{"weight":137,"label":"impact"},{"weight":131,"label":"development"},{"weight":114,"label":"site"},{"weight":112,"label":"turbine"},{"weight":105,"label":"project"},{"weight":95,"label":"converter"},{"weight":94,"label":"offshore"},{"weight":90,"label":"environmental"},{"weight":81,"label":"wec"},{"weight":76,"label":"industry"},{"weight":71,"label":"potential"},{"weight":70,"label":"environment"},{"weight":69,"label":"resource"},{"weight":67,"label":"assessment"},{"weight":65,"label":"stream"},{"weight":62,"label":"array"},{"weight":62,"label":"technology"},{"weight":59,"label":"scale"},{"weight":56,"label":"water"}],"subTopicId":886},{"conceptId":11,"clusterId":0,"hexCoordinates":{"x":0.8660254037844386,"y":1.5},"labels":[{"weight":1408,"label":"high"},{"weight":1202,"label":"process"},{"weight":1074,"label":"production"},{"weight":950,"label":"product"},{"weight":781,"label":"low"},{"weight":744,"label":"cost"},{"weight":719,"label":"technology"},{"weight":707,"label":"scale"},{"weight":692,"label":"application"},{"weight":679,"label":"require"},{"weight":658,"label":"increase"},{"weight":655,"label":"potential"},{"weight":648,"label":"design"},{"weight":635,"label":"quality"},{"weight":555,"label":"development"},{"weight":542,"label":"efficiency"},{"weight":527,"label":"industry"},{"weight":523,"label":"improve"},{"weight":518,"label":"produce"},{"weight":503,"label":"demand"},{"weight":503,"label":"reduce"},{"weight":467,"label":"approach"},{"weight":456,"label":"large"},{"weight":445,"label":"material"},{"weight":441,"label":"alternative"}],"subTopicId":949},{"conceptId":0,"clusterId":0,"hexCoordinates":{"x":0.8660254037844386,"y":-1.5},"labels":[{"weight":3924,"label":"cost"},{"weight":1527,"label":"reduce"},{"weight":1031,"label":"reduction"},{"weight":946,"label":"benefit"},{"weight":914,"label":"increase"},{"weight":650,"label":"result"},{"weight":434,"label":"economic"},{"weight":431,"label":"compare"},{"weight":399,"label":"impact"},{"weight":390,"label":"strategy"},{"weight":378,"label":"time"},{"weight":370,"label":"show"},{"weight":337,"label":"potential"},{"weight":330,"label":"analysis"},{"weight":328,"label":"loss"},{"weight":275,"label":"effective"},{"weight":270,"label":"significant"},{"weight":270,"label":"case"},{"weight":266,"label":"savings"},{"weight":249,"label":"total"},{"weight":248,"label":"number"},{"weight":247,"label":"high"},{"weight":244,"label":"estimate"},{"weight":243,"label":"scenario"},{"weight":235,"label":"effectiveness"}],"subTopicId":103},{"conceptId":4,"clusterId":0,"hexCoordinates":{"x":2.598076211353316,"y":-1.5},"labels":[{"weight":2018,"label":"energy"},{"weight":751,"label":"efficiency"},{"weight":160,"label":"impact"},{"weight":136,"label":"consumption"},{"weight":134,"label":"increase"},{"weight":112,"label":"effect"},{"weight":107,"label":"savings"},{"weight":103,"label":"rebound"},{"weight":88,"label":"focus"},{"weight":76,"label":"reduce"},{"weight":74,"label":"efficient"},{"weight":71,"label":"emission"},{"weight":58,"label":"improvement"},{"weight":57,"label":"improve"},{"weight":56,"label":"term"},{"weight":56,"label":"policy"},{"weight":52,"label":"benefit"},{"weight":49,"label":"reduction"},{"weight":49,"label":"carbon"},{"weight":46,"label":"economy"},{"weight":45,"label":"multiple"},{"weight":42,"label":"demand"},{"weight":42,"label":"low"},{"weight":42,"label":"result"},{"weight":41,"label":"household"}],"subTopicId":178},{"conceptId":5,"clusterId":0,"hexCoordinates":{"x":-2.598076211353316,"y":1.5},"labels":[{"weight":467,"label":"solar"},{"weight":244,"label":"cell"},{"weight":153,"label":"concentrator"},{"weight":145,"label":"system"},{"weight":134,"label":"photovoltaic"},{"weight":122,"label":"design"},{"weight":117,"label":"module"},{"weight":115,"label":"performance"},{"weight":87,"label":"optical"},{"weight":85,"label":"efficiency"},{"weight":74,"label":"concentration"},{"weight":69,"label":"energy"},{"weight":68,"label":"electrical"},{"weight":59,"label":"ccpc"},{"weight":58,"label":"radiation"},{"weight":57,"label":"irradiance"},{"weight":51,"label":"shipping"},{"weight":51,"label":"increase"},{"weight":49,"label":"gain"},{"weight":49,"label":"compare"},{"weight":48,"label":"maritime"},{"weight":48,"label":"concentrate"},{"weight":46,"label":"cost"},{"weight":44,"label":"integrate"},{"weight":43,"label":"present"}],"subTopicId":243},{"conceptId":3,"clusterId":0,"hexCoordinates":{"x":-0.8660254037844386,"y":-1.5},"labels":[{"weight":1162,"label":"building"},{"weight":820,"label":"energy"},{"weight":250,"label":"thermal"},{"weight":246,"label":"comfort"},{"weight":223,"label":"demand"},{"weight":201,"label":"performance"},{"weight":176,"label":"consumption"},{"weight":164,"label":"build"},{"weight":147,"label":"occupant"},{"weight":147,"label":"office"},{"weight":141,"label":"heating"},{"weight":130,"label":"design"},{"weight":128,"label":"carbon"},{"weight":120,"label":"domestic"},{"weight":115,"label":"paper"},{"weight":108,"label":"house"},{"weight":106,"label":"reduce"},{"weight":97,"label":"retrofit"},{"weight":95,"label":"air"},{"weight":94,"label":"study"},{"weight":94,"label":"result"},{"weight":93,"label":"exist"},{"weight":92,"label":"occupancy"},{"weight":92,"label":"indoor"},{"weight":86,"label":"reduction"}],"subTopicId":168},{"conceptId":-1,"clusterId":-1,"hexCoordinates":{"x":6.06217782649107,"y":3},"labels":[{"weight":2500,"label":"Unclassified"},{"weight":0,"label":""},{"weight":0,"label":""},{"weight":0,"label":""},{"weight":0,"label":""},{"weight":0,"label":""},{"weight":0,"label":""},{"weight":0,"label":""},{"weight":0,"label":""},{"weight":0,"label":""},{"weight":0,"label":""}],"subTopicId":null},{"conceptId":7,"clusterId":0,"hexCoordinates":{"x":0,"y":3},"labels":[{"weight":398,"label":"engine"},{"weight":146,"label":"fuel"},{"weight":122,"label":"pipeline"},{"weight":114,"label":"design"},{"weight":92,"label":"performance"},{"weight":90,"label":"pressure"},{"weight":85,"label":"cylinder"},{"weight":82,"label":"injection"},{"weight":75,"label":"condition"},{"weight":74,"label":"operation"},{"weight":63,"label":"gas"},{"weight":61,"label":"flow"},{"weight":51,"label":"influence"},{"weight":50,"label":"diesel"},{"weight":49,"label":"air"},{"weight":47,"label":"operate"},{"weight":47,"label":"parameter"},{"weight":43,"label":"combustion"},{"weight":41,"label":"nozzle"},{"weight":41,"label":"operating"},{"weight":41,"label":"emission"},{"weight":40,"label":"compressor"},{"weight":40,"label":"transportation"},{"weight":38,"label":"mixture"},{"weight":34,"label":"gasoline"}],"subTopicId":434}]}