{"linkageTable":[{"node2":14,"distance":0.47336099875024,"node1":11},{"node2":10,"distance":0.479860946498315,"node1":4},{"node2":12,"distance":0.486719500887425,"node1":6},{"node2":17,"distance":0.4877972435139549,"node1":18},{"node2":8,"distance":0.489178443614985,"node1":0},{"node2":13,"distance":0.4900724624104825,"node1":19},{"node2":3,"distance":0.490273876647535,"node1":1},{"node2":16,"distance":0.49122513824483,"node1":15},{"node2":22,"distance":0.4943530548213167,"node1":20},{"node2":24,"distance":0.49547963482831353,"node1":25},{"node2":5,"distance":0.4974048026429006,"node1":26},{"node2":7,"distance":0.49742016857811,"node1":21},{"node2":23,"distance":0.4981521078454983,"node1":28},{"node2":27,"distance":0.4983548919667302,"node1":29},{"node2":9,"distance":0.49906638946010234,"node1":30},{"node2":2,"distance":0.4993685734630484,"node1":31}],"conceptsData":[{"conceptId":0,"clusterId":0,"hexCoordinates":{"x":5.196152422706632,"y":-3},"labels":[{"weight":348,"label":"india"},{"weight":156,"label":"indian"},{"weight":71,"label":"project"},{"weight":55,"label":"tax"},{"weight":48,"label":"cdm"},{"weight":42,"label":"faeces"},{"weight":36,"label":"grant"},{"weight":35,"label":"university"},{"weight":33,"label":"toilet"},{"weight":32,"label":"fiscal"},{"weight":29,"label":"implementation"},{"weight":27,"label":"bengal"},{"weight":26,"label":"petition"},{"weight":26,"label":"fund"},{"weight":26,"label":"block"},{"weight":25,"label":"case"},{"weight":24,"label":"crown"},{"weight":24,"label":"period"},{"weight":23,"label":"apc"},{"weight":22,"label":"government"},{"weight":22,"label":"human"},{"weight":21,"label":"poa"},{"weight":21,"label":"receive"},{"weight":21,"label":"part"},{"weight":20,"label":"west"}],"subTopicId":25},{"conceptId":8,"clusterId":0,"hexCoordinates":{"x":4.330127018922193,"y":-1.5},"labels":[{"weight":1246,"label":"country"},{"weight":517,"label":"income"},{"weight":497,"label":"middle"},{"weight":491,"label":"low"},{"weight":387,"label":"high"},{"weight":276,"label":"global"},{"weight":192,"label":"india"},{"weight":174,"label":"south"},{"weight":168,"label":"asia"},{"weight":165,"label":"study"},{"weight":144,"label":"asian"},{"weight":141,"label":"china"},{"weight":127,"label":"east"},{"weight":122,"label":"level"},{"weight":121,"label":"korea"},{"weight":117,"label":"pakistan"},{"weight":103,"label":"lmic"},{"weight":101,"label":"world"},{"weight":86,"label":"malaysia"},{"weight":81,"label":"worldwide"},{"weight":80,"label":"international"},{"weight":79,"label":"hdi"},{"weight":79,"label":"japan"},{"weight":76,"label":"region"},{"weight":75,"label":"africa"}],"subTopicId":308},{"conceptId":11,"clusterId":0,"hexCoordinates":{"x":0,"y":0},"labels":[{"weight":452,"label":"land"},{"weight":299,"label":"household"},{"weight":123,"label":"food"},{"weight":114,"label":"fuel"},{"weight":87,"label":"consumption"},{"weight":70,"label":"energy"},{"weight":56,"label":"ownership"},{"weight":54,"label":"production"},{"weight":51,"label":"agricultural"},{"weight":50,"label":"nexus"},{"weight":45,"label":"change"},{"weight":34,"label":"transport"},{"weight":34,"label":"efficiency"},{"weight":31,"label":"cropland"},{"weight":31,"label":"waste"},{"weight":30,"label":"kettle"},{"weight":30,"label":"scenario"},{"weight":29,"label":"benefit"},{"weight":29,"label":"system"},{"weight":28,"label":"vehicle"},{"weight":27,"label":"purchase"},{"weight":27,"label":"price"},{"weight":26,"label":"demand"},{"weight":25,"label":"consumer"},{"weight":24,"label":"consume"}],"subTopicId":458},{"conceptId":14,"clusterId":0,"hexCoordinates":{"x":1.7320508075688772,"y":0},"labels":[{"weight":475,"label":"farm"},{"weight":475,"label":"production"},{"weight":406,"label":"food"},{"weight":347,"label":"farmer"},{"weight":171,"label":"aquaculture"},{"weight":165,"label":"shrimp"},{"weight":163,"label":"supply"},{"weight":138,"label":"product"},{"weight":134,"label":"system"},{"weight":132,"label":"livestock"},{"weight":130,"label":"farming"},{"weight":130,"label":"chain"},{"weight":129,"label":"producer"},{"weight":118,"label":"agricultural"},{"weight":100,"label":"market"},{"weight":97,"label":"practice"},{"weight":96,"label":"security"},{"weight":90,"label":"produce"},{"weight":87,"label":"animal"},{"weight":87,"label":"small"},{"weight":84,"label":"sustainable"},{"weight":83,"label":"sector"},{"weight":80,"label":"tilapia"},{"weight":80,"label":"industry"},{"weight":72,"label":"trade"}],"subTopicId":722},{"conceptId":1,"clusterId":0,"hexCoordinates":{"x":3.4641016151377544,"y":0},"labels":[{"weight":95,"label":"malawi"},{"weight":84,"label":"ipc"},{"weight":83,"label":"water"},{"weight":78,"label":"sanitation"},{"weight":63,"label":"latrine"},{"weight":61,"label":"hygiene"},{"weight":60,"label":"food"},{"weight":57,"label":"hand"},{"weight":54,"label":"wash"},{"weight":51,"label":"odf"},{"weight":49,"label":"household"},{"weight":49,"label":"low"},{"weight":38,"label":"income"},{"weight":35,"label":"country"},{"weight":32,"label":"attendance"},{"weight":30,"label":"district"},{"weight":27,"label":"improve"},{"weight":26,"label":"pit"},{"weight":26,"label":"facility"},{"weight":26,"label":"impact"},{"weight":25,"label":"ecosan"},{"weight":24,"label":"malawus"},{"weight":24,"label":"promotion"},{"weight":24,"label":"target"},{"weight":24,"label":"implementation"}],"subTopicId":31},{"conceptId":10,"clusterId":0,"hexCoordinates":{"x":0.8660254037844386,"y":-1.5},"labels":[{"weight":1080,"label":"sustainable"},{"weight":1015,"label":"sustainability"},{"weight":999,"label":"development"},{"weight":896,"label":"environmental"},{"weight":745,"label":"economic"},{"weight":708,"label":"resource"},{"weight":687,"label":"policy"},{"weight":543,"label":"management"},{"weight":499,"label":"approach"},{"weight":429,"label":"challenge"},{"weight":388,"label":"future"},{"weight":347,"label":"strategy"},{"weight":332,"label":"goal"},{"weight":332,"label":"develop"},{"weight":326,"label":"global"},{"weight":319,"label":"support"},{"weight":315,"label":"social"},{"weight":312,"label":"natural"},{"weight":308,"label":"benefit"},{"weight":291,"label":"framework"},{"weight":282,"label":"change"},{"weight":268,"label":"stakeholder"},{"weight":246,"label":"environment"},{"weight":245,"label":"sector"},{"weight":243,"label":"impact"}],"subTopicId":384},{"conceptId":12,"clusterId":0,"hexCoordinates":{"x":0.8660254037844386,"y":-4.5},"labels":[{"weight":983,"label":"city"},{"weight":788,"label":"urban"},{"weight":135,"label":"development"},{"weight":112,"label":"paper"},{"weight":81,"label":"space"},{"weight":80,"label":"high"},{"weight":79,"label":"housing"},{"weight":76,"label":"centre"},{"weight":74,"label":"smart"},{"weight":74,"label":"social"},{"weight":69,"label":"rise"},{"weight":65,"label":"planning"},{"weight":61,"label":"area"},{"weight":60,"label":"economic"},{"weight":58,"label":"growth"},{"weight":56,"label":"public"},{"weight":56,"label":"local"},{"weight":55,"label":"qatar"},{"weight":51,"label":"quality"},{"weight":49,"label":"resident"},{"weight":48,"label":"real"},{"weight":47,"label":"segregation"},{"weight":46,"label":"doha"},{"weight":45,"label":"slum"},{"weight":41,"label":"regeneration"}],"subTopicId":500},{"conceptId":7,"clusterId":0,"hexCoordinates":{"x":6.06217782649107,"y":-1.5},"labels":[{"weight":889,"label":"africa"},{"weight":697,"label":"south"},{"weight":601,"label":"african"},{"weight":279,"label":"america"},{"weight":194,"label":"country"},{"weight":176,"label":"saharan"},{"weight":167,"label":"case"},{"weight":157,"label":"global"},{"weight":153,"label":"latin"},{"weight":147,"label":"north"},{"weight":139,"label":"asia"},{"weight":130,"label":"american"},{"weight":125,"label":"region"},{"weight":103,"label":"ssa"},{"weight":83,"label":"continent"},{"weight":73,"label":"east"},{"weight":66,"label":"southern"},{"weight":62,"label":"brazil"},{"weight":56,"label":"hib"},{"weight":53,"label":"specific"},{"weight":45,"label":"europe"},{"weight":44,"label":"state"},{"weight":44,"label":"local"},{"weight":43,"label":"sudan"},{"weight":43,"label":"world"}],"subTopicId":304},{"conceptId":15,"clusterId":0,"hexCoordinates":{"x":2.598076211353316,"y":-4.5},"labels":[{"weight":1618,"label":"public"},{"weight":796,"label":"service"},{"weight":565,"label":"private"},{"weight":496,"label":"sector"},{"weight":350,"label":"government"},{"weight":175,"label":"contract"},{"weight":175,"label":"policy"},{"weight":173,"label":"financial"},{"weight":125,"label":"ppp"},{"weight":114,"label":"funding"},{"weight":114,"label":"provision"},{"weight":110,"label":"paper"},{"weight":105,"label":"provider"},{"weight":104,"label":"agency"},{"weight":102,"label":"reform"},{"weight":102,"label":"local"},{"weight":101,"label":"scheme"},{"weight":99,"label":"delivery"},{"weight":98,"label":"partnership"},{"weight":87,"label":"organisation"},{"weight":87,"label":"resource"},{"weight":86,"label":"state"},{"weight":82,"label":"challenge"},{"weight":80,"label":"transparency"},{"weight":76,"label":"governance"}],"subTopicId":782},{"conceptId":13,"clusterId":0,"hexCoordinates":{"x":0,"y":-3},"labels":[{"weight":1021,"label":"social"},{"weight":798,"label":"inequality"},{"weight":717,"label":"poverty"},{"weight":332,"label":"health"},{"weight":311,"label":"economic"},{"weight":261,"label":"income"},{"weight":219,"label":"poor"},{"weight":160,"label":"class"},{"weight":150,"label":"impact"},{"weight":136,"label":"policy"},{"weight":130,"label":"socioeconomic"},{"weight":123,"label":"level"},{"weight":122,"label":"education"},{"weight":121,"label":"welfare"},{"weight":115,"label":"vulnerability"},{"weight":112,"label":"people"},{"weight":106,"label":"reduce"},{"weight":103,"label":"outcome"},{"weight":102,"label":"factor"},{"weight":101,"label":"disadvantage"},{"weight":98,"label":"deprivation"},{"weight":94,"label":"exclusion"},{"weight":92,"label":"socio"},{"weight":91,"label":"structural"},{"weight":83,"label":"measure"}],"subTopicId":694},{"conceptId":9,"clusterId":0,"hexCoordinates":{"x":-0.8660254037844386,"y":-4.5},"labels":[{"weight":203,"label":"disaster"},{"weight":128,"label":"exposure"},{"weight":113,"label":"radiation"},{"weight":100,"label":"nuclear"},{"weight":97,"label":"dose"},{"weight":72,"label":"japan"},{"weight":69,"label":"sun"},{"weight":53,"label":"accident"},{"weight":52,"label":"fukushima"},{"weight":47,"label":"chernobyl"},{"weight":39,"label":"effect"},{"weight":38,"label":"ultraviolet"},{"weight":37,"label":"level"},{"weight":37,"label":"protection"},{"weight":36,"label":"vitamin"},{"weight":34,"label":"sunlight"},{"weight":30,"label":"plant"},{"weight":30,"label":"low"},{"weight":29,"label":"situation"},{"weight":29,"label":"safety"},{"weight":27,"label":"skin"},{"weight":27,"label":"reduction"},{"weight":26,"label":"preparedness"},{"weight":26,"label":"behaviour"},{"weight":26,"label":"emergency"}],"subTopicId":317},{"conceptId":4,"clusterId":0,"hexCoordinates":{"x":2.598076211353316,"y":-1.5},"labels":[{"weight":687,"label":"land"},{"weight":568,"label":"water"},{"weight":309,"label":"change"},{"weight":250,"label":"impact"},{"weight":230,"label":"climate"},{"weight":228,"label":"agricultural"},{"weight":209,"label":"resource"},{"weight":174,"label":"area"},{"weight":154,"label":"increase"},{"weight":153,"label":"management"},{"weight":152,"label":"cover"},{"weight":149,"label":"scenario"},{"weight":144,"label":"environmental"},{"weight":142,"label":"agriculture"},{"weight":139,"label":"global"},{"weight":139,"label":"result"},{"weight":120,"label":"drought"},{"weight":120,"label":"vulnerability"},{"weight":114,"label":"flood"},{"weight":113,"label":"delta"},{"weight":112,"label":"crop"},{"weight":108,"label":"study"},{"weight":105,"label":"ecosystem"},{"weight":102,"label":"future"},{"weight":101,"label":"reservoir"}],"subTopicId":268},{"conceptId":16,"clusterId":0,"hexCoordinates":{"x":3.4641016151377544,"y":-3},"labels":[{"weight":957,"label":"health"},{"weight":244,"label":"africa"},{"weight":243,"label":"country"},{"weight":162,"label":"system"},{"weight":144,"label":"aid"},{"weight":140,"label":"district"},{"weight":137,"label":"malawi"},{"weight":119,"label":"community"},{"weight":114,"label":"rural"},{"weight":112,"label":"hiv"},{"weight":109,"label":"uganda"},{"weight":104,"label":"site"},{"weight":104,"label":"global"},{"weight":103,"label":"include"},{"weight":98,"label":"saharan"},{"weight":96,"label":"worker"},{"weight":84,"label":"south"},{"weight":84,"label":"disease"},{"weight":78,"label":"burden"},{"weight":75,"label":"facility"},{"weight":73,"label":"access"},{"weight":73,"label":"setting"},{"weight":71,"label":"capacity"},{"weight":70,"label":"world"},{"weight":68,"label":"financing"}],"subTopicId":921},{"conceptId":-1,"clusterId":-1,"hexCoordinates":{"x":9.526279441628825,"y":0},"labels":[{"weight":2500,"label":"Unclassified"},{"weight":0,"label":""},{"weight":0,"label":""},{"weight":0,"label":""},{"weight":0,"label":""},{"weight":0,"label":""},{"weight":0,"label":""},{"weight":0,"label":""},{"weight":0,"label":""},{"weight":0,"label":""},{"weight":0,"label":""}],"subTopicId":null},{"conceptId":2,"clusterId":0,"hexCoordinates":{"x":-1.7320508075688772,"y":-3},"labels":[{"weight":809,"label":"rural"},{"weight":257,"label":"urban"},{"weight":249,"label":"dance"},{"weight":239,"label":"area"},{"weight":160,"label":"remote"},{"weight":70,"label":"experience"},{"weight":65,"label":"scotland"},{"weight":60,"label":"movement"},{"weight":58,"label":"highland"},{"weight":52,"label":"dancer"},{"weight":51,"label":"spectator"},{"weight":47,"label":"watch"},{"weight":46,"label":"access"},{"weight":45,"label":"broadband"},{"weight":39,"label":"connectivity"},{"weight":39,"label":"community"},{"weight":35,"label":"location"},{"weight":34,"label":"creative"},{"weight":31,"label":"observation"},{"weight":31,"label":"scottish"},{"weight":28,"label":"aon"},{"weight":27,"label":"hca"},{"weight":27,"label":"distance"},{"weight":26,"label":"setting"},{"weight":24,"label":"ballet"}],"subTopicId":48},{"conceptId":5,"clusterId":0,"hexCoordinates":{"x":-0.8660254037844386,"y":-1.5},"labels":[{"weight":890,"label":"urban"},{"weight":453,"label":"city"},{"weight":313,"label":"environment"},{"weight":303,"label":"space"},{"weight":291,"label":"mobility"},{"weight":261,"label":"travel"},{"weight":201,"label":"glasgow"},{"weight":188,"label":"area"},{"weight":180,"label":"cycling"},{"weight":157,"label":"walk"},{"weight":155,"label":"public"},{"weight":152,"label":"build"},{"weight":137,"label":"transport"},{"weight":136,"label":"street"},{"weight":119,"label":"active"},{"weight":118,"label":"commute"},{"weight":113,"label":"place"},{"weight":96,"label":"local"},{"weight":92,"label":"activity"},{"weight":91,"label":"live"},{"weight":91,"label":"people"},{"weight":89,"label":"green"},{"weight":89,"label":"environmental"},{"weight":88,"label":"neighbourhood"},{"weight":88,"label":"infrastructure"}],"subTopicId":272},{"conceptId":6,"clusterId":0,"hexCoordinates":{"x":1.7320508075688772,"y":-3},"labels":[{"weight":623,"label":"local"},{"weight":554,"label":"resilience"},{"weight":416,"label":"governance"},{"weight":399,"label":"city"},{"weight":307,"label":"community"},{"weight":262,"label":"development"},{"weight":244,"label":"policy"},{"weight":214,"label":"urban"},{"weight":213,"label":"economic"},{"weight":210,"label":"regional"},{"weight":179,"label":"paper"},{"weight":150,"label":"level"},{"weight":150,"label":"context"},{"weight":148,"label":"transition"},{"weight":140,"label":"strategy"},{"weight":132,"label":"region"},{"weight":131,"label":"planning"},{"weight":112,"label":"challenge"},{"weight":108,"label":"approach"},{"weight":106,"label":"social"},{"weight":105,"label":"rural"},{"weight":102,"label":"socio"},{"weight":102,"label":"process"},{"weight":94,"label":"develop"},{"weight":91,"label":"environmental"}],"subTopicId":279},{"conceptId":3,"clusterId":0,"hexCoordinates":{"x":5.196152422706632,"y":0},"labels":[{"weight":250,"label":"health"},{"weight":171,"label":"care"},{"weight":157,"label":"pneumonia"},{"weight":111,"label":"cost"},{"weight":108,"label":"child"},{"weight":88,"label":"household"},{"weight":82,"label":"seek"},{"weight":79,"label":"low"},{"weight":78,"label":"country"},{"weight":76,"label":"income"},{"weight":70,"label":"estimate"},{"weight":68,"label":"hospital"},{"weight":64,"label":"service"},{"weight":63,"label":"burden"},{"weight":62,"label":"bangladesh"},{"weight":59,"label":"maternal"},{"weight":59,"label":"coverage"},{"weight":58,"label":"avert"},{"weight":58,"label":"community"},{"weight":57,"label":"insurance"},{"weight":47,"label":"lmic"},{"weight":47,"label":"mortality"},{"weight":47,"label":"illness"},{"weight":46,"label":"delivery"},{"weight":45,"label":"india"}],"subTopicId":124}]}