{"linkageTable":[{"node2":9,"distance":0.44676102689494,"node1":7},{"node2":10,"distance":0.448866071379875,"node1":1},{"node2":5,"distance":0.449049005590755,"node1":2},{"node2":11,"distance":0.471425894689885,"node1":0},{"node2":3,"distance":0.47214516649716753,"node1":14},{"node2":12,"distance":0.4745861868358734,"node1":16},{"node2":13,"distance":0.47806727432456,"node1":15},{"node2":4,"distance":0.486421114141318,"node1":17},{"node2":8,"distance":0.4905029225703025,"node1":18},{"node2":6,"distance":0.497553658432267,"node1":20},{"node2":19,"distance":0.49825786517366555,"node1":21}],"conceptsData":[{"conceptId":2,"clusterId":0,"hexCoordinates":{"x":0,"y":0},"labels":[{"weight":504,"label":"system"},{"weight":471,"label":"power"},{"weight":363,"label":"control"},{"weight":352,"label":"voltage"},{"weight":336,"label":"grid"},{"weight":278,"label":"converter"},{"weight":278,"label":"propose"},{"weight":274,"label":"protection"},{"weight":254,"label":"current"},{"weight":229,"label":"fault"},{"weight":174,"label":"paper"},{"weight":161,"label":"frequency"},{"weight":159,"label":"simulation"},{"weight":138,"label":"stability"},{"weight":130,"label":"base"},{"weight":124,"label":"scheme"},{"weight":122,"label":"phase"},{"weight":115,"label":"response"},{"weight":107,"label":"synchronous"},{"weight":105,"label":"result"},{"weight":94,"label":"method"},{"weight":93,"label":"harmonic"},{"weight":92,"label":"performance"},{"weight":90,"label":"source"},{"weight":89,"label":"operation"}],"subTopicId":248},{"conceptId":6,"clusterId":0,"hexCoordinates":{"x":5.196152422706632,"y":0},"labels":[{"weight":4168,"label":"network"},{"weight":421,"label":"node"},{"weight":174,"label":"topology"},{"weight":163,"label":"graph"},{"weight":147,"label":"connection"},{"weight":145,"label":"centrality"},{"weight":140,"label":"link"},{"weight":138,"label":"degree"},{"weight":98,"label":"complex"},{"weight":94,"label":"connect"},{"weight":87,"label":"world"},{"weight":85,"label":"path"},{"weight":83,"label":"edge"},{"weight":75,"label":"hub"},{"weight":72,"label":"tie"},{"weight":69,"label":"topological"},{"weight":58,"label":"random"},{"weight":58,"label":"interaction"},{"weight":51,"label":"define"},{"weight":50,"label":"theory"},{"weight":50,"label":"module"},{"weight":48,"label":"social"},{"weight":45,"label":"sna"},{"weight":38,"label":"connected"},{"weight":35,"label":"dynamic"}],"subTopicId":525},{"conceptId":5,"clusterId":0,"hexCoordinates":{"x":1.7320508075688772,"y":0},"labels":[{"weight":866,"label":"power"},{"weight":776,"label":"system"},{"weight":633,"label":"network"},{"weight":421,"label":"load"},{"weight":405,"label":"generation"},{"weight":386,"label":"grid"},{"weight":376,"label":"distribution"},{"weight":330,"label":"energy"},{"weight":318,"label":"demand"},{"weight":290,"label":"paper"},{"weight":278,"label":"distribute"},{"weight":213,"label":"control"},{"weight":201,"label":"charge"},{"weight":189,"label":"frequency"},{"weight":188,"label":"smart"},{"weight":179,"label":"level"},{"weight":168,"label":"renewable"},{"weight":165,"label":"capacity"},{"weight":159,"label":"operation"},{"weight":154,"label":"storage"},{"weight":149,"label":"electricity"},{"weight":148,"label":"present"},{"weight":133,"label":"transmission"},{"weight":127,"label":"scheme"},{"weight":126,"label":"penetration"}],"subTopicId":485},{"conceptId":1,"clusterId":0,"hexCoordinates":{"x":2.598076211353316,"y":-1.5},"labels":[{"weight":664,"label":"channel"},{"weight":436,"label":"power"},{"weight":382,"label":"system"},{"weight":351,"label":"interference"},{"weight":310,"label":"user"},{"weight":282,"label":"propose"},{"weight":266,"label":"performance"},{"weight":263,"label":"multiple"},{"weight":249,"label":"result"},{"weight":245,"label":"communication"},{"weight":245,"label":"base"},{"weight":205,"label":"relay"},{"weight":186,"label":"derive"},{"weight":184,"label":"paper"},{"weight":175,"label":"signal"},{"weight":172,"label":"probability"},{"weight":169,"label":"show"},{"weight":162,"label":"wireless"},{"weight":161,"label":"transmit"},{"weight":156,"label":"energy"},{"weight":154,"label":"rate"},{"weight":153,"label":"transmission"},{"weight":151,"label":"information"},{"weight":148,"label":"noise"},{"weight":144,"label":"antenna"}],"subTopicId":187},{"conceptId":0,"clusterId":0,"hexCoordinates":{"x":3.4641016151377544,"y":-3},"labels":[{"weight":530,"label":"system"},{"weight":397,"label":"signal"},{"weight":347,"label":"rate"},{"weight":344,"label":"communication"},{"weight":261,"label":"frequency"},{"weight":260,"label":"modulation"},{"weight":253,"label":"data"},{"weight":251,"label":"optical"},{"weight":239,"label":"bit"},{"weight":207,"label":"transmission"},{"weight":204,"label":"ofdm"},{"weight":188,"label":"performance"},{"weight":185,"label":"channel"},{"weight":181,"label":"receiver"},{"weight":165,"label":"error"},{"weight":165,"label":"division"},{"weight":150,"label":"multiplex"},{"weight":148,"label":"orthogonal"},{"weight":148,"label":"propose"},{"weight":137,"label":"technique"},{"weight":136,"label":"filter"},{"weight":135,"label":"link"},{"weight":127,"label":"paper"},{"weight":125,"label":"light"},{"weight":123,"label":"ber"}],"subTopicId":172},{"conceptId":9,"clusterId":0,"hexCoordinates":{"x":-1.7320508075688772,"y":0},"labels":[{"weight":589,"label":"fault"},{"weight":211,"label":"converter"},{"weight":186,"label":"hvdc"},{"weight":185,"label":"voltage"},{"weight":184,"label":"propose"},{"weight":166,"label":"terminal"},{"weight":155,"label":"current"},{"weight":139,"label":"power"},{"weight":131,"label":"mmc"},{"weight":124,"label":"control"},{"weight":121,"label":"network"},{"weight":120,"label":"bridge"},{"weight":113,"label":"grid"},{"weight":101,"label":"operation"},{"weight":93,"label":"simulation"},{"weight":88,"label":"circuit"},{"weight":78,"label":"paper"},{"weight":70,"label":"base"},{"weight":70,"label":"system"},{"weight":67,"label":"dab"},{"weight":66,"label":"multi"},{"weight":65,"label":"vsc"},{"weight":59,"label":"link"},{"weight":58,"label":"breaker"},{"weight":58,"label":"protection"}],"subTopicId":854},{"conceptId":11,"clusterId":0,"hexCoordinates":{"x":1.7320508075688772,"y":-3},"labels":[{"weight":146,"label":"signal"},{"weight":116,"label":"error"},{"weight":90,"label":"estimation"},{"weight":75,"label":"propose"},{"weight":71,"label":"papr"},{"weight":65,"label":"show"},{"weight":64,"label":"technique"},{"weight":63,"label":"multiple"},{"weight":62,"label":"ofdm"},{"weight":62,"label":"performance"},{"weight":59,"label":"reduction"},{"weight":59,"label":"ratio"},{"weight":57,"label":"system"},{"weight":55,"label":"noise"},{"weight":53,"label":"reduce"},{"weight":50,"label":"channel"},{"weight":50,"label":"paper"},{"weight":45,"label":"mimo"},{"weight":45,"label":"slm"},{"weight":41,"label":"scheme"},{"weight":41,"label":"position"},{"weight":40,"label":"receiver"},{"weight":40,"label":"source"},{"weight":40,"label":"result"},{"weight":39,"label":"square"}],"subTopicId":976},{"conceptId":-1,"clusterId":-1,"hexCoordinates":{"x":8.660254037844386,"y":1.5},"labels":[{"weight":2500,"label":"Unclassified"},{"weight":0,"label":""},{"weight":0,"label":""},{"weight":0,"label":""},{"weight":0,"label":""},{"weight":0,"label":""},{"weight":0,"label":""},{"weight":0,"label":""},{"weight":0,"label":""},{"weight":0,"label":""},{"weight":0,"label":""}],"subTopicId":null},{"conceptId":10,"clusterId":0,"hexCoordinates":{"x":4.330127018922193,"y":-1.5},"labels":[{"weight":1436,"label":"network"},{"weight":595,"label":"propose"},{"weight":572,"label":"node"},{"weight":452,"label":"communication"},{"weight":429,"label":"scheme"},{"weight":383,"label":"route"},{"weight":361,"label":"performance"},{"weight":334,"label":"energy"},{"weight":324,"label":"wireless"},{"weight":309,"label":"base"},{"weight":306,"label":"protocol"},{"weight":289,"label":"paper"},{"weight":278,"label":"access"},{"weight":244,"label":"user"},{"weight":240,"label":"traffic"},{"weight":218,"label":"show"},{"weight":212,"label":"mobile"},{"weight":211,"label":"packet"},{"weight":208,"label":"result"},{"weight":195,"label":"resource"},{"weight":189,"label":"device"},{"weight":185,"label":"data"},{"weight":184,"label":"simulation"},{"weight":182,"label":"spectrum"},{"weight":177,"label":"algorithm"}],"subTopicId":889},{"conceptId":8,"clusterId":0,"hexCoordinates":{"x":3.4641016151377544,"y":0},"labels":[{"weight":484,"label":"network"},{"weight":159,"label":"user"},{"weight":110,"label":"video"},{"weight":108,"label":"quality"},{"weight":99,"label":"backhaul"},{"weight":73,"label":"traffic"},{"weight":70,"label":"end"},{"weight":69,"label":"mobile"},{"weight":63,"label":"qoe"},{"weight":49,"label":"mobility"},{"weight":48,"label":"wireless"},{"weight":48,"label":"performance"},{"weight":47,"label":"snare"},{"weight":44,"label":"service"},{"weight":44,"label":"framework"},{"weight":42,"label":"cell"},{"weight":41,"label":"cellular"},{"weight":40,"label":"management"},{"weight":39,"label":"streaming"},{"weight":39,"label":"demand"},{"weight":38,"label":"metric"},{"weight":37,"label":"coordinate"},{"weight":35,"label":"centric"},{"weight":34,"label":"architecture"},{"weight":32,"label":"edge"}],"subTopicId":803},{"conceptId":3,"clusterId":0,"hexCoordinates":{"x":0.8660254037844386,"y":-1.5},"labels":[{"weight":1877,"label":"power"},{"weight":444,"label":"energy"},{"weight":313,"label":"output"},{"weight":250,"label":"efficiency"},{"weight":196,"label":"module"},{"weight":166,"label":"device"},{"weight":157,"label":"system"},{"weight":156,"label":"coil"},{"weight":137,"label":"maximum"},{"weight":132,"label":"generator"},{"weight":129,"label":"increase"},{"weight":125,"label":"generate"},{"weight":122,"label":"application"},{"weight":114,"label":"voltage"},{"weight":112,"label":"current"},{"weight":109,"label":"consumption"},{"weight":109,"label":"paper"},{"weight":106,"label":"high"},{"weight":105,"label":"design"},{"weight":101,"label":"converter"},{"weight":101,"label":"electrical"},{"weight":96,"label":"battery"},{"weight":94,"label":"input"},{"weight":93,"label":"operate"},{"weight":87,"label":"operation"}],"subTopicId":398},{"conceptId":4,"clusterId":0,"hexCoordinates":{"x":-0.8660254037844386,"y":1.5},"labels":[{"weight":536,"label":"active"},{"weight":340,"label":"passive"},{"weight":291,"label":"frequency"},{"weight":191,"label":"damp"},{"weight":146,"label":"filter"},{"weight":133,"label":"design"},{"weight":108,"label":"system"},{"weight":106,"label":"control"},{"weight":95,"label":"resonance"},{"weight":80,"label":"paper"},{"weight":73,"label":"stability"},{"weight":73,"label":"vibration"},{"weight":73,"label":"propose"},{"weight":73,"label":"high"},{"weight":70,"label":"present"},{"weight":64,"label":"order"},{"weight":63,"label":"achieve"},{"weight":63,"label":"performance"},{"weight":62,"label":"position"},{"weight":57,"label":"tracking"},{"weight":55,"label":"force"},{"weight":53,"label":"actuator"},{"weight":53,"label":"due"},{"weight":50,"label":"provide"},{"weight":48,"label":"tuning"}],"subTopicId":475},{"conceptId":7,"clusterId":0,"hexCoordinates":{"x":-0.8660254037844386,"y":-1.5},"labels":[{"weight":628,"label":"voltage"},{"weight":516,"label":"converter"},{"weight":493,"label":"current"},{"weight":374,"label":"cable"},{"weight":291,"label":"power"},{"weight":280,"label":"high"},{"weight":256,"label":"fault"},{"weight":249,"label":"propose"},{"weight":236,"label":"circuit"},{"weight":203,"label":"mmc"},{"weight":200,"label":"paper"},{"weight":176,"label":"electrical"},{"weight":171,"label":"discharge"},{"weight":157,"label":"phase"},{"weight":154,"label":"topology"},{"weight":153,"label":"pulse"},{"weight":152,"label":"present"},{"weight":149,"label":"capacitor"},{"weight":147,"label":"loss"},{"weight":146,"label":"switching"},{"weight":142,"label":"level"},{"weight":141,"label":"modular"},{"weight":125,"label":"multilevel"},{"weight":116,"label":"low"},{"weight":114,"label":"application"}],"subTopicId":802}]}