{"linkageTable":[{"node2":13,"distance":0.45710810665767,"node1":8},{"node2":5,"distance":0.46734477988803,"node1":1},{"node2":11,"distance":0.468993550636475,"node1":0},{"node2":12,"distance":0.4771898739927475,"node1":18},{"node2":7,"distance":0.482041971549385,"node1":3},{"node2":10,"distance":0.4854510561211283,"node1":19},{"node2":15,"distance":0.4870969906462625,"node1":17},{"node2":14,"distance":0.48932516198186504,"node1":20},{"node2":4,"distance":0.4903701998887576,"node1":21},{"node2":16,"distance":0.4918145083586475,"node1":2},{"node2":22,"distance":0.493368852224562,"node1":24},{"node2":25,"distance":0.4947245417221269,"node1":26},{"node2":23,"distance":0.4956800555058985,"node1":27},{"node2":6,"distance":0.49800526880789214,"node1":28},{"node2":9,"distance":0.5,"node1":29}],"conceptsData":[{"conceptId":0,"clusterId":0,"hexCoordinates":{"x":0,"y":0},"labels":[{"weight":856,"label":"oxidative"},{"weight":790,"label":"stress"},{"weight":350,"label":"antioxidant"},{"weight":303,"label":"damage"},{"weight":261,"label":"increase"},{"weight":239,"label":"nox"},{"weight":238,"label":"reactive"},{"weight":223,"label":"oxygen"},{"weight":211,"label":"ros"},{"weight":207,"label":"species"},{"weight":164,"label":"level"},{"weight":159,"label":"induce"},{"weight":131,"label":"production"},{"weight":115,"label":"marker"},{"weight":108,"label":"superoxide"},{"weight":99,"label":"peroxide"},{"weight":96,"label":"sod"},{"weight":94,"label":"effect"},{"weight":92,"label":"reduce"},{"weight":90,"label":"activity"},{"weight":90,"label":"hydrogen"},{"weight":88,"label":"associate"},{"weight":87,"label":"glutathione"},{"weight":86,"label":"response"},{"weight":85,"label":"oxidase"}],"subTopicId":68},{"conceptId":-1,"clusterId":-1,"hexCoordinates":{"x":8.660254037844386,"y":3},"labels":[{"weight":2500,"label":"Unclassified"},{"weight":0,"label":""},{"weight":0,"label":""},{"weight":0,"label":""},{"weight":0,"label":""},{"weight":0,"label":""},{"weight":0,"label":""},{"weight":0,"label":""},{"weight":0,"label":""},{"weight":0,"label":""},{"weight":0,"label":""}],"subTopicId":null},{"conceptId":1,"clusterId":0,"hexCoordinates":{"x":2.598076211353316,"y":-1.5},"labels":[{"weight":2291,"label":"treatment"},{"weight":1466,"label":"day"},{"weight":1269,"label":"effect"},{"weight":1155,"label":"increase"},{"weight":923,"label":"result"},{"weight":880,"label":"control"},{"weight":823,"label":"study"},{"weight":755,"label":"dose"},{"weight":713,"label":"significantly"},{"weight":707,"label":"change"},{"weight":677,"label":"compare"},{"weight":645,"label":"significant"},{"weight":638,"label":"week"},{"weight":627,"label":"follow"},{"weight":625,"label":"reduction"},{"weight":608,"label":"reduce"},{"weight":596,"label":"time"},{"weight":562,"label":"treat"},{"weight":525,"label":"decrease"},{"weight":390,"label":"group"},{"weight":382,"label":"assess"},{"weight":375,"label":"conclusion"},{"weight":355,"label":"response"},{"weight":351,"label":"period"},{"weight":351,"label":"level"}],"subTopicId":220},{"conceptId":6,"clusterId":0,"hexCoordinates":{"x":-1.7320508075688772,"y":0},"labels":[{"weight":81,"label":"vivo"},{"weight":74,"label":"mitochondrial"},{"weight":49,"label":"drug"},{"weight":48,"label":"cardiac"},{"weight":45,"label":"cell"},{"weight":43,"label":"scn"},{"weight":42,"label":"cardiomyocyte"},{"weight":42,"label":"heart"},{"weight":39,"label":"channel"},{"weight":39,"label":"isolate"},{"weight":37,"label":"arrhythmia"},{"weight":35,"label":"atrial"},{"weight":32,"label":"apd"},{"weight":32,"label":"induce"},{"weight":32,"label":"change"},{"weight":30,"label":"action"},{"weight":30,"label":"effect"},{"weight":29,"label":"mitochondria"},{"weight":27,"label":"anti"},{"weight":26,"label":"itaconate"},{"weight":26,"label":"redox"},{"weight":26,"label":"sodium"},{"weight":26,"label":"current"},{"weight":25,"label":"salicylate"},{"weight":24,"label":"activation"}],"subTopicId":439},{"conceptId":3,"clusterId":0,"hexCoordinates":{"x":2.598076211353316,"y":1.5},"labels":[{"weight":179,"label":"leptin"},{"weight":159,"label":"expression"},{"weight":142,"label":"hormone"},{"weight":135,"label":"hypothalamic"},{"weight":115,"label":"oxytocin"},{"weight":100,"label":"receptor"},{"weight":97,"label":"hypothalamus"},{"weight":94,"label":"intake"},{"weight":93,"label":"energy"},{"weight":92,"label":"food"},{"weight":89,"label":"increase"},{"weight":84,"label":"appetite"},{"weight":80,"label":"nucleus"},{"weight":73,"label":"brain"},{"weight":71,"label":"regulation"},{"weight":71,"label":"weight"},{"weight":71,"label":"body"},{"weight":68,"label":"secretion"},{"weight":66,"label":"photoperiod"},{"weight":66,"label":"peptide"},{"weight":65,"label":"hamster"},{"weight":64,"label":"response"},{"weight":63,"label":"rat"},{"weight":62,"label":"regulate"},{"weight":61,"label":"pomc"}],"subTopicId":292},{"conceptId":13,"clusterId":0,"hexCoordinates":{"x":5.196152422706632,"y":0},"labels":[{"weight":259,"label":"insulin"},{"weight":229,"label":"autophagy"},{"weight":94,"label":"glucose"},{"weight":79,"label":"uptake"},{"weight":71,"label":"protein"},{"weight":65,"label":"atg"},{"weight":59,"label":"fgf"},{"weight":58,"label":"degradation"},{"weight":58,"label":"induce"},{"weight":57,"label":"muscle"},{"weight":54,"label":"increase"},{"weight":52,"label":"glut"},{"weight":50,"label":"adipogenesis"},{"weight":47,"label":"target"},{"weight":47,"label":"cell"},{"weight":46,"label":"vhl"},{"weight":41,"label":"protac"},{"weight":41,"label":"resistance"},{"weight":38,"label":"bace"},{"weight":37,"label":"lysosome"},{"weight":36,"label":"decrease"},{"weight":34,"label":"palmitate"},{"weight":34,"label":"adipocyte"},{"weight":33,"label":"fenretinide"},{"weight":33,"label":"skeletal"}],"subTopicId":699},{"conceptId":11,"clusterId":0,"hexCoordinates":{"x":1.7320508075688772,"y":0},"labels":[{"weight":298,"label":"vascular"},{"weight":209,"label":"platelet"},{"weight":209,"label":"mouse"},{"weight":205,"label":"endothelial"},{"weight":174,"label":"increase"},{"weight":158,"label":"effect"},{"weight":146,"label":"atherosclerosis"},{"weight":122,"label":"induce"},{"weight":113,"label":"inflammatory"},{"weight":107,"label":"plasma"},{"weight":100,"label":"cell"},{"weight":98,"label":"cardiovascular"},{"weight":95,"label":"receptor"},{"weight":93,"label":"smooth"},{"weight":90,"label":"apoe"},{"weight":88,"label":"reduce"},{"weight":87,"label":"inflammation"},{"weight":84,"label":"pvat"},{"weight":81,"label":"vsmc"},{"weight":79,"label":"role"},{"weight":77,"label":"expression"},{"weight":72,"label":"study"},{"weight":70,"label":"function"},{"weight":66,"label":"disease"},{"weight":64,"label":"associate"}],"subTopicId":626},{"conceptId":5,"clusterId":0,"hexCoordinates":{"x":3.4641016151377544,"y":-3},"labels":[{"weight":984,"label":"glucose"},{"weight":683,"label":"insulin"},{"weight":508,"label":"diabetes"},{"weight":462,"label":"blood"},{"weight":248,"label":"metabolic"},{"weight":239,"label":"level"},{"weight":225,"label":"type"},{"weight":205,"label":"plasma"},{"weight":172,"label":"mmol"},{"weight":161,"label":"fasting"},{"weight":146,"label":"resistance"},{"weight":138,"label":"concentration"},{"weight":119,"label":"cholesterol"},{"weight":118,"label":"marker"},{"weight":113,"label":"high"},{"weight":110,"label":"associate"},{"weight":101,"label":"tolerance"},{"weight":99,"label":"fast"},{"weight":98,"label":"metformin"},{"weight":98,"label":"impaired"},{"weight":90,"label":"control"},{"weight":90,"label":"higher"},{"weight":90,"label":"lower"},{"weight":83,"label":"individual"},{"weight":81,"label":"sensitivity"}],"subTopicId":350},{"conceptId":2,"clusterId":0,"hexCoordinates":{"x":4.330127018922193,"y":-1.5},"labels":[{"weight":1489,"label":"muscle"},{"weight":354,"label":"skeletal"},{"weight":332,"label":"protein"},{"weight":151,"label":"exercise"},{"weight":150,"label":"increase"},{"weight":145,"label":"mass"},{"weight":86,"label":"response"},{"weight":71,"label":"sarcopenia"},{"weight":69,"label":"contraction"},{"weight":67,"label":"cachexia"},{"weight":60,"label":"healthy"},{"weight":60,"label":"function"},{"weight":57,"label":"mvc"},{"weight":56,"label":"change"},{"weight":54,"label":"myotube"},{"weight":53,"label":"stimulation"},{"weight":52,"label":"strain"},{"weight":50,"label":"associate"},{"weight":48,"label":"creatine"},{"weight":48,"label":"resistance"},{"weight":47,"label":"compare"},{"weight":46,"label":"rest"},{"weight":44,"label":"supplementation"},{"weight":44,"label":"follow"},{"weight":43,"label":"biopsy"}],"subTopicId":240},{"conceptId":7,"clusterId":0,"hexCoordinates":{"x":3.4641016151377544,"y":3},"labels":[{"weight":250,"label":"stress"},{"weight":225,"label":"cortisol"},{"weight":211,"label":"axis"},{"weight":184,"label":"pituitary"},{"weight":156,"label":"response"},{"weight":150,"label":"glucocorticoid"},{"weight":137,"label":"hormone"},{"weight":127,"label":"level"},{"weight":122,"label":"adrenal"},{"weight":113,"label":"hpa"},{"weight":103,"label":"effect"},{"weight":87,"label":"corticosterone"},{"weight":83,"label":"physiological"},{"weight":79,"label":"receptor"},{"weight":77,"label":"release"},{"weight":76,"label":"life"},{"weight":74,"label":"exposure"},{"weight":71,"label":"hypothalamic"},{"weight":69,"label":"cort"},{"weight":66,"label":"expression"},{"weight":63,"label":"behavior"},{"weight":62,"label":"secretion"},{"weight":60,"label":"concentration"},{"weight":59,"label":"ehec"},{"weight":59,"label":"salivary"}],"subTopicId":442},{"conceptId":14,"clusterId":0,"hexCoordinates":{"x":4.330127018922193,"y":1.5},"labels":[{"weight":1518,"label":"stress"},{"weight":314,"label":"cortisol"},{"weight":304,"label":"hsd"},{"weight":294,"label":"level"},{"weight":286,"label":"response"},{"weight":249,"label":"glucocorticoid"},{"weight":175,"label":"increase"},{"weight":111,"label":"activity"},{"weight":108,"label":"control"},{"weight":104,"label":"stressor"},{"weight":90,"label":"reactivity"},{"weight":84,"label":"acute"},{"weight":81,"label":"exposure"},{"weight":80,"label":"corticosterone"},{"weight":79,"label":"induce"},{"weight":64,"label":"associate"},{"weight":64,"label":"higher"},{"weight":61,"label":"physiological"},{"weight":59,"label":"stressful"},{"weight":58,"label":"blunt"},{"weight":55,"label":"effect"},{"weight":54,"label":"significantly"},{"weight":53,"label":"reduce"},{"weight":52,"label":"elevated"},{"weight":51,"label":"dehydrogenase"}],"subTopicId":727},{"conceptId":10,"clusterId":0,"hexCoordinates":{"x":0.8660254037844386,"y":1.5},"labels":[{"weight":450,"label":"vascular"},{"weight":345,"label":"endothelial"},{"weight":239,"label":"vessel"},{"weight":237,"label":"artery"},{"weight":234,"label":"blood"},{"weight":192,"label":"flow"},{"weight":188,"label":"stent"},{"weight":127,"label":"function"},{"weight":116,"label":"endothelium"},{"weight":102,"label":"cell"},{"weight":98,"label":"vein"},{"weight":90,"label":"muscle"},{"weight":90,"label":"smooth"},{"weight":84,"label":"arterial"},{"weight":76,"label":"increase"},{"weight":75,"label":"coronary"},{"weight":69,"label":"smc"},{"weight":68,"label":"capillary"},{"weight":64,"label":"wall"},{"weight":60,"label":"response"},{"weight":58,"label":"release"},{"weight":53,"label":"reduce"},{"weight":50,"label":"dysfunction"},{"weight":49,"label":"study"},{"weight":47,"label":"acetylcholine"}],"subTopicId":608},{"conceptId":12,"clusterId":0,"hexCoordinates":{"x":0.8660254037844386,"y":-1.5},"labels":[{"weight":446,"label":"hypertension"},{"weight":377,"label":"blood"},{"weight":289,"label":"pressure"},{"weight":252,"label":"rat"},{"weight":205,"label":"vascular"},{"weight":162,"label":"increase"},{"weight":108,"label":"hypertensive"},{"weight":107,"label":"arterial"},{"weight":98,"label":"cardiovascular"},{"weight":94,"label":"aldosterone"},{"weight":92,"label":"ang"},{"weight":90,"label":"shrsp"},{"weight":87,"label":"cardiac"},{"weight":83,"label":"renal"},{"weight":82,"label":"trpm"},{"weight":77,"label":"function"},{"weight":74,"label":"effect"},{"weight":73,"label":"artery"},{"weight":66,"label":"endothelial"},{"weight":66,"label":"angiotensin"},{"weight":65,"label":"pulmonary"},{"weight":63,"label":"heart"},{"weight":58,"label":"reduce"},{"weight":52,"label":"infusion"},{"weight":50,"label":"dysfunction"}],"subTopicId":691},{"conceptId":15,"clusterId":0,"hexCoordinates":{"x":1.7320508075688772,"y":-3},"labels":[{"weight":238,"label":"salt"},{"weight":224,"label":"sodium"},{"weight":122,"label":"fluid"},{"weight":87,"label":"intake"},{"weight":77,"label":"water"},{"weight":69,"label":"caffeine"},{"weight":55,"label":"excretion"},{"weight":50,"label":"beaver"},{"weight":50,"label":"chloride"},{"weight":41,"label":"hydration"},{"weight":39,"label":"low"},{"weight":36,"label":"urine"},{"weight":36,"label":"serum"},{"weight":36,"label":"increase"},{"weight":36,"label":"study"},{"weight":35,"label":"concentration"},{"weight":35,"label":"effect"},{"weight":34,"label":"beverage"},{"weight":34,"label":"high"},{"weight":33,"label":"blood"},{"weight":32,"label":"dietary"},{"weight":31,"label":"state"},{"weight":29,"label":"coffee"},{"weight":28,"label":"consumption"},{"weight":28,"label":"trial"}],"subTopicId":983},{"conceptId":8,"clusterId":0,"hexCoordinates":{"x":3.4641016151377544,"y":0},"labels":[{"weight":580,"label":"fat"},{"weight":462,"label":"tissue"},{"weight":436,"label":"adipose"},{"weight":419,"label":"mouse"},{"weight":401,"label":"insulin"},{"weight":302,"label":"obesity"},{"weight":285,"label":"diet"},{"weight":279,"label":"metabolic"},{"weight":277,"label":"increase"},{"weight":246,"label":"glucose"},{"weight":243,"label":"adipocyte"},{"weight":230,"label":"body"},{"weight":197,"label":"high"},{"weight":164,"label":"liver"},{"weight":158,"label":"restriction"},{"weight":156,"label":"resistance"},{"weight":150,"label":"feed"},{"weight":136,"label":"hfd"},{"weight":135,"label":"level"},{"weight":131,"label":"associate"},{"weight":127,"label":"metabolism"},{"weight":119,"label":"energy"},{"weight":112,"label":"visceral"},{"weight":108,"label":"effect"},{"weight":105,"label":"weight"}],"subTopicId":470},{"conceptId":9,"clusterId":0,"hexCoordinates":{"x":2.598076211353316,"y":-4.5},"labels":[{"weight":71,"label":"belt"},{"weight":49,"label":"norovirus"},{"weight":38,"label":"endotoxin"},{"weight":27,"label":"depuration"},{"weight":27,"label":"cavitation"},{"weight":23,"label":"level"},{"weight":17,"label":"shellfish"},{"weight":16,"label":"astrocyte"},{"weight":16,"label":"concentration"},{"weight":15,"label":"describe"},{"weight":13,"label":"minimum"},{"weight":13,"label":"suggest"},{"weight":12,"label":"phenazepam"},{"weight":12,"label":"benzodiazepine"},{"weight":12,"label":"junction"},{"weight":11,"label":"grid"},{"weight":9,"label":"csf"},{"weight":9,"label":"cavitating"},{"weight":9,"label":"plasma"},{"weight":9,"label":"demonstrate"},{"weight":8,"label":"hat"},{"weight":8,"label":"sign"},{"weight":8,"label":"variability"},{"weight":7,"label":"ssvf"},{"weight":7,"label":"gpis"}],"subTopicId":581},{"conceptId":4,"clusterId":0,"hexCoordinates":{"x":-0.8660254037844386,"y":-1.5},"labels":[{"weight":227,"label":"pulmonary"},{"weight":166,"label":"pah"},{"weight":165,"label":"hypoxia"},{"weight":114,"label":"hypertension"},{"weight":106,"label":"hif"},{"weight":103,"label":"hypoxic"},{"weight":94,"label":"hpasmc"},{"weight":93,"label":"estrogen"},{"weight":92,"label":"increase"},{"weight":88,"label":"expression"},{"weight":87,"label":"bmp"},{"weight":75,"label":"arterial"},{"weight":71,"label":"protein"},{"weight":65,"label":"serotonin"},{"weight":62,"label":"mouse"},{"weight":55,"label":"receptor"},{"weight":53,"label":"smooth"},{"weight":53,"label":"human"},{"weight":52,"label":"induce"},{"weight":51,"label":"proliferation"},{"weight":51,"label":"vascular"},{"weight":51,"label":"cell"},{"weight":50,"label":"bmpr"},{"weight":48,"label":"muscle"},{"weight":48,"label":"reduce"}],"subTopicId":300}]}