{"linkageTable":[{"node2":2,"distance":0.42292071093811,"node1":0},{"node2":3,"distance":0.47758669571334,"node1":1},{"node2":8,"distance":0.47916067866724,"node1":10},{"node2":7,"distance":0.49045426899872,"node1":11},{"node2":9,"distance":0.49364164617615663,"node1":12},{"node2":4,"distance":0.4984209559777337,"node1":14},{"node2":13,"distance":0.4987114521151043,"node1":15},{"node2":5,"distance":0.5,"node1":16},{"node2":6,"distance":0.5,"node1":17}],"conceptsData":[{"conceptId":0,"clusterId":0,"hexCoordinates":{"x":0,"y":0},"labels":[{"weight":522,"label":"call"},{"weight":265,"label":"whale"},{"weight":189,"label":"acoustic"},{"weight":131,"label":"vocal"},{"weight":130,"label":"species"},{"weight":108,"label":"porpoise"},{"weight":104,"label":"cetacean"},{"weight":97,"label":"dolphin"},{"weight":95,"label":"produce"},{"weight":91,"label":"animal"},{"weight":89,"label":"killer"},{"weight":89,"label":"individual"},{"weight":89,"label":"social"},{"weight":83,"label":"vocalization"},{"weight":79,"label":"behaviour"},{"weight":76,"label":"signal"},{"weight":75,"label":"communication"},{"weight":72,"label":"frequency"},{"weight":69,"label":"click"},{"weight":64,"label":"sound"},{"weight":63,"label":"pilot"},{"weight":59,"label":"playback"},{"weight":58,"label":"unit"},{"weight":56,"label":"sequence"},{"weight":50,"label":"type"}],"subTopicId":74},{"conceptId":8,"clusterId":0,"hexCoordinates":{"x":0.8660254037844386,"y":-1.5},"labels":[{"weight":443,"label":"noise"},{"weight":258,"label":"acoustic"},{"weight":245,"label":"sound"},{"weight":207,"label":"response"},{"weight":192,"label":"level"},{"weight":166,"label":"sonar"},{"weight":136,"label":"source"},{"weight":132,"label":"exposure"},{"weight":114,"label":"marine"},{"weight":105,"label":"whale"},{"weight":95,"label":"underwater"},{"weight":82,"label":"impact"},{"weight":78,"label":"mammal"},{"weight":67,"label":"animal"},{"weight":52,"label":"anthropogenic"},{"weight":51,"label":"behavioral"},{"weight":49,"label":"effect"},{"weight":47,"label":"risk"},{"weight":46,"label":"receive"},{"weight":39,"label":"signal"},{"weight":38,"label":"threshold"},{"weight":37,"label":"frequency"},{"weight":36,"label":"pressure"},{"weight":34,"label":"potential"},{"weight":33,"label":"data"}],"subTopicId":965},{"conceptId":9,"clusterId":0,"hexCoordinates":{"x":0.8660254037844386,"y":1.5},"labels":[{"weight":881,"label":"signal"},{"weight":753,"label":"detection"},{"weight":315,"label":"detect"},{"weight":223,"label":"false"},{"weight":162,"label":"rate"},{"weight":157,"label":"method"},{"weight":142,"label":"noise"},{"weight":126,"label":"positive"},{"weight":105,"label":"threshold"},{"weight":102,"label":"recognition"},{"weight":100,"label":"frequency"},{"weight":87,"label":"sensitivity"},{"weight":86,"label":"alarm"},{"weight":75,"label":"identification"},{"weight":74,"label":"base"},{"weight":74,"label":"apply"},{"weight":72,"label":"test"},{"weight":71,"label":"accuracy"},{"weight":63,"label":"pattern"},{"weight":53,"label":"cough"},{"weight":52,"label":"noisy"},{"weight":51,"label":"extract"},{"weight":50,"label":"emg"},{"weight":49,"label":"hrv"},{"weight":49,"label":"background"}],"subTopicId":966},{"conceptId":2,"clusterId":0,"hexCoordinates":{"x":1.7320508075688772,"y":0},"labels":[{"weight":120,"label":"whale"},{"weight":110,"label":"tag"},{"weight":61,"label":"click"},{"weight":55,"label":"dive"},{"weight":52,"label":"sperm"},{"weight":38,"label":"forage"},{"weight":32,"label":"prey"},{"weight":30,"label":"deep"},{"weight":26,"label":"buzz"},{"weight":26,"label":"behavior"},{"weight":25,"label":"echolocation"},{"weight":24,"label":"dolphin"},{"weight":23,"label":"chb"},{"weight":22,"label":"animal"},{"weight":22,"label":"depth"},{"weight":19,"label":"mafia"},{"weight":19,"label":"interval"},{"weight":18,"label":"hpyv"},{"weight":18,"label":"risso"},{"weight":18,"label":"produce"},{"weight":17,"label":"diving"},{"weight":16,"label":"blue"},{"weight":15,"label":"veginvasion"},{"weight":15,"label":"beaked"},{"weight":15,"label":"sma"}],"subTopicId":301},{"conceptId":4,"clusterId":0,"hexCoordinates":{"x":2.598076211353316,"y":1.5},"labels":[{"weight":108,"label":"disfluency"},{"weight":95,"label":"neutron"},{"weight":92,"label":"speech"},{"weight":74,"label":"gamma"},{"weight":68,"label":"scintillator"},{"weight":57,"label":"fill"},{"weight":49,"label":"pause"},{"weight":47,"label":"recall"},{"weight":46,"label":"source"},{"weight":43,"label":"discrimination"},{"weight":41,"label":"pulse"},{"weight":33,"label":"ray"},{"weight":30,"label":"fluency"},{"weight":30,"label":"result"},{"weight":27,"label":"spontaneous"},{"weight":27,"label":"shape"},{"weight":26,"label":"type"},{"weight":26,"label":"rate"},{"weight":25,"label":"aperture"},{"weight":24,"label":"compare"},{"weight":24,"label":"fast"},{"weight":24,"label":"code"},{"weight":22,"label":"field"},{"weight":21,"label":"fluent"},{"weight":21,"label":"plastic"}],"subTopicId":518},{"conceptId":1,"clusterId":0,"hexCoordinates":{"x":0,"y":3},"labels":[{"weight":563,"label":"gravitational"},{"weight":530,"label":"wave"},{"weight":455,"label":"hole"},{"weight":439,"label":"binary"},{"weight":404,"label":"black"},{"weight":311,"label":"signal"},{"weight":270,"label":"merger"},{"weight":264,"label":"detector"},{"weight":231,"label":"mass"},{"weight":225,"label":"ligo"},{"weight":224,"label":"star"},{"weight":219,"label":"neutron"},{"weight":205,"label":"source"},{"weight":167,"label":"advanced"},{"weight":162,"label":"observe"},{"weight":156,"label":"event"},{"weight":152,"label":"search"},{"weight":142,"label":"observation"},{"weight":137,"label":"detection"},{"weight":132,"label":"transient"},{"weight":132,"label":"spin"},{"weight":117,"label":"virgo"},{"weight":112,"label":"detect"},{"weight":105,"label":"ray"},{"weight":103,"label":"burst"}],"subTopicId":285},{"conceptId":3,"clusterId":0,"hexCoordinates":{"x":-0.8660254037844386,"y":1.5},"labels":[{"weight":301,"label":"search"},{"weight":300,"label":"wave"},{"weight":284,"label":"gravitational"},{"weight":241,"label":"limit"},{"weight":176,"label":"frequency"},{"weight":166,"label":"signal"},{"weight":151,"label":"upper"},{"weight":147,"label":"pulsar"},{"weight":128,"label":"data"},{"weight":89,"label":"run"},{"weight":83,"label":"source"},{"weight":83,"label":"spin"},{"weight":79,"label":"black"},{"weight":78,"label":"star"},{"weight":77,"label":"ligo"},{"weight":77,"label":"range"},{"weight":72,"label":"hole"},{"weight":71,"label":"set"},{"weight":68,"label":"result"},{"weight":67,"label":"strain"},{"weight":66,"label":"sky"},{"weight":64,"label":"neutron"},{"weight":63,"label":"time"},{"weight":62,"label":"amplitude"},{"weight":61,"label":"present"}],"subTopicId":429},{"conceptId":6,"clusterId":0,"hexCoordinates":{"x":2.598076211353316,"y":-4.5},"labels":[{"weight":82,"label":"airport"},{"weight":76,"label":"mecp"},{"weight":40,"label":"grouper"},{"weight":39,"label":"air"},{"weight":35,"label":"rtt"},{"weight":31,"label":"dusky"},{"weight":27,"label":"macaque"},{"weight":23,"label":"april"},{"weight":22,"label":"idhlig"},{"weight":21,"label":"baff"},{"weight":21,"label":"luchd"},{"weight":19,"label":"vector"},{"weight":19,"label":"lesion"},{"weight":18,"label":"labhairt"},{"weight":18,"label":"rett"},{"weight":17,"label":"libyan"},{"weight":16,"label":"libya"},{"weight":15,"label":"sgr"},{"weight":15,"label":"seo"},{"weight":15,"label":"extend"},{"weight":14,"label":"nain"},{"weight":13,"label":"airson"},{"weight":13,"label":"tha"},{"weight":13,"label":"ann"},{"weight":12,"label":"adjacent"}],"subTopicId":913},{"conceptId":-1,"clusterId":-1,"hexCoordinates":{"x":6.06217782649107,"y":3},"labels":[{"weight":2500,"label":"Unclassified"},{"weight":0,"label":""},{"weight":0,"label":""},{"weight":0,"label":""},{"weight":0,"label":""},{"weight":0,"label":""},{"weight":0,"label":""},{"weight":0,"label":""},{"weight":0,"label":""},{"weight":0,"label":""},{"weight":0,"label":""}],"subTopicId":null},{"conceptId":5,"clusterId":0,"hexCoordinates":{"x":1.7320508075688772,"y":-3},"labels":[{"weight":422,"label":"cluster"},{"weight":49,"label":"insomnia"},{"weight":34,"label":"postcard"},{"weight":30,"label":"flood"},{"weight":28,"label":"outbreak"},{"weight":27,"label":"pwid"},{"weight":21,"label":"discuss"},{"weight":20,"label":"botulism"},{"weight":18,"label":"embankment"},{"weight":18,"label":"awareness"},{"weight":17,"label":"sleep"},{"weight":16,"label":"cohen"},{"weight":16,"label":"occurrence"},{"weight":16,"label":"higher"},{"weight":15,"label":"omm"},{"weight":15,"label":"aor"},{"weight":15,"label":"dugk"},{"weight":15,"label":"hallucination"},{"weight":13,"label":"seepage"},{"weight":13,"label":"widespread"},{"weight":13,"label":"analysis"},{"weight":12,"label":"paranoia"},{"weight":12,"label":"read"},{"weight":12,"label":"inject"},{"weight":11,"label":"event"}],"subTopicId":588},{"conceptId":7,"clusterId":0,"hexCoordinates":{"x":-1.7320508075688772,"y":3},"labels":[{"weight":486,"label":"noise"},{"weight":282,"label":"detector"},{"weight":177,"label":"gravitational"},{"weight":157,"label":"wave"},{"weight":144,"label":"test"},{"weight":133,"label":"mirror"},{"weight":124,"label":"sensitivity"},{"weight":123,"label":"interferometer"},{"weight":115,"label":"mass"},{"weight":97,"label":"suspension"},{"weight":96,"label":"system"},{"weight":95,"label":"lisa"},{"weight":91,"label":"measurement"},{"weight":79,"label":"design"},{"weight":75,"label":"optical"},{"weight":75,"label":"bond"},{"weight":70,"label":"detection"},{"weight":67,"label":"strip"},{"weight":66,"label":"laser"},{"weight":65,"label":"upgrade"},{"weight":61,"label":"shadow"},{"weight":61,"label":"silicon"},{"weight":61,"label":"frequency"},{"weight":57,"label":"beam"},{"weight":57,"label":"future"}],"subTopicId":936}]}