{"linkageTable":[{"node2":12,"distance":0.452223724732385,"node1":2},{"node2":10,"distance":0.45339961064327,"node1":5},{"node2":20,"distance":0.45389098806086,"node1":4},{"node2":18,"distance":0.46732552065815747,"node1":26},{"node2":17,"distance":0.471856249550495,"node1":0},{"node2":16,"distance":0.477361862127265,"node1":9},{"node2":25,"distance":0.48098195608346,"node1":8},{"node2":13,"distance":0.48260675673341,"node1":27},{"node2":33,"distance":0.4835004546171017,"node1":3},{"node2":11,"distance":0.48361142861781836,"node1":29},{"node2":6,"distance":0.48532664526725,"node1":30},{"node2":23,"distance":0.48617576350931246,"node1":31},{"node2":21,"distance":0.486604998167905,"node1":1},{"node2":22,"distance":0.4892390082073,"node1":35},{"node2":7,"distance":0.48962143664394,"node1":28},{"node2":32,"distance":0.491271187296429,"node1":39},{"node2":34,"distance":0.49199246414088593,"node1":36},{"node2":37,"distance":0.49308070904375306,"node1":42},{"node2":38,"distance":0.4948026104545282,"node1":43},{"node2":41,"distance":0.49548716148422267,"node1":44},{"node2":19,"distance":0.49621856798304576,"node1":45},{"node2":40,"distance":0.49681604637637894,"node1":46},{"node2":24,"distance":0.4975370562107727,"node1":47},{"node2":14,"distance":0.4979475763952319,"node1":48},{"node2":15,"distance":0.49880549961884685,"node1":49}],"conceptsData":[{"conceptId":5,"clusterId":0,"hexCoordinates":{"x":0,"y":0},"labels":[{"weight":1079,"label":"security"},{"weight":476,"label":"privacy"},{"weight":362,"label":"user"},{"weight":331,"label":"attack"},{"weight":212,"label":"threat"},{"weight":186,"label":"information"},{"weight":177,"label":"detection"},{"weight":165,"label":"system"},{"weight":152,"label":"cyber"},{"weight":152,"label":"authentication"},{"weight":148,"label":"paper"},{"weight":144,"label":"network"},{"weight":140,"label":"iot"},{"weight":120,"label":"secure"},{"weight":120,"label":"internet"},{"weight":119,"label":"propose"},{"weight":116,"label":"data"},{"weight":111,"label":"malware"},{"weight":110,"label":"device"},{"weight":107,"label":"solution"},{"weight":105,"label":"detect"},{"weight":96,"label":"application"},{"weight":95,"label":"vulnerability"},{"weight":89,"label":"protection"},{"weight":84,"label":"anomaly"}],"subTopicId":138},{"conceptId":2,"clusterId":0,"hexCoordinates":{"x":5.196152422706632,"y":-3},"labels":[{"weight":817,"label":"software"},{"weight":684,"label":"system"},{"weight":409,"label":"present"},{"weight":399,"label":"application"},{"weight":338,"label":"approach"},{"weight":334,"label":"large"},{"weight":332,"label":"provide"},{"weight":315,"label":"parallel"},{"weight":310,"label":"architecture"},{"weight":304,"label":"implementation"},{"weight":298,"label":"computer"},{"weight":290,"label":"model"},{"weight":282,"label":"computational"},{"weight":277,"label":"design"},{"weight":255,"label":"code"},{"weight":247,"label":"paper"},{"weight":245,"label":"computing"},{"weight":244,"label":"framework"},{"weight":244,"label":"distribute"},{"weight":234,"label":"tool"},{"weight":229,"label":"workflow"},{"weight":229,"label":"performance"},{"weight":225,"label":"time"},{"weight":213,"label":"task"},{"weight":208,"label":"platform"}],"subTopicId":40},{"conceptId":24,"clusterId":0,"hexCoordinates":{"x":2.598076211353316,"y":-4.5},"labels":[{"weight":1310,"label":"information"},{"weight":217,"label":"data"},{"weight":154,"label":"provenance"},{"weight":122,"label":"text"},{"weight":111,"label":"record"},{"weight":92,"label":"source"},{"weight":82,"label":"project"},{"weight":76,"label":"document"},{"weight":75,"label":"work"},{"weight":73,"label":"research"},{"weight":71,"label":"expert"},{"weight":64,"label":"processing"},{"weight":61,"label":"exchange"},{"weight":57,"label":"collection"},{"weight":57,"label":"paper"},{"weight":55,"label":"make"},{"weight":53,"label":"trace"},{"weight":48,"label":"mining"},{"weight":46,"label":"link"},{"weight":46,"label":"process"},{"weight":43,"label":"contextual"},{"weight":43,"label":"digital"},{"weight":41,"label":"type"},{"weight":39,"label":"large"},{"weight":36,"label":"set"}],"subTopicId":930},{"conceptId":10,"clusterId":0,"hexCoordinates":{"x":1.7320508075688772,"y":0},"labels":[{"weight":1247,"label":"mobile"},{"weight":821,"label":"app"},{"weight":655,"label":"technology"},{"weight":644,"label":"device"},{"weight":581,"label":"user"},{"weight":382,"label":"smartphone"},{"weight":341,"label":"phone"},{"weight":310,"label":"application"},{"weight":275,"label":"digital"},{"weight":154,"label":"personal"},{"weight":148,"label":"mhealth"},{"weight":138,"label":"tablet"},{"weight":132,"label":"people"},{"weight":122,"label":"real"},{"weight":120,"label":"computer"},{"weight":109,"label":"potential"},{"weight":105,"label":"smart"},{"weight":105,"label":"base"},{"weight":104,"label":"life"},{"weight":104,"label":"time"},{"weight":94,"label":"activity"},{"weight":90,"label":"world"},{"weight":90,"label":"data"},{"weight":87,"label":"usage"},{"weight":87,"label":"platform"}],"subTopicId":232},{"conceptId":14,"clusterId":0,"hexCoordinates":{"x":-1.7320508075688772,"y":0},"labels":[{"weight":532,"label":"tool"},{"weight":329,"label":"software"},{"weight":253,"label":"package"},{"weight":162,"label":"process"},{"weight":118,"label":"model"},{"weight":101,"label":"develop"},{"weight":69,"label":"time"},{"weight":66,"label":"testing"},{"weight":63,"label":"machine"},{"weight":62,"label":"cycle"},{"weight":53,"label":"perform"},{"weight":50,"label":"generate"},{"weight":49,"label":"plug"},{"weight":48,"label":"design"},{"weight":48,"label":"component"},{"weight":47,"label":"assessment"},{"weight":45,"label":"part"},{"weight":45,"label":"work"},{"weight":42,"label":"machining"},{"weight":40,"label":"computer"},{"weight":40,"label":"commercial"},{"weight":39,"label":"error"},{"weight":39,"label":"validate"},{"weight":38,"label":"automate"},{"weight":38,"label":"manual"}],"subTopicId":453},{"conceptId":19,"clusterId":0,"hexCoordinates":{"x":5.196152422706632,"y":0},"labels":[{"weight":353,"label":"attack"},{"weight":88,"label":"spoof"},{"weight":77,"label":"detection"},{"weight":77,"label":"vulnerability"},{"weight":62,"label":"url"},{"weight":59,"label":"detect"},{"weight":50,"label":"verification"},{"weight":48,"label":"threat"},{"weight":47,"label":"malicious"},{"weight":44,"label":"technique"},{"weight":42,"label":"propose"},{"weight":41,"label":"asv"},{"weight":41,"label":"benign"},{"weight":38,"label":"countermeasure"},{"weight":37,"label":"speaker"},{"weight":33,"label":"security"},{"weight":32,"label":"conversion"},{"weight":30,"label":"attacker"},{"weight":28,"label":"paper"},{"weight":27,"label":"cyber"},{"weight":27,"label":"pattern"},{"weight":26,"label":"asvspoof"},{"weight":26,"label":"replay"},{"weight":24,"label":"database"},{"weight":23,"label":"order"}],"subTopicId":706},{"conceptId":18,"clusterId":0,"hexCoordinates":{"x":4.330127018922193,"y":-4.5},"labels":[{"weight":438,"label":"code"},{"weight":245,"label":"language"},{"weight":204,"label":"programming"},{"weight":165,"label":"type"},{"weight":115,"label":"program"},{"weight":96,"label":"write"},{"weight":51,"label":"programmer"},{"weight":49,"label":"source"},{"weight":46,"label":"implement"},{"weight":42,"label":"technique"},{"weight":38,"label":"make"},{"weight":38,"label":"require"},{"weight":37,"label":"function"},{"weight":36,"label":"specific"},{"weight":35,"label":"developer"},{"weight":34,"label":"gct"},{"weight":32,"label":"library"},{"weight":31,"label":"compiler"},{"weight":29,"label":"row"},{"weight":29,"label":"support"},{"weight":28,"label":"haskell"},{"weight":28,"label":"novice"},{"weight":27,"label":"idiom"},{"weight":27,"label":"feature"},{"weight":27,"label":"exist"}],"subTopicId":635},{"conceptId":0,"clusterId":0,"hexCoordinates":{"x":1.7320508075688772,"y":-3},"labels":[{"weight":1301,"label":"agent"},{"weight":838,"label":"action"},{"weight":405,"label":"human"},{"weight":287,"label":"task"},{"weight":244,"label":"goal"},{"weight":234,"label":"plan"},{"weight":216,"label":"reasoning"},{"weight":207,"label":"interaction"},{"weight":203,"label":"domain"},{"weight":201,"label":"knowledge"},{"weight":193,"label":"planning"},{"weight":187,"label":"base"},{"weight":183,"label":"problem"},{"weight":177,"label":"dialogue"},{"weight":176,"label":"learn"},{"weight":174,"label":"scenario"},{"weight":165,"label":"state"},{"weight":162,"label":"paper"},{"weight":154,"label":"information"},{"weight":147,"label":"rule"},{"weight":143,"label":"framework"},{"weight":136,"label":"environment"},{"weight":130,"label":"behaviour"},{"weight":128,"label":"world"},{"weight":128,"label":"decision"}],"subTopicId":13},{"conceptId":9,"clusterId":0,"hexCoordinates":{"x":3.4641016151377544,"y":0},"labels":[{"weight":2606,"label":"data"},{"weight":991,"label":"tool"},{"weight":632,"label":"provide"},{"weight":590,"label":"database"},{"weight":550,"label":"user"},{"weight":516,"label":"information"},{"weight":494,"label":"dataset"},{"weight":438,"label":"web"},{"weight":435,"label":"analysis"},{"weight":430,"label":"software"},{"weight":403,"label":"source"},{"weight":378,"label":"resource"},{"weight":348,"label":"visualization"},{"weight":336,"label":"present"},{"weight":306,"label":"include"},{"weight":287,"label":"generate"},{"weight":284,"label":"result"},{"weight":278,"label":"open"},{"weight":277,"label":"visualisation"},{"weight":271,"label":"base"},{"weight":271,"label":"set"},{"weight":264,"label":"knowledge"},{"weight":253,"label":"describe"},{"weight":245,"label":"http"},{"weight":242,"label":"large"}],"subTopicId":231},{"conceptId":7,"clusterId":0,"hexCoordinates":{"x":-0.8660254037844386,"y":-4.5},"labels":[{"weight":266,"label":"quantum"},{"weight":216,"label":"signature"},{"weight":143,"label":"scheme"},{"weight":97,"label":"key"},{"weight":79,"label":"security"},{"weight":75,"label":"digital"},{"weight":55,"label":"protocol"},{"weight":55,"label":"distribution"},{"weight":54,"label":"communication"},{"weight":51,"label":"qkd"},{"weight":48,"label":"secure"},{"weight":41,"label":"rely"},{"weight":40,"label":"information"},{"weight":39,"label":"classical"},{"weight":37,"label":"channel"},{"weight":37,"label":"previous"},{"weight":36,"label":"base"},{"weight":34,"label":"pep"},{"weight":29,"label":"state"},{"weight":29,"label":"present"},{"weight":27,"label":"require"},{"weight":27,"label":"rate"},{"weight":25,"label":"message"},{"weight":25,"label":"mechanic"},{"weight":25,"label":"transmission"}],"subTopicId":199},{"conceptId":12,"clusterId":0,"hexCoordinates":{"x":6.06217782649107,"y":-4.5},"labels":[{"weight":484,"label":"performance"},{"weight":256,"label":"code"},{"weight":242,"label":"parallel"},{"weight":232,"label":"gpu"},{"weight":224,"label":"level"},{"weight":208,"label":"hardware"},{"weight":208,"label":"application"},{"weight":199,"label":"high"},{"weight":193,"label":"core"},{"weight":186,"label":"implementation"},{"weight":172,"label":"program"},{"weight":164,"label":"system"},{"weight":152,"label":"time"},{"weight":138,"label":"cpu"},{"weight":137,"label":"programming"},{"weight":134,"label":"approach"},{"weight":128,"label":"gpus"},{"weight":127,"label":"fpga"},{"weight":127,"label":"architecture"},{"weight":125,"label":"compiler"},{"weight":124,"label":"memory"},{"weight":116,"label":"paper"},{"weight":113,"label":"kernel"},{"weight":111,"label":"opencl"},{"weight":108,"label":"optimization"}],"subTopicId":382},{"conceptId":25,"clusterId":0,"hexCoordinates":{"x":7.794228634059947,"y":-1.5},"labels":[{"weight":417,"label":"service"},{"weight":252,"label":"cloud"},{"weight":149,"label":"resource"},{"weight":134,"label":"deployment"},{"weight":110,"label":"isolation"},{"weight":109,"label":"component"},{"weight":104,"label":"application"},{"weight":83,"label":"tenant"},{"weight":75,"label":"user"},{"weight":73,"label":"deploy"},{"weight":72,"label":"degree"},{"weight":63,"label":"provide"},{"weight":58,"label":"approach"},{"weight":58,"label":"requirement"},{"weight":52,"label":"workload"},{"weight":52,"label":"base"},{"weight":52,"label":"paper"},{"weight":51,"label":"provider"},{"weight":49,"label":"computing"},{"weight":48,"label":"slice"},{"weight":46,"label":"infrastructure"},{"weight":46,"label":"enable"},{"weight":46,"label":"system"},{"weight":41,"label":"multitenancy"},{"weight":40,"label":"virtual"}],"subTopicId":954},{"conceptId":20,"clusterId":0,"hexCoordinates":{"x":0.8660254037844386,"y":-4.5},"labels":[{"weight":219,"label":"protocol"},{"weight":142,"label":"communication"},{"weight":131,"label":"round"},{"weight":58,"label":"message"},{"weight":57,"label":"key"},{"weight":56,"label":"construction"},{"weight":46,"label":"scheme"},{"weight":41,"label":"party"},{"weight":41,"label":"knowledge"},{"weight":40,"label":"proof"},{"weight":37,"label":"work"},{"weight":33,"label":"show"},{"weight":32,"label":"number"},{"weight":32,"label":"function"},{"weight":32,"label":"require"},{"weight":29,"label":"coin"},{"weight":29,"label":"transform"},{"weight":26,"label":"bit"},{"weight":26,"label":"channel"},{"weight":25,"label":"oracle"},{"weight":25,"label":"interest"},{"weight":24,"label":"hash"},{"weight":24,"label":"construct"},{"weight":24,"label":"efficient"},{"weight":24,"label":"code"}],"subTopicId":710},{"conceptId":21,"clusterId":0,"hexCoordinates":{"x":1.7320508075688772,"y":3},"labels":[{"weight":845,"label":"online"},{"weight":530,"label":"internet"},{"weight":478,"label":"access"},{"weight":307,"label":"information"},{"weight":301,"label":"website"},{"weight":298,"label":"web"},{"weight":150,"label":"user"},{"weight":143,"label":"site"},{"weight":138,"label":"content"},{"weight":125,"label":"resource"},{"weight":125,"label":"digital"},{"weight":124,"label":"base"},{"weight":106,"label":"provide"},{"weight":88,"label":"service"},{"weight":85,"label":"increase"},{"weight":75,"label":"usage"},{"weight":75,"label":"offer"},{"weight":74,"label":"platform"},{"weight":61,"label":"google"},{"weight":54,"label":"airline"},{"weight":54,"label":"source"},{"weight":50,"label":"feature"},{"weight":49,"label":"paper"},{"weight":48,"label":"technology"},{"weight":48,"label":"search"}],"subTopicId":717},{"conceptId":6,"clusterId":0,"hexCoordinates":{"x":3.4641016151377544,"y":-3},"labels":[{"weight":1674,"label":"game"},{"weight":338,"label":"player"},{"weight":295,"label":"play"},{"weight":123,"label":"gamification"},{"weight":114,"label":"video"},{"weight":101,"label":"equilibrium"},{"weight":90,"label":"design"},{"weight":80,"label":"strategy"},{"weight":76,"label":"computer"},{"weight":71,"label":"character"},{"weight":71,"label":"develop"},{"weight":67,"label":"digital"},{"weight":64,"label":"gaming"},{"weight":47,"label":"gameplay"},{"weight":47,"label":"theory"},{"weight":41,"label":"payoff"},{"weight":41,"label":"study"},{"weight":40,"label":"interaction"},{"weight":37,"label":"action"},{"weight":35,"label":"card"},{"weight":35,"label":"real"},{"weight":34,"label":"environment"},{"weight":33,"label":"nash"},{"weight":33,"label":"bargaining"},{"weight":33,"label":"element"}],"subTopicId":143},{"conceptId":15,"clusterId":0,"hexCoordinates":{"x":6.928203230275509,"y":0},"labels":[{"weight":97,"label":"proof"},{"weight":80,"label":"tactic"},{"weight":45,"label":"explanation"},{"weight":43,"label":"language"},{"weight":42,"label":"theorem"},{"weight":42,"label":"user"},{"weight":40,"label":"acl"},{"weight":39,"label":"tool"},{"weight":37,"label":"concept"},{"weight":33,"label":"show"},{"weight":31,"label":"representation"},{"weight":28,"label":"prover"},{"weight":28,"label":"graphical"},{"weight":28,"label":"paper"},{"weight":26,"label":"map"},{"weight":25,"label":"strategy"},{"weight":23,"label":"psgraph"},{"weight":23,"label":"provide"},{"weight":22,"label":"bigraph"},{"weight":22,"label":"improve"},{"weight":21,"label":"support"},{"weight":20,"label":"automate"},{"weight":20,"label":"iec"},{"weight":20,"label":"automatically"},{"weight":20,"label":"simple"}],"subTopicId":489},{"conceptId":11,"clusterId":0,"hexCoordinates":{"x":6.928203230275509,"y":-3},"labels":[{"weight":257,"label":"memory"},{"weight":204,"label":"cache"},{"weight":99,"label":"access"},{"weight":90,"label":"appliance"},{"weight":82,"label":"performance"},{"weight":74,"label":"load"},{"weight":66,"label":"propose"},{"weight":66,"label":"data"},{"weight":64,"label":"dram"},{"weight":58,"label":"latency"},{"weight":57,"label":"high"},{"weight":56,"label":"show"},{"weight":52,"label":"bandwidth"},{"weight":47,"label":"overhead"},{"weight":46,"label":"core"},{"weight":45,"label":"reduce"},{"weight":44,"label":"chip"},{"weight":43,"label":"base"},{"weight":43,"label":"level"},{"weight":39,"label":"consumption"},{"weight":38,"label":"consistency"},{"weight":37,"label":"work"},{"weight":36,"label":"nilm"},{"weight":34,"label":"meter"},{"weight":33,"label":"processor"}],"subTopicId":244},{"conceptId":16,"clusterId":0,"hexCoordinates":{"x":2.598076211353316,"y":1.5},"labels":[{"weight":2450,"label":"data"},{"weight":449,"label":"research"},{"weight":448,"label":"open"},{"weight":436,"label":"access"},{"weight":331,"label":"share"},{"weight":278,"label":"information"},{"weight":181,"label":"collection"},{"weight":178,"label":"management"},{"weight":164,"label":"file"},{"weight":162,"label":"system"},{"weight":133,"label":"store"},{"weight":129,"label":"repository"},{"weight":127,"label":"researcher"},{"weight":123,"label":"provide"},{"weight":112,"label":"user"},{"weight":106,"label":"library"},{"weight":105,"label":"platform"},{"weight":102,"label":"support"},{"weight":102,"label":"sharing"},{"weight":97,"label":"manage"},{"weight":96,"label":"enable"},{"weight":90,"label":"make"},{"weight":87,"label":"service"},{"weight":82,"label":"paper"},{"weight":77,"label":"dataset"}],"subTopicId":498},{"conceptId":13,"clusterId":0,"hexCoordinates":{"x":0.8660254037844386,"y":-1.5},"labels":[{"weight":1828,"label":"user"},{"weight":518,"label":"interaction"},{"weight":448,"label":"interface"},{"weight":303,"label":"display"},{"weight":284,"label":"device"},{"weight":253,"label":"feedback"},{"weight":250,"label":"design"},{"weight":237,"label":"virtual"},{"weight":205,"label":"study"},{"weight":200,"label":"present"},{"weight":175,"label":"base"},{"weight":174,"label":"input"},{"weight":168,"label":"gesture"},{"weight":165,"label":"paper"},{"weight":159,"label":"show"},{"weight":150,"label":"hand"},{"weight":150,"label":"mobile"},{"weight":144,"label":"reality"},{"weight":141,"label":"touch"},{"weight":141,"label":"real"},{"weight":140,"label":"interactive"},{"weight":133,"label":"usability"},{"weight":131,"label":"result"},{"weight":128,"label":"system"},{"weight":127,"label":"interact"}],"subTopicId":443},{"conceptId":17,"clusterId":0,"hexCoordinates":{"x":2.598076211353316,"y":-1.5},"labels":[{"weight":9253,"label":"system"},{"weight":1160,"label":"design"},{"weight":849,"label":"base"},{"weight":679,"label":"develop"},{"weight":599,"label":"propose"},{"weight":595,"label":"approach"},{"weight":447,"label":"paper"},{"weight":446,"label":"challenge"},{"weight":425,"label":"requirement"},{"weight":425,"label":"require"},{"weight":418,"label":"present"},{"weight":400,"label":"provide"},{"weight":376,"label":"concept"},{"weight":364,"label":"environment"},{"weight":361,"label":"component"},{"weight":349,"label":"application"},{"weight":345,"label":"demonstrate"},{"weight":344,"label":"work"},{"weight":325,"label":"complex"},{"weight":307,"label":"include"},{"weight":303,"label":"problem"},{"weight":289,"label":"support"},{"weight":284,"label":"achieve"},{"weight":277,"label":"order"},{"weight":276,"label":"end"}],"subTopicId":502},{"conceptId":8,"clusterId":0,"hexCoordinates":{"x":6.06217782649107,"y":-1.5},"labels":[{"weight":743,"label":"cloud"},{"weight":303,"label":"network"},{"weight":265,"label":"computing"},{"weight":257,"label":"resource"},{"weight":239,"label":"data"},{"weight":210,"label":"application"},{"weight":174,"label":"infrastructure"},{"weight":163,"label":"service"},{"weight":125,"label":"server"},{"weight":112,"label":"run"},{"weight":110,"label":"time"},{"weight":106,"label":"paper"},{"weight":104,"label":"performance"},{"weight":103,"label":"base"},{"weight":99,"label":"end"},{"weight":99,"label":"distribute"},{"weight":99,"label":"present"},{"weight":95,"label":"latency"},{"weight":94,"label":"user"},{"weight":89,"label":"stream"},{"weight":85,"label":"architecture"},{"weight":79,"label":"execution"},{"weight":79,"label":"virtual"},{"weight":76,"label":"container"},{"weight":75,"label":"propose"}],"subTopicId":213},{"conceptId":1,"clusterId":0,"hexCoordinates":{"x":0.8660254037844386,"y":1.5},"labels":[{"weight":2290,"label":"technology"},{"weight":1087,"label":"digital"},{"weight":346,"label":"information"},{"weight":302,"label":"ict"},{"weight":285,"label":"smart"},{"weight":253,"label":"communication"},{"weight":238,"label":"technological"},{"weight":225,"label":"adoption"},{"weight":202,"label":"internet"},{"weight":164,"label":"enable"},{"weight":158,"label":"emerge"},{"weight":153,"label":"innovation"},{"weight":151,"label":"challenge"},{"weight":127,"label":"infrastructure"},{"weight":123,"label":"future"},{"weight":121,"label":"paper"},{"weight":120,"label":"benefit"},{"weight":115,"label":"potential"},{"weight":113,"label":"virtual"},{"weight":113,"label":"opportunity"},{"weight":107,"label":"iot"},{"weight":103,"label":"service"},{"weight":103,"label":"system"},{"weight":101,"label":"provide"},{"weight":98,"label":"change"}],"subTopicId":22},{"conceptId":22,"clusterId":0,"hexCoordinates":{"x":4.330127018922193,"y":-1.5},"labels":[{"weight":201,"label":"saudi"},{"weight":149,"label":"arabia"},{"weight":86,"label":"erlang"},{"weight":74,"label":"opt"},{"weight":59,"label":"thinsp"},{"weight":54,"label":"ksa"},{"weight":45,"label":"hdph"},{"weight":42,"label":"nivolumab"},{"weight":39,"label":"saudus"},{"weight":35,"label":"consent"},{"weight":34,"label":"abi"},{"weight":33,"label":"fault"},{"weight":31,"label":"recovery"},{"weight":31,"label":"reliability"},{"weight":30,"label":"distribute"},{"weight":29,"label":"country"},{"weight":26,"label":"apology"},{"weight":25,"label":"scalability"},{"weight":24,"label":"ipilimumab"},{"weight":23,"label":"oncology"},{"weight":23,"label":"kingdom"},{"weight":22,"label":"arabian"},{"weight":22,"label":"language"},{"weight":20,"label":"actor"},{"weight":20,"label":"acceptance"}],"subTopicId":719},{"conceptId":-1,"clusterId":-1,"hexCoordinates":{"x":11.258330249197702,"y":3},"labels":[{"weight":2500,"label":"Unclassified"},{"weight":0,"label":""},{"weight":0,"label":""},{"weight":0,"label":""},{"weight":0,"label":""},{"weight":0,"label":""},{"weight":0,"label":""},{"weight":0,"label":""},{"weight":0,"label":""},{"weight":0,"label":""},{"weight":0,"label":""}],"subTopicId":null},{"conceptId":3,"clusterId":0,"hexCoordinates":{"x":-0.8660254037844386,"y":-1.5},"labels":[{"weight":1549,"label":"system"},{"weight":1342,"label":"sensor"},{"weight":749,"label":"device"},{"weight":664,"label":"time"},{"weight":629,"label":"monitoring"},{"weight":582,"label":"data"},{"weight":501,"label":"real"},{"weight":451,"label":"technology"},{"weight":438,"label":"monitor"},{"weight":407,"label":"base"},{"weight":400,"label":"sense"},{"weight":371,"label":"application"},{"weight":349,"label":"provide"},{"weight":327,"label":"platform"},{"weight":319,"label":"environment"},{"weight":296,"label":"cost"},{"weight":287,"label":"low"},{"weight":280,"label":"present"},{"weight":258,"label":"remote"},{"weight":257,"label":"develop"},{"weight":239,"label":"measurement"},{"weight":232,"label":"enable"},{"weight":229,"label":"paper"},{"weight":222,"label":"control"},{"weight":215,"label":"detection"}],"subTopicId":80},{"conceptId":23,"clusterId":0,"hexCoordinates":{"x":4.330127018922193,"y":1.5},"labels":[{"weight":1016,"label":"search"},{"weight":429,"label":"query"},{"weight":306,"label":"information"},{"weight":280,"label":"retrieval"},{"weight":256,"label":"user"},{"weight":213,"label":"document"},{"weight":185,"label":"task"},{"weight":152,"label":"system"},{"weight":139,"label":"performance"},{"weight":139,"label":"result"},{"weight":96,"label":"show"},{"weight":94,"label":"evaluation"},{"weight":84,"label":"relevant"},{"weight":83,"label":"relevance"},{"weight":78,"label":"bias"},{"weight":75,"label":"engine"},{"weight":69,"label":"searcher"},{"weight":69,"label":"access"},{"weight":68,"label":"stop"},{"weight":67,"label":"work"},{"weight":66,"label":"topic"},{"weight":65,"label":"behaviour"},{"weight":59,"label":"collection"},{"weight":58,"label":"examine"},{"weight":56,"label":"provide"}],"subTopicId":830},{"conceptId":4,"clusterId":0,"hexCoordinates":{"x":0,"y":-3},"labels":[{"weight":283,"label":"protocol"},{"weight":200,"label":"scheme"},{"weight":198,"label":"security"},{"weight":155,"label":"encryption"},{"weight":152,"label":"secure"},{"weight":92,"label":"key"},{"weight":89,"label":"verification"},{"weight":87,"label":"base"},{"weight":83,"label":"computation"},{"weight":81,"label":"propose"},{"weight":79,"label":"blockchain"},{"weight":77,"label":"cryptographic"},{"weight":75,"label":"box"},{"weight":73,"label":"attack"},{"weight":73,"label":"privacy"},{"weight":65,"label":"chaotic"},{"weight":64,"label":"verify"},{"weight":62,"label":"bitcoin"},{"weight":57,"label":"client"},{"weight":56,"label":"proof"},{"weight":56,"label":"paper"},{"weight":52,"label":"hash"},{"weight":51,"label":"transaction"},{"weight":47,"label":"server"},{"weight":46,"label":"secret"}],"subTopicId":85}]}