{"linkageTable":[{"node2":4,"distance":0.403427090302205,"node1":0},{"node2":9,"distance":0.4672297696830525,"node1":18},{"node2":10,"distance":0.470379379016915,"node1":8},{"node2":13,"distance":0.479510549988375,"node1":7},{"node2":14,"distance":0.4800192850722717,"node1":19},{"node2":17,"distance":0.48018758432074,"node1":2},{"node2":16,"distance":0.48256916794593,"node1":23},{"node2":11,"distance":0.484599023857225,"node1":3},{"node2":6,"distance":0.484781448627475,"node1":1},{"node2":15,"distance":0.486354887229595,"node1":12},{"node2":20,"distance":0.4896229581925131,"node1":22},{"node2":5,"distance":0.49247363219207835,"node1":24},{"node2":21,"distance":0.49283625379121715,"node1":28},{"node2":29,"distance":0.4945657744089202,"node1":30},{"node2":26,"distance":0.4964472423464537,"node1":31},{"node2":27,"distance":0.4973896648761052,"node1":32},{"node2":25,"distance":0.49802166776504,"node1":33}],"conceptsData":[{"conceptId":0,"clusterId":0,"hexCoordinates":{"x":0,"y":0},"labels":[{"weight":211,"label":"drug"},{"weight":204,"label":"parasite"},{"weight":163,"label":"brucei"},{"weight":153,"label":"resistance"},{"weight":151,"label":"leishmania"},{"weight":148,"label":"trypanosoma"},{"weight":140,"label":"disease"},{"weight":74,"label":"resistant"},{"weight":65,"label":"leishmaniasis"},{"weight":64,"label":"compound"},{"weight":62,"label":"cruzi"},{"weight":60,"label":"african"},{"weight":58,"label":"trypanosomiasis"},{"weight":57,"label":"treatment"},{"weight":56,"label":"pentamidine"},{"weight":55,"label":"chaga"},{"weight":54,"label":"transporter"},{"weight":53,"label":"nmt"},{"weight":50,"label":"trypanosome"},{"weight":48,"label":"bruceus"},{"weight":47,"label":"kinetoplastid"},{"weight":47,"label":"action"},{"weight":45,"label":"parasitic"},{"weight":45,"label":"human"},{"weight":44,"label":"donovanus"}],"subTopicId":71},{"conceptId":4,"clusterId":0,"hexCoordinates":{"x":1.7320508075688772,"y":0},"labels":[{"weight":1198,"label":"compound"},{"weight":773,"label":"activity"},{"weight":381,"label":"inhibitor"},{"weight":371,"label":"assay"},{"weight":302,"label":"target"},{"weight":265,"label":"show"},{"weight":234,"label":"anti"},{"weight":232,"label":"potential"},{"weight":222,"label":"study"},{"weight":211,"label":"potent"},{"weight":209,"label":"inhibition"},{"weight":205,"label":"cell"},{"weight":192,"label":"drug"},{"weight":190,"label":"vitro"},{"weight":189,"label":"active"},{"weight":188,"label":"hit"},{"weight":181,"label":"chemical"},{"weight":181,"label":"property"},{"weight":165,"label":"molecule"},{"weight":159,"label":"lead"},{"weight":157,"label":"structure"},{"weight":153,"label":"inhibit"},{"weight":147,"label":"high"},{"weight":142,"label":"base"},{"weight":139,"label":"concentration"}],"subTopicId":189},{"conceptId":2,"clusterId":0,"hexCoordinates":{"x":2.598076211353316,"y":1.5},"labels":[{"weight":140,"label":"isolate"},{"weight":106,"label":"strain"},{"weight":92,"label":"metabolite"},{"weight":81,"label":"streptomyce"},{"weight":70,"label":"compound"},{"weight":63,"label":"oct"},{"weight":60,"label":"extract"},{"weight":54,"label":"bioactive"},{"weight":46,"label":"activity"},{"weight":43,"label":"glenoid"},{"weight":43,"label":"isolation"},{"weight":39,"label":"produce"},{"weight":38,"label":"product"},{"weight":38,"label":"production"},{"weight":35,"label":"secondary"},{"weight":34,"label":"sox"},{"weight":32,"label":"natural"},{"weight":31,"label":"actinomycete"},{"weight":29,"label":"labrum"},{"weight":27,"label":"fermentation"},{"weight":27,"label":"sponge"},{"weight":26,"label":"actinobacteria"},{"weight":26,"label":"identify"},{"weight":24,"label":"nsc"},{"weight":24,"label":"culture"}],"subTopicId":137},{"conceptId":17,"clusterId":0,"hexCoordinates":{"x":1.7320508075688772,"y":3},"labels":[{"weight":675,"label":"mass"},{"weight":473,"label":"spectrometry"},{"weight":391,"label":"sample"},{"weight":381,"label":"analysis"},{"weight":331,"label":"chromatography"},{"weight":287,"label":"liquid"},{"weight":279,"label":"method"},{"weight":194,"label":"high"},{"weight":161,"label":"metabolite"},{"weight":152,"label":"concentration"},{"weight":148,"label":"extract"},{"weight":133,"label":"compound"},{"weight":127,"label":"couple"},{"weight":123,"label":"species"},{"weight":122,"label":"phase"},{"weight":118,"label":"acid"},{"weight":109,"label":"ion"},{"weight":109,"label":"range"},{"weight":104,"label":"tandem"},{"weight":102,"label":"analytical"},{"weight":101,"label":"resolution"},{"weight":100,"label":"tof"},{"weight":98,"label":"column"},{"weight":95,"label":"identify"},{"weight":89,"label":"plasma"}],"subTopicId":869},{"conceptId":10,"clusterId":0,"hexCoordinates":{"x":-1.7320508075688772,"y":0},"labels":[{"weight":296,"label":"metabolic"},{"weight":288,"label":"acid"},{"weight":250,"label":"metabolism"},{"weight":184,"label":"glucose"},{"weight":165,"label":"metabolite"},{"weight":138,"label":"increase"},{"weight":102,"label":"lactate"},{"weight":100,"label":"fatty"},{"weight":100,"label":"level"},{"weight":82,"label":"change"},{"weight":70,"label":"cycle"},{"weight":68,"label":"hif"},{"weight":68,"label":"metabolomic"},{"weight":65,"label":"lipid"},{"weight":65,"label":"oxygen"},{"weight":65,"label":"amino"},{"weight":60,"label":"glutamine"},{"weight":57,"label":"associate"},{"weight":54,"label":"glycolysis"},{"weight":53,"label":"membrane"},{"weight":52,"label":"decrease"},{"weight":49,"label":"fumarate"},{"weight":48,"label":"alteration"},{"weight":48,"label":"effect"},{"weight":47,"label":"induce"}],"subTopicId":519},{"conceptId":8,"clusterId":0,"hexCoordinates":{"x":-0.8660254037844386,"y":-1.5},"labels":[{"weight":138,"label":"phosphate"},{"weight":92,"label":"enzyme"},{"weight":76,"label":"pathway"},{"weight":67,"label":"glucose"},{"weight":66,"label":"inositol"},{"weight":59,"label":"transporter"},{"weight":57,"label":"stomatal"},{"weight":53,"label":"purine"},{"weight":51,"label":"metabolism"},{"weight":49,"label":"transport"},{"weight":48,"label":"sugar"},{"weight":45,"label":"parasite"},{"weight":43,"label":"choline"},{"weight":43,"label":"biosynthesis"},{"weight":43,"label":"nucleotide"},{"weight":39,"label":"guard"},{"weight":36,"label":"gpi"},{"weight":35,"label":"sphingosine"},{"weight":33,"label":"leishmania"},{"weight":32,"label":"affinity"},{"weight":30,"label":"glycerol"},{"weight":30,"label":"resistant"},{"weight":29,"label":"pyruvate"},{"weight":29,"label":"fructose"},{"weight":29,"label":"synthase"}],"subTopicId":479},{"conceptId":9,"clusterId":0,"hexCoordinates":{"x":0.8660254037844386,"y":-1.5},"labels":[{"weight":1402,"label":"drug"},{"weight":756,"label":"target"},{"weight":346,"label":"compound"},{"weight":328,"label":"inhibitor"},{"weight":199,"label":"discovery"},{"weight":182,"label":"development"},{"weight":173,"label":"delivery"},{"weight":172,"label":"identify"},{"weight":170,"label":"potential"},{"weight":159,"label":"vivo"},{"weight":150,"label":"activity"},{"weight":145,"label":"therapeutic"},{"weight":141,"label":"screening"},{"weight":140,"label":"approach"},{"weight":135,"label":"effect"},{"weight":134,"label":"molecule"},{"weight":133,"label":"base"},{"weight":128,"label":"vitro"},{"weight":124,"label":"anti"},{"weight":122,"label":"inhibition"},{"weight":119,"label":"efficacy"},{"weight":117,"label":"agent"},{"weight":108,"label":"potent"},{"weight":105,"label":"action"},{"weight":103,"label":"develop"}],"subTopicId":512},{"conceptId":13,"clusterId":0,"hexCoordinates":{"x":2.598076211353316,"y":-1.5},"labels":[{"weight":486,"label":"peptide"},{"weight":473,"label":"enzyme"},{"weight":469,"label":"acid"},{"weight":342,"label":"amino"},{"weight":174,"label":"substrate"},{"weight":137,"label":"residue"},{"weight":132,"label":"activity"},{"weight":109,"label":"structure"},{"weight":105,"label":"catalytic"},{"weight":102,"label":"protein"},{"weight":94,"label":"site"},{"weight":94,"label":"mechanism"},{"weight":93,"label":"asp"},{"weight":89,"label":"show"},{"weight":81,"label":"histidine"},{"weight":81,"label":"sequence"},{"weight":81,"label":"active"},{"weight":75,"label":"protease"},{"weight":70,"label":"ncx"},{"weight":68,"label":"form"},{"weight":62,"label":"product"},{"weight":56,"label":"reaction"},{"weight":55,"label":"cysteine"},{"weight":54,"label":"phe"},{"weight":52,"label":"phenylalanine"}],"subTopicId":749},{"conceptId":-1,"clusterId":-1,"hexCoordinates":{"x":6.928203230275509,"y":4.5},"labels":[{"weight":2500,"label":"Unclassified"},{"weight":0,"label":""},{"weight":0,"label":""},{"weight":0,"label":""},{"weight":0,"label":""},{"weight":0,"label":""},{"weight":0,"label":""},{"weight":0,"label":""},{"weight":0,"label":""},{"weight":0,"label":""},{"weight":0,"label":""}],"subTopicId":null},{"conceptId":15,"clusterId":0,"hexCoordinates":{"x":-2.598076211353316,"y":1.5},"labels":[{"weight":739,"label":"protein"},{"weight":628,"label":"biomarker"},{"weight":438,"label":"kidney"},{"weight":345,"label":"proteomic"},{"weight":308,"label":"renal"},{"weight":281,"label":"urinary"},{"weight":244,"label":"analysis"},{"weight":241,"label":"peptide"},{"weight":233,"label":"identify"},{"weight":232,"label":"disease"},{"weight":209,"label":"proteome"},{"weight":197,"label":"urine"},{"weight":166,"label":"study"},{"weight":158,"label":"marker"},{"weight":157,"label":"ckd"},{"weight":148,"label":"mass"},{"weight":140,"label":"plasma"},{"weight":133,"label":"sample"},{"weight":132,"label":"serum"},{"weight":113,"label":"spectrometry"},{"weight":109,"label":"associate"},{"weight":108,"label":"molecular"},{"weight":107,"label":"approach"},{"weight":107,"label":"potential"},{"weight":106,"label":"patient"}],"subTopicId":790},{"conceptId":12,"clusterId":0,"hexCoordinates":{"x":-1.7320508075688772,"y":3},"labels":[{"weight":178,"label":"metabolite"},{"weight":142,"label":"mass"},{"weight":125,"label":"link"},{"weight":116,"label":"metabolomic"},{"weight":105,"label":"peptide"},{"weight":92,"label":"kynurenine"},{"weight":90,"label":"cross"},{"weight":80,"label":"spectrometry"},{"weight":79,"label":"acid"},{"weight":77,"label":"protein"},{"weight":59,"label":"change"},{"weight":58,"label":"tryptophan"},{"weight":44,"label":"amino"},{"weight":43,"label":"sample"},{"weight":42,"label":"fragmentation"},{"weight":42,"label":"peak"},{"weight":42,"label":"spectrum"},{"weight":41,"label":"pathway"},{"weight":40,"label":"kmo"},{"weight":40,"label":"biochemical"},{"weight":39,"label":"omic"},{"weight":38,"label":"metabolism"},{"weight":38,"label":"data"},{"weight":36,"label":"increase"},{"weight":34,"label":"proteomic"}],"subTopicId":692},{"conceptId":11,"clusterId":0,"hexCoordinates":{"x":0.8660254037844386,"y":4.5},"labels":[{"weight":115,"label":"metabolite"},{"weight":64,"label":"glucose"},{"weight":56,"label":"exogenous"},{"weight":46,"label":"concentration"},{"weight":40,"label":"min"},{"weight":40,"label":"endogenous"},{"weight":39,"label":"oxidation"},{"weight":32,"label":"altitude"},{"weight":29,"label":"physiologically"},{"weight":27,"label":"groom"},{"weight":26,"label":"level"},{"weight":21,"label":"plasma"},{"weight":20,"label":"consume"},{"weight":20,"label":"reduce"},{"weight":19,"label":"hydra"},{"weight":19,"label":"vitamin"},{"weight":19,"label":"physiological"},{"weight":18,"label":"cholesterol"},{"weight":18,"label":"relevant"},{"weight":17,"label":"rate"},{"weight":16,"label":"sulfate"},{"weight":16,"label":"exposure"},{"weight":15,"label":"metabolome"},{"weight":15,"label":"metabolic"},{"weight":15,"label":"activity"}],"subTopicId":674},{"conceptId":14,"clusterId":0,"hexCoordinates":{"x":0.8660254037844386,"y":1.5},"labels":[{"weight":317,"label":"trypanosome"},{"weight":303,"label":"parasite"},{"weight":260,"label":"brucei"},{"weight":221,"label":"trypanosoma"},{"weight":206,"label":"hat"},{"weight":195,"label":"form"},{"weight":191,"label":"african"},{"weight":168,"label":"tsetse"},{"weight":145,"label":"human"},{"weight":135,"label":"trypanosomiasis"},{"weight":104,"label":"bloodstream"},{"weight":94,"label":"fly"},{"weight":94,"label":"host"},{"weight":89,"label":"infection"},{"weight":87,"label":"rhodesiense"},{"weight":87,"label":"bruceus"},{"weight":83,"label":"stage"},{"weight":71,"label":"stumpy"},{"weight":69,"label":"gambiense"},{"weight":67,"label":"sickness"},{"weight":64,"label":"control"},{"weight":62,"label":"sleep"},{"weight":60,"label":"mitochondrial"},{"weight":58,"label":"trypanosomatid"},{"weight":58,"label":"procyclic"}],"subTopicId":784},{"conceptId":7,"clusterId":0,"hexCoordinates":{"x":3.4641016151377544,"y":0},"labels":[{"weight":1006,"label":"receptor"},{"weight":211,"label":"ligand"},{"weight":173,"label":"agonist"},{"weight":147,"label":"gpr"},{"weight":135,"label":"gpcr"},{"weight":126,"label":"antagonist"},{"weight":121,"label":"hif"},{"weight":120,"label":"hypoxia"},{"weight":105,"label":"couple"},{"weight":81,"label":"activation"},{"weight":66,"label":"target"},{"weight":65,"label":"peptide"},{"weight":64,"label":"activate"},{"weight":63,"label":"function"},{"weight":61,"label":"gsk"},{"weight":58,"label":"selective"},{"weight":57,"label":"affinity"},{"weight":57,"label":"phd"},{"weight":50,"label":"protein"},{"weight":47,"label":"therapeutic"},{"weight":45,"label":"binding"},{"weight":45,"label":"cell"},{"weight":44,"label":"allosteric"},{"weight":44,"label":"effect"},{"weight":43,"label":"cannabinoid"}],"subTopicId":362},{"conceptId":16,"clusterId":0,"hexCoordinates":{"x":3.4641016151377544,"y":3},"labels":[{"weight":66,"label":"metabolite"},{"weight":61,"label":"fungus"},{"weight":58,"label":"fungal"},{"weight":52,"label":"premise"},{"weight":47,"label":"strain"},{"weight":39,"label":"cellulose"},{"weight":38,"label":"secondary"},{"weight":37,"label":"product"},{"weight":36,"label":"plant"},{"weight":35,"label":"endophytic"},{"weight":35,"label":"isolate"},{"weight":33,"label":"growth"},{"weight":27,"label":"endophyte"},{"weight":21,"label":"natural"},{"weight":16,"label":"lcn"},{"weight":16,"label":"production"},{"weight":15,"label":"jejunus"},{"weight":14,"label":"biosynthetic"},{"weight":14,"label":"bioactivity"},{"weight":13,"label":"pgp"},{"weight":13,"label":"click"},{"weight":13,"label":"licensed"},{"weight":13,"label":"bacillus"},{"weight":13,"label":"source"},{"weight":12,"label":"ehp"}],"subTopicId":838},{"conceptId":1,"clusterId":0,"hexCoordinates":{"x":-0.8660254037844386,"y":1.5},"labels":[{"weight":149,"label":"glycan"},{"weight":77,"label":"glycosylation"},{"weight":71,"label":"slc"},{"weight":52,"label":"pathway"},{"weight":47,"label":"sugar"},{"weight":42,"label":"udp"},{"weight":42,"label":"gene"},{"weight":41,"label":"enzyme"},{"weight":37,"label":"biosynthesis"},{"weight":37,"label":"phenotype"},{"weight":34,"label":"glucose"},{"weight":33,"label":"galactose"},{"weight":32,"label":"identify"},{"weight":30,"label":"gal"},{"weight":27,"label":"mannose"},{"weight":27,"label":"structure"},{"weight":26,"label":"usp"},{"weight":26,"label":"gdp"},{"weight":26,"label":"express"},{"weight":25,"label":"reveal"},{"weight":21,"label":"activity"},{"weight":21,"label":"amino"},{"weight":21,"label":"involve"},{"weight":20,"label":"paf"},{"weight":20,"label":"metabolism"}],"subTopicId":118},{"conceptId":3,"clusterId":0,"hexCoordinates":{"x":-0.8660254037844386,"y":4.5},"labels":[{"weight":305,"label":"cyp"},{"weight":164,"label":"metabolite"},{"weight":129,"label":"blood"},{"weight":104,"label":"sample"},{"weight":88,"label":"ahr"},{"weight":76,"label":"urine"},{"weight":70,"label":"acid"},{"weight":63,"label":"metabolism"},{"weight":57,"label":"human"},{"weight":53,"label":"enzyme"},{"weight":53,"label":"day"},{"weight":45,"label":"plasma"},{"weight":40,"label":"cytochrome"},{"weight":39,"label":"liver"},{"weight":33,"label":"study"},{"weight":32,"label":"transfusion"},{"weight":31,"label":"biomarker"},{"weight":29,"label":"model"},{"weight":29,"label":"include"},{"weight":28,"label":"urinary"},{"weight":23,"label":"dose"},{"weight":23,"label":"formation"},{"weight":23,"label":"observe"},{"weight":22,"label":"forensic"},{"weight":22,"label":"subject"}],"subTopicId":148},{"conceptId":6,"clusterId":0,"hexCoordinates":{"x":0,"y":3},"labels":[{"weight":104,"label":"glcnac"},{"weight":73,"label":"ogt"},{"weight":72,"label":"glycosylation"},{"weight":68,"label":"modification"},{"weight":46,"label":"link"},{"weight":28,"label":"glcnacylation"},{"weight":26,"label":"acetylglucosamine"},{"weight":26,"label":"domain"},{"weight":25,"label":"post"},{"weight":24,"label":"yarn"},{"weight":24,"label":"glycan"},{"weight":23,"label":"substrate"},{"weight":22,"label":"transferase"},{"weight":22,"label":"translational"},{"weight":22,"label":"wall"},{"weight":21,"label":"udp"},{"weight":19,"label":"glycosyltransferase"},{"weight":19,"label":"residue"},{"weight":19,"label":"thread"},{"weight":17,"label":"fancy"},{"weight":17,"label":"repeat"},{"weight":16,"label":"boron"},{"weight":16,"label":"phosphate"},{"weight":15,"label":"oga"},{"weight":15,"label":"xlid"}],"subTopicId":349},{"conceptId":5,"clusterId":0,"hexCoordinates":{"x":2.598076211353316,"y":4.5},"labels":[{"weight":90,"label":"extract"},{"weight":55,"label":"contraction"},{"weight":47,"label":"effect"},{"weight":44,"label":"plant"},{"weight":42,"label":"protease"},{"weight":31,"label":"uterine"},{"weight":29,"label":"activity"},{"weight":27,"label":"dcc"},{"weight":27,"label":"induce"},{"weight":26,"label":"jtc"},{"weight":23,"label":"netrin"},{"weight":23,"label":"serine"},{"weight":23,"label":"inhibit"},{"weight":22,"label":"result"},{"weight":21,"label":"study"},{"weight":20,"label":"rat"},{"weight":19,"label":"subtilisin"},{"weight":18,"label":"eradication"},{"weight":17,"label":"chymotrypsin"},{"weight":17,"label":"jatropha"},{"weight":17,"label":"flavonoid"},{"weight":17,"label":"leaf"},{"weight":16,"label":"cominia"},{"weight":16,"label":"oxysporum"},{"weight":16,"label":"contractility"}],"subTopicId":275}]}