{"linkageTable":[{"node2":10,"distance":0.477250601489115,"node1":9},{"node2":8,"distance":0.486331310015265,"node1":6},{"node2":4,"distance":0.48764659169113,"node1":0},{"node2":5,"distance":0.487850979643835,"node1":3},{"node2":13,"distance":0.4901597517301575,"node1":15},{"node2":2,"distance":0.4909287902848,"node1":1},{"node2":14,"distance":0.4929201987364042,"node1":18},{"node2":12,"distance":0.493737170184825,"node1":16},{"node2":20,"distance":0.4966669057098595,"node1":17},{"node2":19,"distance":0.4967797179079209,"node1":21},{"node2":22,"distance":0.4977093550515853,"node1":23},{"node2":7,"distance":0.49835405113625203,"node1":24},{"node2":11,"distance":0.49940081155920346,"node1":25}],"conceptsData":[{"conceptId":3,"clusterId":0,"hexCoordinates":{"x":-1.7320508075688772,"y":0},"labels":[{"weight":1130,"label":"adolescent"},{"weight":1051,"label":"school"},{"weight":544,"label":"girl"},{"weight":513,"label":"child"},{"weight":361,"label":"boy"},{"weight":278,"label":"year"},{"weight":223,"label":"physical"},{"weight":197,"label":"grade"},{"weight":189,"label":"peer"},{"weight":188,"label":"activity"},{"weight":185,"label":"health"},{"weight":167,"label":"report"},{"weight":139,"label":"aged"},{"weight":124,"label":"high"},{"weight":120,"label":"study"},{"weight":119,"label":"pupil"},{"weight":116,"label":"gender"},{"weight":111,"label":"behaviour"},{"weight":110,"label":"data"},{"weight":107,"label":"family"},{"weight":104,"label":"obesity"},{"weight":103,"label":"achievement"},{"weight":90,"label":"behavior"},{"weight":89,"label":"youth"},{"weight":87,"label":"age"}],"subTopicId":125},{"conceptId":0,"clusterId":0,"hexCoordinates":{"x":2.598076211353316,"y":-1.5},"labels":[{"weight":580,"label":"autism"},{"weight":504,"label":"asd"},{"weight":414,"label":"child"},{"weight":303,"label":"disorder"},{"weight":243,"label":"spectrum"},{"weight":211,"label":"adhd"},{"weight":148,"label":"adult"},{"weight":139,"label":"autistic"},{"weight":128,"label":"individual"},{"weight":116,"label":"social"},{"weight":109,"label":"diagnosis"},{"weight":94,"label":"attention"},{"weight":94,"label":"group"},{"weight":92,"label":"typically"},{"weight":89,"label":"develop"},{"weight":82,"label":"deficit"},{"weight":65,"label":"syndrome"},{"weight":63,"label":"report"},{"weight":59,"label":"disability"},{"weight":56,"label":"diagnostic"},{"weight":55,"label":"trait"},{"weight":53,"label":"behaviour"},{"weight":50,"label":"asc"},{"weight":50,"label":"adolescent"},{"weight":50,"label":"compare"}],"subTopicId":52},{"conceptId":6,"clusterId":0,"hexCoordinates":{"x":0,"y":0},"labels":[{"weight":2910,"label":"family"},{"weight":528,"label":"member"},{"weight":250,"label":"support"},{"weight":247,"label":"child"},{"weight":153,"label":"friend"},{"weight":140,"label":"parent"},{"weight":127,"label":"experience"},{"weight":114,"label":"social"},{"weight":110,"label":"relationship"},{"weight":95,"label":"focus"},{"weight":93,"label":"group"},{"weight":89,"label":"protection"},{"weight":87,"label":"sibling"},{"weight":84,"label":"safeguard"},{"weight":78,"label":"provide"},{"weight":77,"label":"contact"},{"weight":77,"label":"case"},{"weight":72,"label":"scotland"},{"weight":69,"label":"individual"},{"weight":67,"label":"live"},{"weight":67,"label":"report"},{"weight":65,"label":"life"},{"weight":60,"label":"adult"},{"weight":57,"label":"impact"},{"weight":56,"label":"work"}],"subTopicId":357},{"conceptId":-1,"clusterId":-1,"hexCoordinates":{"x":7.794228634059947,"y":1.5},"labels":[{"weight":2500,"label":"Unclassified"},{"weight":0,"label":""},{"weight":0,"label":""},{"weight":0,"label":""},{"weight":0,"label":""},{"weight":0,"label":""},{"weight":0,"label":""},{"weight":0,"label":""},{"weight":0,"label":""},{"weight":0,"label":""},{"weight":0,"label":""}],"subTopicId":null},{"conceptId":8,"clusterId":0,"hexCoordinates":{"x":1.7320508075688772,"y":0},"labels":[{"weight":1633,"label":"child"},{"weight":293,"label":"school"},{"weight":253,"label":"care"},{"weight":191,"label":"parent"},{"weight":175,"label":"scotland"},{"weight":155,"label":"carer"},{"weight":149,"label":"young"},{"weight":116,"label":"education"},{"weight":114,"label":"foster"},{"weight":114,"label":"disabled"},{"weight":107,"label":"home"},{"weight":105,"label":"family"},{"weight":103,"label":"experience"},{"weight":85,"label":"outcome"},{"weight":84,"label":"deaf"},{"weight":83,"label":"support"},{"weight":82,"label":"study"},{"weight":81,"label":"sibling"},{"weight":77,"label":"educational"},{"weight":76,"label":"scottish"},{"weight":75,"label":"year"},{"weight":74,"label":"place"},{"weight":69,"label":"protection"},{"weight":67,"label":"people"},{"weight":66,"label":"difficulty"}],"subTopicId":532},{"conceptId":4,"clusterId":0,"hexCoordinates":{"x":3.4641016151377544,"y":-3},"labels":[{"weight":3551,"label":"child"},{"weight":1701,"label":"parent"},{"weight":425,"label":"parental"},{"weight":388,"label":"mother"},{"weight":329,"label":"family"},{"weight":305,"label":"year"},{"weight":205,"label":"early"},{"weight":195,"label":"study"},{"weight":192,"label":"age"},{"weight":186,"label":"parenting"},{"weight":172,"label":"young"},{"weight":161,"label":"childhood"},{"weight":150,"label":"school"},{"weight":104,"label":"development"},{"weight":100,"label":"play"},{"weight":99,"label":"home"},{"weight":88,"label":"nursery"},{"weight":88,"label":"aged"},{"weight":87,"label":"maternal"},{"weight":86,"label":"month"},{"weight":81,"label":"preschool"},{"weight":77,"label":"communication"},{"weight":76,"label":"develop"},{"weight":61,"label":"boy"},{"weight":58,"label":"skill"}],"subTopicId":139},{"conceptId":2,"clusterId":0,"hexCoordinates":{"x":4.330127018922193,"y":-1.5},"labels":[{"weight":331,"label":"agreement"},{"weight":193,"label":"competence"},{"weight":189,"label":"reliability"},{"weight":187,"label":"score"},{"weight":176,"label":"inter"},{"weight":175,"label":"motor"},{"weight":100,"label":"study"},{"weight":99,"label":"kappa"},{"weight":89,"label":"test"},{"weight":77,"label":"rater"},{"weight":69,"label":"assess"},{"weight":64,"label":"intra"},{"weight":56,"label":"validity"},{"weight":52,"label":"show"},{"weight":45,"label":"aim"},{"weight":44,"label":"skill"},{"weight":39,"label":"coefficient"},{"weight":38,"label":"cohen"},{"weight":36,"label":"precis"},{"weight":36,"label":"observer"},{"weight":34,"label":"correlation"},{"weight":33,"label":"assessment"},{"weight":33,"label":"result"},{"weight":31,"label":"tool"},{"weight":29,"label":"gross"}],"subTopicId":99},{"conceptId":1,"clusterId":0,"hexCoordinates":{"x":3.4641016151377544,"y":0},"labels":[{"weight":4364,"label":"child"},{"weight":569,"label":"year"},{"weight":532,"label":"adult"},{"weight":439,"label":"age"},{"weight":295,"label":"childhood"},{"weight":216,"label":"young"},{"weight":208,"label":"paediatric"},{"weight":187,"label":"aged"},{"weight":157,"label":"developmental"},{"weight":148,"label":"development"},{"weight":129,"label":"early"},{"weight":119,"label":"school"},{"weight":101,"label":"preschool"},{"weight":100,"label":"control"},{"weight":99,"label":"pediatric"},{"weight":84,"label":"report"},{"weight":82,"label":"adolescent"},{"weight":73,"label":"common"},{"weight":67,"label":"show"},{"weight":56,"label":"aim"},{"weight":47,"label":"parent"},{"weight":44,"label":"difficulty"},{"weight":42,"label":"primary"},{"weight":41,"label":"condition"},{"weight":40,"label":"younger"}],"subTopicId":77},{"conceptId":9,"clusterId":0,"hexCoordinates":{"x":0.8660254037844386,"y":1.5},"labels":[{"weight":2696,"label":"young"},{"weight":1973,"label":"people"},{"weight":676,"label":"youth"},{"weight":510,"label":"child"},{"weight":410,"label":"transition"},{"weight":391,"label":"adult"},{"weight":273,"label":"adolescent"},{"weight":224,"label":"life"},{"weight":185,"label":"experience"},{"weight":161,"label":"risk"},{"weight":153,"label":"year"},{"weight":146,"label":"aged"},{"weight":141,"label":"school"},{"weight":114,"label":"adulthood"},{"weight":103,"label":"parent"},{"weight":103,"label":"age"},{"weight":101,"label":"family"},{"weight":96,"label":"behaviour"},{"weight":88,"label":"peer"},{"weight":84,"label":"adolescence"},{"weight":81,"label":"develop"},{"weight":80,"label":"social"},{"weight":77,"label":"affect"},{"weight":77,"label":"group"},{"weight":75,"label":"support"}],"subTopicId":580},{"conceptId":10,"clusterId":0,"hexCoordinates":{"x":-0.8660254037844386,"y":1.5},"labels":[{"weight":215,"label":"travel"},{"weight":150,"label":"bully"},{"weight":87,"label":"victim"},{"weight":60,"label":"bullying"},{"weight":55,"label":"journey"},{"weight":53,"label":"trip"},{"weight":37,"label":"transport"},{"weight":36,"label":"report"},{"weight":30,"label":"synaptophysin"},{"weight":29,"label":"victimization"},{"weight":29,"label":"traditional"},{"weight":26,"label":"sybii"},{"weight":24,"label":"cyberbullying"},{"weight":19,"label":"lactamase"},{"weight":19,"label":"passenger"},{"weight":19,"label":"sleep"},{"weight":19,"label":"context"},{"weight":18,"label":"rafting"},{"weight":18,"label":"traveller"},{"weight":18,"label":"spindle"},{"weight":17,"label":"lipoma"},{"weight":17,"label":"reduction"},{"weight":16,"label":"cyberbully"},{"weight":16,"label":"behaviour"},{"weight":16,"label":"internet"}],"subTopicId":656},{"conceptId":12,"clusterId":0,"hexCoordinates":{"x":1.7320508075688772,"y":-3},"labels":[{"weight":160,"label":"csf"},{"weight":85,"label":"asd"},{"weight":78,"label":"asc"},{"weight":73,"label":"autism"},{"weight":57,"label":"movement"},{"weight":37,"label":"tablet"},{"weight":34,"label":"cerebrospinal"},{"weight":30,"label":"evidence"},{"weight":29,"label":"discordance"},{"weight":28,"label":"fluid"},{"weight":27,"label":"contrast"},{"weight":27,"label":"target"},{"weight":27,"label":"child"},{"weight":27,"label":"pattern"},{"weight":24,"label":"group"},{"weight":23,"label":"disorder"},{"weight":23,"label":"spectrum"},{"weight":22,"label":"cryptococcal"},{"weight":22,"label":"evi"},{"weight":22,"label":"screen"},{"weight":20,"label":"meningitis"},{"weight":20,"label":"kinematic"},{"weight":20,"label":"motor"},{"weight":19,"label":"ond"},{"weight":19,"label":"discordant"}],"subTopicId":750},{"conceptId":13,"clusterId":0,"hexCoordinates":{"x":0.8660254037844386,"y":-1.5},"labels":[{"weight":713,"label":"child"},{"weight":660,"label":"abuse"},{"weight":219,"label":"violence"},{"weight":205,"label":"parenting"},{"weight":171,"label":"domestic"},{"weight":141,"label":"sexual"},{"weight":134,"label":"protection"},{"weight":131,"label":"emotional"},{"weight":129,"label":"childhood"},{"weight":123,"label":"caregiver"},{"weight":118,"label":"family"},{"weight":115,"label":"neglect"},{"weight":107,"label":"report"},{"weight":106,"label":"adolescent"},{"weight":99,"label":"physical"},{"weight":95,"label":"maltreatment"},{"weight":93,"label":"risk"},{"weight":85,"label":"problem"},{"weight":66,"label":"survivor"},{"weight":60,"label":"experience"},{"weight":56,"label":"trauma"},{"weight":56,"label":"research"},{"weight":55,"label":"victim"},{"weight":54,"label":"social"},{"weight":53,"label":"relationship"}],"subTopicId":897},{"conceptId":11,"clusterId":0,"hexCoordinates":{"x":4.330127018922193,"y":1.5},"labels":[{"weight":177,"label":"adhd"},{"weight":77,"label":"problem"},{"weight":62,"label":"hyperactivity"},{"weight":58,"label":"child"},{"weight":42,"label":"mph"},{"weight":40,"label":"disorder"},{"weight":37,"label":"ldx"},{"weight":37,"label":"deficit"},{"weight":36,"label":"adolescent"},{"weight":35,"label":"attention"},{"weight":34,"label":"report"},{"weight":33,"label":"symptom"},{"weight":32,"label":"conduct"},{"weight":29,"label":"education"},{"weight":27,"label":"bisphosphonate"},{"weight":26,"label":"rrr"},{"weight":24,"label":"excess"},{"weight":22,"label":"parent"},{"weight":21,"label":"follow"},{"weight":20,"label":"remit"},{"weight":20,"label":"score"},{"weight":19,"label":"msd"},{"weight":19,"label":"pph"},{"weight":18,"label":"rating"},{"weight":18,"label":"childhood"}],"subTopicId":685},{"conceptId":7,"clusterId":0,"hexCoordinates":{"x":2.598076211353316,"y":1.5},"labels":[{"weight":296,"label":"communication"},{"weight":259,"label":"slt"},{"weight":249,"label":"language"},{"weight":201,"label":"speech"},{"weight":88,"label":"aphasia"},{"weight":74,"label":"impairment"},{"weight":71,"label":"therapist"},{"weight":62,"label":"dld"},{"weight":54,"label":"disorder"},{"weight":54,"label":"transition"},{"weight":52,"label":"difficulty"},{"weight":39,"label":"aac"},{"weight":39,"label":"swallow"},{"weight":37,"label":"child"},{"weight":33,"label":"team"},{"weight":32,"label":"individual"},{"weight":31,"label":"adult"},{"weight":30,"label":"therapy"},{"weight":29,"label":"sip"},{"weight":28,"label":"slp"},{"weight":28,"label":"term"},{"weight":27,"label":"service"},{"weight":25,"label":"problem"},{"weight":24,"label":"syndrome"},{"weight":22,"label":"affect"}],"subTopicId":496},{"conceptId":5,"clusterId":0,"hexCoordinates":{"x":-0.8660254037844386,"y":-1.5},"labels":[{"weight":113,"label":"usage"},{"weight":84,"label":"travel"},{"weight":81,"label":"location"},{"weight":70,"label":"weekend"},{"weight":59,"label":"animal"},{"weight":58,"label":"cruelty"},{"weight":44,"label":"attitude"},{"weight":41,"label":"weekday"},{"weight":41,"label":"hour"},{"weight":41,"label":"time"},{"weight":39,"label":"accessibility"},{"weight":34,"label":"type"},{"weight":31,"label":"week"},{"weight":31,"label":"pattern"},{"weight":29,"label":"present"},{"weight":29,"label":"investigate"},{"weight":28,"label":"component"},{"weight":26,"label":"product"},{"weight":24,"label":"increase"},{"weight":23,"label":"influence"},{"weight":23,"label":"work"},{"weight":22,"label":"day"},{"weight":21,"label":"visit"},{"weight":21,"label":"daily"},{"weight":21,"label":"act"}],"subTopicId":336}]}