{"linkageTable":[{"node2":9,"distance":0.455232629251235,"node1":6},{"node2":11,"distance":0.465281552529345,"node1":2},{"node2":12,"distance":0.470213748690345,"node1":8},{"node2":7,"distance":0.470501335731145,"node1":3},{"node2":14,"distance":0.4759351243285225,"node1":1},{"node2":10,"distance":0.4760587888987975,"node1":15},{"node2":4,"distance":0.4800056761827916,"node1":18},{"node2":13,"distance":0.48666842254672,"node1":0},{"node2":16,"distance":0.48697326597552254,"node1":19},{"node2":17,"distance":0.4930573817631656,"node1":20},{"node2":22,"distance":0.4938574210976151,"node1":23},{"node2":5,"distance":0.4947708456427932,"node1":24},{"node2":25,"distance":0.4966848227281968,"node1":21}],"conceptsData":[{"conceptId":6,"clusterId":0,"hexCoordinates":{"x":0,"y":0},"labels":[{"weight":1298,"label":"laser"},{"weight":386,"label":"pulse"},{"weight":299,"label":"pump"},{"weight":295,"label":"power"},{"weight":279,"label":"wavelength"},{"weight":266,"label":"optical"},{"weight":211,"label":"cavity"},{"weight":196,"label":"mode"},{"weight":181,"label":"output"},{"weight":179,"label":"frequency"},{"weight":163,"label":"lock"},{"weight":157,"label":"report"},{"weight":153,"label":"demonstrate"},{"weight":140,"label":"high"},{"weight":138,"label":"range"},{"weight":135,"label":"gain"},{"weight":129,"label":"achieve"},{"weight":118,"label":"spectral"},{"weight":114,"label":"comb"},{"weight":114,"label":"diode"},{"weight":113,"label":"emission"},{"weight":108,"label":"raman"},{"weight":105,"label":"repetition"},{"weight":101,"label":"pulsed"},{"weight":96,"label":"fiber"}],"subTopicId":565},{"conceptId":10,"clusterId":0,"hexCoordinates":{"x":5.196152422706632,"y":0},"labels":[{"weight":360,"label":"optical"},{"weight":308,"label":"spectroscopy"},{"weight":251,"label":"raman"},{"weight":199,"label":"infrared"},{"weight":189,"label":"lens"},{"weight":162,"label":"light"},{"weight":137,"label":"demonstrate"},{"weight":129,"label":"spectrum"},{"weight":120,"label":"trap"},{"weight":110,"label":"wavelength"},{"weight":104,"label":"nir"},{"weight":100,"label":"spectral"},{"weight":87,"label":"device"},{"weight":85,"label":"imaging"},{"weight":84,"label":"single"},{"weight":82,"label":"probe"},{"weight":79,"label":"beam"},{"weight":76,"label":"show"},{"weight":74,"label":"laser"},{"weight":69,"label":"plane"},{"weight":66,"label":"trapping"},{"weight":64,"label":"reflectance"},{"weight":62,"label":"fourier"},{"weight":62,"label":"technique"},{"weight":61,"label":"sample"}],"subTopicId":689},{"conceptId":8,"clusterId":0,"hexCoordinates":{"x":4.330127018922193,"y":1.5},"labels":[{"weight":513,"label":"photon"},{"weight":465,"label":"single"},{"weight":368,"label":"time"},{"weight":275,"label":"pixel"},{"weight":233,"label":"count"},{"weight":230,"label":"detector"},{"weight":204,"label":"spad"},{"weight":196,"label":"array"},{"weight":191,"label":"imaging"},{"weight":185,"label":"lifetime"},{"weight":145,"label":"sensor"},{"weight":135,"label":"avalanche"},{"weight":130,"label":"range"},{"weight":126,"label":"image"},{"weight":125,"label":"fluorescence"},{"weight":117,"label":"system"},{"weight":116,"label":"high"},{"weight":115,"label":"light"},{"weight":112,"label":"rate"},{"weight":108,"label":"detection"},{"weight":100,"label":"resolution"},{"weight":98,"label":"diode"},{"weight":94,"label":"demonstrate"},{"weight":89,"label":"camera"},{"weight":87,"label":"depth"}],"subTopicId":621},{"conceptId":9,"clusterId":0,"hexCoordinates":{"x":1.7320508075688772,"y":0},"labels":[{"weight":650,"label":"optical"},{"weight":429,"label":"device"},{"weight":334,"label":"photonic"},{"weight":333,"label":"wavelength"},{"weight":314,"label":"demonstrate"},{"weight":308,"label":"waveguide"},{"weight":277,"label":"silicon"},{"weight":276,"label":"mode"},{"weight":252,"label":"high"},{"weight":251,"label":"integrate"},{"weight":215,"label":"index"},{"weight":214,"label":"structure"},{"weight":205,"label":"light"},{"weight":197,"label":"design"},{"weight":186,"label":"material"},{"weight":180,"label":"fiber"},{"weight":177,"label":"plasmonic"},{"weight":176,"label":"cavity"},{"weight":157,"label":"base"},{"weight":154,"label":"refractive"},{"weight":153,"label":"chip"},{"weight":143,"label":"application"},{"weight":142,"label":"resonance"},{"weight":140,"label":"single"},{"weight":136,"label":"crystal"}],"subTopicId":664},{"conceptId":5,"clusterId":0,"hexCoordinates":{"x":3.4641016151377544,"y":3},"labels":[{"weight":832,"label":"light"},{"weight":338,"label":"emit"},{"weight":306,"label":"emission"},{"weight":265,"label":"color"},{"weight":263,"label":"blue"},{"weight":226,"label":"lead"},{"weight":202,"label":"led"},{"weight":176,"label":"diode"},{"weight":160,"label":"organic"},{"weight":155,"label":"white"},{"weight":148,"label":"visible"},{"weight":137,"label":"device"},{"weight":134,"label":"red"},{"weight":133,"label":"emitter"},{"weight":130,"label":"quantum"},{"weight":123,"label":"oled"},{"weight":112,"label":"efficiency"},{"weight":110,"label":"report"},{"weight":105,"label":"green"},{"weight":103,"label":"phosphor"},{"weight":101,"label":"optical"},{"weight":97,"label":"high"},{"weight":90,"label":"complex"},{"weight":88,"label":"material"},{"weight":88,"label":"molecule"}],"subTopicId":555},{"conceptId":2,"clusterId":0,"hexCoordinates":{"x":4.330127018922193,"y":-1.5},"labels":[{"weight":800,"label":"imaging"},{"weight":759,"label":"resolution"},{"weight":482,"label":"microscopy"},{"weight":336,"label":"high"},{"weight":295,"label":"technique"},{"weight":232,"label":"image"},{"weight":226,"label":"fluorescence"},{"weight":216,"label":"light"},{"weight":168,"label":"optical"},{"weight":166,"label":"single"},{"weight":157,"label":"method"},{"weight":147,"label":"fluorescent"},{"weight":145,"label":"demonstrate"},{"weight":134,"label":"sample"},{"weight":133,"label":"super"},{"weight":128,"label":"tissue"},{"weight":123,"label":"microscope"},{"weight":120,"label":"sheet"},{"weight":118,"label":"live"},{"weight":117,"label":"confocal"},{"weight":117,"label":"enable"},{"weight":105,"label":"spatial"},{"weight":100,"label":"resolve"},{"weight":98,"label":"structure"},{"weight":91,"label":"approach"}],"subTopicId":431},{"conceptId":-1,"clusterId":-1,"hexCoordinates":{"x":9.526279441628825,"y":3},"labels":[{"weight":2500,"label":"Unclassified"},{"weight":0,"label":""},{"weight":0,"label":""},{"weight":0,"label":""},{"weight":0,"label":""},{"weight":0,"label":""},{"weight":0,"label":""},{"weight":0,"label":""},{"weight":0,"label":""},{"weight":0,"label":""},{"weight":0,"label":""}],"subTopicId":null},{"conceptId":13,"clusterId":0,"hexCoordinates":{"x":0,"y":3},"labels":[{"weight":686,"label":"antenna"},{"weight":312,"label":"design"},{"weight":301,"label":"frequency"},{"weight":298,"label":"ghz"},{"weight":251,"label":"band"},{"weight":220,"label":"propose"},{"weight":181,"label":"array"},{"weight":141,"label":"bandwidth"},{"weight":137,"label":"radiation"},{"weight":136,"label":"present"},{"weight":126,"label":"gain"},{"weight":106,"label":"wave"},{"weight":105,"label":"dielectric"},{"weight":101,"label":"measure"},{"weight":99,"label":"paper"},{"weight":98,"label":"substrate"},{"weight":96,"label":"slot"},{"weight":96,"label":"performance"},{"weight":94,"label":"good"},{"weight":94,"label":"structure"},{"weight":91,"label":"low"},{"weight":89,"label":"filter"},{"weight":87,"label":"compact"},{"weight":86,"label":"impedance"},{"weight":84,"label":"mode"}],"subTopicId":943},{"conceptId":4,"clusterId":0,"hexCoordinates":{"x":2.598076211353316,"y":-1.5},"labels":[{"weight":383,"label":"polarization"},{"weight":371,"label":"beam"},{"weight":317,"label":"light"},{"weight":276,"label":"optical"},{"weight":158,"label":"phase"},{"weight":154,"label":"polarize"},{"weight":115,"label":"metasurface"},{"weight":111,"label":"control"},{"weight":108,"label":"angular"},{"weight":105,"label":"field"},{"weight":105,"label":"demonstrate"},{"weight":92,"label":"incident"},{"weight":89,"label":"momentum"},{"weight":81,"label":"spatial"},{"weight":81,"label":"pattern"},{"weight":80,"label":"application"},{"weight":73,"label":"generate"},{"weight":70,"label":"hologram"},{"weight":68,"label":"image"},{"weight":66,"label":"orbital"},{"weight":63,"label":"vortex"},{"weight":61,"label":"focal"},{"weight":60,"label":"device"},{"weight":58,"label":"wavelength"},{"weight":57,"label":"profile"}],"subTopicId":523},{"conceptId":0,"clusterId":0,"hexCoordinates":{"x":1.7320508075688772,"y":3},"labels":[{"weight":382,"label":"frequency"},{"weight":238,"label":"ghz"},{"weight":220,"label":"wave"},{"weight":213,"label":"thz"},{"weight":203,"label":"band"},{"weight":158,"label":"power"},{"weight":150,"label":"beam"},{"weight":149,"label":"high"},{"weight":139,"label":"mode"},{"weight":130,"label":"output"},{"weight":130,"label":"present"},{"weight":119,"label":"design"},{"weight":91,"label":"source"},{"weight":89,"label":"oscillator"},{"weight":85,"label":"terahertz"},{"weight":82,"label":"electron"},{"weight":79,"label":"paper"},{"weight":77,"label":"microwave"},{"weight":71,"label":"rtd"},{"weight":70,"label":"gyro"},{"weight":70,"label":"measure"},{"weight":69,"label":"range"},{"weight":63,"label":"amplifier"},{"weight":63,"label":"window"},{"weight":62,"label":"twa"}],"subTopicId":150},{"conceptId":1,"clusterId":0,"hexCoordinates":{"x":0.8660254037844386,"y":-1.5},"labels":[{"weight":1073,"label":"quantum"},{"weight":662,"label":"photon"},{"weight":628,"label":"state"},{"weight":224,"label":"single"},{"weight":184,"label":"optical"},{"weight":183,"label":"high"},{"weight":167,"label":"entanglement"},{"weight":160,"label":"oam"},{"weight":155,"label":"entangled"},{"weight":152,"label":"source"},{"weight":121,"label":"coherent"},{"weight":121,"label":"demonstrate"},{"weight":120,"label":"dot"},{"weight":117,"label":"photonic"},{"weight":112,"label":"dimensional"},{"weight":110,"label":"generation"},{"weight":108,"label":"mode"},{"weight":107,"label":"pair"},{"weight":105,"label":"information"},{"weight":105,"label":"system"},{"weight":102,"label":"qubit"},{"weight":88,"label":"chip"},{"weight":78,"label":"generate"},{"weight":78,"label":"application"},{"weight":77,"label":"experiment"}],"subTopicId":305},{"conceptId":7,"clusterId":0,"hexCoordinates":{"x":2.598076211353316,"y":1.5},"labels":[{"weight":533,"label":"acoustic"},{"weight":473,"label":"frequency"},{"weight":246,"label":"transducer"},{"weight":146,"label":"device"},{"weight":140,"label":"design"},{"weight":136,"label":"wave"},{"weight":120,"label":"khz"},{"weight":120,"label":"ultrasonic"},{"weight":96,"label":"fractal"},{"weight":92,"label":"signal"},{"weight":91,"label":"ultrasound"},{"weight":88,"label":"piezoelectric"},{"weight":84,"label":"amplifier"},{"weight":84,"label":"response"},{"weight":79,"label":"microphone"},{"weight":79,"label":"bandwidth"},{"weight":76,"label":"pressure"},{"weight":73,"label":"element"},{"weight":70,"label":"mhz"},{"weight":67,"label":"sound"},{"weight":67,"label":"present"},{"weight":64,"label":"amplification"},{"weight":64,"label":"range"},{"weight":63,"label":"show"},{"weight":62,"label":"low"}],"subTopicId":595},{"conceptId":11,"clusterId":0,"hexCoordinates":{"x":3.4641016151377544,"y":0},"labels":[{"weight":863,"label":"image"},{"weight":709,"label":"resolution"},{"weight":617,"label":"imaging"},{"weight":292,"label":"high"},{"weight":251,"label":"field"},{"weight":229,"label":"camera"},{"weight":202,"label":"spatial"},{"weight":187,"label":"reconstruction"},{"weight":182,"label":"data"},{"weight":173,"label":"frame"},{"weight":172,"label":"technique"},{"weight":171,"label":"acquisition"},{"weight":167,"label":"quality"},{"weight":161,"label":"signal"},{"weight":152,"label":"system"},{"weight":144,"label":"noise"},{"weight":141,"label":"contrast"},{"weight":139,"label":"point"},{"weight":134,"label":"method"},{"weight":131,"label":"acquire"},{"weight":125,"label":"aperture"},{"weight":117,"label":"pixel"},{"weight":117,"label":"ultrasound"},{"weight":112,"label":"time"},{"weight":111,"label":"surface"}],"subTopicId":883},{"conceptId":12,"clusterId":0,"hexCoordinates":{"x":6.06217782649107,"y":1.5},"labels":[{"weight":278,"label":"raman"},{"weight":197,"label":"imaging"},{"weight":194,"label":"fluorescence"},{"weight":166,"label":"ser"},{"weight":158,"label":"tissue"},{"weight":135,"label":"vivo"},{"weight":127,"label":"spectroscopy"},{"weight":119,"label":"enhance"},{"weight":115,"label":"fluorescent"},{"weight":114,"label":"detection"},{"weight":99,"label":"surface"},{"weight":98,"label":"probe"},{"weight":96,"label":"signal"},{"weight":93,"label":"label"},{"weight":91,"label":"demonstrate"},{"weight":80,"label":"sensitivity"},{"weight":77,"label":"technique"},{"weight":74,"label":"fibre"},{"weight":72,"label":"optical"},{"weight":72,"label":"molecular"},{"weight":69,"label":"human"},{"weight":67,"label":"background"},{"weight":63,"label":"provide"},{"weight":62,"label":"lung"},{"weight":62,"label":"detect"}],"subTopicId":920},{"conceptId":3,"clusterId":0,"hexCoordinates":{"x":0.8660254037844386,"y":1.5},"labels":[{"weight":1050,"label":"sensor"},{"weight":326,"label":"sense"},{"weight":308,"label":"device"},{"weight":307,"label":"array"},{"weight":291,"label":"base"},{"weight":223,"label":"electrode"},{"weight":216,"label":"detection"},{"weight":201,"label":"sensitivity"},{"weight":176,"label":"demonstrate"},{"weight":175,"label":"chip"},{"weight":150,"label":"response"},{"weight":149,"label":"microfluidic"},{"weight":139,"label":"present"},{"weight":136,"label":"application"},{"weight":116,"label":"range"},{"weight":114,"label":"measurement"},{"weight":109,"label":"detect"},{"weight":106,"label":"biosensor"},{"weight":102,"label":"sensitive"},{"weight":99,"label":"electrochemical"},{"weight":97,"label":"optical"},{"weight":94,"label":"cmo"},{"weight":94,"label":"impedance"},{"weight":94,"label":"low"},{"weight":94,"label":"design"}],"subTopicId":478}]}