{"linkageTable":[{"node2":18,"distance":0.44802775934017003,"node1":3},{"node2":16,"distance":0.462872071731205,"node1":12},{"node2":13,"distance":0.46974779465172,"node1":6},{"node2":11,"distance":0.47576071537685,"node1":2},{"node2":7,"distance":0.47626847804457,"node1":0},{"node2":9,"distance":0.479357639402465,"node1":8},{"node2":17,"distance":0.4851535196204675,"node1":20},{"node2":15,"distance":0.4879556520866475,"node1":22},{"node2":14,"distance":0.4892693256875425,"node1":23},{"node2":10,"distance":0.4894540736142467,"node1":27},{"node2":21,"distance":0.4894633724767875,"node1":24},{"node2":26,"distance":0.4923571813538054,"node1":30},{"node2":19,"distance":0.49436560311648126,"node1":29},{"node2":32,"distance":0.49693820590137583,"node1":31},{"node2":28,"distance":0.49737312930028427,"node1":33},{"node2":5,"distance":0.49829508576761833,"node1":34},{"node2":1,"distance":0.4988658711655609,"node1":35},{"node2":25,"distance":0.4991858845310605,"node1":36},{"node2":4,"distance":0.49980620282909366,"node1":37}],"conceptsData":[{"conceptId":9,"clusterId":0,"hexCoordinates":{"x":-3.4641016151377544,"y":3},"labels":[{"weight":706,"label":"air"},{"weight":640,"label":"concentration"},{"weight":445,"label":"pollution"},{"weight":324,"label":"emission"},{"weight":283,"label":"exposure"},{"weight":181,"label":"health"},{"weight":178,"label":"measurement"},{"weight":168,"label":"site"},{"weight":167,"label":"pollutant"},{"weight":166,"label":"ozone"},{"weight":153,"label":"source"},{"weight":137,"label":"average"},{"weight":135,"label":"atmospheric"},{"weight":125,"label":"particulate"},{"weight":116,"label":"background"},{"weight":105,"label":"quality"},{"weight":92,"label":"impact"},{"weight":90,"label":"urban"},{"weight":90,"label":"matter"},{"weight":86,"label":"monitor"},{"weight":85,"label":"aerosol"},{"weight":85,"label":"transport"},{"weight":79,"label":"effect"},{"weight":71,"label":"carbon"},{"weight":71,"label":"estimate"}],"subTopicId":587},{"conceptId":8,"clusterId":0,"hexCoordinates":{"x":-4.330127018922193,"y":1.5},"labels":[{"weight":51,"label":"snow"},{"weight":45,"label":"penguin"},{"weight":30,"label":"sampler"},{"weight":28,"label":"plume"},{"weight":26,"label":"wind"},{"weight":25,"label":"tube"},{"weight":22,"label":"ogawa"},{"weight":21,"label":"dnapl"},{"weight":16,"label":"dechlorination"},{"weight":16,"label":"speed"},{"weight":16,"label":"rate"},{"weight":14,"label":"sublimation"},{"weight":14,"label":"variation"},{"weight":13,"label":"palme"},{"weight":13,"label":"tce"},{"weight":13,"label":"cane"},{"weight":13,"label":"remove"},{"weight":13,"label":"associate"},{"weight":12,"label":"analyser"},{"weight":12,"label":"ventilation"},{"weight":12,"label":"day"},{"weight":11,"label":"ssa"},{"weight":11,"label":"pdt"},{"weight":11,"label":"observe"},{"weight":10,"label":"csw"}],"subTopicId":364},{"conceptId":12,"clusterId":0,"hexCoordinates":{"x":0,"y":0},"labels":[{"weight":313,"label":"solution"},{"weight":266,"label":"concentration"},{"weight":233,"label":"acid"},{"weight":233,"label":"carbonate"},{"weight":200,"label":"result"},{"weight":193,"label":"formation"},{"weight":190,"label":"oxide"},{"weight":177,"label":"iron"},{"weight":177,"label":"water"},{"weight":173,"label":"process"},{"weight":170,"label":"precipitation"},{"weight":166,"label":"mineral"},{"weight":164,"label":"phosphate"},{"weight":161,"label":"show"},{"weight":158,"label":"chemical"},{"weight":150,"label":"dissolution"},{"weight":144,"label":"surface"},{"weight":143,"label":"calcium"},{"weight":140,"label":"copper"},{"weight":135,"label":"study"},{"weight":134,"label":"aqueous"},{"weight":133,"label":"phase"},{"weight":131,"label":"reduce"},{"weight":127,"label":"reaction"},{"weight":126,"label":"presence"}],"subTopicId":609},{"conceptId":16,"clusterId":0,"hexCoordinates":{"x":1.7320508075688772,"y":0},"labels":[{"weight":336,"label":"cement"},{"weight":304,"label":"concrete"},{"weight":295,"label":"material"},{"weight":124,"label":"strength"},{"weight":113,"label":"mortar"},{"weight":98,"label":"property"},{"weight":97,"label":"mix"},{"weight":89,"label":"binder"},{"weight":83,"label":"ash"},{"weight":81,"label":"paper"},{"weight":80,"label":"water"},{"weight":76,"label":"sap"},{"weight":75,"label":"cure"},{"weight":75,"label":"content"},{"weight":74,"label":"calcium"},{"weight":74,"label":"test"},{"weight":71,"label":"lime"},{"weight":70,"label":"construction"},{"weight":67,"label":"durability"},{"weight":61,"label":"fly"},{"weight":56,"label":"specimen"},{"weight":55,"label":"portland"},{"weight":54,"label":"result"},{"weight":52,"label":"slag"},{"weight":52,"label":"show"}],"subTopicId":848},{"conceptId":1,"clusterId":0,"hexCoordinates":{"x":3.4641016151377544,"y":0},"labels":[{"weight":72,"label":"sulfide"},{"weight":68,"label":"analysis"},{"weight":58,"label":"elemental"},{"weight":48,"label":"sulfur"},{"weight":47,"label":"icp"},{"weight":47,"label":"element"},{"weight":45,"label":"spectrometry"},{"weight":35,"label":"selenium"},{"weight":29,"label":"determination"},{"weight":28,"label":"xrf"},{"weight":28,"label":"sulfate"},{"weight":27,"label":"chemical"},{"weight":27,"label":"method"},{"weight":26,"label":"lib"},{"weight":25,"label":"tellurium"},{"weight":25,"label":"trace"},{"weight":22,"label":"plasma"},{"weight":22,"label":"produce"},{"weight":21,"label":"oxidation"},{"weight":20,"label":"ray"},{"weight":19,"label":"spp"},{"weight":19,"label":"mass"},{"weight":18,"label":"fluorescence"},{"weight":18,"label":"material"},{"weight":17,"label":"counterfeit"}],"subTopicId":122},{"conceptId":-1,"clusterId":-1,"hexCoordinates":{"x":6.928203230275509,"y":4.5},"labels":[{"weight":2500,"label":"Unclassified"},{"weight":0,"label":""},{"weight":0,"label":""},{"weight":0,"label":""},{"weight":0,"label":""},{"weight":0,"label":""},{"weight":0,"label":""},{"weight":0,"label":""},{"weight":0,"label":""},{"weight":0,"label":""},{"weight":0,"label":""}],"subTopicId":null},{"conceptId":18,"clusterId":0,"hexCoordinates":{"x":-1.7320508075688772,"y":0},"labels":[{"weight":417,"label":"storage"},{"weight":376,"label":"reservoir"},{"weight":369,"label":"fluid"},{"weight":345,"label":"injection"},{"weight":243,"label":"oil"},{"weight":217,"label":"rock"},{"weight":203,"label":"formation"},{"weight":193,"label":"pressure"},{"weight":189,"label":"water"},{"weight":167,"label":"gas"},{"weight":158,"label":"phase"},{"weight":147,"label":"brine"},{"weight":125,"label":"flow"},{"weight":121,"label":"inject"},{"weight":112,"label":"hydrocarbon"},{"weight":110,"label":"site"},{"weight":106,"label":"production"},{"weight":105,"label":"sandstone"},{"weight":101,"label":"trapping"},{"weight":94,"label":"store"},{"weight":91,"label":"result"},{"weight":90,"label":"saline"},{"weight":84,"label":"permeability"},{"weight":84,"label":"aquifer"},{"weight":77,"label":"saturation"}],"subTopicId":950},{"conceptId":11,"clusterId":0,"hexCoordinates":{"x":-1.7320508075688772,"y":3},"labels":[{"weight":505,"label":"production"},{"weight":355,"label":"gas"},{"weight":248,"label":"biomass"},{"weight":213,"label":"methane"},{"weight":206,"label":"process"},{"weight":205,"label":"energy"},{"weight":174,"label":"gasification"},{"weight":165,"label":"coal"},{"weight":162,"label":"yield"},{"weight":156,"label":"temperature"},{"weight":146,"label":"ethanol"},{"weight":144,"label":"produce"},{"weight":134,"label":"feedstock"},{"weight":123,"label":"ratio"},{"weight":121,"label":"pyrolysis"},{"weight":118,"label":"fuel"},{"weight":116,"label":"product"},{"weight":105,"label":"content"},{"weight":104,"label":"reactor"},{"weight":100,"label":"concentration"},{"weight":99,"label":"study"},{"weight":95,"label":"pah"},{"weight":88,"label":"higher"},{"weight":86,"label":"hydrogen"},{"weight":85,"label":"high"}],"subTopicId":602},{"conceptId":10,"clusterId":0,"hexCoordinates":{"x":0.8660254037844386,"y":4.5},"labels":[{"weight":111,"label":"sediment"},{"weight":67,"label":"suds"},{"weight":63,"label":"pcb"},{"weight":60,"label":"chemical"},{"weight":56,"label":"metal"},{"weight":42,"label":"sludge"},{"weight":42,"label":"soil"},{"weight":25,"label":"monitoring"},{"weight":22,"label":"urban"},{"weight":21,"label":"contaminant"},{"weight":19,"label":"runoff"},{"weight":19,"label":"uptake"},{"weight":19,"label":"mixture"},{"weight":19,"label":"research"},{"weight":18,"label":"permeable"},{"weight":17,"label":"pavement"},{"weight":17,"label":"contamination"},{"weight":17,"label":"laboratory"},{"weight":17,"label":"present"},{"weight":16,"label":"ytx"},{"weight":16,"label":"cefa"},{"weight":16,"label":"produce"},{"weight":15,"label":"torc"},{"weight":15,"label":"wetland"},{"weight":15,"label":"intensity"}],"subTopicId":601},{"conceptId":14,"clusterId":0,"hexCoordinates":{"x":-2.598076211353316,"y":4.5},"labels":[{"weight":261,"label":"extract"},{"weight":217,"label":"dry"},{"weight":196,"label":"extraction"},{"weight":162,"label":"compound"},{"weight":110,"label":"sample"},{"weight":94,"label":"solvent"},{"weight":89,"label":"content"},{"weight":85,"label":"total"},{"weight":77,"label":"voc"},{"weight":72,"label":"uspio"},{"weight":71,"label":"antioxidant"},{"weight":65,"label":"show"},{"weight":61,"label":"phenolic"},{"weight":60,"label":"detect"},{"weight":57,"label":"organic"},{"weight":57,"label":"study"},{"weight":56,"label":"activity"},{"weight":56,"label":"product"},{"weight":55,"label":"volatile"},{"weight":54,"label":"freeze"},{"weight":53,"label":"produce"},{"weight":51,"label":"enhancement"},{"weight":49,"label":"time"},{"weight":45,"label":"method"},{"weight":43,"label":"microwave"}],"subTopicId":785},{"conceptId":17,"clusterId":0,"hexCoordinates":{"x":-2.598076211353316,"y":1.5},"labels":[{"weight":674,"label":"oil"},{"weight":303,"label":"foam"},{"weight":224,"label":"recovery"},{"weight":203,"label":"water"},{"weight":150,"label":"injection"},{"weight":143,"label":"reservoir"},{"weight":111,"label":"front"},{"weight":107,"label":"surfactant"},{"weight":106,"label":"eor"},{"weight":93,"label":"displacement"},{"weight":92,"label":"gas"},{"weight":87,"label":"result"},{"weight":79,"label":"crude"},{"weight":79,"label":"experiment"},{"weight":78,"label":"phase"},{"weight":75,"label":"stability"},{"weight":67,"label":"flooding"},{"weight":67,"label":"study"},{"weight":65,"label":"viscosity"},{"weight":61,"label":"improve"},{"weight":60,"label":"condition"},{"weight":59,"label":"enhance"},{"weight":55,"label":"oils"},{"weight":53,"label":"field"},{"weight":51,"label":"wet"}],"subTopicId":861},{"conceptId":13,"clusterId":0,"hexCoordinates":{"x":0,"y":3},"labels":[{"weight":394,"label":"water"},{"weight":364,"label":"treatment"},{"weight":266,"label":"wastewater"},{"weight":188,"label":"removal"},{"weight":127,"label":"concentration"},{"weight":116,"label":"chemical"},{"weight":93,"label":"pharmaceutical"},{"weight":82,"label":"remove"},{"weight":75,"label":"effluent"},{"weight":68,"label":"system"},{"weight":67,"label":"product"},{"weight":67,"label":"process"},{"weight":63,"label":"cod"},{"weight":61,"label":"drinking"},{"weight":60,"label":"pesticide"},{"weight":60,"label":"plant"},{"weight":59,"label":"environmental"},{"weight":59,"label":"treat"},{"weight":56,"label":"find"},{"weight":52,"label":"sludge"},{"weight":52,"label":"environment"},{"weight":52,"label":"performance"},{"weight":50,"label":"diclofenac"},{"weight":50,"label":"discharge"},{"weight":48,"label":"oxygen"}],"subTopicId":709},{"conceptId":19,"clusterId":0,"hexCoordinates":{"x":2.598076211353316,"y":1.5},"labels":[{"weight":384,"label":"ion"},{"weight":181,"label":"salt"},{"weight":144,"label":"concentration"},{"weight":141,"label":"solution"},{"weight":132,"label":"ionic"},{"weight":127,"label":"chloride"},{"weight":97,"label":"sodium"},{"weight":92,"label":"magnesium"},{"weight":71,"label":"water"},{"weight":65,"label":"charge"},{"weight":63,"label":"cation"},{"weight":58,"label":"nacl"},{"weight":52,"label":"electrolyte"},{"weight":52,"label":"potassium"},{"weight":51,"label":"sulfate"},{"weight":51,"label":"aqueous"},{"weight":46,"label":"liquid"},{"weight":45,"label":"anion"},{"weight":42,"label":"system"},{"weight":40,"label":"calcium"},{"weight":38,"label":"base"},{"weight":37,"label":"grassmann"},{"weight":37,"label":"temperature"},{"weight":37,"label":"phase"},{"weight":36,"label":"membrane"}],"subTopicId":957},{"conceptId":15,"clusterId":0,"hexCoordinates":{"x":1.7320508075688772,"y":3},"labels":[{"weight":631,"label":"concentration"},{"weight":304,"label":"exposure"},{"weight":289,"label":"metal"},{"weight":240,"label":"toxicity"},{"weight":233,"label":"arsenic"},{"weight":175,"label":"toxic"},{"weight":170,"label":"effect"},{"weight":150,"label":"risk"},{"weight":148,"label":"element"},{"weight":138,"label":"study"},{"weight":131,"label":"level"},{"weight":121,"label":"expose"},{"weight":119,"label":"assess"},{"weight":99,"label":"high"},{"weight":97,"label":"don"},{"weight":95,"label":"human"},{"weight":90,"label":"contamination"},{"weight":89,"label":"environmental"},{"weight":88,"label":"microplastic"},{"weight":87,"label":"contaminant"},{"weight":85,"label":"sample"},{"weight":83,"label":"potential"},{"weight":75,"label":"total"},{"weight":74,"label":"impact"},{"weight":73,"label":"higher"}],"subTopicId":795},{"conceptId":0,"clusterId":0,"hexCoordinates":{"x":0.8660254037844386,"y":-1.5},"labels":[{"weight":263,"label":"gas"},{"weight":174,"label":"natural"},{"weight":161,"label":"site"},{"weight":141,"label":"experiment"},{"weight":137,"label":"waste"},{"weight":134,"label":"tracer"},{"weight":120,"label":"deep"},{"weight":113,"label":"environment"},{"weight":105,"label":"groundwater"},{"weight":99,"label":"geological"},{"weight":89,"label":"nuclear"},{"weight":87,"label":"noble"},{"weight":85,"label":"radioactive"},{"weight":81,"label":"storage"},{"weight":79,"label":"surface"},{"weight":78,"label":"release"},{"weight":77,"label":"environmental"},{"weight":77,"label":"radionuclide"},{"weight":75,"label":"subsurface"},{"weight":74,"label":"contamination"},{"weight":71,"label":"remediation"},{"weight":70,"label":"monitoring"},{"weight":69,"label":"disposal"},{"weight":68,"label":"shallow"},{"weight":67,"label":"bentonite"}],"subTopicId":46},{"conceptId":4,"clusterId":0,"hexCoordinates":{"x":2.598076211353316,"y":-1.5},"labels":[{"weight":81,"label":"airborne"},{"weight":50,"label":"cleanroom"},{"weight":49,"label":"air"},{"weight":47,"label":"correspondence"},{"weight":46,"label":"graph"},{"weight":41,"label":"contamination"},{"weight":39,"label":"deposition"},{"weight":36,"label":"grape"},{"weight":36,"label":"incremental"},{"weight":35,"label":"algorithm"},{"weight":33,"label":"pst"},{"weight":29,"label":"article"},{"weight":27,"label":"computation"},{"weight":26,"label":"parallel"},{"weight":25,"label":"particle"},{"weight":25,"label":"source"},{"weight":25,"label":"distance"},{"weight":25,"label":"system"},{"weight":24,"label":"sdt"},{"weight":24,"label":"sequential"},{"weight":23,"label":"product"},{"weight":23,"label":"rate"},{"weight":22,"label":"surface"},{"weight":22,"label":"show"},{"weight":21,"label":"concentration"}],"subTopicId":217},{"conceptId":5,"clusterId":0,"hexCoordinates":{"x":-2.598076211353316,"y":-1.5},"labels":[{"weight":915,"label":"oil"},{"weight":447,"label":"gas"},{"weight":121,"label":"spill"},{"weight":112,"label":"industry"},{"weight":93,"label":"hydrocarbon"},{"weight":61,"label":"sea"},{"weight":60,"label":"palm"},{"weight":53,"label":"produce"},{"weight":52,"label":"offshore"},{"weight":51,"label":"marine"},{"weight":48,"label":"crude"},{"weight":47,"label":"significant"},{"weight":44,"label":"production"},{"weight":43,"label":"region"},{"weight":42,"label":"water"},{"weight":42,"label":"formation"},{"weight":41,"label":"dispersant"},{"weight":41,"label":"petroleum"},{"weight":41,"label":"natural"},{"weight":40,"label":"environmental"},{"weight":40,"label":"deep"},{"weight":40,"label":"result"},{"weight":35,"label":"exploration"},{"weight":32,"label":"deepwater"},{"weight":32,"label":"presence"}],"subTopicId":228},{"conceptId":3,"clusterId":0,"hexCoordinates":{"x":-0.8660254037844386,"y":1.5},"labels":[{"weight":748,"label":"pore"},{"weight":272,"label":"porosity"},{"weight":201,"label":"permeability"},{"weight":118,"label":"porous"},{"weight":114,"label":"size"},{"weight":112,"label":"carbonate"},{"weight":100,"label":"volume"},{"weight":86,"label":"compaction"},{"weight":86,"label":"chemical"},{"weight":84,"label":"water"},{"weight":83,"label":"rock"},{"weight":82,"label":"space"},{"weight":77,"label":"pressure"},{"weight":70,"label":"type"},{"weight":66,"label":"grain"},{"weight":65,"label":"sample"},{"weight":62,"label":"calcite"},{"weight":61,"label":"dissolution"},{"weight":60,"label":"flow"},{"weight":59,"label":"diffusion"},{"weight":58,"label":"wet"},{"weight":58,"label":"gas"},{"weight":56,"label":"cement"},{"weight":56,"label":"property"},{"weight":55,"label":"distribution"}],"subTopicId":186},{"conceptId":2,"clusterId":0,"hexCoordinates":{"x":-0.8660254037844386,"y":4.5},"labels":[{"weight":251,"label":"fuel"},{"weight":250,"label":"combustion"},{"weight":248,"label":"flame"},{"weight":228,"label":"biomass"},{"weight":153,"label":"temperature"},{"weight":125,"label":"ignition"},{"weight":102,"label":"coal"},{"weight":99,"label":"reaction"},{"weight":92,"label":"air"},{"weight":85,"label":"rate"},{"weight":78,"label":"particle"},{"weight":76,"label":"result"},{"weight":70,"label":"high"},{"weight":68,"label":"time"},{"weight":58,"label":"char"},{"weight":58,"label":"process"},{"weight":55,"label":"heating"},{"weight":55,"label":"firing"},{"weight":55,"label":"emission"},{"weight":48,"label":"heat"},{"weight":48,"label":"model"},{"weight":47,"label":"devolatilization"},{"weight":44,"label":"species"},{"weight":42,"label":"behaviour"},{"weight":41,"label":"fire"}],"subTopicId":146},{"conceptId":6,"clusterId":0,"hexCoordinates":{"x":0.8660254037844386,"y":1.5},"labels":[{"weight":458,"label":"adsorption"},{"weight":274,"label":"removal"},{"weight":172,"label":"concentration"},{"weight":168,"label":"capacity"},{"weight":151,"label":"process"},{"weight":139,"label":"study"},{"weight":118,"label":"temperature"},{"weight":117,"label":"increase"},{"weight":116,"label":"initial"},{"weight":115,"label":"kinetic"},{"weight":98,"label":"adsorbent"},{"weight":98,"label":"rate"},{"weight":95,"label":"show"},{"weight":93,"label":"kinetics"},{"weight":89,"label":"solution"},{"weight":85,"label":"time"},{"weight":85,"label":"result"},{"weight":84,"label":"efficiency"},{"weight":81,"label":"pseudo"},{"weight":79,"label":"iii"},{"weight":78,"label":"activate"},{"weight":77,"label":"sorbent"},{"weight":77,"label":"order"},{"weight":76,"label":"high"},{"weight":74,"label":"condition"}],"subTopicId":286},{"conceptId":7,"clusterId":0,"hexCoordinates":{"x":-0.8660254037844386,"y":-1.5},"labels":[{"weight":132,"label":"leakage"},{"weight":99,"label":"fault"},{"weight":80,"label":"site"},{"weight":79,"label":"storage"},{"weight":71,"label":"leak"},{"weight":70,"label":"surface"},{"weight":57,"label":"hsa"},{"weight":54,"label":"seep"},{"weight":51,"label":"geological"},{"weight":46,"label":"natural"},{"weight":44,"label":"rate"},{"weight":37,"label":"iii"},{"weight":36,"label":"fracture"},{"weight":34,"label":"aunc"},{"weight":34,"label":"migration"},{"weight":30,"label":"permeability"},{"weight":30,"label":"reservoir"},{"weight":29,"label":"seal"},{"weight":28,"label":"flux"},{"weight":28,"label":"characteristic"},{"weight":25,"label":"subsurface"},{"weight":25,"label":"pathway"},{"weight":25,"label":"control"},{"weight":24,"label":"swallow"},{"weight":22,"label":"spectrin"}],"subTopicId":287}]}