{"linkageTable":[{"node2":3,"distance":0.443390275806455,"node1":0},{"node2":4,"distance":0.46955895438777,"node1":2},{"node2":8,"distance":0.470617318785185,"node1":6},{"node2":7,"distance":0.47631326079321,"node1":15},{"node2":5,"distance":0.48166701257835,"node1":14},{"node2":16,"distance":0.482539396778,"node1":13},{"node2":1,"distance":0.4864015579938929,"node1":18},{"node2":11,"distance":0.4913987391993775,"node1":19},{"node2":17,"distance":0.4935704923219023,"node1":20},{"node2":10,"distance":0.49534219508061206,"node1":21},{"node2":12,"distance":0.49623696544495544,"node1":22},{"node2":9,"distance":0.4992759966906795,"node1":23}],"conceptsData":[{"conceptId":3,"clusterId":0,"hexCoordinates":{"x":-1.7320508075688772,"y":0},"labels":[{"weight":1116,"label":"plant"},{"weight":316,"label":"leaf"},{"weight":199,"label":"growth"},{"weight":121,"label":"arabidopsis"},{"weight":121,"label":"species"},{"weight":90,"label":"tundra"},{"weight":89,"label":"grow"},{"weight":73,"label":"root"},{"weight":60,"label":"thaliana"},{"weight":55,"label":"leave"},{"weight":48,"label":"arctic"},{"weight":41,"label":"flowering"},{"weight":41,"label":"shoot"},{"weight":41,"label":"wall"},{"weight":41,"label":"expansion"},{"weight":41,"label":"environment"},{"weight":40,"label":"shrub"},{"weight":40,"label":"rate"},{"weight":38,"label":"vegetation"},{"weight":38,"label":"biomass"},{"weight":35,"label":"extract"},{"weight":35,"label":"seed"},{"weight":31,"label":"photosynthesis"},{"weight":31,"label":"trait"},{"weight":30,"label":"microfibril"}],"subTopicId":358},{"conceptId":6,"clusterId":0,"hexCoordinates":{"x":0,"y":0},"labels":[{"weight":531,"label":"flux"},{"weight":364,"label":"forest"},{"weight":363,"label":"soil"},{"weight":313,"label":"water"},{"weight":203,"label":"site"},{"weight":202,"label":"carbon"},{"weight":201,"label":"tropical"},{"weight":186,"label":"ecosystem"},{"weight":181,"label":"vegetation"},{"weight":167,"label":"season"},{"weight":166,"label":"net"},{"weight":156,"label":"dry"},{"weight":154,"label":"leaf"},{"weight":141,"label":"moisture"},{"weight":126,"label":"canopy"},{"weight":105,"label":"gpp"},{"weight":103,"label":"area"},{"weight":102,"label":"atmospheric"},{"weight":101,"label":"sink"},{"weight":101,"label":"productivity"},{"weight":101,"label":"global"},{"weight":97,"label":"scale"},{"weight":94,"label":"montane"},{"weight":94,"label":"drought"},{"weight":93,"label":"surface"}],"subTopicId":571},{"conceptId":8,"clusterId":0,"hexCoordinates":{"x":1.7320508075688772,"y":0},"labels":[{"weight":772,"label":"forest"},{"weight":272,"label":"carbon"},{"weight":236,"label":"tree"},{"weight":196,"label":"biomass"},{"weight":162,"label":"tropical"},{"weight":141,"label":"disturbance"},{"weight":126,"label":"area"},{"weight":123,"label":"stock"},{"weight":111,"label":"agb"},{"weight":94,"label":"estimate"},{"weight":79,"label":"canopy"},{"weight":78,"label":"density"},{"weight":76,"label":"scale"},{"weight":75,"label":"height"},{"weight":73,"label":"loss"},{"weight":70,"label":"plot"},{"weight":69,"label":"log"},{"weight":68,"label":"stand"},{"weight":66,"label":"aboveground"},{"weight":60,"label":"deforestation"},{"weight":58,"label":"woody"},{"weight":57,"label":"ecosystem"},{"weight":56,"label":"lidar"},{"weight":54,"label":"total"},{"weight":52,"label":"structure"}],"subTopicId":629},{"conceptId":-1,"clusterId":-1,"hexCoordinates":{"x":6.06217782649107,"y":1.5},"labels":[{"weight":2500,"label":"Unclassified"},{"weight":0,"label":""},{"weight":0,"label":""},{"weight":0,"label":""},{"weight":0,"label":""},{"weight":0,"label":""},{"weight":0,"label":""},{"weight":0,"label":""},{"weight":0,"label":""},{"weight":0,"label":""},{"weight":0,"label":""}],"subTopicId":null},{"conceptId":11,"clusterId":0,"hexCoordinates":{"x":-0.8660254037844386,"y":1.5},"labels":[{"weight":460,"label":"fire"},{"weight":85,"label":"burn"},{"weight":55,"label":"severity"},{"weight":41,"label":"burning"},{"weight":37,"label":"station"},{"weight":30,"label":"microplastic"},{"weight":28,"label":"fuel"},{"weight":27,"label":"fan"},{"weight":23,"label":"super"},{"weight":22,"label":"pyrodiversity"},{"weight":22,"label":"trojan"},{"weight":20,"label":"regime"},{"weight":19,"label":"avf"},{"weight":18,"label":"size"},{"weight":17,"label":"extinguish"},{"weight":17,"label":"significant"},{"weight":16,"label":"wildfire"},{"weight":16,"label":"smoke"},{"weight":15,"label":"burnt"},{"weight":15,"label":"property"},{"weight":14,"label":"pua"},{"weight":13,"label":"trypsin"},{"weight":13,"label":"access"},{"weight":13,"label":"rate"},{"weight":12,"label":"terra"}],"subTopicId":955},{"conceptId":12,"clusterId":0,"hexCoordinates":{"x":1.7320508075688772,"y":-3},"labels":[{"weight":1119,"label":"soil"},{"weight":1075,"label":"root"},{"weight":267,"label":"plant"},{"weight":236,"label":"water"},{"weight":231,"label":"slope"},{"weight":136,"label":"suction"},{"weight":133,"label":"exudate"},{"weight":90,"label":"effect"},{"weight":86,"label":"dry"},{"weight":84,"label":"increase"},{"weight":79,"label":"induce"},{"weight":79,"label":"test"},{"weight":73,"label":"reinforcement"},{"weight":73,"label":"strength"},{"weight":73,"label":"growth"},{"weight":72,"label":"vegetation"},{"weight":64,"label":"property"},{"weight":62,"label":"clay"},{"weight":62,"label":"stability"},{"weight":61,"label":"hair"},{"weight":60,"label":"content"},{"weight":60,"label":"seed"},{"weight":56,"label":"mechanical"},{"weight":55,"label":"chia"},{"weight":53,"label":"landslide"}],"subTopicId":994},{"conceptId":0,"clusterId":0,"hexCoordinates":{"x":-0.8660254037844386,"y":-1.5},"labels":[{"weight":698,"label":"soil"},{"weight":232,"label":"carbon"},{"weight":178,"label":"microbial"},{"weight":171,"label":"litter"},{"weight":161,"label":"increase"},{"weight":156,"label":"decomposition"},{"weight":128,"label":"change"},{"weight":119,"label":"organic"},{"weight":117,"label":"ecosystem"},{"weight":105,"label":"respiration"},{"weight":103,"label":"response"},{"weight":93,"label":"community"},{"weight":89,"label":"matter"},{"weight":82,"label":"climate"},{"weight":73,"label":"experiment"},{"weight":71,"label":"som"},{"weight":67,"label":"vegetation"},{"weight":66,"label":"arctic"},{"weight":61,"label":"site"},{"weight":61,"label":"sensitivity"},{"weight":61,"label":"rate"},{"weight":60,"label":"loss"},{"weight":59,"label":"temperature"},{"weight":58,"label":"plant"},{"weight":57,"label":"shrub"}],"subTopicId":14},{"conceptId":1,"clusterId":0,"hexCoordinates":{"x":0.8660254037844386,"y":1.5},"labels":[{"weight":364,"label":"peatland"},{"weight":283,"label":"peat"},{"weight":173,"label":"restoration"},{"weight":112,"label":"carbon"},{"weight":96,"label":"bog"},{"weight":88,"label":"site"},{"weight":72,"label":"vegetation"},{"weight":68,"label":"accumulation"},{"weight":66,"label":"area"},{"weight":55,"label":"swamp"},{"weight":50,"label":"drainage"},{"weight":47,"label":"fen"},{"weight":45,"label":"plantation"},{"weight":45,"label":"table"},{"weight":44,"label":"plm"},{"weight":44,"label":"term"},{"weight":43,"label":"condition"},{"weight":40,"label":"blanket"},{"weight":38,"label":"forest"},{"weight":38,"label":"loss"},{"weight":35,"label":"depth"},{"weight":35,"label":"result"},{"weight":34,"label":"northern"},{"weight":33,"label":"natural"},{"weight":33,"label":"surface"}],"subTopicId":75},{"conceptId":2,"clusterId":0,"hexCoordinates":{"x":-1.7320508075688772,"y":-3},"labels":[{"weight":496,"label":"biochar"},{"weight":433,"label":"soil"},{"weight":286,"label":"crop"},{"weight":156,"label":"rice"},{"weight":153,"label":"yield"},{"weight":148,"label":"biomass"},{"weight":139,"label":"nutrient"},{"weight":123,"label":"miscanthus"},{"weight":111,"label":"plant"},{"weight":101,"label":"field"},{"weight":90,"label":"irrigation"},{"weight":84,"label":"organic"},{"weight":84,"label":"potential"},{"weight":83,"label":"manure"},{"weight":80,"label":"wood"},{"weight":80,"label":"grow"},{"weight":76,"label":"application"},{"weight":73,"label":"increase"},{"weight":72,"label":"production"},{"weight":69,"label":"agricultural"},{"weight":66,"label":"seed"},{"weight":65,"label":"cultivar"},{"weight":65,"label":"treatment"},{"weight":64,"label":"ash"},{"weight":64,"label":"experiment"}],"subTopicId":162},{"conceptId":5,"clusterId":0,"hexCoordinates":{"x":-0.8660254037844386,"y":-4.5},"labels":[{"weight":347,"label":"crop"},{"weight":315,"label":"barley"},{"weight":226,"label":"yield"},{"weight":205,"label":"grain"},{"weight":167,"label":"rice"},{"weight":161,"label":"seed"},{"weight":154,"label":"plant"},{"weight":116,"label":"wheat"},{"weight":83,"label":"cereal"},{"weight":72,"label":"field"},{"weight":67,"label":"variety"},{"weight":63,"label":"year"},{"weight":62,"label":"legume"},{"weight":54,"label":"nitrogen"},{"weight":53,"label":"maize"},{"weight":44,"label":"cultivar"},{"weight":42,"label":"growth"},{"weight":42,"label":"grow"},{"weight":42,"label":"range"},{"weight":41,"label":"landrace"},{"weight":40,"label":"pest"},{"weight":40,"label":"resistance"},{"weight":39,"label":"stage"},{"weight":39,"label":"trial"},{"weight":39,"label":"accession"}],"subTopicId":469},{"conceptId":4,"clusterId":0,"hexCoordinates":{"x":0,"y":-3},"labels":[{"weight":1304,"label":"soil"},{"weight":315,"label":"soc"},{"weight":174,"label":"organic"},{"weight":157,"label":"emission"},{"weight":131,"label":"ammonia"},{"weight":127,"label":"nitrogen"},{"weight":101,"label":"carbon"},{"weight":77,"label":"aoa"},{"weight":75,"label":"aggregate"},{"weight":70,"label":"grassland"},{"weight":67,"label":"land"},{"weight":67,"label":"site"},{"weight":64,"label":"aob"},{"weight":64,"label":"microbial"},{"weight":60,"label":"stock"},{"weight":59,"label":"rate"},{"weight":58,"label":"agricultural"},{"weight":58,"label":"significantly"},{"weight":57,"label":"content"},{"weight":56,"label":"nutrient"},{"weight":55,"label":"management"},{"weight":54,"label":"activity"},{"weight":50,"label":"concentration"},{"weight":49,"label":"residue"},{"weight":49,"label":"increase"}],"subTopicId":386},{"conceptId":9,"clusterId":0,"hexCoordinates":{"x":2.598076211353316,"y":-1.5},"labels":[{"weight":65,"label":"shellfish"},{"weight":63,"label":"pest"},{"weight":58,"label":"toxin"},{"weight":57,"label":"hab"},{"weight":57,"label":"bloom"},{"weight":56,"label":"tree"},{"weight":55,"label":"disease"},{"weight":40,"label":"harmful"},{"weight":39,"label":"strategy"},{"weight":38,"label":"algal"},{"weight":38,"label":"management"},{"weight":34,"label":"insect"},{"weight":33,"label":"effect"},{"weight":31,"label":"spread"},{"weight":29,"label":"model"},{"weight":28,"label":"optimal"},{"weight":27,"label":"forest"},{"weight":25,"label":"grasshopper"},{"weight":24,"label":"pathogen"},{"weight":22,"label":"biotoxin"},{"weight":21,"label":"phytoplankton"},{"weight":19,"label":"harvest"},{"weight":19,"label":"reduce"},{"weight":18,"label":"timber"},{"weight":18,"label":"framework"}],"subTopicId":726},{"conceptId":10,"clusterId":0,"hexCoordinates":{"x":-2.598076211353316,"y":-1.5},"labels":[{"weight":232,"label":"tree"},{"weight":195,"label":"forest"},{"weight":161,"label":"growth"},{"weight":111,"label":"species"},{"weight":101,"label":"climate"},{"weight":97,"label":"range"},{"weight":90,"label":"pine"},{"weight":80,"label":"treeline"},{"weight":62,"label":"oak"},{"weight":62,"label":"altitude"},{"weight":62,"label":"shift"},{"weight":61,"label":"gall"},{"weight":61,"label":"vegetation"},{"weight":58,"label":"distribution"},{"weight":57,"label":"mountain"},{"weight":56,"label":"woodland"},{"weight":56,"label":"wood"},{"weight":51,"label":"advance"},{"weight":51,"label":"site"},{"weight":51,"label":"response"},{"weight":49,"label":"alpine"},{"weight":47,"label":"ring"},{"weight":45,"label":"establishment"},{"weight":42,"label":"drought"},{"weight":41,"label":"climatic"}],"subTopicId":773},{"conceptId":7,"clusterId":0,"hexCoordinates":{"x":0.8660254037844386,"y":-1.5},"labels":[{"weight":711,"label":"species"},{"weight":584,"label":"tree"},{"weight":386,"label":"plant"},{"weight":330,"label":"diversity"},{"weight":250,"label":"forest"},{"weight":209,"label":"community"},{"weight":195,"label":"trait"},{"weight":184,"label":"composition"},{"weight":153,"label":"vegetation"},{"weight":145,"label":"functional"},{"weight":125,"label":"richness"},{"weight":117,"label":"effect"},{"weight":116,"label":"grass"},{"weight":115,"label":"seed"},{"weight":109,"label":"grazing"},{"weight":103,"label":"ecosystem"},{"weight":103,"label":"structure"},{"weight":94,"label":"tropical"},{"weight":82,"label":"habitat"},{"weight":82,"label":"scale"},{"weight":79,"label":"savanna"},{"weight":74,"label":"leaf"},{"weight":73,"label":"cover"},{"weight":72,"label":"density"},{"weight":71,"label":"abundance"}],"subTopicId":613}]}