{"linkageTable":[{"node2":12,"distance":0.448951273204355,"node1":5},{"node2":15,"distance":0.47124863490504,"node1":6},{"node2":16,"distance":0.4794044671563475,"node1":18},{"node2":10,"distance":0.4814382207458,"node1":0},{"node2":13,"distance":0.484313101688355,"node1":2},{"node2":8,"distance":0.484320737635755,"node1":3},{"node2":19,"distance":0.4871251557405758,"node1":17},{"node2":1,"distance":0.4905359859660525,"node1":20},{"node2":14,"distance":0.4916654948493116,"node1":24},{"node2":23,"distance":0.4938575631767225,"node1":22},{"node2":21,"distance":0.4945404930755938,"node1":25},{"node2":26,"distance":0.49639992448645753,"node1":27},{"node2":4,"distance":0.498398816606015,"node1":28},{"node2":11,"distance":0.49877576722638,"node1":29},{"node2":7,"distance":0.4989249043791977,"node1":30},{"node2":9,"distance":0.5,"node1":31}],"conceptsData":[{"conceptId":4,"clusterId":0,"hexCoordinates":{"x":5.196152422706632,"y":0},"labels":[{"weight":73,"label":"pcm"},{"weight":40,"label":"rmn"},{"weight":39,"label":"mixture"},{"weight":33,"label":"chemical"},{"weight":29,"label":"surface"},{"weight":28,"label":"ras"},{"weight":28,"label":"composition"},{"weight":27,"label":"solution"},{"weight":25,"label":"chain"},{"weight":24,"label":"alkyl"},{"weight":20,"label":"pure"},{"weight":20,"label":"adsorption"},{"weight":20,"label":"phase"},{"weight":19,"label":"result"},{"weight":17,"label":"adsorbed"},{"weight":17,"label":"tar"},{"weight":17,"label":"sample"},{"weight":17,"label":"experimental"},{"weight":16,"label":"atom"},{"weight":16,"label":"amount"},{"weight":16,"label":"induce"},{"weight":15,"label":"stm"},{"weight":14,"label":"ideal"},{"weight":14,"label":"common"},{"weight":13,"label":"mim"}],"subTopicId":331},{"conceptId":1,"clusterId":0,"hexCoordinates":{"x":5.196152422706632,"y":3},"labels":[{"weight":222,"label":"continuous"},{"weight":114,"label":"pharmaceutical"},{"weight":104,"label":"process"},{"weight":87,"label":"api"},{"weight":87,"label":"batch"},{"weight":82,"label":"obstacle"},{"weight":63,"label":"cpm"},{"weight":51,"label":"design"},{"weight":49,"label":"flow"},{"weight":49,"label":"total"},{"weight":47,"label":"separation"},{"weight":41,"label":"cost"},{"weight":38,"label":"pla"},{"weight":38,"label":"active"},{"weight":35,"label":"ingredient"},{"weight":34,"label":"manufacturing"},{"weight":32,"label":"crystallisation"},{"weight":30,"label":"antisolvent"},{"weight":30,"label":"synthesis"},{"weight":28,"label":"dichotomy"},{"weight":28,"label":"solvent"},{"weight":27,"label":"crystallization"},{"weight":25,"label":"time"},{"weight":24,"label":"crystallizer"},{"weight":24,"label":"product"}],"subTopicId":113},{"conceptId":6,"clusterId":0,"hexCoordinates":{"x":0,"y":0},"labels":[{"weight":421,"label":"gel"},{"weight":310,"label":"hydrogel"},{"weight":214,"label":"collagen"},{"weight":151,"label":"tissue"},{"weight":148,"label":"property"},{"weight":134,"label":"matrix"},{"weight":122,"label":"structure"},{"weight":115,"label":"form"},{"weight":113,"label":"ecm"},{"weight":91,"label":"mechanical"},{"weight":85,"label":"scaffold"},{"weight":68,"label":"show"},{"weight":65,"label":"base"},{"weight":57,"label":"gelator"},{"weight":56,"label":"fiber"},{"weight":55,"label":"link"},{"weight":54,"label":"assembly"},{"weight":51,"label":"construct"},{"weight":51,"label":"material"},{"weight":50,"label":"supramolecular"},{"weight":49,"label":"assemble"},{"weight":48,"label":"low"},{"weight":48,"label":"lead"},{"weight":47,"label":"alginate"},{"weight":47,"label":"formation"}],"subTopicId":556},{"conceptId":3,"clusterId":0,"hexCoordinates":{"x":2.598076211353316,"y":-1.5},"labels":[{"weight":33,"label":"process"},{"weight":32,"label":"erosion"},{"weight":27,"label":"silicone"},{"weight":27,"label":"coating"},{"weight":26,"label":"cycle"},{"weight":26,"label":"material"},{"weight":24,"label":"shark"},{"weight":24,"label":"flutter"},{"weight":21,"label":"settlement"},{"weight":18,"label":"performance"},{"weight":17,"label":"fouling"},{"weight":17,"label":"chem"},{"weight":16,"label":"siloxane"},{"weight":16,"label":"computational"},{"weight":16,"label":"limit"},{"weight":15,"label":"openfoam"},{"weight":14,"label":"lco"},{"weight":14,"label":"cus"},{"weight":14,"label":"extraction"},{"weight":13,"label":"hse"},{"weight":12,"label":"toolbox"},{"weight":12,"label":"separation"},{"weight":12,"label":"removal"},{"weight":11,"label":"pdm"},{"weight":11,"label":"ranking"}],"subTopicId":296},{"conceptId":16,"clusterId":0,"hexCoordinates":{"x":0.8660254037844386,"y":-1.5},"labels":[{"weight":285,"label":"cell"},{"weight":187,"label":"adhesion"},{"weight":112,"label":"surface"},{"weight":75,"label":"pea"},{"weight":59,"label":"protein"},{"weight":56,"label":"differentiation"},{"weight":54,"label":"growth"},{"weight":53,"label":"implant"},{"weight":51,"label":"fibronectin"},{"weight":44,"label":"material"},{"weight":42,"label":"integrin"},{"weight":42,"label":"substrate"},{"weight":41,"label":"cadherin"},{"weight":36,"label":"factor"},{"weight":33,"label":"adhesive"},{"weight":33,"label":"mobility"},{"weight":31,"label":"interface"},{"weight":30,"label":"biomaterial"},{"weight":30,"label":"matrix"},{"weight":29,"label":"wnk"},{"weight":29,"label":"extracellular"},{"weight":29,"label":"stem"},{"weight":28,"label":"pma"},{"weight":28,"label":"focal"},{"weight":26,"label":"proliferation"}],"subTopicId":972},{"conceptId":0,"clusterId":0,"hexCoordinates":{"x":3.4641016151377544,"y":3},"labels":[{"weight":1227,"label":"phase"},{"weight":490,"label":"crystal"},{"weight":264,"label":"nucleation"},{"weight":253,"label":"liquid"},{"weight":203,"label":"solid"},{"weight":196,"label":"solution"},{"weight":156,"label":"form"},{"weight":154,"label":"growth"},{"weight":154,"label":"process"},{"weight":115,"label":"crystallization"},{"weight":91,"label":"formation"},{"weight":90,"label":"crystallisation"},{"weight":85,"label":"result"},{"weight":74,"label":"mechanism"},{"weight":73,"label":"concentration"},{"weight":72,"label":"control"},{"weight":71,"label":"seed"},{"weight":62,"label":"polymorph"},{"weight":61,"label":"induce"},{"weight":54,"label":"transformation"},{"weight":53,"label":"vapor"},{"weight":53,"label":"aqueous"},{"weight":53,"label":"time"},{"weight":52,"label":"kinetics"},{"weight":52,"label":"product"}],"subTopicId":15},{"conceptId":15,"clusterId":0,"hexCoordinates":{"x":1.7320508075688772,"y":0},"labels":[{"weight":584,"label":"surface"},{"weight":579,"label":"polymer"},{"weight":245,"label":"protein"},{"weight":197,"label":"structure"},{"weight":196,"label":"property"},{"weight":193,"label":"chain"},{"weight":184,"label":"form"},{"weight":178,"label":"poly"},{"weight":175,"label":"solution"},{"weight":172,"label":"molecular"},{"weight":145,"label":"force"},{"weight":136,"label":"interaction"},{"weight":122,"label":"adhesion"},{"weight":112,"label":"show"},{"weight":107,"label":"gel"},{"weight":105,"label":"aggregate"},{"weight":102,"label":"formation"},{"weight":96,"label":"cellulose"},{"weight":95,"label":"adsorption"},{"weight":88,"label":"assembly"},{"weight":87,"label":"concentration"},{"weight":87,"label":"complex"},{"weight":84,"label":"copolymer"},{"weight":83,"label":"charge"},{"weight":82,"label":"range"}],"subTopicId":963},{"conceptId":12,"clusterId":0,"hexCoordinates":{"x":2.598076211353316,"y":1.5},"labels":[{"weight":1015,"label":"nanoparticle"},{"weight":388,"label":"surface"},{"weight":166,"label":"particle"},{"weight":153,"label":"application"},{"weight":135,"label":"gold"},{"weight":133,"label":"silver"},{"weight":117,"label":"property"},{"weight":110,"label":"enhance"},{"weight":100,"label":"delivery"},{"weight":99,"label":"nanomaterial"},{"weight":96,"label":"nano"},{"weight":95,"label":"concentration"},{"weight":95,"label":"size"},{"weight":86,"label":"result"},{"weight":84,"label":"material"},{"weight":83,"label":"silica"},{"weight":82,"label":"molecule"},{"weight":81,"label":"assembly"},{"weight":73,"label":"nanostructure"},{"weight":72,"label":"uptake"},{"weight":72,"label":"synthesis"},{"weight":72,"label":"report"},{"weight":70,"label":"resonance"},{"weight":70,"label":"demonstrate"},{"weight":66,"label":"formation"}],"subTopicId":761},{"conceptId":9,"clusterId":0,"hexCoordinates":{"x":1.7320508075688772,"y":-3},"labels":[{"weight":194,"label":"des"},{"weight":152,"label":"les"},{"weight":50,"label":"une"},{"weight":50,"label":"sur"},{"weight":45,"label":"est"},{"weight":36,"label":"pour"},{"weight":32,"label":"dans"},{"weight":29,"label":"qui"},{"weight":26,"label":"sont"},{"weight":25,"label":"aux"},{"weight":23,"label":"comme"},{"weight":22,"label":"dan"},{"weight":22,"label":"par"},{"weight":20,"label":"article"},{"weight":17,"label":"tre"},{"weight":15,"label":"gide"},{"weight":15,"label":"singe"},{"weight":15,"label":"cet"},{"weight":14,"label":"cette"},{"weight":14,"label":"nous"},{"weight":13,"label":"entre"},{"weight":12,"label":"avec"},{"weight":12,"label":"grands"},{"weight":12,"label":"ces"},{"weight":12,"label":"pin"}],"subTopicId":610},{"conceptId":14,"clusterId":0,"hexCoordinates":{"x":4.330127018922193,"y":1.5},"labels":[{"weight":2621,"label":"size"},{"weight":1633,"label":"particle"},{"weight":536,"label":"small"},{"weight":304,"label":"large"},{"weight":294,"label":"larger"},{"weight":279,"label":"distribution"},{"weight":243,"label":"shape"},{"weight":232,"label":"smaller"},{"weight":182,"label":"ratio"},{"weight":176,"label":"effect"},{"weight":169,"label":"number"},{"weight":149,"label":"increase"},{"weight":137,"label":"medium"},{"weight":107,"label":"diameter"},{"weight":96,"label":"fine"},{"weight":96,"label":"process"},{"weight":93,"label":"produce"},{"weight":86,"label":"similar"},{"weight":82,"label":"volume"},{"weight":74,"label":"sample"},{"weight":71,"label":"control"},{"weight":69,"label":"aspect"},{"weight":63,"label":"breakage"},{"weight":62,"label":"morphology"},{"weight":61,"label":"attribute"}],"subTopicId":874},{"conceptId":11,"clusterId":0,"hexCoordinates":{"x":-0.8660254037844386,"y":1.5},"labels":[{"weight":267,"label":"drug"},{"weight":194,"label":"release"},{"weight":79,"label":"mao"},{"weight":73,"label":"stent"},{"weight":61,"label":"renin"},{"weight":43,"label":"inhibitor"},{"weight":34,"label":"profile"},{"weight":33,"label":"design"},{"weight":32,"label":"monoamine"},{"weight":29,"label":"arterial"},{"weight":29,"label":"store"},{"weight":27,"label":"mtdl"},{"weight":27,"label":"coating"},{"weight":25,"label":"oxidase"},{"weight":25,"label":"device"},{"weight":23,"label":"polymer"},{"weight":23,"label":"delivery"},{"weight":22,"label":"angiotensin"},{"weight":22,"label":"binding"},{"weight":22,"label":"mathematical"},{"weight":21,"label":"abt"},{"weight":20,"label":"reversible"},{"weight":20,"label":"tissue"},{"weight":20,"label":"multus"},{"weight":19,"label":"eluting"}],"subTopicId":708},{"conceptId":13,"clusterId":0,"hexCoordinates":{"x":2.598076211353316,"y":4.5},"labels":[{"weight":214,"label":"water"},{"weight":120,"label":"surfactant"},{"weight":116,"label":"solvent"},{"weight":96,"label":"drug"},{"weight":94,"label":"formulation"},{"weight":78,"label":"form"},{"weight":77,"label":"solubility"},{"weight":76,"label":"study"},{"weight":69,"label":"concentration"},{"weight":62,"label":"polymer"},{"weight":54,"label":"solution"},{"weight":53,"label":"glycerol"},{"weight":52,"label":"prepare"},{"weight":51,"label":"liquid"},{"weight":50,"label":"micelle"},{"weight":50,"label":"molecular"},{"weight":47,"label":"aqueous"},{"weight":47,"label":"mix"},{"weight":45,"label":"show"},{"weight":43,"label":"dissolution"},{"weight":42,"label":"vesicle"},{"weight":40,"label":"extrusion"},{"weight":40,"label":"soluble"},{"weight":40,"label":"content"},{"weight":39,"label":"ionic"}],"subTopicId":805},{"conceptId":8,"clusterId":0,"hexCoordinates":{"x":3.4641016151377544,"y":0},"labels":[{"weight":246,"label":"gas"},{"weight":175,"label":"hydrate"},{"weight":158,"label":"material"},{"weight":132,"label":"pim"},{"weight":123,"label":"mof"},{"weight":103,"label":"polymer"},{"weight":100,"label":"carbon"},{"weight":80,"label":"adsorption"},{"weight":69,"label":"porous"},{"weight":65,"label":"separation"},{"weight":62,"label":"selectivity"},{"weight":61,"label":"metal"},{"weight":59,"label":"pressure"},{"weight":58,"label":"organic"},{"weight":57,"label":"framework"},{"weight":54,"label":"capture"},{"weight":50,"label":"methanol"},{"weight":48,"label":"mixture"},{"weight":48,"label":"show"},{"weight":41,"label":"presence"},{"weight":40,"label":"condition"},{"weight":38,"label":"maf"},{"weight":38,"label":"dioxide"},{"weight":38,"label":"obtain"},{"weight":37,"label":"flue"}],"subTopicId":592},{"conceptId":7,"clusterId":0,"hexCoordinates":{"x":0.8660254037844386,"y":4.5},"labels":[{"weight":142,"label":"catheter"},{"weight":92,"label":"liposome"},{"weight":87,"label":"washout"},{"weight":76,"label":"solution"},{"weight":45,"label":"result"},{"weight":42,"label":"urethral"},{"weight":34,"label":"tdb"},{"weight":32,"label":"liposomal"},{"weight":32,"label":"device"},{"weight":29,"label":"dda"},{"weight":29,"label":"acidic"},{"weight":29,"label":"study"},{"weight":28,"label":"bladder"},{"weight":28,"label":"elasticity"},{"weight":27,"label":"saline"},{"weight":25,"label":"lipid"},{"weight":24,"label":"ccbt"},{"weight":24,"label":"tissue"},{"weight":24,"label":"relative"},{"weight":23,"label":"indwelling"},{"weight":23,"label":"method"},{"weight":22,"label":"vesicle"},{"weight":22,"label":"aim"},{"weight":21,"label":"urinary"},{"weight":21,"label":"prostate"}],"subTopicId":562},{"conceptId":-1,"clusterId":-1,"hexCoordinates":{"x":8.660254037844386,"y":4.5},"labels":[{"weight":2500,"label":"Unclassified"},{"weight":0,"label":""},{"weight":0,"label":""},{"weight":0,"label":""},{"weight":0,"label":""},{"weight":0,"label":""},{"weight":0,"label":""},{"weight":0,"label":""},{"weight":0,"label":""},{"weight":0,"label":""},{"weight":0,"label":""}],"subTopicId":null},{"conceptId":2,"clusterId":0,"hexCoordinates":{"x":1.7320508075688772,"y":3},"labels":[{"weight":208,"label":"tablet"},{"weight":52,"label":"exit"},{"weight":52,"label":"terahertz"},{"weight":50,"label":"pharmaceutical"},{"weight":41,"label":"cbz"},{"weight":36,"label":"powder"},{"weight":35,"label":"disintegration"},{"weight":34,"label":"excipient"},{"weight":33,"label":"tunnel"},{"weight":30,"label":"region"},{"weight":29,"label":"drug"},{"weight":28,"label":"tpi"},{"weight":28,"label":"thickness"},{"weight":25,"label":"perforated"},{"weight":24,"label":"disturbance"},{"weight":23,"label":"pressure"},{"weight":21,"label":"mannitol"},{"weight":20,"label":"dosage"},{"weight":20,"label":"measurement"},{"weight":19,"label":"carbamazepine"},{"weight":16,"label":"effectiveness"},{"weight":16,"label":"formulation"},{"weight":16,"label":"parameter"},{"weight":15,"label":"valproate"},{"weight":15,"label":"compaction"}],"subTopicId":136},{"conceptId":10,"clusterId":0,"hexCoordinates":{"x":4.330127018922193,"y":4.5},"labels":[{"weight":358,"label":"structure"},{"weight":273,"label":"water"},{"weight":263,"label":"interaction"},{"weight":252,"label":"molecular"},{"weight":222,"label":"molecule"},{"weight":210,"label":"hydrogen"},{"weight":169,"label":"adsorption"},{"weight":168,"label":"organic"},{"weight":159,"label":"framework"},{"weight":154,"label":"form"},{"weight":152,"label":"phase"},{"weight":147,"label":"pressure"},{"weight":143,"label":"solvent"},{"weight":138,"label":"energy"},{"weight":138,"label":"high"},{"weight":136,"label":"crystal"},{"weight":131,"label":"material"},{"weight":127,"label":"bond"},{"weight":116,"label":"functional"},{"weight":116,"label":"metal"},{"weight":112,"label":"calculation"},{"weight":105,"label":"formation"},{"weight":105,"label":"experimental"},{"weight":104,"label":"surface"},{"weight":100,"label":"structural"}],"subTopicId":648},{"conceptId":5,"clusterId":0,"hexCoordinates":{"x":0.8660254037844386,"y":1.5},"labels":[{"weight":213,"label":"drug"},{"weight":196,"label":"release"},{"weight":191,"label":"silk"},{"weight":156,"label":"delivery"},{"weight":115,"label":"peg"},{"weight":90,"label":"load"},{"weight":46,"label":"poly"},{"weight":45,"label":"glycol"},{"weight":43,"label":"nacre"},{"weight":43,"label":"vitro"},{"weight":41,"label":"show"},{"weight":41,"label":"response"},{"weight":39,"label":"system"},{"weight":38,"label":"nanoparticle"},{"weight":34,"label":"loaded"},{"weight":31,"label":"design"},{"weight":30,"label":"polyethylene"},{"weight":30,"label":"vivo"},{"weight":30,"label":"therapy"},{"weight":30,"label":"deliver"},{"weight":28,"label":"beef"},{"weight":28,"label":"carrier"},{"weight":27,"label":"reparation"},{"weight":27,"label":"encapsulate"},{"weight":27,"label":"potential"}],"subTopicId":528}]}