{"linkageTable":[{"node2":13,"distance":0.45287734217087,"node1":12},{"node2":11,"distance":0.464079282734365,"node1":1},{"node2":10,"distance":0.466598930988865,"node1":8},{"node2":14,"distance":0.47680825565306,"node1":5},{"node2":18,"distance":0.4802367391224775,"node1":19},{"node2":15,"distance":0.481769283276945,"node1":2},{"node2":17,"distance":0.4829576417978575,"node1":0},{"node2":4,"distance":0.485663300563975,"node1":3},{"node2":20,"distance":0.48629216715034435,"node1":23},{"node2":24,"distance":0.48947648502771207,"node1":21},{"node2":16,"distance":0.491314500622005,"node1":7},{"node2":25,"distance":0.4916328821234566,"node1":22},{"node2":9,"distance":0.49369984331499134,"node1":27},{"node2":26,"distance":0.4957172509866119,"node1":28},{"node2":6,"distance":0.49867999882015696,"node1":29}],"conceptsData":[{"conceptId":3,"clusterId":0,"hexCoordinates":{"x":-1.7320508075688772,"y":0},"labels":[{"weight":1115,"label":"study"},{"weight":952,"label":"review"},{"weight":900,"label":"outcome"},{"weight":888,"label":"intervention"},{"weight":489,"label":"systematic"},{"weight":418,"label":"quality"},{"weight":395,"label":"report"},{"weight":387,"label":"include"},{"weight":359,"label":"evidence"},{"weight":265,"label":"measure"},{"weight":261,"label":"analysis"},{"weight":235,"label":"effectiveness"},{"weight":226,"label":"effect"},{"weight":216,"label":"meta"},{"weight":213,"label":"search"},{"weight":209,"label":"identify"},{"weight":205,"label":"improve"},{"weight":186,"label":"assess"},{"weight":169,"label":"result"},{"weight":158,"label":"aim"},{"weight":148,"label":"method"},{"weight":139,"label":"conduct"},{"weight":138,"label":"research"},{"weight":135,"label":"impact"},{"weight":133,"label":"data"}],"subTopicId":219},{"conceptId":13,"clusterId":0,"hexCoordinates":{"x":-3.4641016151377544,"y":-3},"labels":[{"weight":194,"label":"trial"},{"weight":154,"label":"pilot"},{"weight":133,"label":"study"},{"weight":131,"label":"rct"},{"weight":122,"label":"report"},{"weight":120,"label":"reporting"},{"weight":108,"label":"seaweed"},{"weight":87,"label":"consort"},{"weight":86,"label":"item"},{"weight":62,"label":"design"},{"weight":57,"label":"randomised"},{"weight":57,"label":"feasibility"},{"weight":57,"label":"extension"},{"weight":57,"label":"conduct"},{"weight":50,"label":"standard"},{"weight":49,"label":"yoga"},{"weight":49,"label":"checklist"},{"weight":47,"label":"sap"},{"weight":45,"label":"controlled"},{"weight":39,"label":"phase"},{"weight":35,"label":"consolidated"},{"weight":33,"label":"statement"},{"weight":33,"label":"pro"},{"weight":29,"label":"research"},{"weight":29,"label":"future"}],"subTopicId":763},{"conceptId":8,"clusterId":0,"hexCoordinates":{"x":0,"y":0},"labels":[{"weight":1077,"label":"intervention"},{"weight":722,"label":"study"},{"weight":565,"label":"evidence"},{"weight":505,"label":"trial"},{"weight":375,"label":"quality"},{"weight":367,"label":"effect"},{"weight":320,"label":"outcome"},{"weight":295,"label":"review"},{"weight":283,"label":"include"},{"weight":261,"label":"low"},{"weight":201,"label":"rct"},{"weight":196,"label":"search"},{"weight":191,"label":"controlled"},{"weight":190,"label":"risk"},{"weight":176,"label":"compare"},{"weight":171,"label":"data"},{"weight":160,"label":"analysis"},{"weight":156,"label":"effectiveness"},{"weight":146,"label":"meta"},{"weight":137,"label":"assess"},{"weight":131,"label":"control"},{"weight":129,"label":"smd"},{"weight":129,"label":"result"},{"weight":123,"label":"bias"},{"weight":123,"label":"effective"}],"subTopicId":490},{"conceptId":0,"clusterId":0,"hexCoordinates":{"x":3.4641016151377544,"y":-3},"labels":[{"weight":673,"label":"trial"},{"weight":287,"label":"evidence"},{"weight":215,"label":"quality"},{"weight":214,"label":"participant"},{"weight":205,"label":"rct"},{"weight":183,"label":"low"},{"weight":178,"label":"data"},{"weight":176,"label":"compare"},{"weight":146,"label":"search"},{"weight":137,"label":"versus"},{"weight":136,"label":"risk"},{"weight":135,"label":"register"},{"weight":133,"label":"treatment"},{"weight":130,"label":"assess"},{"weight":113,"label":"include"},{"weight":111,"label":"controlled"},{"weight":110,"label":"effect"},{"weight":106,"label":"study"},{"weight":102,"label":"cochrane"},{"weight":94,"label":"central"},{"weight":92,"label":"rate"},{"weight":91,"label":"adverse"},{"weight":90,"label":"report"},{"weight":87,"label":"outcome"},{"weight":86,"label":"author"}],"subTopicId":109},{"conceptId":10,"clusterId":0,"hexCoordinates":{"x":1.7320508075688772,"y":0},"labels":[{"weight":994,"label":"study"},{"weight":940,"label":"review"},{"weight":620,"label":"search"},{"weight":398,"label":"systematic"},{"weight":370,"label":"include"},{"weight":327,"label":"identify"},{"weight":303,"label":"quality"},{"weight":293,"label":"database"},{"weight":259,"label":"medline"},{"weight":252,"label":"data"},{"weight":209,"label":"criterion"},{"weight":202,"label":"papers"},{"weight":202,"label":"health"},{"weight":197,"label":"embase"},{"weight":197,"label":"method"},{"weight":193,"label":"evidence"},{"weight":185,"label":"synthesis"},{"weight":178,"label":"report"},{"weight":176,"label":"outcome"},{"weight":175,"label":"literature"},{"weight":169,"label":"reviewer"},{"weight":167,"label":"intervention"},{"weight":156,"label":"cochrane"},{"weight":146,"label":"result"},{"weight":144,"label":"inclusion"}],"subTopicId":508},{"conceptId":9,"clusterId":0,"hexCoordinates":{"x":0,"y":-3},"labels":[{"weight":856,"label":"evidence"},{"weight":724,"label":"clinical"},{"weight":599,"label":"guideline"},{"weight":418,"label":"trial"},{"weight":334,"label":"base"},{"weight":325,"label":"practice"},{"weight":297,"label":"recommendation"},{"weight":204,"label":"recommend"},{"weight":165,"label":"review"},{"weight":145,"label":"research"},{"weight":144,"label":"provide"},{"weight":134,"label":"assessment"},{"weight":130,"label":"clinician"},{"weight":127,"label":"rct"},{"weight":124,"label":"support"},{"weight":121,"label":"controlled"},{"weight":110,"label":"guidance"},{"weight":99,"label":"grade"},{"weight":96,"label":"effectiveness"},{"weight":93,"label":"regard"},{"weight":89,"label":"current"},{"weight":88,"label":"standard"},{"weight":84,"label":"expert"},{"weight":84,"label":"quality"},{"weight":77,"label":"evaluation"}],"subTopicId":492},{"conceptId":15,"clusterId":0,"hexCoordinates":{"x":2.598076211353316,"y":1.5},"labels":[{"weight":441,"label":"sensitivity"},{"weight":377,"label":"dementia"},{"weight":264,"label":"delirium"},{"weight":250,"label":"test"},{"weight":216,"label":"specificity"},{"weight":205,"label":"diagnostic"},{"weight":192,"label":"assessment"},{"weight":172,"label":"accuracy"},{"weight":129,"label":"study"},{"weight":105,"label":"diagnosis"},{"weight":100,"label":"tool"},{"weight":93,"label":"standard"},{"weight":79,"label":"reference"},{"weight":71,"label":"screening"},{"weight":67,"label":"sensitive"},{"weight":60,"label":"participant"},{"weight":47,"label":"criterion"},{"weight":47,"label":"assess"},{"weight":44,"label":"clinical"},{"weight":43,"label":"detect"},{"weight":42,"label":"score"},{"weight":42,"label":"cognitive"},{"weight":41,"label":"iqcode"},{"weight":39,"label":"positive"},{"weight":38,"label":"predictive"}],"subTopicId":990},{"conceptId":12,"clusterId":0,"hexCoordinates":{"x":-1.7320508075688772,"y":-3},"labels":[{"weight":348,"label":"http"},{"weight":322,"label":"report"},{"weight":316,"label":"include"},{"weight":307,"label":"provide"},{"weight":284,"label":"guideline"},{"weight":276,"label":"www"},{"weight":260,"label":"update"},{"weight":216,"label":"consensus"},{"weight":211,"label":"publication"},{"weight":207,"label":"describe"},{"weight":206,"label":"org"},{"weight":197,"label":"online"},{"weight":169,"label":"develop"},{"weight":160,"label":"publish"},{"weight":158,"label":"item"},{"weight":151,"label":"information"},{"weight":149,"label":"statement"},{"weight":149,"label":"international"},{"weight":137,"label":"description"},{"weight":136,"label":"doi"},{"weight":133,"label":"version"},{"weight":120,"label":"expert"},{"weight":116,"label":"document"},{"weight":116,"label":"review"},{"weight":113,"label":"detail"}],"subTopicId":627},{"conceptId":14,"clusterId":0,"hexCoordinates":{"x":0.8660254037844386,"y":-1.5},"labels":[{"weight":2860,"label":"review"},{"weight":1801,"label":"study"},{"weight":1054,"label":"systematic"},{"weight":1024,"label":"literature"},{"weight":1015,"label":"search"},{"weight":980,"label":"identify"},{"weight":882,"label":"evidence"},{"weight":828,"label":"include"},{"weight":647,"label":"research"},{"weight":583,"label":"article"},{"weight":567,"label":"method"},{"weight":544,"label":"publish"},{"weight":532,"label":"database"},{"weight":518,"label":"result"},{"weight":430,"label":"report"},{"weight":411,"label":"conduct"},{"weight":410,"label":"papers"},{"weight":400,"label":"conclusion"},{"weight":374,"label":"relevant"},{"weight":364,"label":"quality"},{"weight":362,"label":"synthesis"},{"weight":358,"label":"aim"},{"weight":342,"label":"criterion"},{"weight":311,"label":"data"},{"weight":302,"label":"background"}],"subTopicId":911},{"conceptId":-1,"clusterId":-1,"hexCoordinates":{"x":6.928203230275509,"y":1.5},"labels":[{"weight":2500,"label":"Unclassified"},{"weight":0,"label":""},{"weight":0,"label":""},{"weight":0,"label":""},{"weight":0,"label":""},{"weight":0,"label":""},{"weight":0,"label":""},{"weight":0,"label":""},{"weight":0,"label":""},{"weight":0,"label":""},{"weight":0,"label":""}],"subTopicId":null},{"conceptId":6,"clusterId":0,"hexCoordinates":{"x":-0.8660254037844386,"y":-4.5},"labels":[{"weight":268,"label":"meta"},{"weight":227,"label":"ethnography"},{"weight":188,"label":"guidance"},{"weight":168,"label":"design"},{"weight":163,"label":"report"},{"weight":97,"label":"synthesis"},{"weight":91,"label":"reporting"},{"weight":91,"label":"method"},{"weight":75,"label":"finding"},{"weight":67,"label":"conduct"},{"weight":66,"label":"study"},{"weight":64,"label":"phase"},{"weight":62,"label":"methodological"},{"weight":62,"label":"evidence"},{"weight":60,"label":"process"},{"weight":59,"label":"practice"},{"weight":53,"label":"health"},{"weight":50,"label":"quality"},{"weight":48,"label":"develop"},{"weight":42,"label":"methodology"},{"weight":42,"label":"improve"},{"weight":41,"label":"research"},{"weight":40,"label":"publish"},{"weight":40,"label":"development"},{"weight":39,"label":"systematic"}],"subTopicId":333},{"conceptId":1,"clusterId":0,"hexCoordinates":{"x":1.7320508075688772,"y":-3},"labels":[{"weight":89,"label":"evidence"},{"weight":76,"label":"participant"},{"weight":64,"label":"study"},{"weight":62,"label":"low"},{"weight":57,"label":"quality"},{"weight":42,"label":"arch"},{"weight":39,"label":"vte"},{"weight":36,"label":"wire"},{"weight":32,"label":"dvt"},{"weight":31,"label":"retainer"},{"weight":30,"label":"versus"},{"weight":28,"label":"symptomatic"},{"weight":26,"label":"moderate"},{"weight":26,"label":"high"},{"weight":25,"label":"heparin"},{"weight":25,"label":"certainty"},{"weight":25,"label":"bleeding"},{"weight":25,"label":"trial"},{"weight":24,"label":"linezolid"},{"weight":23,"label":"difference"},{"weight":22,"label":"lmwh"},{"weight":21,"label":"cochrane"},{"weight":20,"label":"duration"},{"weight":19,"label":"nitus"},{"weight":19,"label":"author"}],"subTopicId":177},{"conceptId":2,"clusterId":0,"hexCoordinates":{"x":0.8660254037844386,"y":1.5},"labels":[{"weight":1838,"label":"study"},{"weight":925,"label":"analysis"},{"weight":903,"label":"meta"},{"weight":462,"label":"risk"},{"weight":462,"label":"review"},{"weight":427,"label":"include"},{"weight":414,"label":"effect"},{"weight":407,"label":"systematic"},{"weight":388,"label":"report"},{"weight":371,"label":"data"},{"weight":328,"label":"bias"},{"weight":306,"label":"search"},{"weight":244,"label":"result"},{"weight":213,"label":"estimate"},{"weight":212,"label":"conduct"},{"weight":211,"label":"quality"},{"weight":200,"label":"random"},{"weight":200,"label":"assess"},{"weight":198,"label":"database"},{"weight":197,"label":"heterogeneity"},{"weight":196,"label":"identify"},{"weight":195,"label":"perform"},{"weight":188,"label":"prevalence"},{"weight":187,"label":"pooled"},{"weight":187,"label":"conclusion"}],"subTopicId":214},{"conceptId":7,"clusterId":0,"hexCoordinates":{"x":-2.598076211353316,"y":-1.5},"labels":[{"weight":500,"label":"peer"},{"weight":357,"label":"review"},{"weight":172,"label":"journal"},{"weight":103,"label":"publication"},{"weight":79,"label":"report"},{"weight":78,"label":"publish"},{"weight":66,"label":"editor"},{"weight":66,"label":"author"},{"weight":52,"label":"time"},{"weight":50,"label":"reviewer"},{"weight":48,"label":"scientific"},{"weight":43,"label":"article"},{"weight":37,"label":"delay"},{"weight":35,"label":"study"},{"weight":34,"label":"relevant"},{"weight":34,"label":"identify"},{"weight":31,"label":"critical"},{"weight":31,"label":"result"},{"weight":29,"label":"analysis"},{"weight":26,"label":"comment"},{"weight":25,"label":"coi"},{"weight":25,"label":"undertake"},{"weight":23,"label":"benefit"},{"weight":23,"label":"literature"},{"weight":23,"label":"open"}],"subTopicId":368},{"conceptId":4,"clusterId":0,"hexCoordinates":{"x":-0.8660254037844386,"y":1.5},"labels":[{"weight":2739,"label":"behaviour"},{"weight":1607,"label":"intervention"},{"weight":1028,"label":"change"},{"weight":538,"label":"behavioural"},{"weight":335,"label":"theory"},{"weight":268,"label":"bct"},{"weight":254,"label":"health"},{"weight":215,"label":"technique"},{"weight":213,"label":"social"},{"weight":202,"label":"effective"},{"weight":183,"label":"target"},{"weight":181,"label":"individual"},{"weight":159,"label":"develop"},{"weight":156,"label":"base"},{"weight":146,"label":"evidence"},{"weight":143,"label":"identify"},{"weight":134,"label":"theoretical"},{"weight":133,"label":"influence"},{"weight":127,"label":"link"},{"weight":122,"label":"context"},{"weight":116,"label":"related"},{"weight":114,"label":"development"},{"weight":113,"label":"design"},{"weight":111,"label":"aim"},{"weight":110,"label":"include"}],"subTopicId":267},{"conceptId":5,"clusterId":0,"hexCoordinates":{"x":-0.8660254037844386,"y":-1.5},"labels":[{"weight":380,"label":"study"},{"weight":228,"label":"review"},{"weight":207,"label":"search"},{"weight":169,"label":"analysis"},{"weight":168,"label":"meta"},{"weight":161,"label":"effect"},{"weight":116,"label":"quality"},{"weight":112,"label":"criterion"},{"weight":111,"label":"database"},{"weight":102,"label":"include"},{"weight":95,"label":"identify"},{"weight":92,"label":"systematic"},{"weight":85,"label":"medline"},{"weight":83,"label":"result"},{"weight":81,"label":"article"},{"weight":77,"label":"prevalence"},{"weight":77,"label":"science"},{"weight":76,"label":"inclusion"},{"weight":73,"label":"embase"},{"weight":73,"label":"health"},{"weight":69,"label":"high"},{"weight":68,"label":"data"},{"weight":64,"label":"conduct"},{"weight":63,"label":"meet"},{"weight":60,"label":"positive"}],"subTopicId":277},{"conceptId":11,"clusterId":0,"hexCoordinates":{"x":2.598076211353316,"y":-1.5},"labels":[{"weight":890,"label":"trial"},{"weight":596,"label":"study"},{"weight":377,"label":"evidence"},{"weight":347,"label":"effect"},{"weight":344,"label":"data"},{"weight":318,"label":"analysis"},{"weight":297,"label":"risk"},{"weight":264,"label":"quality"},{"weight":261,"label":"search"},{"weight":237,"label":"meta"},{"weight":237,"label":"include"},{"weight":231,"label":"review"},{"weight":222,"label":"bias"},{"weight":219,"label":"controlled"},{"weight":189,"label":"outcome"},{"weight":186,"label":"report"},{"weight":184,"label":"participant"},{"weight":179,"label":"rct"},{"weight":178,"label":"cochrane"},{"weight":162,"label":"compare"},{"weight":143,"label":"criterion"},{"weight":139,"label":"assess"},{"weight":135,"label":"low"},{"weight":128,"label":"register"},{"weight":117,"label":"randomised"}],"subTopicId":606}]}