{"linkageTable":[{"node2":15,"distance":0.37932309442647,"node1":4},{"node2":8,"distance":0.453642762862485,"node1":7},{"node2":12,"distance":0.45368444683603,"node1":3},{"node2":10,"distance":0.475587226747265,"node1":1},{"node2":17,"distance":0.48231952449550997,"node1":0},{"node2":11,"distance":0.48348111205817745,"node1":18},{"node2":5,"distance":0.4887215781158375,"node1":19},{"node2":6,"distance":0.4888030053814217,"node1":20},{"node2":14,"distance":0.4891147764742633,"node1":21},{"node2":9,"distance":0.4905804451076225,"node1":16},{"node2":25,"distance":0.4927574956878482,"node1":24},{"node2":13,"distance":0.4952921116939275,"node1":23},{"node2":26,"distance":0.4968158064306255,"node1":22},{"node2":28,"distance":0.4988087556648034,"node1":27},{"node2":2,"distance":0.49889908512809966,"node1":29}],"conceptsData":[{"conceptId":10,"clusterId":0,"hexCoordinates":{"x":3.4641016151377544,"y":-3},"labels":[{"weight":501,"label":"gait"},{"weight":420,"label":"foot"},{"weight":242,"label":"walk"},{"weight":141,"label":"kinematic"},{"weight":141,"label":"ankle"},{"weight":137,"label":"knee"},{"weight":131,"label":"force"},{"weight":129,"label":"study"},{"weight":122,"label":"plantar"},{"weight":119,"label":"pressure"},{"weight":110,"label":"speed"},{"weight":96,"label":"compare"},{"weight":95,"label":"limb"},{"weight":94,"label":"lower"},{"weight":93,"label":"peak"},{"weight":90,"label":"shoe"},{"weight":89,"label":"heel"},{"weight":81,"label":"flexion"},{"weight":74,"label":"healthy"},{"weight":66,"label":"joint"},{"weight":64,"label":"afo"},{"weight":64,"label":"functional"},{"weight":64,"label":"measure"},{"weight":63,"label":"treadmill"},{"weight":61,"label":"run"}],"subTopicId":703},{"conceptId":3,"clusterId":0,"hexCoordinates":{"x":0,"y":0},"labels":[{"weight":274,"label":"nitrate"},{"weight":126,"label":"nitrite"},{"weight":125,"label":"plasma"},{"weight":117,"label":"pla"},{"weight":115,"label":"oxide"},{"weight":112,"label":"nitric"},{"weight":103,"label":"reduce"},{"weight":80,"label":"con"},{"weight":63,"label":"follow"},{"weight":61,"label":"nit"},{"weight":60,"label":"supplementation"},{"weight":58,"label":"dietary"},{"weight":57,"label":"bacterium"},{"weight":55,"label":"abundance"},{"weight":55,"label":"increase"},{"weight":54,"label":"min"},{"weight":50,"label":"change"},{"weight":46,"label":"ingestion"},{"weight":46,"label":"reduction"},{"weight":44,"label":"salivary"},{"weight":44,"label":"trial"},{"weight":38,"label":"healthy"},{"weight":38,"label":"blood"},{"weight":38,"label":"light"},{"weight":34,"label":"measure"}],"subTopicId":218},{"conceptId":1,"clusterId":0,"hexCoordinates":{"x":2.598076211353316,"y":-4.5},"labels":[{"weight":196,"label":"pipeline"},{"weight":99,"label":"motion"},{"weight":86,"label":"pipe"},{"weight":82,"label":"internal"},{"weight":76,"label":"joint"},{"weight":64,"label":"angle"},{"weight":54,"label":"rotation"},{"weight":51,"label":"axis"},{"weight":48,"label":"external"},{"weight":45,"label":"plough"},{"weight":45,"label":"movement"},{"weight":44,"label":"axial"},{"weight":43,"label":"lower"},{"weight":41,"label":"moment"},{"weight":40,"label":"head"},{"weight":39,"label":"kinematic"},{"weight":34,"label":"diameter"},{"weight":34,"label":"determine"},{"weight":32,"label":"result"},{"weight":32,"label":"force"},{"weight":31,"label":"pass"},{"weight":31,"label":"plane"},{"weight":29,"label":"pull"},{"weight":28,"label":"biomechanical"},{"weight":28,"label":"location"}],"subTopicId":33},{"conceptId":-1,"clusterId":-1,"hexCoordinates":{"x":10.392304845413264,"y":1.5},"labels":[{"weight":2500,"label":"Unclassified"},{"weight":0,"label":""},{"weight":0,"label":""},{"weight":0,"label":""},{"weight":0,"label":""},{"weight":0,"label":""},{"weight":0,"label":""},{"weight":0,"label":""},{"weight":0,"label":""},{"weight":0,"label":""},{"weight":0,"label":""}],"subTopicId":null},{"conceptId":8,"clusterId":0,"hexCoordinates":{"x":5.196152422706632,"y":0},"labels":[{"weight":1526,"label":"activity"},{"weight":1182,"label":"physical"},{"weight":459,"label":"time"},{"weight":412,"label":"mvpa"},{"weight":375,"label":"day"},{"weight":321,"label":"walk"},{"weight":294,"label":"daily"},{"weight":280,"label":"active"},{"weight":263,"label":"sedentary"},{"weight":247,"label":"moderate"},{"weight":235,"label":"step"},{"weight":232,"label":"min"},{"weight":231,"label":"level"},{"weight":211,"label":"intensity"},{"weight":205,"label":"vigorous"},{"weight":203,"label":"health"},{"weight":186,"label":"accelerometer"},{"weight":182,"label":"spend"},{"weight":176,"label":"count"},{"weight":172,"label":"study"},{"weight":168,"label":"measure"},{"weight":162,"label":"minute"},{"weight":154,"label":"year"},{"weight":149,"label":"participant"},{"weight":126,"label":"behaviour"}],"subTopicId":534},{"conceptId":2,"clusterId":0,"hexCoordinates":{"x":2.598076211353316,"y":1.5},"labels":[{"weight":648,"label":"strength"},{"weight":176,"label":"grip"},{"weight":54,"label":"uae"},{"weight":46,"label":"gcc"},{"weight":46,"label":"study"},{"weight":45,"label":"handgrip"},{"weight":42,"label":"physical"},{"weight":40,"label":"weakness"},{"weight":39,"label":"hand"},{"weight":35,"label":"arab"},{"weight":32,"label":"emirate"},{"weight":26,"label":"unite"},{"weight":21,"label":"pinch"},{"weight":21,"label":"muscle"},{"weight":20,"label":"upper"},{"weight":19,"label":"fitness"},{"weight":18,"label":"pap"},{"weight":18,"label":"muscular"},{"weight":18,"label":"dexterity"},{"weight":18,"label":"malaysia"},{"weight":18,"label":"month"},{"weight":16,"label":"gulf"},{"weight":16,"label":"status"},{"weight":16,"label":"positive"},{"weight":15,"label":"iam"}],"subTopicId":114},{"conceptId":5,"clusterId":0,"hexCoordinates":{"x":4.330127018922193,"y":-4.5},"labels":[{"weight":455,"label":"fall"},{"weight":80,"label":"mask"},{"weight":67,"label":"risk"},{"weight":59,"label":"balance"},{"weight":51,"label":"perturbation"},{"weight":36,"label":"device"},{"weight":33,"label":"faller"},{"weight":28,"label":"fear"},{"weight":28,"label":"stability"},{"weight":28,"label":"history"},{"weight":27,"label":"prevention"},{"weight":23,"label":"acb"},{"weight":23,"label":"carpal"},{"weight":22,"label":"scc"},{"weight":21,"label":"postural"},{"weight":18,"label":"tunnel"},{"weight":18,"label":"response"},{"weight":17,"label":"anticholinergic"},{"weight":15,"label":"autoantibody"},{"weight":15,"label":"adota"},{"weight":15,"label":"harness"},{"weight":15,"label":"standing"},{"weight":14,"label":"injury"},{"weight":12,"label":"recover"},{"weight":11,"label":"deceleration"}],"subTopicId":256},{"conceptId":7,"clusterId":0,"hexCoordinates":{"x":4.330127018922193,"y":-1.5},"labels":[{"weight":773,"label":"time"},{"weight":520,"label":"day"},{"weight":512,"label":"sedentary"},{"weight":313,"label":"sit"},{"weight":307,"label":"measure"},{"weight":251,"label":"activity"},{"weight":213,"label":"step"},{"weight":198,"label":"wear"},{"weight":194,"label":"monitor"},{"weight":186,"label":"method"},{"weight":176,"label":"activpal"},{"weight":175,"label":"participant"},{"weight":165,"label":"behaviour"},{"weight":164,"label":"spend"},{"weight":161,"label":"minute"},{"weight":160,"label":"agreement"},{"weight":135,"label":"min"},{"weight":129,"label":"study"},{"weight":106,"label":"accelerometer"},{"weight":106,"label":"hour"},{"weight":106,"label":"result"},{"weight":98,"label":"difference"},{"weight":97,"label":"compare"},{"weight":96,"label":"weekend"},{"weight":96,"label":"conclusion"}],"subTopicId":520},{"conceptId":12,"clusterId":0,"hexCoordinates":{"x":1.7320508075688772,"y":0},"labels":[{"weight":788,"label":"exercise"},{"weight":471,"label":"training"},{"weight":421,"label":"min"},{"weight":310,"label":"intensity"},{"weight":286,"label":"performance"},{"weight":264,"label":"time"},{"weight":256,"label":"test"},{"weight":248,"label":"sprint"},{"weight":229,"label":"max"},{"weight":211,"label":"effect"},{"weight":198,"label":"trial"},{"weight":192,"label":"study"},{"weight":191,"label":"week"},{"weight":182,"label":"session"},{"weight":175,"label":"sit"},{"weight":175,"label":"group"},{"weight":172,"label":"increase"},{"weight":171,"label":"follow"},{"weight":161,"label":"control"},{"weight":159,"label":"post"},{"weight":159,"label":"protocol"},{"weight":158,"label":"participant"},{"weight":154,"label":"peak"},{"weight":149,"label":"perform"},{"weight":148,"label":"compare"}],"subTopicId":766},{"conceptId":13,"clusterId":0,"hexCoordinates":{"x":6.928203230275509,"y":0},"labels":[{"weight":3669,"label":"activity"},{"weight":2022,"label":"physical"},{"weight":362,"label":"participation"},{"weight":333,"label":"active"},{"weight":307,"label":"level"},{"weight":198,"label":"leisure"},{"weight":160,"label":"increase"},{"weight":118,"label":"exercise"},{"weight":101,"label":"motivation"},{"weight":78,"label":"influence"},{"weight":74,"label":"benefit"},{"weight":73,"label":"profile"},{"weight":72,"label":"promote"},{"weight":70,"label":"type"},{"weight":65,"label":"fitness"},{"weight":64,"label":"physically"},{"weight":63,"label":"social"},{"weight":59,"label":"inactive"},{"weight":57,"label":"engagement"},{"weight":56,"label":"sport"},{"weight":56,"label":"explore"},{"weight":53,"label":"higher"},{"weight":52,"label":"lifestyle"},{"weight":52,"label":"participate"},{"weight":49,"label":"engage"}],"subTopicId":781},{"conceptId":0,"clusterId":0,"hexCoordinates":{"x":6.06217782649107,"y":-1.5},"labels":[{"weight":505,"label":"behaviour"},{"weight":497,"label":"sedentary"},{"weight":433,"label":"activity"},{"weight":429,"label":"physical"},{"weight":343,"label":"lifestyle"},{"weight":276,"label":"sit"},{"weight":267,"label":"time"},{"weight":253,"label":"health"},{"weight":217,"label":"change"},{"weight":123,"label":"diet"},{"weight":122,"label":"intervention"},{"weight":102,"label":"healthy"},{"weight":97,"label":"weight"},{"weight":94,"label":"day"},{"weight":94,"label":"reduce"},{"weight":83,"label":"base"},{"weight":80,"label":"behavior"},{"weight":78,"label":"man"},{"weight":75,"label":"program"},{"weight":70,"label":"dietary"},{"weight":69,"label":"adult"},{"weight":66,"label":"eurofit"},{"weight":65,"label":"improve"},{"weight":59,"label":"programme"},{"weight":59,"label":"increase"}],"subTopicId":20},{"conceptId":14,"clusterId":0,"hexCoordinates":{"x":2.598076211353316,"y":-1.5},"labels":[{"weight":1531,"label":"sport"},{"weight":632,"label":"athlete"},{"weight":388,"label":"football"},{"weight":344,"label":"coach"},{"weight":322,"label":"club"},{"weight":289,"label":"player"},{"weight":246,"label":"team"},{"weight":238,"label":"performance"},{"weight":231,"label":"competition"},{"weight":224,"label":"elite"},{"weight":189,"label":"soccer"},{"weight":166,"label":"injury"},{"weight":164,"label":"coaching"},{"weight":164,"label":"game"},{"weight":153,"label":"doping"},{"weight":135,"label":"match"},{"weight":135,"label":"professional"},{"weight":120,"label":"play"},{"weight":112,"label":"rugby"},{"weight":105,"label":"league"},{"weight":104,"label":"level"},{"weight":99,"label":"anti"},{"weight":97,"label":"youth"},{"weight":90,"label":"training"},{"weight":89,"label":"competitive"}],"subTopicId":797},{"conceptId":11,"clusterId":0,"hexCoordinates":{"x":0.8660254037844386,"y":-1.5},"labels":[{"weight":1191,"label":"exercise"},{"weight":489,"label":"training"},{"weight":288,"label":"strength"},{"weight":275,"label":"muscle"},{"weight":198,"label":"resistance"},{"weight":186,"label":"performance"},{"weight":176,"label":"week"},{"weight":170,"label":"group"},{"weight":161,"label":"effect"},{"weight":158,"label":"increase"},{"weight":148,"label":"improve"},{"weight":144,"label":"follow"},{"weight":138,"label":"function"},{"weight":122,"label":"compare"},{"weight":118,"label":"study"},{"weight":107,"label":"measure"},{"weight":106,"label":"supplementation"},{"weight":100,"label":"balance"},{"weight":96,"label":"aerobic"},{"weight":92,"label":"capacity"},{"weight":91,"label":"session"},{"weight":89,"label":"post"},{"weight":89,"label":"test"},{"weight":85,"label":"rest"},{"weight":83,"label":"intervention"}],"subTopicId":747},{"conceptId":6,"clusterId":0,"hexCoordinates":{"x":3.4641016151377544,"y":0},"labels":[{"weight":604,"label":"walk"},{"weight":157,"label":"distance"},{"weight":96,"label":"speed"},{"weight":83,"label":"walking"},{"weight":63,"label":"drop"},{"weight":57,"label":"people"},{"weight":57,"label":"test"},{"weight":51,"label":"intermittent"},{"weight":46,"label":"mwt"},{"weight":46,"label":"participant"},{"weight":45,"label":"effect"},{"weight":44,"label":"stimulation"},{"weight":42,"label":"duration"},{"weight":41,"label":"increase"},{"weight":40,"label":"cadence"},{"weight":37,"label":"min"},{"weight":37,"label":"multiple"},{"weight":36,"label":"treadmill"},{"weight":35,"label":"cannabidiol"},{"weight":35,"label":"exercise"},{"weight":33,"label":"claudication"},{"weight":33,"label":"pad"},{"weight":33,"label":"pwm"},{"weight":32,"label":"short"},{"weight":32,"label":"slow"}],"subTopicId":372},{"conceptId":15,"clusterId":0,"hexCoordinates":{"x":1.7320508075688772,"y":-3},"labels":[{"weight":141,"label":"epac"},{"weight":111,"label":"camp"},{"weight":111,"label":"activation"},{"weight":110,"label":"peak"},{"weight":74,"label":"muscle"},{"weight":74,"label":"cyclic"},{"weight":53,"label":"pka"},{"weight":52,"label":"trunk"},{"weight":49,"label":"lower"},{"weight":43,"label":"socs"},{"weight":35,"label":"amp"},{"weight":35,"label":"selective"},{"weight":35,"label":"maximal"},{"weight":31,"label":"agonist"},{"weight":29,"label":"determine"},{"weight":29,"label":"perform"},{"weight":28,"label":"exercise"},{"weight":25,"label":"load"},{"weight":23,"label":"level"},{"weight":22,"label":"cpet"},{"weight":22,"label":"leg"},{"weight":19,"label":"gluteus"},{"weight":19,"label":"activity"},{"weight":18,"label":"ezrin"},{"weight":17,"label":"spasticity"}],"subTopicId":937},{"conceptId":9,"clusterId":0,"hexCoordinates":{"x":0.8660254037844386,"y":-4.5},"labels":[{"weight":244,"label":"milk"},{"weight":174,"label":"cow"},{"weight":129,"label":"golf"},{"weight":126,"label":"lactation"},{"weight":119,"label":"muscle"},{"weight":113,"label":"day"},{"weight":75,"label":"yield"},{"weight":65,"label":"study"},{"weight":60,"label":"dairy"},{"weight":53,"label":"golfer"},{"weight":52,"label":"session"},{"weight":52,"label":"level"},{"weight":49,"label":"performance"},{"weight":49,"label":"significant"},{"weight":47,"label":"swing"},{"weight":42,"label":"ball"},{"weight":40,"label":"difference"},{"weight":39,"label":"activity"},{"weight":39,"label":"fatigue"},{"weight":39,"label":"surface"},{"weight":38,"label":"parity"},{"weight":37,"label":"put"},{"weight":37,"label":"increase"},{"weight":37,"label":"distance"},{"weight":36,"label":"electromyography"}],"subTopicId":695},{"conceptId":4,"clusterId":0,"hexCoordinates":{"x":0,"y":-3},"labels":[{"weight":293,"label":"force"},{"weight":143,"label":"contact"},{"weight":122,"label":"vertical"},{"weight":105,"label":"horizontal"},{"weight":103,"label":"mix"},{"weight":71,"label":"squat"},{"weight":69,"label":"finger"},{"weight":46,"label":"bar"},{"weight":42,"label":"movement"},{"weight":41,"label":"back"},{"weight":39,"label":"velocity"},{"weight":38,"label":"thrust"},{"weight":32,"label":"hip"},{"weight":31,"label":"split"},{"weight":26,"label":"lift"},{"weight":25,"label":"separate"},{"weight":22,"label":"press"},{"weight":22,"label":"dynamic"},{"weight":22,"label":"measure"},{"weight":22,"label":"experiment"},{"weight":22,"label":"reaction"},{"weight":21,"label":"barbell"},{"weight":21,"label":"static"},{"weight":21,"label":"mass"},{"weight":21,"label":"case"}],"subTopicId":236}]}