{"linkageTable":[{"node2":6,"distance":0.445244070097105,"node1":0},{"node2":9,"distance":0.45651729314823497,"node1":2},{"node2":4,"distance":0.45999767681859,"node1":3},{"node2":11,"distance":0.465361165334305,"node1":1},{"node2":14,"distance":0.4732117417942225,"node1":12},{"node2":10,"distance":0.48783059126926753,"node1":16},{"node2":5,"distance":0.48972987627555203,"node1":17},{"node2":7,"distance":0.4923079208550199,"node1":18},{"node2":13,"distance":0.49667174280982623,"node1":15},{"node2":20,"distance":0.49882081150879476,"node1":19},{"node2":8,"distance":0.5,"node1":21}],"conceptsData":[{"conceptId":3,"clusterId":0,"hexCoordinates":{"x":0,"y":0},"labels":[{"weight":681,"label":"fish"},{"weight":580,"label":"salmon"},{"weight":352,"label":"atlantic"},{"weight":213,"label":"triploid"},{"weight":131,"label":"diploid"},{"weight":125,"label":"growth"},{"weight":124,"label":"salar"},{"weight":122,"label":"salmo"},{"weight":116,"label":"aquaculture"},{"weight":111,"label":"freshwater"},{"weight":110,"label":"smolt"},{"weight":110,"label":"wild"},{"weight":101,"label":"difference"},{"weight":96,"label":"stage"},{"weight":96,"label":"higher"},{"weight":93,"label":"result"},{"weight":92,"label":"post"},{"weight":88,"label":"trout"},{"weight":87,"label":"stock"},{"weight":84,"label":"species"},{"weight":81,"label":"survival"},{"weight":81,"label":"farmed"},{"weight":78,"label":"ploidy"},{"weight":72,"label":"marine"},{"weight":70,"label":"study"}],"subTopicId":577},{"conceptId":4,"clusterId":0,"hexCoordinates":{"x":1.7320508075688772,"y":0},"labels":[{"weight":596,"label":"feed"},{"weight":567,"label":"diet"},{"weight":200,"label":"dietary"},{"weight":190,"label":"protein"},{"weight":153,"label":"growth"},{"weight":119,"label":"level"},{"weight":109,"label":"larva"},{"weight":93,"label":"effect"},{"weight":91,"label":"fish"},{"weight":85,"label":"performance"},{"weight":82,"label":"fed"},{"weight":75,"label":"weight"},{"weight":73,"label":"inclusion"},{"weight":70,"label":"higher"},{"weight":70,"label":"high"},{"weight":62,"label":"observe"},{"weight":60,"label":"supplementation"},{"weight":59,"label":"lipid"},{"weight":59,"label":"significantly"},{"weight":56,"label":"feeding"},{"weight":55,"label":"day"},{"weight":53,"label":"survival"},{"weight":53,"label":"treatment"},{"weight":51,"label":"meal"},{"weight":51,"label":"experiment"}],"subTopicId":631},{"conceptId":0,"clusterId":0,"hexCoordinates":{"x":2.598076211353316,"y":-1.5},"labels":[{"weight":326,"label":"acid"},{"weight":300,"label":"pufa"},{"weight":282,"label":"fatty"},{"weight":171,"label":"elovl"},{"weight":162,"label":"biosynthesis"},{"weight":112,"label":"lipid"},{"weight":102,"label":"fads"},{"weight":102,"label":"chain"},{"weight":100,"label":"desaturase"},{"weight":97,"label":"long"},{"weight":89,"label":"expression"},{"weight":84,"label":"fad"},{"weight":78,"label":"activity"},{"weight":75,"label":"gene"},{"weight":64,"label":"polyunsaturated"},{"weight":63,"label":"dha"},{"weight":62,"label":"teleost"},{"weight":62,"label":"enzyme"},{"weight":58,"label":"pathway"},{"weight":54,"label":"ppar"},{"weight":54,"label":"show"},{"weight":49,"label":"abt"},{"weight":49,"label":"liver"},{"weight":49,"label":"fish"},{"weight":48,"label":"srebp"}],"subTopicId":88},{"conceptId":-1,"clusterId":-1,"hexCoordinates":{"x":6.06217782649107,"y":1.5},"labels":[{"weight":2500,"label":"Unclassified"},{"weight":0,"label":""},{"weight":0,"label":""},{"weight":0,"label":""},{"weight":0,"label":""},{"weight":0,"label":""},{"weight":0,"label":""},{"weight":0,"label":""},{"weight":0,"label":""},{"weight":0,"label":""},{"weight":0,"label":""}],"subTopicId":null},{"conceptId":9,"clusterId":0,"hexCoordinates":{"x":0,"y":-3},"labels":[{"weight":253,"label":"acid"},{"weight":241,"label":"antioxidant"},{"weight":203,"label":"food"},{"weight":190,"label":"tea"},{"weight":186,"label":"effect"},{"weight":162,"label":"polyphenol"},{"weight":132,"label":"study"},{"weight":128,"label":"product"},{"weight":127,"label":"consumption"},{"weight":121,"label":"content"},{"weight":119,"label":"compound"},{"weight":118,"label":"phenolic"},{"weight":105,"label":"protein"},{"weight":105,"label":"total"},{"weight":99,"label":"starch"},{"weight":96,"label":"concentration"},{"weight":96,"label":"human"},{"weight":93,"label":"health"},{"weight":92,"label":"juice"},{"weight":87,"label":"potential"},{"weight":78,"label":"rich"},{"weight":74,"label":"bread"},{"weight":71,"label":"result"},{"weight":70,"label":"anthocyanin"},{"weight":70,"label":"digestion"}],"subTopicId":873},{"conceptId":10,"clusterId":0,"hexCoordinates":{"x":-0.8660254037844386,"y":-1.5},"labels":[{"weight":387,"label":"fish"},{"weight":264,"label":"trout"},{"weight":163,"label":"intestinal"},{"weight":149,"label":"rainbow"},{"weight":107,"label":"intestine"},{"weight":106,"label":"gut"},{"weight":95,"label":"tissue"},{"weight":88,"label":"study"},{"weight":85,"label":"kidney"},{"weight":84,"label":"probiotic"},{"weight":76,"label":"salmonid"},{"weight":58,"label":"liver"},{"weight":56,"label":"gill"},{"weight":56,"label":"gastrointestinal"},{"weight":55,"label":"brown"},{"weight":55,"label":"salmon"},{"weight":52,"label":"head"},{"weight":48,"label":"species"},{"weight":47,"label":"bacterial"},{"weight":45,"label":"small"},{"weight":44,"label":"prebiotic"},{"weight":44,"label":"oncorhynchus"},{"weight":37,"label":"mykiss"},{"weight":36,"label":"microbiota"},{"weight":36,"label":"aquaculture"}],"subTopicId":893},{"conceptId":11,"clusterId":0,"hexCoordinates":{"x":0.8660254037844386,"y":-4.5},"labels":[{"weight":103,"label":"exposure"},{"weight":103,"label":"risk"},{"weight":89,"label":"day"},{"weight":83,"label":"malnutrition"},{"weight":73,"label":"nutritional"},{"weight":72,"label":"food"},{"weight":69,"label":"data"},{"weight":58,"label":"human"},{"weight":57,"label":"health"},{"weight":54,"label":"panel"},{"weight":52,"label":"estimate"},{"weight":47,"label":"weight"},{"weight":44,"label":"effect"},{"weight":43,"label":"level"},{"weight":42,"label":"dose"},{"weight":38,"label":"undernutrition"},{"weight":38,"label":"dietary"},{"weight":38,"label":"assessment"},{"weight":37,"label":"contam"},{"weight":36,"label":"group"},{"weight":36,"label":"base"},{"weight":34,"label":"efsa"},{"weight":34,"label":"feed"},{"weight":33,"label":"form"},{"weight":33,"label":"body"}],"subTopicId":917},{"conceptId":8,"clusterId":0,"hexCoordinates":{"x":2.598076211353316,"y":-4.5},"labels":[{"weight":124,"label":"die"},{"weight":97,"label":"der"},{"weight":69,"label":"und"},{"weight":52,"label":"van"},{"weight":37,"label":"von"},{"weight":32,"label":"den"},{"weight":27,"label":"partnership"},{"weight":26,"label":"des"},{"weight":26,"label":"innovation"},{"weight":26,"label":"healthy"},{"weight":26,"label":"active"},{"weight":25,"label":"mit"},{"weight":25,"label":"chronic"},{"weight":25,"label":"action"},{"weight":24,"label":"disease"},{"weight":24,"label":"european"},{"weight":23,"label":"ageing"},{"weight":21,"label":"scale"},{"weight":20,"label":"eine"},{"weight":20,"label":"das"},{"weight":18,"label":"respiratory"},{"weight":17,"label":"synergy"},{"weight":16,"label":"aha"},{"weight":16,"label":"het"},{"weight":16,"label":"plan"}],"subTopicId":855},{"conceptId":2,"clusterId":0,"hexCoordinates":{"x":-1.7320508075688772,"y":-3},"labels":[{"weight":213,"label":"fruit"},{"weight":73,"label":"fin"},{"weight":57,"label":"cherry"},{"weight":51,"label":"storage"},{"weight":40,"label":"mcp"},{"weight":40,"label":"store"},{"weight":33,"label":"low"},{"weight":31,"label":"berry"},{"weight":30,"label":"psgg"},{"weight":30,"label":"ipnv"},{"weight":28,"label":"morph"},{"weight":28,"label":"pressure"},{"weight":26,"label":"content"},{"weight":23,"label":"anthocyanin"},{"weight":22,"label":"tomato"},{"weight":22,"label":"fresh"},{"weight":21,"label":"quality"},{"weight":21,"label":"week"},{"weight":18,"label":"yogurt"},{"weight":18,"label":"sweet"},{"weight":17,"label":"caudal"},{"weight":16,"label":"production"},{"weight":15,"label":"strawberry"},{"weight":15,"label":"lame"},{"weight":15,"label":"ethylene"}],"subTopicId":426},{"conceptId":5,"clusterId":0,"hexCoordinates":{"x":1.7320508075688772,"y":-3},"labels":[{"weight":379,"label":"aquaculture"},{"weight":253,"label":"production"},{"weight":185,"label":"fish"},{"weight":146,"label":"impact"},{"weight":133,"label":"species"},{"weight":119,"label":"food"},{"weight":118,"label":"industry"},{"weight":117,"label":"seaweed"},{"weight":108,"label":"farm"},{"weight":108,"label":"growth"},{"weight":107,"label":"increase"},{"weight":106,"label":"feed"},{"weight":94,"label":"culture"},{"weight":89,"label":"marine"},{"weight":88,"label":"environmental"},{"weight":83,"label":"goose"},{"weight":77,"label":"potential"},{"weight":70,"label":"grow"},{"weight":68,"label":"produce"},{"weight":66,"label":"sea"},{"weight":66,"label":"source"},{"weight":65,"label":"animal"},{"weight":64,"label":"fishery"},{"weight":64,"label":"salmon"},{"weight":62,"label":"imta"}],"subTopicId":661},{"conceptId":6,"clusterId":0,"hexCoordinates":{"x":0.8660254037844386,"y":-1.5},"labels":[{"weight":564,"label":"acid"},{"weight":496,"label":"diet"},{"weight":487,"label":"fish"},{"weight":472,"label":"feed"},{"weight":424,"label":"dha"},{"weight":413,"label":"lipid"},{"weight":403,"label":"fatty"},{"weight":305,"label":"dietary"},{"weight":304,"label":"oil"},{"weight":288,"label":"epa"},{"weight":206,"label":"pufa"},{"weight":203,"label":"level"},{"weight":195,"label":"protein"},{"weight":194,"label":"composition"},{"weight":171,"label":"growth"},{"weight":133,"label":"ara"},{"weight":128,"label":"source"},{"weight":122,"label":"nutritional"},{"weight":122,"label":"effect"},{"weight":119,"label":"content"},{"weight":108,"label":"omega"},{"weight":108,"label":"increase"},{"weight":103,"label":"meal"},{"weight":91,"label":"phospholipid"},{"weight":89,"label":"fed"}],"subTopicId":751},{"conceptId":1,"clusterId":0,"hexCoordinates":{"x":-0.8660254037844386,"y":-4.5},"labels":[{"weight":261,"label":"panel"},{"weight":258,"label":"food"},{"weight":157,"label":"substance"},{"weight":112,"label":"process"},{"weight":108,"label":"safety"},{"weight":95,"label":"pet"},{"weight":82,"label":"efsa"},{"weight":81,"label":"flavouring"},{"weight":80,"label":"conclude"},{"weight":79,"label":"concern"},{"weight":77,"label":"enzyme"},{"weight":70,"label":"material"},{"weight":66,"label":"contact"},{"weight":66,"label":"claim"},{"weight":63,"label":"provide"},{"weight":60,"label":"scientific"},{"weight":56,"label":"evaluation"},{"weight":55,"label":"consumer"},{"weight":55,"label":"product"},{"weight":54,"label":"opinion"},{"weight":50,"label":"level"},{"weight":49,"label":"step"},{"weight":48,"label":"intend"},{"weight":47,"label":"processing"},{"weight":45,"label":"applicant"}],"subTopicId":321},{"conceptId":7,"clusterId":0,"hexCoordinates":{"x":0.8660254037844386,"y":1.5},"labels":[{"weight":310,"label":"lice"},{"weight":253,"label":"sea"},{"weight":246,"label":"salmon"},{"weight":127,"label":"farm"},{"weight":95,"label":"fish"},{"weight":92,"label":"atlantic"},{"weight":74,"label":"salmonis"},{"weight":67,"label":"parasite"},{"weight":62,"label":"resistance"},{"weight":61,"label":"control"},{"weight":60,"label":"host"},{"weight":59,"label":"louse"},{"weight":56,"label":"wrasse"},{"weight":48,"label":"abundance"},{"weight":44,"label":"aquaculture"},{"weight":43,"label":"gill"},{"weight":43,"label":"wild"},{"weight":42,"label":"time"},{"weight":39,"label":"agd"},{"weight":39,"label":"ballan"},{"weight":38,"label":"significant"},{"weight":37,"label":"site"},{"weight":35,"label":"farmed"},{"weight":34,"label":"lepeophtheirus"},{"weight":34,"label":"stage"}],"subTopicId":844}]}