{"linkageTable":[{"node2":16,"distance":0.419007331829785,"node1":14},{"node2":13,"distance":0.419605797414065,"node1":2},{"node2":15,"distance":0.45096117323282503,"node1":12},{"node2":10,"distance":0.457136047971415,"node1":3},{"node2":8,"distance":0.4602410132873,"node1":6},{"node2":18,"distance":0.4650486447173625,"node1":0},{"node2":9,"distance":0.470971014382035,"node1":4},{"node2":17,"distance":0.47666299081624997,"node1":21},{"node2":24,"distance":0.48016244289436,"node1":23},{"node2":19,"distance":0.4803192906638751,"node1":22},{"node2":7,"distance":0.488530187913686,"node1":26},{"node2":25,"distance":0.49364878881564705,"node1":20},{"node2":11,"distance":0.4942518763453833,"node1":27},{"node2":28,"distance":0.49518222582201826,"node1":29},{"node2":1,"distance":0.49830576376879504,"node1":30},{"node2":5,"distance":0.498568015930411,"node1":31}],"conceptsData":[{"conceptId":0,"clusterId":0,"hexCoordinates":{"x":4.330127018922193,"y":1.5},"labels":[{"weight":153,"label":"condensate"},{"weight":107,"label":"polariton"},{"weight":104,"label":"exciton"},{"weight":48,"label":"podocyte"},{"weight":47,"label":"pump"},{"weight":36,"label":"accreditation"},{"weight":34,"label":"condensation"},{"weight":24,"label":"einstein"},{"weight":23,"label":"threshold"},{"weight":22,"label":"microcavity"},{"weight":21,"label":"stalk"},{"weight":21,"label":"potential"},{"weight":19,"label":"bose"},{"weight":17,"label":"curli"},{"weight":17,"label":"disorder"},{"weight":16,"label":"gmp"},{"weight":16,"label":"emission"},{"weight":15,"label":"trap"},{"weight":15,"label":"semiconductor"},{"weight":15,"label":"degeneracy"},{"weight":15,"label":"spatial"},{"weight":13,"label":"nise"},{"weight":13,"label":"excitonic"},{"weight":13,"label":"point"},{"weight":13,"label":"investigate"}],"subTopicId":0},{"conceptId":-1,"clusterId":-1,"hexCoordinates":{"x":9.526279441628825,"y":1.5},"labels":[{"weight":2500,"label":"Unclassified"},{"weight":0,"label":""},{"weight":0,"label":""},{"weight":0,"label":""},{"weight":0,"label":""},{"weight":0,"label":""},{"weight":0,"label":""},{"weight":0,"label":""},{"weight":0,"label":""},{"weight":0,"label":""},{"weight":0,"label":""}],"subTopicId":null},{"conceptId":3,"clusterId":0,"hexCoordinates":{"x":2.598076211353316,"y":-4.5},"labels":[{"weight":481,"label":"beam"},{"weight":361,"label":"electron"},{"weight":276,"label":"plasma"},{"weight":188,"label":"laser"},{"weight":151,"label":"energy"},{"weight":135,"label":"bunch"},{"weight":132,"label":"acceleration"},{"weight":130,"label":"accelerator"},{"weight":110,"label":"wakefield"},{"weight":110,"label":"injection"},{"weight":87,"label":"density"},{"weight":79,"label":"accelerate"},{"weight":75,"label":"high"},{"weight":70,"label":"particle"},{"weight":67,"label":"drive"},{"weight":62,"label":"ionization"},{"weight":60,"label":"source"},{"weight":57,"label":"experiment"},{"weight":53,"label":"muon"},{"weight":53,"label":"pulse"},{"weight":52,"label":"simulation"},{"weight":51,"label":"proton"},{"weight":44,"label":"cell"},{"weight":43,"label":"ray"},{"weight":39,"label":"lwfa"}],"subTopicId":288},{"conceptId":12,"clusterId":0,"hexCoordinates":{"x":5.196152422706632,"y":0},"labels":[{"weight":658,"label":"spin"},{"weight":396,"label":"state"},{"weight":302,"label":"magnetic"},{"weight":281,"label":"transition"},{"weight":236,"label":"phase"},{"weight":226,"label":"order"},{"weight":205,"label":"temperature"},{"weight":190,"label":"interaction"},{"weight":187,"label":"lattice"},{"weight":177,"label":"electron"},{"weight":176,"label":"band"},{"weight":171,"label":"electronic"},{"weight":153,"label":"structure"},{"weight":153,"label":"coupling"},{"weight":148,"label":"material"},{"weight":144,"label":"quantum"},{"weight":136,"label":"topological"},{"weight":135,"label":"symmetry"},{"weight":132,"label":"surface"},{"weight":130,"label":"show"},{"weight":129,"label":"energy"},{"weight":126,"label":"system"},{"weight":124,"label":"low"},{"weight":109,"label":"dimensional"},{"weight":92,"label":"ferromagnetic"}],"subTopicId":658},{"conceptId":1,"clusterId":0,"hexCoordinates":{"x":3.4641016151377544,"y":-3},"labels":[{"weight":275,"label":"state"},{"weight":260,"label":"neutron"},{"weight":167,"label":"energy"},{"weight":140,"label":"nucleus"},{"weight":126,"label":"reaction"},{"weight":117,"label":"decay"},{"weight":98,"label":"shell"},{"weight":98,"label":"measurement"},{"weight":94,"label":"kev"},{"weight":88,"label":"nuclear"},{"weight":87,"label":"model"},{"weight":86,"label":"excitation"},{"weight":85,"label":"calculation"},{"weight":79,"label":"ray"},{"weight":67,"label":"beam"},{"weight":66,"label":"isotope"},{"weight":62,"label":"mev"},{"weight":62,"label":"measure"},{"weight":59,"label":"mass"},{"weight":58,"label":"ground"},{"weight":56,"label":"experimental"},{"weight":56,"label":"high"},{"weight":54,"label":"resonance"},{"weight":51,"label":"proton"},{"weight":51,"label":"experiment"}],"subTopicId":38},{"conceptId":14,"clusterId":0,"hexCoordinates":{"x":0,"y":0},"labels":[{"weight":376,"label":"line"},{"weight":284,"label":"flare"},{"weight":237,"label":"solar"},{"weight":196,"label":"observation"},{"weight":154,"label":"observe"},{"weight":144,"label":"temperature"},{"weight":137,"label":"plasma"},{"weight":124,"label":"prominence"},{"weight":106,"label":"cme"},{"weight":94,"label":"coronal"},{"weight":90,"label":"structure"},{"weight":87,"label":"emission"},{"weight":81,"label":"imaging"},{"weight":79,"label":"profile"},{"weight":78,"label":"region"},{"weight":68,"label":"loop"},{"weight":60,"label":"resolution"},{"weight":58,"label":"density"},{"weight":56,"label":"euv"},{"weight":56,"label":"intensity"},{"weight":56,"label":"spectral"},{"weight":56,"label":"dynamics"},{"weight":55,"label":"aia"},{"weight":51,"label":"rain"},{"weight":51,"label":"velocity"}],"subTopicId":818},{"conceptId":16,"clusterId":0,"hexCoordinates":{"x":1.7320508075688772,"y":0},"labels":[{"weight":290,"label":"solar"},{"weight":286,"label":"energy"},{"weight":267,"label":"ray"},{"weight":254,"label":"radio"},{"weight":247,"label":"electron"},{"weight":247,"label":"emission"},{"weight":228,"label":"burst"},{"weight":215,"label":"flare"},{"weight":142,"label":"source"},{"weight":139,"label":"observation"},{"weight":110,"label":"observe"},{"weight":108,"label":"frequency"},{"weight":100,"label":"type"},{"weight":99,"label":"spectrum"},{"weight":98,"label":"iii"},{"weight":92,"label":"thermal"},{"weight":77,"label":"mhz"},{"weight":76,"label":"low"},{"weight":74,"label":"spectral"},{"weight":65,"label":"range"},{"weight":59,"label":"time"},{"weight":58,"label":"beam"},{"weight":57,"label":"energetic"},{"weight":57,"label":"model"},{"weight":56,"label":"accelerate"}],"subTopicId":951},{"conceptId":8,"clusterId":0,"hexCoordinates":{"x":-0.8660254037844386,"y":-1.5},"labels":[{"weight":360,"label":"magnetic"},{"weight":262,"label":"field"},{"weight":148,"label":"instability"},{"weight":119,"label":"mhd"},{"weight":114,"label":"energy"},{"weight":111,"label":"current"},{"weight":108,"label":"reconnection"},{"weight":96,"label":"sheet"},{"weight":94,"label":"particle"},{"weight":89,"label":"plasma"},{"weight":88,"label":"equilibrium"},{"weight":69,"label":"heating"},{"weight":67,"label":"acceleration"},{"weight":63,"label":"ideal"},{"weight":59,"label":"magnetohydrodynamic"},{"weight":59,"label":"unstable"},{"weight":57,"label":"null"},{"weight":56,"label":"tear"},{"weight":51,"label":"distribution"},{"weight":48,"label":"jet"},{"weight":47,"label":"model"},{"weight":45,"label":"thread"},{"weight":45,"label":"simulation"},{"weight":43,"label":"initial"},{"weight":42,"label":"pressure"}],"subTopicId":424},{"conceptId":9,"clusterId":0,"hexCoordinates":{"x":1.7320508075688772,"y":-3},"labels":[{"weight":1254,"label":"wave"},{"weight":701,"label":"mode"},{"weight":685,"label":"frequency"},{"weight":451,"label":"nonlinear"},{"weight":382,"label":"amplitude"},{"weight":354,"label":"phase"},{"weight":260,"label":"light"},{"weight":257,"label":"effect"},{"weight":255,"label":"show"},{"weight":236,"label":"oscillation"},{"weight":231,"label":"order"},{"weight":229,"label":"propagation"},{"weight":228,"label":"field"},{"weight":215,"label":"harmonic"},{"weight":209,"label":"linear"},{"weight":202,"label":"propagate"},{"weight":188,"label":"study"},{"weight":177,"label":"transverse"},{"weight":174,"label":"observe"},{"weight":168,"label":"velocity"},{"weight":157,"label":"interaction"},{"weight":156,"label":"optical"},{"weight":155,"label":"medium"},{"weight":153,"label":"regime"},{"weight":151,"label":"modulation"}],"subTopicId":466},{"conceptId":13,"clusterId":0,"hexCoordinates":{"x":2.598076211353316,"y":1.5},"labels":[{"weight":226,"label":"quantum"},{"weight":213,"label":"exciton"},{"weight":200,"label":"cavity"},{"weight":197,"label":"polariton"},{"weight":168,"label":"dot"},{"weight":163,"label":"emission"},{"weight":143,"label":"photon"},{"weight":123,"label":"light"},{"weight":114,"label":"coupling"},{"weight":109,"label":"single"},{"weight":98,"label":"mode"},{"weight":95,"label":"optical"},{"weight":89,"label":"regime"},{"weight":83,"label":"microcavity"},{"weight":83,"label":"strong"},{"weight":70,"label":"excitation"},{"weight":64,"label":"observe"},{"weight":60,"label":"emitter"},{"weight":60,"label":"drive"},{"weight":57,"label":"micropillar"},{"weight":55,"label":"semiconductor"},{"weight":55,"label":"couple"},{"weight":50,"label":"coherent"},{"weight":47,"label":"photoluminescence"},{"weight":47,"label":"laser"}],"subTopicId":690},{"conceptId":2,"clusterId":0,"hexCoordinates":{"x":3.4641016151377544,"y":0},"labels":[{"weight":930,"label":"state"},{"weight":449,"label":"quantum"},{"weight":438,"label":"energy"},{"weight":391,"label":"atom"},{"weight":339,"label":"dynamics"},{"weight":318,"label":"excitation"},{"weight":303,"label":"time"},{"weight":277,"label":"system"},{"weight":245,"label":"spectrum"},{"weight":232,"label":"interaction"},{"weight":229,"label":"coupling"},{"weight":212,"label":"excited"},{"weight":212,"label":"spin"},{"weight":197,"label":"transition"},{"weight":188,"label":"optical"},{"weight":184,"label":"atomic"},{"weight":170,"label":"photon"},{"weight":169,"label":"experimental"},{"weight":165,"label":"observe"},{"weight":163,"label":"resolve"},{"weight":163,"label":"probe"},{"weight":155,"label":"relaxation"},{"weight":155,"label":"mode"},{"weight":151,"label":"level"},{"weight":150,"label":"study"}],"subTopicId":97},{"conceptId":15,"clusterId":0,"hexCoordinates":{"x":4.330127018922193,"y":-1.5},"labels":[{"weight":1870,"label":"field"},{"weight":959,"label":"magnetic"},{"weight":331,"label":"electric"},{"weight":179,"label":"effect"},{"weight":155,"label":"apply"},{"weight":143,"label":"interaction"},{"weight":138,"label":"dipole"},{"weight":134,"label":"result"},{"weight":129,"label":"chiral"},{"weight":127,"label":"order"},{"weight":119,"label":"anisotropy"},{"weight":119,"label":"direction"},{"weight":118,"label":"current"},{"weight":114,"label":"orientation"},{"weight":112,"label":"domain"},{"weight":112,"label":"show"},{"weight":106,"label":"external"},{"weight":105,"label":"structure"},{"weight":100,"label":"nematic"},{"weight":99,"label":"property"},{"weight":96,"label":"core"},{"weight":94,"label":"strength"},{"weight":93,"label":"change"},{"weight":89,"label":"magnetization"},{"weight":88,"label":"investigate"}],"subTopicId":942},{"conceptId":10,"clusterId":0,"hexCoordinates":{"x":0.8660254037844386,"y":-4.5},"labels":[{"weight":971,"label":"laser"},{"weight":607,"label":"pulse"},{"weight":528,"label":"radiation"},{"weight":469,"label":"electron"},{"weight":373,"label":"energy"},{"weight":350,"label":"plasma"},{"weight":263,"label":"beam"},{"weight":258,"label":"high"},{"weight":229,"label":"target"},{"weight":183,"label":"ion"},{"weight":178,"label":"source"},{"weight":174,"label":"intensity"},{"weight":157,"label":"ray"},{"weight":137,"label":"produce"},{"weight":132,"label":"interaction"},{"weight":129,"label":"intense"},{"weight":126,"label":"foil"},{"weight":126,"label":"drive"},{"weight":121,"label":"particle"},{"weight":116,"label":"field"},{"weight":114,"label":"generate"},{"weight":113,"label":"simulation"},{"weight":112,"label":"proton"},{"weight":110,"label":"accelerator"},{"weight":108,"label":"relativistic"}],"subTopicId":531},{"conceptId":11,"clusterId":0,"hexCoordinates":{"x":6.06217782649107,"y":-1.5},"labels":[{"weight":415,"label":"orientation"},{"weight":170,"label":"material"},{"weight":141,"label":"axis"},{"weight":130,"label":"anisotropic"},{"weight":121,"label":"direction"},{"weight":80,"label":"surface"},{"weight":78,"label":"isotropic"},{"weight":77,"label":"magnet"},{"weight":67,"label":"angle"},{"weight":67,"label":"parallel"},{"weight":62,"label":"wave"},{"weight":61,"label":"anisotropy"},{"weight":59,"label":"orient"},{"weight":50,"label":"plane"},{"weight":50,"label":"align"},{"weight":49,"label":"perpendicular"},{"weight":46,"label":"component"},{"weight":45,"label":"permanent"},{"weight":38,"label":"interface"},{"weight":37,"label":"propagation"},{"weight":35,"label":"shield"},{"weight":33,"label":"conductor"},{"weight":30,"label":"dependent"},{"weight":29,"label":"tensor"},{"weight":29,"label":"dielectric"}],"subTopicId":537},{"conceptId":5,"clusterId":0,"hexCoordinates":{"x":5.196152422706632,"y":-3},"labels":[{"weight":216,"label":"magnetic"},{"weight":109,"label":"grain"},{"weight":77,"label":"magnetite"},{"weight":76,"label":"state"},{"weight":68,"label":"vortex"},{"weight":66,"label":"particle"},{"weight":64,"label":"domain"},{"weight":58,"label":"psd"},{"weight":50,"label":"magnetization"},{"weight":42,"label":"field"},{"weight":36,"label":"size"},{"weight":32,"label":"single"},{"weight":28,"label":"sample"},{"weight":26,"label":"paleomagnetic"},{"weight":26,"label":"recording"},{"weight":26,"label":"rock"},{"weight":26,"label":"pseudo"},{"weight":26,"label":"temperature"},{"weight":25,"label":"hysteresis"},{"weight":25,"label":"range"},{"weight":24,"label":"heating"},{"weight":24,"label":"signal"},{"weight":23,"label":"structure"},{"weight":22,"label":"behavior"},{"weight":22,"label":"system"}],"subTopicId":320},{"conceptId":7,"clusterId":0,"hexCoordinates":{"x":2.598076211353316,"y":-1.5},"labels":[{"weight":1834,"label":"system"},{"weight":967,"label":"state"},{"weight":928,"label":"dynamics"},{"weight":749,"label":"complex"},{"weight":701,"label":"structure"},{"weight":670,"label":"pattern"},{"weight":642,"label":"model"},{"weight":494,"label":"network"},{"weight":490,"label":"interaction"},{"weight":470,"label":"transition"},{"weight":446,"label":"show"},{"weight":397,"label":"behaviour"},{"weight":288,"label":"process"},{"weight":287,"label":"behavior"},{"weight":285,"label":"complexity"},{"weight":253,"label":"large"},{"weight":246,"label":"phase"},{"weight":244,"label":"couple"},{"weight":240,"label":"investigate"},{"weight":238,"label":"mechanism"},{"weight":237,"label":"time"},{"weight":235,"label":"formation"},{"weight":233,"label":"control"},{"weight":232,"label":"simple"},{"weight":232,"label":"lead"}],"subTopicId":417},{"conceptId":4,"clusterId":0,"hexCoordinates":{"x":0,"y":-3},"labels":[{"weight":276,"label":"plasma"},{"weight":226,"label":"electron"},{"weight":204,"label":"wave"},{"weight":193,"label":"ion"},{"weight":117,"label":"mode"},{"weight":100,"label":"heating"},{"weight":95,"label":"calculation"},{"weight":94,"label":"density"},{"weight":82,"label":"turbulence"},{"weight":78,"label":"collision"},{"weight":78,"label":"simulation"},{"weight":74,"label":"recombination"},{"weight":74,"label":"rate"},{"weight":72,"label":"region"},{"weight":72,"label":"scattering"},{"weight":71,"label":"present"},{"weight":67,"label":"emission"},{"weight":62,"label":"result"},{"weight":61,"label":"ionization"},{"weight":60,"label":"coefficient"},{"weight":56,"label":"charge"},{"weight":56,"label":"experiment"},{"weight":53,"label":"excitation"},{"weight":53,"label":"langmuir"},{"weight":52,"label":"high"}],"subTopicId":310},{"conceptId":6,"clusterId":0,"hexCoordinates":{"x":0.8660254037844386,"y":-1.5},"labels":[{"weight":599,"label":"magnetic"},{"weight":496,"label":"flux"},{"weight":444,"label":"field"},{"weight":308,"label":"loop"},{"weight":279,"label":"coronal"},{"weight":260,"label":"solar"},{"weight":172,"label":"region"},{"weight":151,"label":"reconnection"},{"weight":148,"label":"rope"},{"weight":144,"label":"energy"},{"weight":135,"label":"corona"},{"weight":122,"label":"structure"},{"weight":109,"label":"line"},{"weight":106,"label":"helicity"},{"weight":104,"label":"eruption"},{"weight":103,"label":"active"},{"weight":102,"label":"simulation"},{"weight":99,"label":"tube"},{"weight":86,"label":"flare"},{"weight":85,"label":"observation"},{"weight":80,"label":"mhd"},{"weight":80,"label":"observe"},{"weight":79,"label":"motion"},{"weight":78,"label":"atmosphere"},{"weight":77,"label":"evolution"}],"subTopicId":374}]}