[{"topicData":[{"numberOfDocuments":0.0,"label":"Robert Gordon University"},{"numberOfDocuments":0.0,"label":"Heriot-Watt University"},{"numberOfDocuments":0.0,"label":"Glasgow Caledonian University"},{"numberOfDocuments":0.0,"label":"Queen Margaret University"},{"numberOfDocuments":0.0,"label":"University of the Highlands and Islands"},{"numberOfDocuments":0.0,"label":"University of Dundee"},{"numberOfDocuments":0.0,"label":"Edinburgh Napier University"},{"numberOfDocuments":0.0,"label":"University of Stirling"},{"numberOfDocuments":0.0,"label":"Abertay University"},{"numberOfDocuments":0.0,"label":"University of Aberdeen"},{"numberOfDocuments":0.0,"label":"University of Edinburgh"},{"numberOfDocuments":0.0,"label":"University of the West of Scotland"},{"numberOfDocuments":0.0,"label":"University of Glasgow"},{"numberOfDocuments":0.0,"label":"University of St Andrews"},{"numberOfDocuments":0.0,"label":"University of Strathclyde"}],"conceptId":-1},{"topicData":[{"numberOfDocuments":1.4122873106913105,"label":"Robert Gordon University"},{"numberOfDocuments":0.9301077986854808,"label":"Heriot-Watt University"},{"numberOfDocuments":0.3567653515778735,"label":"Glasgow Caledonian University"},{"numberOfDocuments":6.189626048464525,"label":"Queen Margaret University"},{"numberOfDocuments":0.42783775842653854,"label":"University of the Highlands and Islands"},{"numberOfDocuments":2.21031244750336,"label":"University of Dundee"},{"numberOfDocuments":1.370252748350115,"label":"Edinburgh Napier University"},{"numberOfDocuments":2.36355556151606,"label":"University of Stirling"},{"numberOfDocuments":0.7406737905101862,"label":"Abertay University"},{"numberOfDocuments":1.801673708354704,"label":"University of Aberdeen"},{"numberOfDocuments":6.296190157665285,"label":"University of Edinburgh"},{"numberOfDocuments":1.6576320851384851,"label":"University of the West of Scotland"},{"numberOfDocuments":6.305881893809196,"label":"University of Glasgow"},{"numberOfDocuments":2.6183796224390465,"label":"University of St Andrews"},{"numberOfDocuments":5.157655912268224,"label":"University of Strathclyde"}],"conceptId":0},{"topicData":[{"numberOfDocuments":0.9348279245527822,"label":"Robert Gordon University"},{"numberOfDocuments":0.45280719280719284,"label":"Heriot-Watt University"},{"numberOfDocuments":0.0,"label":"Glasgow Caledonian University"},{"numberOfDocuments":0.023554876496052965,"label":"Queen Margaret University"},{"numberOfDocuments":0.06995869104493696,"label":"University of the Highlands and Islands"},{"numberOfDocuments":1.6526679127103927,"label":"University of Dundee"},{"numberOfDocuments":0.3466883851526271,"label":"Edinburgh Napier University"},{"numberOfDocuments":0.7453740703740703,"label":"University of Stirling"},{"numberOfDocuments":0.4633471713791265,"label":"Abertay University"},{"numberOfDocuments":0.4791906437449568,"label":"University of Aberdeen"},{"numberOfDocuments":1.646298509788564,"label":"University of Edinburgh"},{"numberOfDocuments":0.3833333333333333,"label":"University of the West of Scotland"},{"numberOfDocuments":1.1896860165329746,"label":"University of Glasgow"},{"numberOfDocuments":2.9195611073975423,"label":"University of St Andrews"},{"numberOfDocuments":0.573926718832454,"label":"University of Strathclyde"}],"conceptId":1},{"topicData":[{"numberOfDocuments":0.0,"label":"Robert Gordon University"},{"numberOfDocuments":0.1780821917808219,"label":"Heriot-Watt University"},{"numberOfDocuments":0.02532051282051282,"label":"Glasgow Caledonian University"},{"numberOfDocuments":0.006060606060606061,"label":"Queen Margaret University"},{"numberOfDocuments":0.5235618907518849,"label":"University of the Highlands and Islands"},{"numberOfDocuments":1.3719410605269933,"label":"University of Dundee"},{"numberOfDocuments":0.06521739130434782,"label":"Edinburgh Napier University"},{"numberOfDocuments":1.641995888331465,"label":"University of Stirling"},{"numberOfDocuments":0.3649538866930171,"label":"Abertay University"},{"numberOfDocuments":2.883623626078886,"label":"University of Aberdeen"},{"numberOfDocuments":2.7540340821283076,"label":"University of Edinburgh"},{"numberOfDocuments":0.0,"label":"University of the West of Scotland"},{"numberOfDocuments":2.2613831781494964,"label":"University of Glasgow"},{"numberOfDocuments":1.264333820721696,"label":"University of St Andrews"},{"numberOfDocuments":0.1291853422836638,"label":"University of Strathclyde"}],"conceptId":2},{"topicData":[{"numberOfDocuments":0.013888888888888888,"label":"Robert Gordon University"},{"numberOfDocuments":1.16713679827518,"label":"Heriot-Watt University"},{"numberOfDocuments":0.03984604085921208,"label":"Glasgow Caledonian University"},{"numberOfDocuments":0.008064516129032258,"label":"Queen Margaret University"},{"numberOfDocuments":0.5257126335927558,"label":"University of the Highlands and Islands"},{"numberOfDocuments":1.1471398027209092,"label":"University of Dundee"},{"numberOfDocuments":0.2566696470568094,"label":"Edinburgh Napier University"},{"numberOfDocuments":0.9241362877573964,"label":"University of Stirling"},{"numberOfDocuments":0.09523809523809523,"label":"Abertay University"},{"numberOfDocuments":2.6223832023462132,"label":"University of Aberdeen"},{"numberOfDocuments":23.135843400145557,"label":"University of Edinburgh"},{"numberOfDocuments":0.10264037447428576,"label":"University of the West of Scotland"},{"numberOfDocuments":4.577265659081904,"label":"University of Glasgow"},{"numberOfDocuments":2.384998891077946,"label":"University of St Andrews"},{"numberOfDocuments":2.3825530206426486,"label":"University of Strathclyde"}],"conceptId":3},{"topicData":[{"numberOfDocuments":0.3413619739838475,"label":"Robert Gordon University"},{"numberOfDocuments":1.4245809590054943,"label":"Heriot-Watt University"},{"numberOfDocuments":0.4159174159174159,"label":"Glasgow Caledonian University"},{"numberOfDocuments":0.017174311926605505,"label":"Queen Margaret University"},{"numberOfDocuments":0.1450958904109589,"label":"University of the Highlands and Islands"},{"numberOfDocuments":1.3175136504554597,"label":"University of Dundee"},{"numberOfDocuments":0.34401766200011813,"label":"Edinburgh Napier University"},{"numberOfDocuments":0.40814879564879564,"label":"University of Stirling"},{"numberOfDocuments":0.07137698603755416,"label":"Abertay University"},{"numberOfDocuments":2.651341831460937,"label":"University of Aberdeen"},{"numberOfDocuments":3.368438955736179,"label":"University of Edinburgh"},{"numberOfDocuments":1.8080625075933479,"label":"University of the West of Scotland"},{"numberOfDocuments":3.9549266290340728,"label":"University of Glasgow"},{"numberOfDocuments":0.5292469065620776,"label":"University of St Andrews"},{"numberOfDocuments":1.3809736562470467,"label":"University of Strathclyde"}],"conceptId":4},{"topicData":[{"numberOfDocuments":0.06542056074766354,"label":"Robert Gordon University"},{"numberOfDocuments":2.747288818466533,"label":"Heriot-Watt University"},{"numberOfDocuments":0.20261437908496732,"label":"Glasgow Caledonian University"},{"numberOfDocuments":0.12675592625109744,"label":"Queen Margaret University"},{"numberOfDocuments":0.2059761832858188,"label":"University of the Highlands and Islands"},{"numberOfDocuments":1.0067403794386962,"label":"University of Dundee"},{"numberOfDocuments":0.03773584905660378,"label":"Edinburgh Napier University"},{"numberOfDocuments":1.0303578177087542,"label":"University of Stirling"},{"numberOfDocuments":0.04738037957765304,"label":"Abertay University"},{"numberOfDocuments":1.7846460682294356,"label":"University of Aberdeen"},{"numberOfDocuments":12.533402698993303,"label":"University of Edinburgh"},{"numberOfDocuments":0.9104781009630544,"label":"University of the West of Scotland"},{"numberOfDocuments":8.335495836210239,"label":"University of Glasgow"},{"numberOfDocuments":0.8302918128154839,"label":"University of St Andrews"},{"numberOfDocuments":0.7346814452324187,"label":"University of Strathclyde"}],"conceptId":5},{"topicData":[{"numberOfDocuments":0.10403662949153569,"label":"Robert Gordon University"},{"numberOfDocuments":0.6719069281585207,"label":"Heriot-Watt University"},{"numberOfDocuments":0.011627906976744186,"label":"Glasgow Caledonian University"},{"numberOfDocuments":0.029994065922209635,"label":"Queen Margaret University"},{"numberOfDocuments":0.223767082590612,"label":"University of the Highlands and Islands"},{"numberOfDocuments":1.0399698032266647,"label":"University of Dundee"},{"numberOfDocuments":0.04240826192045705,"label":"Edinburgh Napier University"},{"numberOfDocuments":0.6115536551712146,"label":"University of Stirling"},{"numberOfDocuments":0.11173308032890575,"label":"Abertay University"},{"numberOfDocuments":0.6403316654029275,"label":"University of Aberdeen"},{"numberOfDocuments":2.1544650137326773,"label":"University of Edinburgh"},{"numberOfDocuments":1.079558436317026,"label":"University of the West of Scotland"},{"numberOfDocuments":4.51332212694326,"label":"University of Glasgow"},{"numberOfDocuments":0.9663753717435494,"label":"University of St Andrews"},{"numberOfDocuments":14.413234135393843,"label":"University of Strathclyde"}],"conceptId":6},{"topicData":[{"numberOfDocuments":0.4257931059906846,"label":"Robert Gordon University"},{"numberOfDocuments":2.6623089255081647,"label":"Heriot-Watt University"},{"numberOfDocuments":0.16589330808080807,"label":"Glasgow Caledonian University"},{"numberOfDocuments":0.018913634818089085,"label":"Queen Margaret University"},{"numberOfDocuments":0.4292274311718057,"label":"University of the Highlands and Islands"},{"numberOfDocuments":7.956529312932801,"label":"University of Dundee"},{"numberOfDocuments":1.3982354397897359,"label":"Edinburgh Napier University"},{"numberOfDocuments":5.403129591395523,"label":"University of Stirling"},{"numberOfDocuments":1.8351592197327211,"label":"Abertay University"},{"numberOfDocuments":3.707822616093945,"label":"University of Aberdeen"},{"numberOfDocuments":26.175333624682946,"label":"University of Edinburgh"},{"numberOfDocuments":0.27328339849756184,"label":"University of the West of Scotland"},{"numberOfDocuments":20.535108134570738,"label":"University of Glasgow"},{"numberOfDocuments":11.100617970489036,"label":"University of St Andrews"},{"numberOfDocuments":7.530190519884877,"label":"University of Strathclyde"}],"conceptId":7},{"topicData":[{"numberOfDocuments":0.8386418496454102,"label":"Robert Gordon University"},{"numberOfDocuments":11.345303935694616,"label":"Heriot-Watt University"},{"numberOfDocuments":0.010958437429025664,"label":"Glasgow Caledonian University"},{"numberOfDocuments":0.03797364862740166,"label":"Queen Margaret University"},{"numberOfDocuments":6.249102887576017,"label":"University of the Highlands and Islands"},{"numberOfDocuments":2.0716645411384813,"label":"University of Dundee"},{"numberOfDocuments":0.7516719783668936,"label":"Edinburgh Napier University"},{"numberOfDocuments":1.6380629572927714,"label":"University of Stirling"},{"numberOfDocuments":4.209620774927252,"label":"Abertay University"},{"numberOfDocuments":8.733988888825685,"label":"University of Aberdeen"},{"numberOfDocuments":10.013503416634341,"label":"University of Edinburgh"},{"numberOfDocuments":0.7529897268441381,"label":"University of the West of Scotland"},{"numberOfDocuments":8.756019766387293,"label":"University of Glasgow"},{"numberOfDocuments":3.155632112940343,"label":"University of St Andrews"},{"numberOfDocuments":5.344393592814633,"label":"University of Strathclyde"}],"conceptId":8},{"topicData":[{"numberOfDocuments":0.030202020202020202,"label":"Robert Gordon University"},{"numberOfDocuments":0.10937451903838458,"label":"Heriot-Watt University"},{"numberOfDocuments":0.10144927536231885,"label":"Glasgow Caledonian University"},{"numberOfDocuments":1.30452429887617,"label":"Queen Margaret University"},{"numberOfDocuments":0.0,"label":"University of the Highlands and Islands"},{"numberOfDocuments":1.6822140325171508,"label":"University of Dundee"},{"numberOfDocuments":0.0,"label":"Edinburgh Napier University"},{"numberOfDocuments":0.14142610945319772,"label":"University of Stirling"},{"numberOfDocuments":0.035151515151515156,"label":"Abertay University"},{"numberOfDocuments":0.14525865133318938,"label":"University of Aberdeen"},{"numberOfDocuments":4.593509731210962,"label":"University of Edinburgh"},{"numberOfDocuments":0.15071739633306178,"label":"University of the West of Scotland"},{"numberOfDocuments":2.3500699929921964,"label":"University of Glasgow"},{"numberOfDocuments":9.997653880799204,"label":"University of St Andrews"},{"numberOfDocuments":1.8075189279015198,"label":"University of Strathclyde"}],"conceptId":9},{"topicData":[{"numberOfDocuments":0.586359287337207,"label":"Robert Gordon University"},{"numberOfDocuments":1.5955213637179533,"label":"Heriot-Watt University"},{"numberOfDocuments":1.2975472299778958,"label":"Glasgow Caledonian University"},{"numberOfDocuments":0.05501254540688312,"label":"Queen Margaret University"},{"numberOfDocuments":0.17084391504089216,"label":"University of the Highlands and Islands"},{"numberOfDocuments":6.803947806838021,"label":"University of Dundee"},{"numberOfDocuments":0.6954205462290042,"label":"Edinburgh Napier University"},{"numberOfDocuments":1.9456952561725693,"label":"University of Stirling"},{"numberOfDocuments":0.07398358473187233,"label":"Abertay University"},{"numberOfDocuments":7.639020273034163,"label":"University of Aberdeen"},{"numberOfDocuments":26.966521613072427,"label":"University of Edinburgh"},{"numberOfDocuments":0.454422679412822,"label":"University of the West of Scotland"},{"numberOfDocuments":13.451598117815042,"label":"University of Glasgow"},{"numberOfDocuments":9.863998089418672,"label":"University of St Andrews"},{"numberOfDocuments":12.23413878389497,"label":"University of Strathclyde"}],"conceptId":10},{"topicData":[{"numberOfDocuments":0.004651162790697674,"label":"Robert Gordon University"},{"numberOfDocuments":0.0,"label":"Heriot-Watt University"},{"numberOfDocuments":0.00847457627118644,"label":"Glasgow Caledonian University"},{"numberOfDocuments":0.007142857142857143,"label":"Queen Margaret University"},{"numberOfDocuments":0.0,"label":"University of the Highlands and Islands"},{"numberOfDocuments":0.40607181409351173,"label":"University of Dundee"},{"numberOfDocuments":0.0,"label":"Edinburgh Napier University"},{"numberOfDocuments":9.710204606506124,"label":"University of Stirling"},{"numberOfDocuments":0.0,"label":"Abertay University"},{"numberOfDocuments":0.6631661702933852,"label":"University of Aberdeen"},{"numberOfDocuments":2.7365132977227455,"label":"University of Edinburgh"},{"numberOfDocuments":0.019736842105263157,"label":"University of the West of Scotland"},{"numberOfDocuments":0.8603157655823471,"label":"University of Glasgow"},{"numberOfDocuments":2.7869732602133968,"label":"University of St Andrews"},{"numberOfDocuments":0.5331046367689874,"label":"University of Strathclyde"}],"conceptId":11},{"topicData":[{"numberOfDocuments":0.0,"label":"Robert Gordon University"},{"numberOfDocuments":0.17775256747074278,"label":"Heriot-Watt University"},{"numberOfDocuments":0.010101010101010102,"label":"Glasgow Caledonian University"},{"numberOfDocuments":0.06124975242622302,"label":"Queen Margaret University"},{"numberOfDocuments":0.1997366700268286,"label":"University of the Highlands and Islands"},{"numberOfDocuments":3.5313244724226713,"label":"University of Dundee"},{"numberOfDocuments":0.026086956521739132,"label":"Edinburgh Napier University"},{"numberOfDocuments":1.4773048900906238,"label":"University of Stirling"},{"numberOfDocuments":0.14264025448235976,"label":"Abertay University"},{"numberOfDocuments":31.1521570782221,"label":"University of Aberdeen"},{"numberOfDocuments":3.49372917777412,"label":"University of Edinburgh"},{"numberOfDocuments":0.2792890753998318,"label":"University of the West of Scotland"},{"numberOfDocuments":3.4251891061615076,"label":"University of Glasgow"},{"numberOfDocuments":1.1544388883543715,"label":"University of St Andrews"},{"numberOfDocuments":0.9197672648489035,"label":"University of Strathclyde"}],"conceptId":12},{"topicData":[{"numberOfDocuments":5.473847447273852,"label":"Robert Gordon University"},{"numberOfDocuments":2.2603732816168067,"label":"Heriot-Watt University"},{"numberOfDocuments":0.2443330641065996,"label":"Glasgow Caledonian University"},{"numberOfDocuments":0.09221877156659765,"label":"Queen Margaret University"},{"numberOfDocuments":5.835723660382095,"label":"University of the Highlands and Islands"},{"numberOfDocuments":9.911835871880777,"label":"University of Dundee"},{"numberOfDocuments":1.8532540166667884,"label":"Edinburgh Napier University"},{"numberOfDocuments":5.818333972472891,"label":"University of Stirling"},{"numberOfDocuments":0.681344696969697,"label":"Abertay University"},{"numberOfDocuments":26.485393564684014,"label":"University of Aberdeen"},{"numberOfDocuments":24.95148118994184,"label":"University of Edinburgh"},{"numberOfDocuments":2.4599578976812446,"label":"University of the West of Scotland"},{"numberOfDocuments":23.660221796573225,"label":"University of Glasgow"},{"numberOfDocuments":4.519914491017761,"label":"University of St Andrews"},{"numberOfDocuments":2.8517682663996995,"label":"University of Strathclyde"}],"conceptId":13},{"topicData":[{"numberOfDocuments":0.07873867169008379,"label":"Robert Gordon University"},{"numberOfDocuments":0.9898293557962285,"label":"Heriot-Watt University"},{"numberOfDocuments":7.197619145333474,"label":"Glasgow Caledonian University"},{"numberOfDocuments":0.21221349190189406,"label":"Queen Margaret University"},{"numberOfDocuments":2.8185670826732543,"label":"University of the Highlands and Islands"},{"numberOfDocuments":5.269220523262498,"label":"University of Dundee"},{"numberOfDocuments":0.523905011330573,"label":"Edinburgh Napier University"},{"numberOfDocuments":1.3331003521189548,"label":"University of Stirling"},{"numberOfDocuments":2.5828447946773108,"label":"Abertay University"},{"numberOfDocuments":21.536519335238864,"label":"University of Aberdeen"},{"numberOfDocuments":5.976296507268363,"label":"University of Edinburgh"},{"numberOfDocuments":8.134201619403091,"label":"University of the West of Scotland"},{"numberOfDocuments":21.27279131448792,"label":"University of Glasgow"},{"numberOfDocuments":1.7630579424649753,"label":"University of St Andrews"},{"numberOfDocuments":7.000775438224765,"label":"University of Strathclyde"}],"conceptId":14},{"topicData":[{"numberOfDocuments":0.08817141153975364,"label":"Robert Gordon University"},{"numberOfDocuments":0.2317367833072417,"label":"Heriot-Watt University"},{"numberOfDocuments":0.3427601809954751,"label":"Glasgow Caledonian University"},{"numberOfDocuments":0.7454545454545454,"label":"Queen Margaret University"},{"numberOfDocuments":0.5180983273671812,"label":"University of the Highlands and Islands"},{"numberOfDocuments":0.7567834811589421,"label":"University of Dundee"},{"numberOfDocuments":0.3807541351275582,"label":"Edinburgh Napier University"},{"numberOfDocuments":0.7699505504518616,"label":"University of Stirling"},{"numberOfDocuments":0.0,"label":"Abertay University"},{"numberOfDocuments":2.9991683630609876,"label":"University of Aberdeen"},{"numberOfDocuments":11.904891239007972,"label":"University of Edinburgh"},{"numberOfDocuments":0.18942224777234837,"label":"University of the West of Scotland"},{"numberOfDocuments":8.442767097705357,"label":"University of Glasgow"},{"numberOfDocuments":0.9898411647222585,"label":"University of St Andrews"},{"numberOfDocuments":3.157481542654612,"label":"University of Strathclyde"}],"conceptId":15},{"topicData":[{"numberOfDocuments":0.25882548494445934,"label":"Robert Gordon University"},{"numberOfDocuments":0.4202112797112917,"label":"Heriot-Watt University"},{"numberOfDocuments":0.28484248721754907,"label":"Glasgow Caledonian University"},{"numberOfDocuments":0.2512143023911516,"label":"Queen Margaret University"},{"numberOfDocuments":0.07134837195059712,"label":"University of the Highlands and Islands"},{"numberOfDocuments":0.696235483381729,"label":"University of Dundee"},{"numberOfDocuments":0.36581669139363115,"label":"Edinburgh Napier University"},{"numberOfDocuments":0.6892291193720823,"label":"University of Stirling"},{"numberOfDocuments":0.132689062739684,"label":"Abertay University"},{"numberOfDocuments":1.1395712147395411,"label":"University of Aberdeen"},{"numberOfDocuments":7.1127437321386235,"label":"University of Edinburgh"},{"numberOfDocuments":0.26861196431183265,"label":"University of the West of Scotland"},{"numberOfDocuments":1.8135673957976817,"label":"University of Glasgow"},{"numberOfDocuments":0.6825294259140112,"label":"University of St Andrews"},{"numberOfDocuments":2.3416459099815654,"label":"University of Strathclyde"}],"conceptId":16},{"topicData":[{"numberOfDocuments":1.3213836476911047,"label":"Robert Gordon University"},{"numberOfDocuments":8.728346137772467,"label":"Heriot-Watt University"},{"numberOfDocuments":0.4946813422570038,"label":"Glasgow Caledonian University"},{"numberOfDocuments":0.4988575267378507,"label":"Queen Margaret University"},{"numberOfDocuments":2.1169734801875193,"label":"University of the Highlands and Islands"},{"numberOfDocuments":39.670276607146214,"label":"University of Dundee"},{"numberOfDocuments":0.868516113269044,"label":"Edinburgh Napier University"},{"numberOfDocuments":6.322352520377407,"label":"University of Stirling"},{"numberOfDocuments":1.4245083799418023,"label":"Abertay University"},{"numberOfDocuments":16.480538467831895,"label":"University of Aberdeen"},{"numberOfDocuments":44.72711407122357,"label":"University of Edinburgh"},{"numberOfDocuments":2.0813705271414498,"label":"University of the West of Scotland"},{"numberOfDocuments":42.535334872506255,"label":"University of Glasgow"},{"numberOfDocuments":17.26742369722369,"label":"University of St Andrews"},{"numberOfDocuments":14.59161697841239,"label":"University of Strathclyde"}],"conceptId":17}]