[{"topicData":[{"numberOfDocuments":0.0,"label":"Robert Gordon University"},{"numberOfDocuments":0.0,"label":"Heriot-Watt University"},{"numberOfDocuments":0.0,"label":"Glasgow Caledonian University"},{"numberOfDocuments":0.0,"label":"Queen Margaret University"},{"numberOfDocuments":0.0,"label":"University of the Highlands and Islands"},{"numberOfDocuments":0.0,"label":"University of Dundee"},{"numberOfDocuments":0.0,"label":"Edinburgh Napier University"},{"numberOfDocuments":0.0,"label":"University of Stirling"},{"numberOfDocuments":0.0,"label":"Abertay University"},{"numberOfDocuments":0.0,"label":"University of Aberdeen"},{"numberOfDocuments":0.0,"label":"University of Edinburgh"},{"numberOfDocuments":0.0,"label":"University of the West of Scotland"},{"numberOfDocuments":0.0,"label":"University of Glasgow"},{"numberOfDocuments":0.0,"label":"University of St Andrews"},{"numberOfDocuments":0.0,"label":"University of Strathclyde"}],"conceptId":-1},{"topicData":[{"numberOfDocuments":0.07139958918940797,"label":"Robert Gordon University"},{"numberOfDocuments":0.3216384505522777,"label":"Heriot-Watt University"},{"numberOfDocuments":0.018518518518518517,"label":"Glasgow Caledonian University"},{"numberOfDocuments":0.05766152086906804,"label":"Queen Margaret University"},{"numberOfDocuments":1.1662157552557955,"label":"University of the Highlands and Islands"},{"numberOfDocuments":1.0322532685283234,"label":"University of Dundee"},{"numberOfDocuments":0.17791362795459445,"label":"Edinburgh Napier University"},{"numberOfDocuments":1.4093704152954056,"label":"University of Stirling"},{"numberOfDocuments":0.10080210265924551,"label":"Abertay University"},{"numberOfDocuments":10.527913448439694,"label":"University of Aberdeen"},{"numberOfDocuments":16.04709263627195,"label":"University of Edinburgh"},{"numberOfDocuments":0.014705882352941176,"label":"University of the West of Scotland"},{"numberOfDocuments":4.198005457083474,"label":"University of Glasgow"},{"numberOfDocuments":2.7111945755682,"label":"University of St Andrews"},{"numberOfDocuments":0.3476967574480786,"label":"University of Strathclyde"}],"conceptId":0},{"topicData":[{"numberOfDocuments":5.027194807659429,"label":"Robert Gordon University"},{"numberOfDocuments":3.0227989912292337,"label":"Heriot-Watt University"},{"numberOfDocuments":2.8604086530245194,"label":"Glasgow Caledonian University"},{"numberOfDocuments":7.650104620077224,"label":"Queen Margaret University"},{"numberOfDocuments":16.23576654925366,"label":"University of the Highlands and Islands"},{"numberOfDocuments":11.780908833000366,"label":"University of Dundee"},{"numberOfDocuments":9.131336657167171,"label":"Edinburgh Napier University"},{"numberOfDocuments":57.60664228346013,"label":"University of Stirling"},{"numberOfDocuments":1.2565374295632392,"label":"Abertay University"},{"numberOfDocuments":14.733582191392877,"label":"University of Aberdeen"},{"numberOfDocuments":67.09696254426761,"label":"University of Edinburgh"},{"numberOfDocuments":3.84278559461902,"label":"University of the West of Scotland"},{"numberOfDocuments":68.44865548445155,"label":"University of Glasgow"},{"numberOfDocuments":38.978048894973035,"label":"University of St Andrews"},{"numberOfDocuments":24.23846783951525,"label":"University of Strathclyde"}],"conceptId":1},{"topicData":[{"numberOfDocuments":0.06832779016050682,"label":"Robert Gordon University"},{"numberOfDocuments":0.5514346843751395,"label":"Heriot-Watt University"},{"numberOfDocuments":0.006024096385542169,"label":"Glasgow Caledonian University"},{"numberOfDocuments":0.14861099549312443,"label":"Queen Margaret University"},{"numberOfDocuments":5.150366144955555,"label":"University of the Highlands and Islands"},{"numberOfDocuments":1.6350794725571849,"label":"University of Dundee"},{"numberOfDocuments":0.13346921655241115,"label":"Edinburgh Napier University"},{"numberOfDocuments":18.925629783859844,"label":"University of Stirling"},{"numberOfDocuments":0.011764705882352941,"label":"Abertay University"},{"numberOfDocuments":8.434501796908114,"label":"University of Aberdeen"},{"numberOfDocuments":13.819869530382782,"label":"University of Edinburgh"},{"numberOfDocuments":0.005714285714285714,"label":"University of the West of Scotland"},{"numberOfDocuments":22.557550207473128,"label":"University of Glasgow"},{"numberOfDocuments":2.69476906060142,"label":"University of St Andrews"},{"numberOfDocuments":1.0523027924959667,"label":"University of Strathclyde"}],"conceptId":2},{"topicData":[{"numberOfDocuments":0.47605013037718336,"label":"Robert Gordon University"},{"numberOfDocuments":0.5660095644413413,"label":"Heriot-Watt University"},{"numberOfDocuments":0.1337719298245614,"label":"Glasgow Caledonian University"},{"numberOfDocuments":0.539893540980303,"label":"Queen Margaret University"},{"numberOfDocuments":16.89555519325695,"label":"University of the Highlands and Islands"},{"numberOfDocuments":0.5775547584070285,"label":"University of Dundee"},{"numberOfDocuments":0.9237453830799615,"label":"Edinburgh Napier University"},{"numberOfDocuments":10.680433272508541,"label":"University of Stirling"},{"numberOfDocuments":0.07095975232198143,"label":"Abertay University"},{"numberOfDocuments":9.206385182058769,"label":"University of Aberdeen"},{"numberOfDocuments":9.262507828197938,"label":"University of Edinburgh"},{"numberOfDocuments":1.0159793389951355,"label":"University of the West of Scotland"},{"numberOfDocuments":13.759300319783799,"label":"University of Glasgow"},{"numberOfDocuments":6.135915594538597,"label":"University of St Andrews"},{"numberOfDocuments":1.6785382920324954,"label":"University of Strathclyde"}],"conceptId":3},{"topicData":[{"numberOfDocuments":0.9316580006567671,"label":"Robert Gordon University"},{"numberOfDocuments":1.8081212603190375,"label":"Heriot-Watt University"},{"numberOfDocuments":0.16912981906176094,"label":"Glasgow Caledonian University"},{"numberOfDocuments":0.7062454290079004,"label":"Queen Margaret University"},{"numberOfDocuments":9.799789424251632,"label":"University of the Highlands and Islands"},{"numberOfDocuments":1.5185035980420947,"label":"University of Dundee"},{"numberOfDocuments":0.709848465722327,"label":"Edinburgh Napier University"},{"numberOfDocuments":12.85533598430408,"label":"University of Stirling"},{"numberOfDocuments":0.10390119046373081,"label":"Abertay University"},{"numberOfDocuments":4.060965151462285,"label":"University of Aberdeen"},{"numberOfDocuments":14.387415668122973,"label":"University of Edinburgh"},{"numberOfDocuments":0.8205519786341919,"label":"University of the West of Scotland"},{"numberOfDocuments":23.52442071987698,"label":"University of Glasgow"},{"numberOfDocuments":7.377697354193433,"label":"University of St Andrews"},{"numberOfDocuments":1.6815783470221206,"label":"University of Strathclyde"}],"conceptId":4},{"topicData":[{"numberOfDocuments":0.5125198124854531,"label":"Robert Gordon University"},{"numberOfDocuments":0.21565068789478237,"label":"Heriot-Watt University"},{"numberOfDocuments":0.06132718083937596,"label":"Glasgow Caledonian University"},{"numberOfDocuments":0.6636835759443598,"label":"Queen Margaret University"},{"numberOfDocuments":1.509130861357785,"label":"University of the Highlands and Islands"},{"numberOfDocuments":0.21076463142193277,"label":"University of Dundee"},{"numberOfDocuments":24.02911484550948,"label":"Edinburgh Napier University"},{"numberOfDocuments":7.500032181680121,"label":"University of Stirling"},{"numberOfDocuments":0.008333333333333333,"label":"Abertay University"},{"numberOfDocuments":2.7015517796087893,"label":"University of Aberdeen"},{"numberOfDocuments":5.433443189619495,"label":"University of Edinburgh"},{"numberOfDocuments":0.14285714285714285,"label":"University of the West of Scotland"},{"numberOfDocuments":6.166587861062026,"label":"University of Glasgow"},{"numberOfDocuments":4.323056468748832,"label":"University of St Andrews"},{"numberOfDocuments":1.479301814616022,"label":"University of Strathclyde"}],"conceptId":5},{"topicData":[{"numberOfDocuments":1.0743221577148796,"label":"Robert Gordon University"},{"numberOfDocuments":3.213023499768763,"label":"Heriot-Watt University"},{"numberOfDocuments":0.608489053521743,"label":"Glasgow Caledonian University"},{"numberOfDocuments":0.35474839478801135,"label":"Queen Margaret University"},{"numberOfDocuments":15.893228175691045,"label":"University of the Highlands and Islands"},{"numberOfDocuments":1.8217706056216474,"label":"University of Dundee"},{"numberOfDocuments":1.1355929727363243,"label":"Edinburgh Napier University"},{"numberOfDocuments":10.07184577484237,"label":"University of Stirling"},{"numberOfDocuments":0.3996967641372778,"label":"Abertay University"},{"numberOfDocuments":18.906213969783607,"label":"University of Aberdeen"},{"numberOfDocuments":22.414420746605057,"label":"University of Edinburgh"},{"numberOfDocuments":0.38865278063172876,"label":"University of the West of Scotland"},{"numberOfDocuments":24.67819276201197,"label":"University of Glasgow"},{"numberOfDocuments":11.804847456926467,"label":"University of St Andrews"},{"numberOfDocuments":4.26581644101081,"label":"University of Strathclyde"}],"conceptId":6},{"topicData":[{"numberOfDocuments":1.7951285980570117,"label":"Robert Gordon University"},{"numberOfDocuments":1.5203053914395335,"label":"Heriot-Watt University"},{"numberOfDocuments":2.0536607418690207,"label":"Glasgow Caledonian University"},{"numberOfDocuments":2.352505515444508,"label":"Queen Margaret University"},{"numberOfDocuments":2.4612704516952153,"label":"University of the Highlands and Islands"},{"numberOfDocuments":3.296989312976517,"label":"University of Dundee"},{"numberOfDocuments":1.4861853355874228,"label":"Edinburgh Napier University"},{"numberOfDocuments":9.253905315791977,"label":"University of Stirling"},{"numberOfDocuments":0.6556409392657592,"label":"Abertay University"},{"numberOfDocuments":3.843955069910053,"label":"University of Aberdeen"},{"numberOfDocuments":17.794679614346016,"label":"University of Edinburgh"},{"numberOfDocuments":1.4311880642454635,"label":"University of the West of Scotland"},{"numberOfDocuments":18.599674597276717,"label":"University of Glasgow"},{"numberOfDocuments":11.150246852236974,"label":"University of St Andrews"},{"numberOfDocuments":8.460878522179765,"label":"University of Strathclyde"}],"conceptId":7},{"topicData":[{"numberOfDocuments":0.40165739087100705,"label":"Robert Gordon University"},{"numberOfDocuments":0.8381813583888761,"label":"Heriot-Watt University"},{"numberOfDocuments":0.4041800561635111,"label":"Glasgow Caledonian University"},{"numberOfDocuments":2.2988402567905193,"label":"Queen Margaret University"},{"numberOfDocuments":0.09371405159467897,"label":"University of the Highlands and Islands"},{"numberOfDocuments":1.1143673377830505,"label":"University of Dundee"},{"numberOfDocuments":2.28475513905996,"label":"Edinburgh Napier University"},{"numberOfDocuments":7.282068568315569,"label":"University of Stirling"},{"numberOfDocuments":0.2996078431372549,"label":"Abertay University"},{"numberOfDocuments":2.3979450823126083,"label":"University of Aberdeen"},{"numberOfDocuments":9.259538456944819,"label":"University of Edinburgh"},{"numberOfDocuments":0.9311641925899016,"label":"University of the West of Scotland"},{"numberOfDocuments":6.335159637463154,"label":"University of Glasgow"},{"numberOfDocuments":4.187042649474968,"label":"University of St Andrews"},{"numberOfDocuments":4.377225650109919,"label":"University of Strathclyde"}],"conceptId":8},{"topicData":[{"numberOfDocuments":5.398301489504783,"label":"Robert Gordon University"},{"numberOfDocuments":4.870193465989171,"label":"Heriot-Watt University"},{"numberOfDocuments":2.981624896039529,"label":"Glasgow Caledonian University"},{"numberOfDocuments":5.479232052197595,"label":"Queen Margaret University"},{"numberOfDocuments":7.817486261690416,"label":"University of the Highlands and Islands"},{"numberOfDocuments":8.351070277814035,"label":"University of Dundee"},{"numberOfDocuments":6.454018728227743,"label":"Edinburgh Napier University"},{"numberOfDocuments":23.95438295159729,"label":"University of Stirling"},{"numberOfDocuments":1.5586894139205036,"label":"Abertay University"},{"numberOfDocuments":12.979951892123017,"label":"University of Aberdeen"},{"numberOfDocuments":42.679349293099634,"label":"University of Edinburgh"},{"numberOfDocuments":3.002706721926354,"label":"University of the West of Scotland"},{"numberOfDocuments":35.670256526066694,"label":"University of Glasgow"},{"numberOfDocuments":16.84397888296803,"label":"University of St Andrews"},{"numberOfDocuments":26.65134063047018,"label":"University of Strathclyde"}],"conceptId":9},{"topicData":[{"numberOfDocuments":0.18956485314409618,"label":"Robert Gordon University"},{"numberOfDocuments":0.4489257896699135,"label":"Heriot-Watt University"},{"numberOfDocuments":0.19846098783106658,"label":"Glasgow Caledonian University"},{"numberOfDocuments":0.105008847148496,"label":"Queen Margaret University"},{"numberOfDocuments":1.4370050556348126,"label":"University of the Highlands and Islands"},{"numberOfDocuments":0.5993689101290438,"label":"University of Dundee"},{"numberOfDocuments":0.2026350714291748,"label":"Edinburgh Napier University"},{"numberOfDocuments":1.3201766885996837,"label":"University of Stirling"},{"numberOfDocuments":0.0,"label":"Abertay University"},{"numberOfDocuments":2.2164895161706717,"label":"University of Aberdeen"},{"numberOfDocuments":3.114114047129196,"label":"University of Edinburgh"},{"numberOfDocuments":0.0,"label":"University of the West of Scotland"},{"numberOfDocuments":3.397039098082075,"label":"University of Glasgow"},{"numberOfDocuments":1.727541213994357,"label":"University of St Andrews"},{"numberOfDocuments":0.5740891944862746,"label":"University of Strathclyde"}],"conceptId":10},{"topicData":[{"numberOfDocuments":0.4581085204023826,"label":"Robert Gordon University"},{"numberOfDocuments":0.2437957455141857,"label":"Heriot-Watt University"},{"numberOfDocuments":0.07409853387927619,"label":"Glasgow Caledonian University"},{"numberOfDocuments":0.035376903797956424,"label":"Queen Margaret University"},{"numberOfDocuments":0.2190423775454045,"label":"University of the Highlands and Islands"},{"numberOfDocuments":0.21561048541583436,"label":"University of Dundee"},{"numberOfDocuments":0.007352941176470588,"label":"Edinburgh Napier University"},{"numberOfDocuments":1.065034807625389,"label":"University of Stirling"},{"numberOfDocuments":0.2622400403285253,"label":"Abertay University"},{"numberOfDocuments":0.5999094356076102,"label":"University of Aberdeen"},{"numberOfDocuments":1.0820076390508853,"label":"University of Edinburgh"},{"numberOfDocuments":0.11093189964157707,"label":"University of the West of Scotland"},{"numberOfDocuments":10.973505986511908,"label":"University of Glasgow"},{"numberOfDocuments":2.989362267932568,"label":"University of St Andrews"},{"numberOfDocuments":0.5324214888833655,"label":"University of Strathclyde"}],"conceptId":11},{"topicData":[{"numberOfDocuments":0.46106384711429205,"label":"Robert Gordon University"},{"numberOfDocuments":0.4717229850025752,"label":"Heriot-Watt University"},{"numberOfDocuments":0.42928291646965655,"label":"Glasgow Caledonian University"},{"numberOfDocuments":1.0778331021748961,"label":"Queen Margaret University"},{"numberOfDocuments":0.4545788346516018,"label":"University of the Highlands and Islands"},{"numberOfDocuments":1.2811823305618975,"label":"University of Dundee"},{"numberOfDocuments":2.301505232021897,"label":"Edinburgh Napier University"},{"numberOfDocuments":3.2108757372461603,"label":"University of Stirling"},{"numberOfDocuments":0.17779278153531952,"label":"Abertay University"},{"numberOfDocuments":1.2038394852479346,"label":"University of Aberdeen"},{"numberOfDocuments":10.901944938169274,"label":"University of Edinburgh"},{"numberOfDocuments":0.4034262507079288,"label":"University of the West of Scotland"},{"numberOfDocuments":6.837698250793133,"label":"University of Glasgow"},{"numberOfDocuments":2.9550182938051544,"label":"University of St Andrews"},{"numberOfDocuments":3.186901332578694,"label":"University of Strathclyde"}],"conceptId":12}]