[{"topicData":[{"numberOfDocuments":0.0,"label":"Heriot-Watt University"},{"numberOfDocuments":0.0,"label":"Robert Gordon University"},{"numberOfDocuments":0.0,"label":"Glasgow Caledonian University"},{"numberOfDocuments":0.0,"label":"Queen Margaret University"},{"numberOfDocuments":0.0,"label":"University of the Highlands and Islands"},{"numberOfDocuments":0.0,"label":"University of Dundee"},{"numberOfDocuments":0.0,"label":"Edinburgh Napier University"},{"numberOfDocuments":0.0,"label":"University of Stirling"},{"numberOfDocuments":0.0,"label":"Abertay University"},{"numberOfDocuments":0.0,"label":"University of Aberdeen"},{"numberOfDocuments":0.0,"label":"University of Edinburgh"},{"numberOfDocuments":0.0,"label":"University of the West of Scotland"},{"numberOfDocuments":0.0,"label":"University of Glasgow"},{"numberOfDocuments":0.0,"label":"University of St Andrews"},{"numberOfDocuments":0.0,"label":"University of Strathclyde"}],"conceptId":-1},{"topicData":[{"numberOfDocuments":3.0345008039513837,"label":"Heriot-Watt University"},{"numberOfDocuments":0.17110225061849976,"label":"Robert Gordon University"},{"numberOfDocuments":0.7242336806556234,"label":"Glasgow Caledonian University"},{"numberOfDocuments":0.034833460462751084,"label":"Queen Margaret University"},{"numberOfDocuments":1.0550310687683462,"label":"University of the Highlands and Islands"},{"numberOfDocuments":1.011880056648103,"label":"University of Dundee"},{"numberOfDocuments":1.3223094162331788,"label":"Edinburgh Napier University"},{"numberOfDocuments":0.8419611625803098,"label":"University of Stirling"},{"numberOfDocuments":0.1788707278936607,"label":"Abertay University"},{"numberOfDocuments":1.33912038170477,"label":"University of Aberdeen"},{"numberOfDocuments":5.685725349249537,"label":"University of Edinburgh"},{"numberOfDocuments":0.5575494819139388,"label":"University of the West of Scotland"},{"numberOfDocuments":3.778761570384529,"label":"University of Glasgow"},{"numberOfDocuments":2.0070572683893495,"label":"University of St Andrews"},{"numberOfDocuments":25.36184241406911,"label":"University of Strathclyde"}],"conceptId":0},{"topicData":[{"numberOfDocuments":0.0731266149870801,"label":"Heriot-Watt University"},{"numberOfDocuments":0.1026500638569604,"label":"Robert Gordon University"},{"numberOfDocuments":0.0,"label":"Glasgow Caledonian University"},{"numberOfDocuments":0.14903483707569617,"label":"Queen Margaret University"},{"numberOfDocuments":0.07830606974981484,"label":"University of the Highlands and Islands"},{"numberOfDocuments":1.6485931476294258,"label":"University of Dundee"},{"numberOfDocuments":0.16580831236962346,"label":"Edinburgh Napier University"},{"numberOfDocuments":1.126438699144348,"label":"University of Stirling"},{"numberOfDocuments":0.4622464271896448,"label":"Abertay University"},{"numberOfDocuments":0.29205233248414875,"label":"University of Aberdeen"},{"numberOfDocuments":2.7278157157637355,"label":"University of Edinburgh"},{"numberOfDocuments":0.21188625585301737,"label":"University of the West of Scotland"},{"numberOfDocuments":2.9198517836348574,"label":"University of Glasgow"},{"numberOfDocuments":0.8424180394675834,"label":"University of St Andrews"},{"numberOfDocuments":1.515653802039586,"label":"University of Strathclyde"}],"conceptId":1},{"topicData":[{"numberOfDocuments":10.393764469303623,"label":"Heriot-Watt University"},{"numberOfDocuments":2.56082784073684,"label":"Robert Gordon University"},{"numberOfDocuments":1.7901956171088216,"label":"Glasgow Caledonian University"},{"numberOfDocuments":1.0286964604049813,"label":"Queen Margaret University"},{"numberOfDocuments":0.5802552157660248,"label":"University of the Highlands and Islands"},{"numberOfDocuments":2.1217809865773214,"label":"University of Dundee"},{"numberOfDocuments":13.822266650995186,"label":"Edinburgh Napier University"},{"numberOfDocuments":5.912322149479385,"label":"University of Stirling"},{"numberOfDocuments":0.5332408328384699,"label":"Abertay University"},{"numberOfDocuments":6.146273604786762,"label":"University of Aberdeen"},{"numberOfDocuments":12.303732885362685,"label":"University of Edinburgh"},{"numberOfDocuments":1.1172284391373841,"label":"University of the West of Scotland"},{"numberOfDocuments":22.609354360386803,"label":"University of Glasgow"},{"numberOfDocuments":2.8530855931820254,"label":"University of St Andrews"},{"numberOfDocuments":12.84716693624651,"label":"University of Strathclyde"}],"conceptId":2},{"topicData":[{"numberOfDocuments":2.7466895040281085,"label":"Heriot-Watt University"},{"numberOfDocuments":3.006385382492134,"label":"Robert Gordon University"},{"numberOfDocuments":8.964034759559226,"label":"Glasgow Caledonian University"},{"numberOfDocuments":0.7472127835005948,"label":"Queen Margaret University"},{"numberOfDocuments":0.16039388859411557,"label":"University of the Highlands and Islands"},{"numberOfDocuments":0.5014417370126742,"label":"University of Dundee"},{"numberOfDocuments":1.10820190928774,"label":"Edinburgh Napier University"},{"numberOfDocuments":0.4880835895986483,"label":"University of Stirling"},{"numberOfDocuments":0.2267062442725532,"label":"Abertay University"},{"numberOfDocuments":2.0160516625309635,"label":"University of Aberdeen"},{"numberOfDocuments":4.3095653102609885,"label":"University of Edinburgh"},{"numberOfDocuments":0.7237308531344852,"label":"University of the West of Scotland"},{"numberOfDocuments":3.7139573692824204,"label":"University of Glasgow"},{"numberOfDocuments":0.5756983668800081,"label":"University of St Andrews"},{"numberOfDocuments":31.799163928420665,"label":"University of Strathclyde"}],"conceptId":3},{"topicData":[{"numberOfDocuments":11.49428721577625,"label":"Heriot-Watt University"},{"numberOfDocuments":3.7007719911288737,"label":"Robert Gordon University"},{"numberOfDocuments":1.6763765017088172,"label":"Glasgow Caledonian University"},{"numberOfDocuments":1.125974671558461,"label":"Queen Margaret University"},{"numberOfDocuments":1.3455972117430257,"label":"University of the Highlands and Islands"},{"numberOfDocuments":3.757839383525695,"label":"University of Dundee"},{"numberOfDocuments":3.6022472873667746,"label":"Edinburgh Napier University"},{"numberOfDocuments":5.6963653222171065,"label":"University of Stirling"},{"numberOfDocuments":0.9761013839318098,"label":"Abertay University"},{"numberOfDocuments":11.675955894142131,"label":"University of Aberdeen"},{"numberOfDocuments":26.951412502631875,"label":"University of Edinburgh"},{"numberOfDocuments":1.5384953700904922,"label":"University of the West of Scotland"},{"numberOfDocuments":33.503037262090714,"label":"University of Glasgow"},{"numberOfDocuments":6.627403052575342,"label":"University of St Andrews"},{"numberOfDocuments":48.93081455875408,"label":"University of Strathclyde"}],"conceptId":4},{"topicData":[{"numberOfDocuments":17.600952484343196,"label":"Heriot-Watt University"},{"numberOfDocuments":2.150168675822409,"label":"Robert Gordon University"},{"numberOfDocuments":0.12499076449960504,"label":"Glasgow Caledonian University"},{"numberOfDocuments":0.3126867486799285,"label":"Queen Margaret University"},{"numberOfDocuments":1.6570535044648593,"label":"University of the Highlands and Islands"},{"numberOfDocuments":3.346827254660392,"label":"University of Dundee"},{"numberOfDocuments":5.121923954956858,"label":"Edinburgh Napier University"},{"numberOfDocuments":1.5936748118371136,"label":"University of Stirling"},{"numberOfDocuments":0.1671653163906907,"label":"Abertay University"},{"numberOfDocuments":2.7798260568760216,"label":"University of Aberdeen"},{"numberOfDocuments":52.753934258909254,"label":"University of Edinburgh"},{"numberOfDocuments":2.0150574888891675,"label":"University of the West of Scotland"},{"numberOfDocuments":16.172389666445365,"label":"University of Glasgow"},{"numberOfDocuments":3.2781613350676975,"label":"University of St Andrews"},{"numberOfDocuments":22.383514792809894,"label":"University of Strathclyde"}],"conceptId":5},{"topicData":[{"numberOfDocuments":1.099908212716954,"label":"Heriot-Watt University"},{"numberOfDocuments":0.7934361774422086,"label":"Robert Gordon University"},{"numberOfDocuments":0.20057434143870315,"label":"Glasgow Caledonian University"},{"numberOfDocuments":0.11656053377715028,"label":"Queen Margaret University"},{"numberOfDocuments":0.720412504244702,"label":"University of the Highlands and Islands"},{"numberOfDocuments":0.8392515758559594,"label":"University of Dundee"},{"numberOfDocuments":0.5726969112032936,"label":"Edinburgh Napier University"},{"numberOfDocuments":0.7425582014814981,"label":"University of Stirling"},{"numberOfDocuments":0.13515840476025753,"label":"Abertay University"},{"numberOfDocuments":1.4568564546829572,"label":"University of Aberdeen"},{"numberOfDocuments":3.8875679971611388,"label":"University of Edinburgh"},{"numberOfDocuments":0.7317249488094723,"label":"University of the West of Scotland"},{"numberOfDocuments":4.357859158997274,"label":"University of Glasgow"},{"numberOfDocuments":0.6730621970328929,"label":"University of St Andrews"},{"numberOfDocuments":57.92780839191186,"label":"University of Strathclyde"}],"conceptId":6},{"topicData":[{"numberOfDocuments":5.2714717642156135,"label":"Heriot-Watt University"},{"numberOfDocuments":2.280371623667281,"label":"Robert Gordon University"},{"numberOfDocuments":3.0523325852220626,"label":"Glasgow Caledonian University"},{"numberOfDocuments":0.8435617392873561,"label":"Queen Margaret University"},{"numberOfDocuments":1.1069631625160563,"label":"University of the Highlands and Islands"},{"numberOfDocuments":2.722721909062225,"label":"University of Dundee"},{"numberOfDocuments":4.601804540258712,"label":"Edinburgh Napier University"},{"numberOfDocuments":3.771410298658286,"label":"University of Stirling"},{"numberOfDocuments":0.5062937054883656,"label":"Abertay University"},{"numberOfDocuments":8.001856639227837,"label":"University of Aberdeen"},{"numberOfDocuments":10.26605778237057,"label":"University of Edinburgh"},{"numberOfDocuments":1.2637729949587109,"label":"University of the West of Scotland"},{"numberOfDocuments":11.250352911407044,"label":"University of Glasgow"},{"numberOfDocuments":5.567525859610354,"label":"University of St Andrews"},{"numberOfDocuments":51.090022640962424,"label":"University of Strathclyde"}],"conceptId":7},{"topicData":[{"numberOfDocuments":2.4957212890941016,"label":"Heriot-Watt University"},{"numberOfDocuments":2.5437189012939383,"label":"Robert Gordon University"},{"numberOfDocuments":0.32145540583296006,"label":"Glasgow Caledonian University"},{"numberOfDocuments":0.05064879202810237,"label":"Queen Margaret University"},{"numberOfDocuments":1.339715505762595,"label":"University of the Highlands and Islands"},{"numberOfDocuments":1.9195079905554284,"label":"University of Dundee"},{"numberOfDocuments":1.2093179303978376,"label":"Edinburgh Napier University"},{"numberOfDocuments":2.4983345129759864,"label":"University of Stirling"},{"numberOfDocuments":0.015384615384615385,"label":"Abertay University"},{"numberOfDocuments":1.7996492067786567,"label":"University of Aberdeen"},{"numberOfDocuments":15.675138823577852,"label":"University of Edinburgh"},{"numberOfDocuments":0.4656310808478967,"label":"University of the West of Scotland"},{"numberOfDocuments":5.90514517960907,"label":"University of Glasgow"},{"numberOfDocuments":1.860558446513518,"label":"University of St Andrews"},{"numberOfDocuments":61.59193247305738,"label":"University of Strathclyde"}],"conceptId":8},{"topicData":[{"numberOfDocuments":5.516152977624737,"label":"Heriot-Watt University"},{"numberOfDocuments":0.5643275775440282,"label":"Robert Gordon University"},{"numberOfDocuments":0.20543359545653125,"label":"Glasgow Caledonian University"},{"numberOfDocuments":0.28882783882783886,"label":"Queen Margaret University"},{"numberOfDocuments":0.7501189270893847,"label":"University of the Highlands and Islands"},{"numberOfDocuments":0.6437386949383925,"label":"University of Dundee"},{"numberOfDocuments":1.6274487260248733,"label":"Edinburgh Napier University"},{"numberOfDocuments":1.3607198698566694,"label":"University of Stirling"},{"numberOfDocuments":0.0,"label":"Abertay University"},{"numberOfDocuments":1.437253901048567,"label":"University of Aberdeen"},{"numberOfDocuments":4.676401954588503,"label":"University of Edinburgh"},{"numberOfDocuments":3.9946841489294473,"label":"University of the West of Scotland"},{"numberOfDocuments":9.860752846751266,"label":"University of Glasgow"},{"numberOfDocuments":2.2468770789960377,"label":"University of St Andrews"},{"numberOfDocuments":10.827342742815716,"label":"University of Strathclyde"}],"conceptId":9},{"topicData":[{"numberOfDocuments":2.439342191046042,"label":"Heriot-Watt University"},{"numberOfDocuments":0.611049725564688,"label":"Robert Gordon University"},{"numberOfDocuments":0.02877697841726619,"label":"Glasgow Caledonian University"},{"numberOfDocuments":0.10293751930960904,"label":"Queen Margaret University"},{"numberOfDocuments":0.529121060747374,"label":"University of the Highlands and Islands"},{"numberOfDocuments":1.6820187642358053,"label":"University of Dundee"},{"numberOfDocuments":0.9497189482470737,"label":"Edinburgh Napier University"},{"numberOfDocuments":6.474473854530126,"label":"University of Stirling"},{"numberOfDocuments":0.026795387379797406,"label":"Abertay University"},{"numberOfDocuments":1.3051235400174575,"label":"University of Aberdeen"},{"numberOfDocuments":9.514114242023394,"label":"University of Edinburgh"},{"numberOfDocuments":0.32716023080033124,"label":"University of the West of Scotland"},{"numberOfDocuments":57.722854172116286,"label":"University of Glasgow"},{"numberOfDocuments":5.32056302164411,"label":"University of St Andrews"},{"numberOfDocuments":80.8987376124949,"label":"University of Strathclyde"}],"conceptId":10},{"topicData":[{"numberOfDocuments":4.3118740130187705,"label":"Heriot-Watt University"},{"numberOfDocuments":2.677601352147679,"label":"Robert Gordon University"},{"numberOfDocuments":0.34546585687115117,"label":"Glasgow Caledonian University"},{"numberOfDocuments":0.030846633849326066,"label":"Queen Margaret University"},{"numberOfDocuments":0.7096790862977118,"label":"University of the Highlands and Islands"},{"numberOfDocuments":0.6177329812304133,"label":"University of Dundee"},{"numberOfDocuments":3.107576848327372,"label":"Edinburgh Napier University"},{"numberOfDocuments":0.7535622293410907,"label":"University of Stirling"},{"numberOfDocuments":0.19216626698641087,"label":"Abertay University"},{"numberOfDocuments":2.7300843510527026,"label":"University of Aberdeen"},{"numberOfDocuments":16.050778182812046,"label":"University of Edinburgh"},{"numberOfDocuments":0.29237078444621517,"label":"University of the West of Scotland"},{"numberOfDocuments":59.18718031091302,"label":"University of Glasgow"},{"numberOfDocuments":1.5388965431067705,"label":"University of St Andrews"},{"numberOfDocuments":60.594777557553485,"label":"University of Strathclyde"}],"conceptId":11}]