{"linkageTable":[{"node2":10,"distance":0.44208608363761,"node1":3},{"node2":12,"distance":0.45532286992827,"node1":5},{"node2":11,"distance":0.469896902191845,"node1":8},{"node2":16,"distance":0.480366289636515,"node1":0},{"node2":7,"distance":0.480915010064825,"node1":4},{"node2":9,"distance":0.4822646015514075,"node1":17},{"node2":14,"distance":0.485960180479755,"node1":19},{"node2":20,"distance":0.488632407829695,"node1":21},{"node2":22,"distance":0.4896543557951103,"node1":18},{"node2":13,"distance":0.49392808494697615,"node1":23},{"node2":15,"distance":0.4956736545475021,"node1":24},{"node2":6,"distance":0.49611170319533504,"node1":25},{"node2":2,"distance":0.49679027967021655,"node1":26},{"node2":1,"distance":0.49756219030052395,"node1":27}],"conceptsData":[{"conceptId":1,"clusterId":0,"hexCoordinates":{"x":-4.330127018922193,"y":-1.5},"labels":[{"weight":89,"label":"cbd"},{"weight":85,"label":"union"},{"weight":83,"label":"migration"},{"weight":76,"label":"move"},{"weight":51,"label":"mover"},{"weight":47,"label":"change"},{"weight":40,"label":"risk"},{"weight":40,"label":"partner"},{"weight":34,"label":"dissolution"},{"weight":33,"label":"couple"},{"weight":32,"label":"stability"},{"weight":32,"label":"mobility"},{"weight":30,"label":"negative"},{"weight":28,"label":"type"},{"weight":27,"label":"employment"},{"weight":25,"label":"characteristic"},{"weight":23,"label":"cchf"},{"weight":22,"label":"fever"},{"weight":22,"label":"difficult"},{"weight":22,"label":"find"},{"weight":21,"label":"effect"},{"weight":20,"label":"increase"},{"weight":19,"label":"congo"},{"weight":19,"label":"residential"},{"weight":17,"label":"bav"}],"subTopicId":70},{"conceptId":-1,"clusterId":-1,"hexCoordinates":{"x":5.196152422706632,"y":3},"labels":[{"weight":2500,"label":"Unclassified"},{"weight":0,"label":""},{"weight":0,"label":""},{"weight":0,"label":""},{"weight":0,"label":""},{"weight":0,"label":""},{"weight":0,"label":""},{"weight":0,"label":""},{"weight":0,"label":""},{"weight":0,"label":""},{"weight":0,"label":""}],"subTopicId":null},{"conceptId":4,"clusterId":0,"hexCoordinates":{"x":-1.7320508075688772,"y":0},"labels":[{"weight":667,"label":"risk"},{"weight":611,"label":"factor"},{"weight":384,"label":"disease"},{"weight":332,"label":"prevalence"},{"weight":304,"label":"diabetes"},{"weight":294,"label":"obesity"},{"weight":202,"label":"age"},{"weight":183,"label":"cardiovascular"},{"weight":181,"label":"year"},{"weight":162,"label":"associate"},{"weight":158,"label":"population"},{"weight":155,"label":"health"},{"weight":147,"label":"lifestyle"},{"weight":130,"label":"hypertension"},{"weight":127,"label":"study"},{"weight":112,"label":"smoking"},{"weight":112,"label":"people"},{"weight":106,"label":"individual"},{"weight":101,"label":"participant"},{"weight":100,"label":"high"},{"weight":96,"label":"data"},{"weight":91,"label":"include"},{"weight":88,"label":"odds"},{"weight":86,"label":"related"},{"weight":85,"label":"increase"}],"subTopicId":312},{"conceptId":8,"clusterId":0,"hexCoordinates":{"x":0,"y":0},"labels":[{"weight":1530,"label":"age"},{"weight":1149,"label":"association"},{"weight":1072,"label":"associate"},{"weight":829,"label":"status"},{"weight":766,"label":"year"},{"weight":741,"label":"health"},{"weight":723,"label":"study"},{"weight":573,"label":"regression"},{"weight":548,"label":"factor"},{"weight":465,"label":"result"},{"weight":461,"label":"higher"},{"weight":446,"label":"adjust"},{"weight":432,"label":"data"},{"weight":415,"label":"measure"},{"weight":401,"label":"socioeconomic"},{"weight":401,"label":"conclusion"},{"weight":383,"label":"education"},{"weight":373,"label":"lower"},{"weight":373,"label":"level"},{"weight":368,"label":"cohort"},{"weight":366,"label":"method"},{"weight":360,"label":"adult"},{"weight":337,"label":"model"},{"weight":326,"label":"survey"},{"weight":324,"label":"demographic"}],"subTopicId":553},{"conceptId":11,"clusterId":0,"hexCoordinates":{"x":1.7320508075688772,"y":0},"labels":[{"weight":2496,"label":"older"},{"weight":1683,"label":"adult"},{"weight":885,"label":"age"},{"weight":593,"label":"people"},{"weight":420,"label":"frailty"},{"weight":403,"label":"ageing"},{"weight":326,"label":"younger"},{"weight":259,"label":"aged"},{"weight":193,"label":"elderly"},{"weight":191,"label":"population"},{"weight":179,"label":"life"},{"weight":147,"label":"physical"},{"weight":140,"label":"frail"},{"weight":115,"label":"retirement"},{"weight":109,"label":"functional"},{"weight":107,"label":"individual"},{"weight":105,"label":"dwelling"},{"weight":104,"label":"community"},{"weight":102,"label":"function"},{"weight":90,"label":"decline"},{"weight":70,"label":"quality"},{"weight":65,"label":"fall"},{"weight":62,"label":"sarcopenia"},{"weight":61,"label":"person"},{"weight":51,"label":"daily"}],"subTopicId":742},{"conceptId":9,"clusterId":0,"hexCoordinates":{"x":0.8660254037844386,"y":-1.5},"labels":[{"weight":3966,"label":"age"},{"weight":1678,"label":"year"},{"weight":1396,"label":"early"},{"weight":773,"label":"life"},{"weight":592,"label":"stage"},{"weight":472,"label":"change"},{"weight":459,"label":"adult"},{"weight":449,"label":"young"},{"weight":426,"label":"decline"},{"weight":410,"label":"late"},{"weight":381,"label":"trajectory"},{"weight":368,"label":"older"},{"weight":362,"label":"related"},{"weight":361,"label":"cohort"},{"weight":356,"label":"onset"},{"weight":330,"label":"study"},{"weight":322,"label":"younger"},{"weight":317,"label":"development"},{"weight":315,"label":"increase"},{"weight":306,"label":"aged"},{"weight":295,"label":"difference"},{"weight":271,"label":"time"},{"weight":240,"label":"month"},{"weight":240,"label":"pattern"},{"weight":232,"label":"individual"}],"subTopicId":589},{"conceptId":14,"clusterId":0,"hexCoordinates":{"x":-2.598076211353316,"y":-1.5},"labels":[{"weight":1210,"label":"area"},{"weight":769,"label":"neighbourhood"},{"weight":615,"label":"household"},{"weight":539,"label":"deprivation"},{"weight":500,"label":"rural"},{"weight":496,"label":"income"},{"weight":484,"label":"deprive"},{"weight":476,"label":"level"},{"weight":353,"label":"socio"},{"weight":328,"label":"higher"},{"weight":326,"label":"inequality"},{"weight":308,"label":"economic"},{"weight":306,"label":"access"},{"weight":291,"label":"population"},{"weight":286,"label":"data"},{"weight":284,"label":"community"},{"weight":280,"label":"urban"},{"weight":279,"label":"social"},{"weight":275,"label":"live"},{"weight":252,"label":"socioeconomic"},{"weight":226,"label":"measure"},{"weight":191,"label":"individual"},{"weight":188,"label":"low"},{"weight":186,"label":"lower"},{"weight":186,"label":"study"}],"subTopicId":947},{"conceptId":12,"clusterId":0,"hexCoordinates":{"x":-0.8660254037844386,"y":1.5},"labels":[{"weight":2074,"label":"mortality"},{"weight":1198,"label":"death"},{"weight":1019,"label":"year"},{"weight":984,"label":"rate"},{"weight":546,"label":"age"},{"weight":541,"label":"population"},{"weight":427,"label":"risk"},{"weight":421,"label":"increase"},{"weight":371,"label":"ratio"},{"weight":369,"label":"cohort"},{"weight":326,"label":"incidence"},{"weight":320,"label":"higher"},{"weight":318,"label":"data"},{"weight":305,"label":"study"},{"weight":303,"label":"scotland"},{"weight":295,"label":"compare"},{"weight":291,"label":"related"},{"weight":289,"label":"time"},{"weight":280,"label":"result"},{"weight":263,"label":"follow"},{"weight":230,"label":"method"},{"weight":218,"label":"period"},{"weight":218,"label":"conclusion"},{"weight":213,"label":"hazard"},{"weight":212,"label":"trend"}],"subTopicId":846},{"conceptId":13,"clusterId":0,"hexCoordinates":{"x":0,"y":-3},"labels":[{"weight":755,"label":"condition"},{"weight":418,"label":"epilepsy"},{"weight":350,"label":"multimorbidity"},{"weight":267,"label":"comorbidity"},{"weight":201,"label":"prevalence"},{"weight":197,"label":"physical"},{"weight":174,"label":"chronic"},{"weight":166,"label":"people"},{"weight":166,"label":"common"},{"weight":158,"label":"disease"},{"weight":155,"label":"seizure"},{"weight":143,"label":"health"},{"weight":126,"label":"mental"},{"weight":125,"label":"age"},{"weight":123,"label":"population"},{"weight":100,"label":"compare"},{"weight":99,"label":"number"},{"weight":96,"label":"adult"},{"weight":94,"label":"group"},{"weight":84,"label":"depression"},{"weight":82,"label":"general"},{"weight":78,"label":"increase"},{"weight":72,"label":"primary"},{"weight":69,"label":"polypharmacy"},{"weight":63,"label":"disorder"}],"subTopicId":926},{"conceptId":6,"clusterId":0,"hexCoordinates":{"x":-3.4641016151377544,"y":0},"labels":[{"weight":184,"label":"neighborhood"},{"weight":123,"label":"data"},{"weight":114,"label":"opioid"},{"weight":78,"label":"scotland"},{"weight":69,"label":"area"},{"weight":62,"label":"linkage"},{"weight":59,"label":"health"},{"weight":55,"label":"naloxone"},{"weight":55,"label":"census"},{"weight":51,"label":"child"},{"weight":51,"label":"study"},{"weight":48,"label":"secondary"},{"weight":46,"label":"adolescent"},{"weight":44,"label":"national"},{"weight":42,"label":"outcome"},{"weight":42,"label":"service"},{"weight":42,"label":"school"},{"weight":39,"label":"individual"},{"weight":36,"label":"survey"},{"weight":35,"label":"week"},{"weight":35,"label":"compare"},{"weight":35,"label":"analysis"},{"weight":34,"label":"deprive"},{"weight":34,"label":"population"},{"weight":33,"label":"scottish"}],"subTopicId":329},{"conceptId":0,"clusterId":0,"hexCoordinates":{"x":0,"y":3},"labels":[{"weight":1065,"label":"risk"},{"weight":520,"label":"year"},{"weight":511,"label":"incidence"},{"weight":476,"label":"population"},{"weight":446,"label":"study"},{"weight":427,"label":"associate"},{"weight":425,"label":"increase"},{"weight":405,"label":"case"},{"weight":322,"label":"rate"},{"weight":318,"label":"age"},{"weight":282,"label":"admission"},{"weight":266,"label":"data"},{"weight":263,"label":"cohort"},{"weight":258,"label":"record"},{"weight":256,"label":"ratio"},{"weight":255,"label":"hospital"},{"weight":251,"label":"compare"},{"weight":239,"label":"scotland"},{"weight":233,"label":"adjust"},{"weight":232,"label":"result"},{"weight":205,"label":"exposure"},{"weight":201,"label":"higher"},{"weight":196,"label":"factor"},{"weight":192,"label":"method"},{"weight":180,"label":"regression"}],"subTopicId":43},{"conceptId":2,"clusterId":0,"hexCoordinates":{"x":-1.7320508075688772,"y":-3},"labels":[{"weight":156,"label":"sep"},{"weight":154,"label":"load"},{"weight":112,"label":"neuroticism"},{"weight":97,"label":"allostatic"},{"weight":63,"label":"measure"},{"weight":57,"label":"associate"},{"weight":49,"label":"health"},{"weight":45,"label":"association"},{"weight":40,"label":"higher"},{"weight":39,"label":"socioeconomic"},{"weight":38,"label":"time"},{"weight":35,"label":"position"},{"weight":32,"label":"risk"},{"weight":32,"label":"model"},{"weight":31,"label":"accumulate"},{"weight":30,"label":"life"},{"weight":29,"label":"mediate"},{"weight":26,"label":"mediator"},{"weight":26,"label":"lower"},{"weight":23,"label":"physiological"},{"weight":22,"label":"score"},{"weight":22,"label":"year"},{"weight":21,"label":"biomarker"},{"weight":20,"label":"factor"},{"weight":19,"label":"period"}],"subTopicId":295},{"conceptId":3,"clusterId":0,"hexCoordinates":{"x":-1.7320508075688772,"y":3},"labels":[{"weight":375,"label":"death"},{"weight":252,"label":"age"},{"weight":245,"label":"year"},{"weight":207,"label":"rate"},{"weight":170,"label":"population"},{"weight":170,"label":"estimate"},{"weight":165,"label":"mortality"},{"weight":132,"label":"gbd"},{"weight":129,"label":"country"},{"weight":124,"label":"increase"},{"weight":122,"label":"data"},{"weight":112,"label":"disease"},{"weight":97,"label":"global"},{"weight":96,"label":"decrease"},{"weight":95,"label":"level"},{"weight":83,"label":"injury"},{"weight":78,"label":"location"},{"weight":74,"label":"specific"},{"weight":72,"label":"standardised"},{"weight":69,"label":"study"},{"weight":68,"label":"total"},{"weight":64,"label":"sdi"},{"weight":63,"label":"disorder"},{"weight":62,"label":"yll"},{"weight":58,"label":"livebirth"}],"subTopicId":302},{"conceptId":5,"clusterId":0,"hexCoordinates":{"x":0.8660254037844386,"y":1.5},"labels":[{"weight":469,"label":"asian"},{"weight":438,"label":"white"},{"weight":364,"label":"south"},{"weight":299,"label":"ethnic"},{"weight":220,"label":"black"},{"weight":189,"label":"ethnicity"},{"weight":171,"label":"group"},{"weight":132,"label":"european"},{"weight":118,"label":"african"},{"weight":107,"label":"pakistani"},{"weight":98,"label":"british"},{"weight":89,"label":"woman"},{"weight":84,"label":"population"},{"weight":80,"label":"void"},{"weight":62,"label":"caribbean"},{"weight":57,"label":"indian"},{"weight":53,"label":"man"},{"weight":53,"label":"similar"},{"weight":50,"label":"higher"},{"weight":46,"label":"minority"},{"weight":44,"label":"chinese"},{"weight":41,"label":"origin"},{"weight":39,"label":"life"},{"weight":38,"label":"scottish"},{"weight":35,"label":"climb"}],"subTopicId":315},{"conceptId":10,"clusterId":0,"hexCoordinates":{"x":-2.598076211353316,"y":1.5},"labels":[{"weight":750,"label":"health"},{"weight":679,"label":"year"},{"weight":671,"label":"estimate"},{"weight":631,"label":"million"},{"weight":568,"label":"burden"},{"weight":502,"label":"prevalence"},{"weight":501,"label":"population"},{"weight":500,"label":"disease"},{"weight":492,"label":"country"},{"weight":427,"label":"global"},{"weight":414,"label":"life"},{"weight":404,"label":"increase"},{"weight":378,"label":"mortality"},{"weight":349,"label":"death"},{"weight":242,"label":"rate"},{"weight":201,"label":"daly"},{"weight":199,"label":"risk"},{"weight":195,"label":"data"},{"weight":193,"label":"number"},{"weight":179,"label":"expectancy"},{"weight":166,"label":"high"},{"weight":157,"label":"billion"},{"weight":157,"label":"age"},{"weight":155,"label":"incidence"},{"weight":154,"label":"attributable"}],"subTopicId":597},{"conceptId":7,"clusterId":0,"hexCoordinates":{"x":-0.8660254037844386,"y":-1.5},"labels":[{"weight":1058,"label":"associate"},{"weight":924,"label":"year"},{"weight":879,"label":"study"},{"weight":794,"label":"association"},{"weight":711,"label":"cross"},{"weight":704,"label":"report"},{"weight":605,"label":"sectional"},{"weight":575,"label":"regression"},{"weight":529,"label":"age"},{"weight":520,"label":"analysis"},{"weight":489,"label":"conclusion"},{"weight":466,"label":"participant"},{"weight":462,"label":"method"},{"weight":455,"label":"result"},{"weight":436,"label":"data"},{"weight":421,"label":"factor"},{"weight":384,"label":"higher"},{"weight":355,"label":"significant"},{"weight":353,"label":"adjust"},{"weight":350,"label":"odds"},{"weight":339,"label":"logistic"},{"weight":338,"label":"increase"},{"weight":325,"label":"time"},{"weight":314,"label":"examine"},{"weight":307,"label":"measure"}],"subTopicId":423}]}