{"linkageTable":[{"node2":2,"distance":0.45641592401583,"node1":1},{"node2":7,"distance":0.46605198844953,"node1":0},{"node2":8,"distance":0.47841389768692,"node1":3},{"node2":18,"distance":0.47900287149413,"node1":9},{"node2":17,"distance":0.48360697681743,"node1":4},{"node2":21,"distance":0.48743331094439624,"node1":19},{"node2":13,"distance":0.48883066515801,"node1":6},{"node2":22,"distance":0.491047294239985,"node1":24},{"node2":16,"distance":0.492395631730575,"node1":5},{"node2":15,"distance":0.493913389875875,"node1":11},{"node2":25,"distance":0.4952860672795925,"node1":26},{"node2":12,"distance":0.49565299882954,"node1":20},{"node2":23,"distance":0.4960004113906275,"node1":29},{"node2":28,"distance":0.4976887004685523,"node1":31},{"node2":32,"distance":0.49895862895098453,"node1":30},{"node2":14,"distance":0.49943429985704596,"node1":33},{"node2":27,"distance":0.4996229670287474,"node1":34},{"node2":10,"distance":0.49992381391046614,"node1":35}],"conceptsData":[{"conceptId":0,"clusterId":0,"hexCoordinates":{"x":-4.330127018922193,"y":-1.5},"labels":[{"weight":598,"label":"stroke"},{"weight":375,"label":"wmh"},{"weight":297,"label":"svd"},{"weight":282,"label":"brain"},{"weight":253,"label":"white"},{"weight":243,"label":"matter"},{"weight":224,"label":"cerebral"},{"weight":224,"label":"small"},{"weight":210,"label":"volume"},{"weight":198,"label":"vessel"},{"weight":172,"label":"mri"},{"weight":158,"label":"patient"},{"weight":148,"label":"disease"},{"weight":147,"label":"hyperintensity"},{"weight":140,"label":"lacunar"},{"weight":127,"label":"score"},{"weight":106,"label":"associate"},{"weight":102,"label":"age"},{"weight":100,"label":"imaging"},{"weight":97,"label":"feature"},{"weight":93,"label":"magnetic"},{"weight":93,"label":"resonance"},{"weight":92,"label":"cognitive"},{"weight":81,"label":"method"},{"weight":80,"label":"impairment"}],"subTopicId":3},{"conceptId":3,"clusterId":0,"hexCoordinates":{"x":0,"y":0},"labels":[{"weight":252,"label":"limb"},{"weight":207,"label":"surgery"},{"weight":195,"label":"surgical"},{"weight":181,"label":"injury"},{"weight":152,"label":"technique"},{"weight":149,"label":"tissue"},{"weight":136,"label":"prosthetic"},{"weight":135,"label":"distal"},{"weight":135,"label":"complication"},{"weight":112,"label":"patient"},{"weight":111,"label":"procedure"},{"weight":109,"label":"upper"},{"weight":103,"label":"ligament"},{"weight":103,"label":"tendon"},{"weight":94,"label":"follow"},{"weight":88,"label":"report"},{"weight":87,"label":"implant"},{"weight":80,"label":"prosthesis"},{"weight":80,"label":"hand"},{"weight":77,"label":"invasive"},{"weight":76,"label":"perform"},{"weight":74,"label":"proximal"},{"weight":74,"label":"reconstruction"},{"weight":69,"label":"site"},{"weight":67,"label":"tube"}],"subTopicId":79},{"conceptId":-1,"clusterId":-1,"hexCoordinates":{"x":5.196152422706632,"y":3},"labels":[{"weight":2500,"label":"Unclassified"},{"weight":0,"label":""},{"weight":0,"label":""},{"weight":0,"label":""},{"weight":0,"label":""},{"weight":0,"label":""},{"weight":0,"label":""},{"weight":0,"label":""},{"weight":0,"label":""},{"weight":0,"label":""},{"weight":0,"label":""}],"subTopicId":null},{"conceptId":8,"clusterId":0,"hexCoordinates":{"x":1.7320508075688772,"y":0},"labels":[{"weight":608,"label":"horse"},{"weight":276,"label":"equine"},{"weight":59,"label":"study"},{"weight":55,"label":"donkey"},{"weight":50,"label":"wait"},{"weight":48,"label":"veterinary"},{"weight":45,"label":"laminitis"},{"weight":39,"label":"cyp"},{"weight":38,"label":"lameness"},{"weight":37,"label":"work"},{"weight":33,"label":"reason"},{"weight":33,"label":"welfare"},{"weight":30,"label":"sign"},{"weight":28,"label":"ride"},{"weight":27,"label":"pony"},{"weight":27,"label":"mare"},{"weight":27,"label":"grass"},{"weight":26,"label":"colic"},{"weight":25,"label":"thoroughbred"},{"weight":23,"label":"equid"},{"weight":22,"label":"camh"},{"weight":22,"label":"grazing"},{"weight":22,"label":"cent"},{"weight":21,"label":"equus"},{"weight":21,"label":"prevalence"}],"subTopicId":395},{"conceptId":9,"clusterId":0,"hexCoordinates":{"x":-1.7320508075688772,"y":0},"labels":[{"weight":738,"label":"mri"},{"weight":529,"label":"imaging"},{"weight":513,"label":"tissue"},{"weight":340,"label":"ultrasound"},{"weight":323,"label":"scan"},{"weight":300,"label":"image"},{"weight":274,"label":"resonance"},{"weight":258,"label":"magnetic"},{"weight":258,"label":"lesion"},{"weight":193,"label":"study"},{"weight":191,"label":"method"},{"weight":178,"label":"anatomical"},{"weight":156,"label":"contrast"},{"weight":148,"label":"clinical"},{"weight":139,"label":"vivo"},{"weight":129,"label":"volume"},{"weight":127,"label":"anatomy"},{"weight":125,"label":"result"},{"weight":123,"label":"phantom"},{"weight":115,"label":"technique"},{"weight":114,"label":"conclusion"},{"weight":103,"label":"protocol"},{"weight":102,"label":"quantitative"},{"weight":100,"label":"perform"},{"weight":90,"label":"assess"}],"subTopicId":460},{"conceptId":17,"clusterId":0,"hexCoordinates":{"x":-1.7320508075688772,"y":-3},"labels":[{"weight":892,"label":"dental"},{"weight":548,"label":"oral"},{"weight":482,"label":"tooth"},{"weight":209,"label":"caries"},{"weight":132,"label":"periodontal"},{"weight":121,"label":"dentist"},{"weight":117,"label":"treatment"},{"weight":111,"label":"periodontitis"},{"weight":90,"label":"molar"},{"weight":77,"label":"clinical"},{"weight":74,"label":"maxillary"},{"weight":74,"label":"conclusion"},{"weight":73,"label":"fluoride"},{"weight":72,"label":"root"},{"weight":71,"label":"assess"},{"weight":67,"label":"extraction"},{"weight":66,"label":"plaque"},{"weight":62,"label":"hygiene"},{"weight":62,"label":"lesion"},{"weight":61,"label":"orthodontic"},{"weight":61,"label":"dentistry"},{"weight":60,"label":"study"},{"weight":58,"label":"gingival"},{"weight":58,"label":"aim"},{"weight":57,"label":"disease"}],"subTopicId":896},{"conceptId":18,"clusterId":0,"hexCoordinates":{"x":-0.8660254037844386,"y":1.5},"labels":[{"weight":138,"label":"fracture"},{"weight":72,"label":"hip"},{"weight":71,"label":"implant"},{"weight":50,"label":"thiel"},{"weight":49,"label":"cadaver"},{"weight":45,"label":"embalmed"},{"weight":41,"label":"arthroplasty"},{"weight":40,"label":"uka"},{"weight":37,"label":"revision"},{"weight":37,"label":"knee"},{"weight":37,"label":"procedure"},{"weight":36,"label":"ccc"},{"weight":36,"label":"component"},{"weight":28,"label":"tibial"},{"weight":27,"label":"femoral"},{"weight":24,"label":"nerve"},{"weight":23,"label":"bma"},{"weight":21,"label":"medial"},{"weight":21,"label":"volume"},{"weight":20,"label":"soft"},{"weight":20,"label":"mode"},{"weight":20,"label":"total"},{"weight":19,"label":"fixation"},{"weight":19,"label":"ankle"},{"weight":19,"label":"functional"}],"subTopicId":975},{"conceptId":7,"clusterId":0,"hexCoordinates":{"x":-3.4641016151377544,"y":-3},"labels":[{"weight":339,"label":"brain"},{"weight":210,"label":"volume"},{"weight":202,"label":"age"},{"weight":147,"label":"matter"},{"weight":128,"label":"white"},{"weight":114,"label":"cognitive"},{"weight":107,"label":"association"},{"weight":102,"label":"change"},{"weight":95,"label":"year"},{"weight":94,"label":"measure"},{"weight":86,"label":"cohort"},{"weight":81,"label":"retinal"},{"weight":75,"label":"vascular"},{"weight":74,"label":"imaging"},{"weight":69,"label":"hyperintensity"},{"weight":68,"label":"structural"},{"weight":62,"label":"mri"},{"weight":61,"label":"wmh"},{"weight":58,"label":"significant"},{"weight":55,"label":"speed"},{"weight":54,"label":"older"},{"weight":52,"label":"associate"},{"weight":49,"label":"birth"},{"weight":45,"label":"integrity"},{"weight":45,"label":"ageing"}],"subTopicId":340},{"conceptId":16,"clusterId":0,"hexCoordinates":{"x":-4.330127018922193,"y":1.5},"labels":[{"weight":322,"label":"capsule"},{"weight":140,"label":"endoscopy"},{"weight":94,"label":"tract"},{"weight":93,"label":"small"},{"weight":92,"label":"imaging"},{"weight":79,"label":"bowel"},{"weight":76,"label":"tissue"},{"weight":64,"label":"gastrointestinal"},{"weight":53,"label":"ultrasound"},{"weight":46,"label":"vivo"},{"weight":43,"label":"transducer"},{"weight":38,"label":"microultrasound"},{"weight":36,"label":"phantom"},{"weight":36,"label":"diagnostic"},{"weight":35,"label":"device"},{"weight":34,"label":"examination"},{"weight":34,"label":"frequency"},{"weight":33,"label":"porcine"},{"weight":32,"label":"colon"},{"weight":32,"label":"video"},{"weight":32,"label":"limit"},{"weight":31,"label":"vce"},{"weight":31,"label":"system"},{"weight":27,"label":"prototype"},{"weight":27,"label":"focus"}],"subTopicId":872},{"conceptId":12,"clusterId":0,"hexCoordinates":{"x":-5.196152422706632,"y":-3},"labels":[{"weight":413,"label":"eye"},{"weight":381,"label":"retinal"},{"weight":189,"label":"visual"},{"weight":145,"label":"glaucoma"},{"weight":133,"label":"ocular"},{"weight":131,"label":"corneal"},{"weight":118,"label":"retina"},{"weight":103,"label":"cataract"},{"weight":99,"label":"retinopathy"},{"weight":96,"label":"amd"},{"weight":88,"label":"rpe"},{"weight":86,"label":"disease"},{"weight":85,"label":"acuity"},{"weight":75,"label":"lens"},{"weight":71,"label":"vision"},{"weight":71,"label":"age"},{"weight":70,"label":"blindness"},{"weight":67,"label":"oct"},{"weight":67,"label":"macular"},{"weight":64,"label":"refractive"},{"weight":61,"label":"result"},{"weight":60,"label":"degeneration"},{"weight":60,"label":"image"},{"weight":59,"label":"imaging"},{"weight":57,"label":"ophthalmic"}],"subTopicId":628},{"conceptId":11,"clusterId":0,"hexCoordinates":{"x":0.8660254037844386,"y":1.5},"labels":[{"weight":1651,"label":"bone"},{"weight":268,"label":"fracture"},{"weight":144,"label":"trabecular"},{"weight":137,"label":"mineral"},{"weight":136,"label":"mouse"},{"weight":133,"label":"skeletal"},{"weight":130,"label":"phospho"},{"weight":130,"label":"increase"},{"weight":129,"label":"osteoblast"},{"weight":126,"label":"cortical"},{"weight":111,"label":"osteoporosis"},{"weight":110,"label":"study"},{"weight":105,"label":"density"},{"weight":102,"label":"tissue"},{"weight":97,"label":"bmd"},{"weight":94,"label":"mineralization"},{"weight":86,"label":"formation"},{"weight":84,"label":"marrow"},{"weight":81,"label":"osteoclast"},{"weight":76,"label":"calcification"},{"weight":72,"label":"osteocyte"},{"weight":66,"label":"week"},{"weight":64,"label":"age"},{"weight":62,"label":"decrease"},{"weight":58,"label":"matrix"}],"subTopicId":524},{"conceptId":10,"clusterId":0,"hexCoordinates":{"x":-0.8660254037844386,"y":-4.5},"labels":[{"weight":183,"label":"visual"},{"weight":97,"label":"field"},{"weight":70,"label":"svop"},{"weight":66,"label":"eye"},{"weight":52,"label":"test"},{"weight":46,"label":"sap"},{"weight":44,"label":"saccade"},{"weight":43,"label":"perimetry"},{"weight":39,"label":"patient"},{"weight":38,"label":"compare"},{"weight":25,"label":"gaze"},{"weight":25,"label":"movement"},{"weight":25,"label":"result"},{"weight":24,"label":"defect"},{"weight":24,"label":"point"},{"weight":21,"label":"vision"},{"weight":20,"label":"pattern"},{"weight":19,"label":"testing"},{"weight":19,"label":"subject"},{"weight":18,"label":"saccadic"},{"weight":18,"label":"blind"},{"weight":17,"label":"sensitivity"},{"weight":17,"label":"repeatability"},{"weight":16,"label":"glitch"},{"weight":16,"label":"healthy"}],"subTopicId":504},{"conceptId":14,"clusterId":0,"hexCoordinates":{"x":1.7320508075688772,"y":-3},"labels":[{"weight":356,"label":"wound"},{"weight":249,"label":"healing"},{"weight":224,"label":"ulcer"},{"weight":200,"label":"foot"},{"weight":128,"label":"amputation"},{"weight":128,"label":"limb"},{"weight":102,"label":"ulceration"},{"weight":87,"label":"pad"},{"weight":59,"label":"acanthamoeba"},{"weight":58,"label":"compression"},{"weight":57,"label":"lower"},{"weight":56,"label":"diabetic"},{"weight":55,"label":"venous"},{"weight":55,"label":"leg"},{"weight":52,"label":"stump"},{"weight":49,"label":"patient"},{"weight":45,"label":"diabetes"},{"weight":44,"label":"study"},{"weight":42,"label":"heal"},{"weight":40,"label":"lymphoedema"},{"weight":39,"label":"peripheral"},{"weight":38,"label":"chronic"},{"weight":37,"label":"skin"},{"weight":33,"label":"treatment"},{"weight":29,"label":"topical"}],"subTopicId":730},{"conceptId":15,"clusterId":0,"hexCoordinates":{"x":0,"y":3},"labels":[{"weight":569,"label":"joint"},{"weight":227,"label":"cartilage"},{"weight":105,"label":"mechanism"},{"weight":101,"label":"chondrocyte"},{"weight":98,"label":"osteoarthritis"},{"weight":91,"label":"articular"},{"weight":86,"label":"mode"},{"weight":73,"label":"synovial"},{"weight":73,"label":"arthritis"},{"weight":70,"label":"par"},{"weight":54,"label":"bone"},{"weight":49,"label":"dof"},{"weight":45,"label":"damage"},{"weight":42,"label":"analysis"},{"weight":40,"label":"operation"},{"weight":38,"label":"osteophyte"},{"weight":35,"label":"knee"},{"weight":34,"label":"change"},{"weight":33,"label":"matrix"},{"weight":31,"label":"kinematic"},{"weight":31,"label":"day"},{"weight":29,"label":"dmm"},{"weight":28,"label":"degree"},{"weight":28,"label":"induce"},{"weight":27,"label":"pain"}],"subTopicId":862},{"conceptId":5,"clusterId":0,"hexCoordinates":{"x":-2.598076211353316,"y":1.5},"labels":[{"weight":92,"label":"needle"},{"weight":41,"label":"tile"},{"weight":33,"label":"tiling"},{"weight":31,"label":"tissue"},{"weight":29,"label":"tool"},{"weight":27,"label":"imaging"},{"weight":26,"label":"array"},{"weight":25,"label":"surgical"},{"weight":25,"label":"technique"},{"weight":22,"label":"result"},{"weight":21,"label":"probe"},{"weight":20,"label":"guidance"},{"weight":18,"label":"ultrasound"},{"weight":18,"label":"present"},{"weight":17,"label":"provide"},{"weight":16,"label":"paste"},{"weight":16,"label":"intervention"},{"weight":15,"label":"scheme"},{"weight":15,"label":"transducer"},{"weight":14,"label":"fractal"},{"weight":14,"label":"bonding"},{"weight":13,"label":"perforation"},{"weight":13,"label":"substitution"},{"weight":13,"label":"packaging"},{"weight":13,"label":"promising"}],"subTopicId":297},{"conceptId":1,"clusterId":0,"hexCoordinates":{"x":-0.8660254037844386,"y":-1.5},"labels":[{"weight":78,"label":"vertebral"},{"weight":73,"label":"osa"},{"weight":55,"label":"cpap"},{"weight":52,"label":"vertebra"},{"weight":50,"label":"spinal"},{"weight":48,"label":"cervical"},{"weight":36,"label":"rib"},{"weight":33,"label":"dhm"},{"weight":29,"label":"thoracic"},{"weight":28,"label":"rbd"},{"weight":25,"label":"group"},{"weight":24,"label":"airway"},{"weight":24,"label":"prevalence"},{"weight":22,"label":"csc"},{"weight":20,"label":"kyphosis"},{"weight":20,"label":"radiographic"},{"weight":20,"label":"caudal"},{"weight":19,"label":"csp"},{"weight":19,"label":"lateral"},{"weight":18,"label":"lrrg"},{"weight":18,"label":"spine"},{"weight":18,"label":"mom"},{"weight":17,"label":"cvm"},{"weight":17,"label":"scoliosis"},{"weight":17,"label":"breed"}],"subTopicId":57},{"conceptId":2,"clusterId":0,"hexCoordinates":{"x":0.8660254037844386,"y":-1.5},"labels":[{"weight":1379,"label":"dog"},{"weight":615,"label":"cat"},{"weight":337,"label":"canine"},{"weight":245,"label":"animal"},{"weight":209,"label":"owner"},{"weight":201,"label":"veterinary"},{"weight":159,"label":"clinical"},{"weight":148,"label":"pet"},{"weight":138,"label":"breed"},{"weight":115,"label":"sign"},{"weight":112,"label":"human"},{"weight":86,"label":"disease"},{"weight":85,"label":"identify"},{"weight":78,"label":"include"},{"weight":77,"label":"companion"},{"weight":74,"label":"feline"},{"weight":69,"label":"study"},{"weight":68,"label":"rabbit"},{"weight":67,"label":"finding"},{"weight":66,"label":"case"},{"weight":65,"label":"objective"},{"weight":64,"label":"healthy"},{"weight":61,"label":"common"},{"weight":59,"label":"describe"},{"weight":57,"label":"associate"}],"subTopicId":65},{"conceptId":6,"clusterId":0,"hexCoordinates":{"x":-2.598076211353316,"y":-1.5},"labels":[{"weight":228,"label":"observer"},{"weight":188,"label":"inter"},{"weight":185,"label":"intra"},{"weight":172,"label":"icc"},{"weight":153,"label":"reliability"},{"weight":139,"label":"agreement"},{"weight":98,"label":"measurement"},{"weight":93,"label":"coefficient"},{"weight":88,"label":"method"},{"weight":75,"label":"correlation"},{"weight":67,"label":"reproducibility"},{"weight":62,"label":"range"},{"weight":60,"label":"dvm"},{"weight":60,"label":"variability"},{"weight":57,"label":"assess"},{"weight":54,"label":"measure"},{"weight":45,"label":"zooplankton"},{"weight":45,"label":"score"},{"weight":45,"label":"study"},{"weight":44,"label":"assessment"},{"weight":43,"label":"excellent"},{"weight":42,"label":"vertical"},{"weight":42,"label":"repeatability"},{"weight":40,"label":"ssl"},{"weight":38,"label":"difference"}],"subTopicId":311},{"conceptId":4,"clusterId":0,"hexCoordinates":{"x":0,"y":-3},"labels":[{"weight":154,"label":"facial"},{"weight":104,"label":"asymmetry"},{"weight":66,"label":"skull"},{"weight":58,"label":"rho"},{"weight":51,"label":"lip"},{"weight":50,"label":"landmark"},{"weight":47,"label":"head"},{"weight":36,"label":"face"},{"weight":35,"label":"morphology"},{"weight":33,"label":"distance"},{"weight":31,"label":"image"},{"weight":29,"label":"side"},{"weight":27,"label":"cleft"},{"weight":25,"label":"nose"},{"weight":24,"label":"nasal"},{"weight":24,"label":"smile"},{"weight":23,"label":"upper"},{"weight":23,"label":"analysis"},{"weight":22,"label":"norm"},{"weight":21,"label":"cheek"},{"weight":21,"label":"leave"},{"weight":19,"label":"omega"},{"weight":18,"label":"left"},{"weight":18,"label":"anatomical"},{"weight":17,"label":"palate"}],"subTopicId":152},{"conceptId":13,"clusterId":0,"hexCoordinates":{"x":-3.4641016151377544,"y":0},"labels":[{"weight":457,"label":"hip"},{"weight":384,"label":"knee"},{"weight":179,"label":"shape"},{"weight":164,"label":"fracture"},{"weight":139,"label":"osteoarthritis"},{"weight":130,"label":"joint"},{"weight":126,"label":"pain"},{"weight":111,"label":"spine"},{"weight":108,"label":"year"},{"weight":106,"label":"total"},{"weight":99,"label":"arthroplasty"},{"weight":97,"label":"associate"},{"weight":89,"label":"tka"},{"weight":83,"label":"score"},{"weight":74,"label":"replacement"},{"weight":65,"label":"age"},{"weight":63,"label":"femoral"},{"weight":60,"label":"greater"},{"weight":60,"label":"mode"},{"weight":55,"label":"neck"},{"weight":48,"label":"tha"},{"weight":48,"label":"variation"},{"weight":42,"label":"lumbar"},{"weight":41,"label":"tkr"},{"weight":41,"label":"bone"}],"subTopicId":716}]}