[{"topicData":[{"numberOfDocuments":0.0,"label":"Robert Gordon University"},{"numberOfDocuments":0.0,"label":"Heriot-Watt University"},{"numberOfDocuments":0.0,"label":"Glasgow Caledonian University"},{"numberOfDocuments":0.0,"label":"Queen Margaret University"},{"numberOfDocuments":0.0,"label":"University of the Highlands and Islands"},{"numberOfDocuments":0.0,"label":"University of Dundee"},{"numberOfDocuments":0.0,"label":"Edinburgh Napier University"},{"numberOfDocuments":0.0,"label":"University of Stirling"},{"numberOfDocuments":0.0,"label":"Abertay University"},{"numberOfDocuments":0.0,"label":"University of Aberdeen"},{"numberOfDocuments":0.0,"label":"University of Edinburgh"},{"numberOfDocuments":0.0,"label":"University of the West of Scotland"},{"numberOfDocuments":0.0,"label":"University of St Andrews"},{"numberOfDocuments":0.0,"label":"University of Glasgow"},{"numberOfDocuments":0.0,"label":"University of Strathclyde"}],"conceptId":-1},{"topicData":[{"numberOfDocuments":0.7253968446112885,"label":"Robert Gordon University"},{"numberOfDocuments":0.2839516042345619,"label":"Heriot-Watt University"},{"numberOfDocuments":5.171793890610355,"label":"Glasgow Caledonian University"},{"numberOfDocuments":1.6521268225491983,"label":"Queen Margaret University"},{"numberOfDocuments":0.6385888452881989,"label":"University of the Highlands and Islands"},{"numberOfDocuments":4.002905930544319,"label":"University of Dundee"},{"numberOfDocuments":1.601323995292885,"label":"Edinburgh Napier University"},{"numberOfDocuments":9.46087239391803,"label":"University of Stirling"},{"numberOfDocuments":0.39010754982020407,"label":"Abertay University"},{"numberOfDocuments":3.2947588734956454,"label":"University of Aberdeen"},{"numberOfDocuments":10.8503000855912,"label":"University of Edinburgh"},{"numberOfDocuments":1.557307487667359,"label":"University of the West of Scotland"},{"numberOfDocuments":1.7227643795637733,"label":"University of St Andrews"},{"numberOfDocuments":11.458132447582816,"label":"University of Glasgow"},{"numberOfDocuments":8.261731918843648,"label":"University of Strathclyde"}],"conceptId":0},{"topicData":[{"numberOfDocuments":1.1350802148461878,"label":"Robert Gordon University"},{"numberOfDocuments":1.0171333195073167,"label":"Heriot-Watt University"},{"numberOfDocuments":0.5257943998860471,"label":"Glasgow Caledonian University"},{"numberOfDocuments":1.4999753055846496,"label":"Queen Margaret University"},{"numberOfDocuments":0.8569164939449401,"label":"University of the Highlands and Islands"},{"numberOfDocuments":3.972919798376805,"label":"University of Dundee"},{"numberOfDocuments":0.17582417582417584,"label":"Edinburgh Napier University"},{"numberOfDocuments":0.5066867918614406,"label":"University of Stirling"},{"numberOfDocuments":0.2816419714501116,"label":"Abertay University"},{"numberOfDocuments":1.2083874275993953,"label":"University of Aberdeen"},{"numberOfDocuments":4.738956554207055,"label":"University of Edinburgh"},{"numberOfDocuments":1.3663485922243024,"label":"University of the West of Scotland"},{"numberOfDocuments":1.0933575462796978,"label":"University of St Andrews"},{"numberOfDocuments":2.082269119340337,"label":"University of Glasgow"},{"numberOfDocuments":3.0819689142280415,"label":"University of Strathclyde"}],"conceptId":1},{"topicData":[{"numberOfDocuments":1.2252559259663758,"label":"Robert Gordon University"},{"numberOfDocuments":0.7302880405332158,"label":"Heriot-Watt University"},{"numberOfDocuments":0.24313453578657968,"label":"Glasgow Caledonian University"},{"numberOfDocuments":0.7412180766247846,"label":"Queen Margaret University"},{"numberOfDocuments":0.16006205081008232,"label":"University of the Highlands and Islands"},{"numberOfDocuments":0.5014505615772963,"label":"University of Dundee"},{"numberOfDocuments":0.27269400967930235,"label":"Edinburgh Napier University"},{"numberOfDocuments":1.3447933669348644,"label":"University of Stirling"},{"numberOfDocuments":0.1402078903850697,"label":"Abertay University"},{"numberOfDocuments":1.0500230412089453,"label":"University of Aberdeen"},{"numberOfDocuments":3.8696099654838756,"label":"University of Edinburgh"},{"numberOfDocuments":0.3995116080635279,"label":"University of the West of Scotland"},{"numberOfDocuments":0.9152394639611479,"label":"University of St Andrews"},{"numberOfDocuments":4.536612255653266,"label":"University of Glasgow"},{"numberOfDocuments":0.8495252044901318,"label":"University of Strathclyde"}],"conceptId":2},{"topicData":[{"numberOfDocuments":0.06515718044592161,"label":"Robert Gordon University"},{"numberOfDocuments":0.2571566879832423,"label":"Heriot-Watt University"},{"numberOfDocuments":1.0137089543196414,"label":"Glasgow Caledonian University"},{"numberOfDocuments":0.7668545627474264,"label":"Queen Margaret University"},{"numberOfDocuments":6.762465653570349,"label":"University of the Highlands and Islands"},{"numberOfDocuments":0.4038658844445091,"label":"University of Dundee"},{"numberOfDocuments":0.24526937164727472,"label":"Edinburgh Napier University"},{"numberOfDocuments":0.6301191421649882,"label":"University of Stirling"},{"numberOfDocuments":0.0237879767291532,"label":"Abertay University"},{"numberOfDocuments":2.046244441689402,"label":"University of Aberdeen"},{"numberOfDocuments":3.759493251692758,"label":"University of Edinburgh"},{"numberOfDocuments":5.9065928436170925,"label":"University of the West of Scotland"},{"numberOfDocuments":1.2238837641099365,"label":"University of St Andrews"},{"numberOfDocuments":3.346202343958074,"label":"University of Glasgow"},{"numberOfDocuments":5.00482103016364,"label":"University of Strathclyde"}],"conceptId":3},{"topicData":[{"numberOfDocuments":0.5650697775407395,"label":"Robert Gordon University"},{"numberOfDocuments":1.5175514364080809,"label":"Heriot-Watt University"},{"numberOfDocuments":0.0636604774535809,"label":"Glasgow Caledonian University"},{"numberOfDocuments":0.24623415446817626,"label":"Queen Margaret University"},{"numberOfDocuments":0.32400606240693214,"label":"University of the Highlands and Islands"},{"numberOfDocuments":0.4210534835534835,"label":"University of Dundee"},{"numberOfDocuments":0.19768586428371365,"label":"Edinburgh Napier University"},{"numberOfDocuments":1.7561924377470512,"label":"University of Stirling"},{"numberOfDocuments":0.6360602773895893,"label":"Abertay University"},{"numberOfDocuments":1.2520448820368417,"label":"University of Aberdeen"},{"numberOfDocuments":3.9507507557034476,"label":"University of Edinburgh"},{"numberOfDocuments":1.4030896284275327,"label":"University of the West of Scotland"},{"numberOfDocuments":1.7038748249042837,"label":"University of St Andrews"},{"numberOfDocuments":2.58871944209179,"label":"University of Glasgow"},{"numberOfDocuments":3.1569365527230033,"label":"University of Strathclyde"}],"conceptId":4},{"topicData":[{"numberOfDocuments":0.26381526104417674,"label":"Robert Gordon University"},{"numberOfDocuments":0.8572662252228054,"label":"Heriot-Watt University"},{"numberOfDocuments":0.9939953323207359,"label":"Glasgow Caledonian University"},{"numberOfDocuments":2.324782695216221,"label":"Queen Margaret University"},{"numberOfDocuments":0.1534115601912212,"label":"University of the Highlands and Islands"},{"numberOfDocuments":0.9387257983341512,"label":"University of Dundee"},{"numberOfDocuments":0.050196994017218735,"label":"Edinburgh Napier University"},{"numberOfDocuments":0.559107289658626,"label":"University of Stirling"},{"numberOfDocuments":0.23348585500404603,"label":"Abertay University"},{"numberOfDocuments":1.359744448911031,"label":"University of Aberdeen"},{"numberOfDocuments":2.053121235858699,"label":"University of Edinburgh"},{"numberOfDocuments":0.20138888888888887,"label":"University of the West of Scotland"},{"numberOfDocuments":0.8896999056263604,"label":"University of St Andrews"},{"numberOfDocuments":1.0493462058577512,"label":"University of Glasgow"},{"numberOfDocuments":2.461651241692552,"label":"University of Strathclyde"}],"conceptId":5},{"topicData":[{"numberOfDocuments":0.11516625451051682,"label":"Robert Gordon University"},{"numberOfDocuments":0.12165977126515701,"label":"Heriot-Watt University"},{"numberOfDocuments":2.455625774858005,"label":"Glasgow Caledonian University"},{"numberOfDocuments":2.765363139771286,"label":"Queen Margaret University"},{"numberOfDocuments":0.6838902013122323,"label":"University of the Highlands and Islands"},{"numberOfDocuments":1.4845477586037343,"label":"University of Dundee"},{"numberOfDocuments":0.818247498452948,"label":"Edinburgh Napier University"},{"numberOfDocuments":1.7763611090005427,"label":"University of Stirling"},{"numberOfDocuments":0.4126640063769994,"label":"Abertay University"},{"numberOfDocuments":0.7029384922986122,"label":"University of Aberdeen"},{"numberOfDocuments":3.886810885547217,"label":"University of Edinburgh"},{"numberOfDocuments":0.46759377509909417,"label":"University of the West of Scotland"},{"numberOfDocuments":0.4068761651985808,"label":"University of St Andrews"},{"numberOfDocuments":5.353966309607168,"label":"University of Glasgow"},{"numberOfDocuments":3.7390176686094305,"label":"University of Strathclyde"}],"conceptId":6},{"topicData":[{"numberOfDocuments":1.5380777986819885,"label":"Robert Gordon University"},{"numberOfDocuments":0.717223045879682,"label":"Heriot-Watt University"},{"numberOfDocuments":10.635726663426858,"label":"Glasgow Caledonian University"},{"numberOfDocuments":15.223834636019742,"label":"Queen Margaret University"},{"numberOfDocuments":2.8987842760822686,"label":"University of the Highlands and Islands"},{"numberOfDocuments":1.6216898492336236,"label":"University of Dundee"},{"numberOfDocuments":4.687470828929903,"label":"Edinburgh Napier University"},{"numberOfDocuments":6.886109494445388,"label":"University of Stirling"},{"numberOfDocuments":0.3416079403989217,"label":"Abertay University"},{"numberOfDocuments":3.468461319630193,"label":"University of Aberdeen"},{"numberOfDocuments":10.027787452433117,"label":"University of Edinburgh"},{"numberOfDocuments":4.38138700472961,"label":"University of the West of Scotland"},{"numberOfDocuments":1.4476722350252755,"label":"University of St Andrews"},{"numberOfDocuments":15.690667278192196,"label":"University of Glasgow"},{"numberOfDocuments":19.937911052788913,"label":"University of Strathclyde"}],"conceptId":7},{"topicData":[{"numberOfDocuments":0.7538172572201218,"label":"Robert Gordon University"},{"numberOfDocuments":1.1491988653323277,"label":"Heriot-Watt University"},{"numberOfDocuments":3.72487578962255,"label":"Glasgow Caledonian University"},{"numberOfDocuments":3.8735353338198877,"label":"Queen Margaret University"},{"numberOfDocuments":2.6133895015541313,"label":"University of the Highlands and Islands"},{"numberOfDocuments":4.008416335484643,"label":"University of Dundee"},{"numberOfDocuments":2.60385617640419,"label":"Edinburgh Napier University"},{"numberOfDocuments":9.04560679672209,"label":"University of Stirling"},{"numberOfDocuments":1.1085629626710127,"label":"Abertay University"},{"numberOfDocuments":4.527163853411844,"label":"University of Aberdeen"},{"numberOfDocuments":16.42040081157747,"label":"University of Edinburgh"},{"numberOfDocuments":3.3428833712355424,"label":"University of the West of Scotland"},{"numberOfDocuments":2.7813984254400244,"label":"University of St Andrews"},{"numberOfDocuments":25.991818089186513,"label":"University of Glasgow"},{"numberOfDocuments":19.132042366475552,"label":"University of Strathclyde"}],"conceptId":8},{"topicData":[{"numberOfDocuments":0.5027692633057426,"label":"Robert Gordon University"},{"numberOfDocuments":0.9325321012641705,"label":"Heriot-Watt University"},{"numberOfDocuments":0.3640918468504676,"label":"Glasgow Caledonian University"},{"numberOfDocuments":0.29718280915971984,"label":"Queen Margaret University"},{"numberOfDocuments":0.3816520381669535,"label":"University of the Highlands and Islands"},{"numberOfDocuments":0.27955293843221257,"label":"University of Dundee"},{"numberOfDocuments":0.8910476395490683,"label":"Edinburgh Napier University"},{"numberOfDocuments":3.0135318464370893,"label":"University of Stirling"},{"numberOfDocuments":5.2311853657529594,"label":"Abertay University"},{"numberOfDocuments":2.59090344140508,"label":"University of Aberdeen"},{"numberOfDocuments":9.32309623227926,"label":"University of Edinburgh"},{"numberOfDocuments":6.368281670823368,"label":"University of the West of Scotland"},{"numberOfDocuments":0.9621408017226319,"label":"University of St Andrews"},{"numberOfDocuments":5.072939358306236,"label":"University of Glasgow"},{"numberOfDocuments":4.504325555096089,"label":"University of Strathclyde"}],"conceptId":9},{"topicData":[{"numberOfDocuments":1.4933612732209751,"label":"Robert Gordon University"},{"numberOfDocuments":0.8456508344898244,"label":"Heriot-Watt University"},{"numberOfDocuments":5.080330578244015,"label":"Glasgow Caledonian University"},{"numberOfDocuments":11.111473299392276,"label":"Queen Margaret University"},{"numberOfDocuments":0.18247185897552326,"label":"University of the Highlands and Islands"},{"numberOfDocuments":3.0182097675439934,"label":"University of Dundee"},{"numberOfDocuments":2.8957546172226545,"label":"Edinburgh Napier University"},{"numberOfDocuments":2.1768813556818296,"label":"University of Stirling"},{"numberOfDocuments":0.6734633042670267,"label":"Abertay University"},{"numberOfDocuments":1.3014824608668283,"label":"University of Aberdeen"},{"numberOfDocuments":10.381076647494599,"label":"University of Edinburgh"},{"numberOfDocuments":14.217852223887862,"label":"University of the West of Scotland"},{"numberOfDocuments":0.7162149163869221,"label":"University of St Andrews"},{"numberOfDocuments":6.7692565228358905,"label":"University of Glasgow"},{"numberOfDocuments":14.12777275786841,"label":"University of Strathclyde"}],"conceptId":10},{"topicData":[{"numberOfDocuments":3.3136124148623223,"label":"Robert Gordon University"},{"numberOfDocuments":0.44132289003531755,"label":"Heriot-Watt University"},{"numberOfDocuments":2.104650498933086,"label":"Glasgow Caledonian University"},{"numberOfDocuments":7.44133266414023,"label":"Queen Margaret University"},{"numberOfDocuments":2.197449012202768,"label":"University of the Highlands and Islands"},{"numberOfDocuments":3.8960143566148844,"label":"University of Dundee"},{"numberOfDocuments":2.559945740979096,"label":"Edinburgh Napier University"},{"numberOfDocuments":20.208396830761806,"label":"University of Stirling"},{"numberOfDocuments":3.530456998663686,"label":"Abertay University"},{"numberOfDocuments":5.544119726762242,"label":"University of Aberdeen"},{"numberOfDocuments":7.846043556915138,"label":"University of Edinburgh"},{"numberOfDocuments":16.123474362468304,"label":"University of the West of Scotland"},{"numberOfDocuments":1.3006885876835799,"label":"University of St Andrews"},{"numberOfDocuments":14.656513300004347,"label":"University of Glasgow"},{"numberOfDocuments":5.291994828958671,"label":"University of Strathclyde"}],"conceptId":11},{"topicData":[{"numberOfDocuments":3.197888198638137,"label":"Robert Gordon University"},{"numberOfDocuments":1.6959055530004084,"label":"Heriot-Watt University"},{"numberOfDocuments":1.1114997358134489,"label":"Glasgow Caledonian University"},{"numberOfDocuments":4.792866835973813,"label":"Queen Margaret University"},{"numberOfDocuments":2.985504997664024,"label":"University of the Highlands and Islands"},{"numberOfDocuments":2.929096743415736,"label":"University of Dundee"},{"numberOfDocuments":11.646002181616522,"label":"Edinburgh Napier University"},{"numberOfDocuments":21.48899767184839,"label":"University of Stirling"},{"numberOfDocuments":19.54436385715686,"label":"Abertay University"},{"numberOfDocuments":2.9563773708021657,"label":"University of Aberdeen"},{"numberOfDocuments":15.339705964835597,"label":"University of Edinburgh"},{"numberOfDocuments":26.225975383832512,"label":"University of the West of Scotland"},{"numberOfDocuments":3.5586651399754956,"label":"University of St Andrews"},{"numberOfDocuments":13.791385559385247,"label":"University of Glasgow"},{"numberOfDocuments":7.159516560272493,"label":"University of Strathclyde"}],"conceptId":12},{"topicData":[{"numberOfDocuments":2.460744123399943,"label":"Robert Gordon University"},{"numberOfDocuments":2.3435715214503396,"label":"Heriot-Watt University"},{"numberOfDocuments":2.207683970262055,"label":"Glasgow Caledonian University"},{"numberOfDocuments":4.6073414136509045,"label":"Queen Margaret University"},{"numberOfDocuments":1.4387543576169426,"label":"University of the Highlands and Islands"},{"numberOfDocuments":4.215463136140387,"label":"University of Dundee"},{"numberOfDocuments":3.0921062542392086,"label":"Edinburgh Napier University"},{"numberOfDocuments":9.044982203713692,"label":"University of Stirling"},{"numberOfDocuments":1.372818413381744,"label":"Abertay University"},{"numberOfDocuments":4.159002025390555,"label":"University of Aberdeen"},{"numberOfDocuments":16.87452491688173,"label":"University of Edinburgh"},{"numberOfDocuments":1.7513568156934611,"label":"University of the West of Scotland"},{"numberOfDocuments":4.141630864894358,"label":"University of St Andrews"},{"numberOfDocuments":14.23739499467107,"label":"University of Glasgow"},{"numberOfDocuments":10.600186275053609,"label":"University of Strathclyde"}],"conceptId":13},{"topicData":[{"numberOfDocuments":1.2516151587247462,"label":"Robert Gordon University"},{"numberOfDocuments":1.9762201638039762,"label":"Heriot-Watt University"},{"numberOfDocuments":1.1985893092606523,"label":"Glasgow Caledonian University"},{"numberOfDocuments":3.667715504072871,"label":"Queen Margaret University"},{"numberOfDocuments":0.6697603812115329,"label":"University of the Highlands and Islands"},{"numberOfDocuments":1.5681765592048562,"label":"University of Dundee"},{"numberOfDocuments":7.086406144892254,"label":"Edinburgh Napier University"},{"numberOfDocuments":49.34635475805791,"label":"University of Stirling"},{"numberOfDocuments":5.775317826705554,"label":"Abertay University"},{"numberOfDocuments":1.8411453847637518,"label":"University of Aberdeen"},{"numberOfDocuments":15.760092821992002,"label":"University of Edinburgh"},{"numberOfDocuments":10.970581633347145,"label":"University of the West of Scotland"},{"numberOfDocuments":2.7215570381003253,"label":"University of St Andrews"},{"numberOfDocuments":7.141752510415731,"label":"University of Glasgow"},{"numberOfDocuments":5.075661259053206,"label":"University of Strathclyde"}],"conceptId":14},{"topicData":[{"numberOfDocuments":0.023809523809523808,"label":"Robert Gordon University"},{"numberOfDocuments":2.7887627591281845,"label":"Heriot-Watt University"},{"numberOfDocuments":0.19862306368330465,"label":"Glasgow Caledonian University"},{"numberOfDocuments":1.542701049062931,"label":"Queen Margaret University"},{"numberOfDocuments":0.02284044165403767,"label":"University of the Highlands and Islands"},{"numberOfDocuments":1.189225685862627,"label":"University of Dundee"},{"numberOfDocuments":0.6943875100629366,"label":"Edinburgh Napier University"},{"numberOfDocuments":1.0076188408738758,"label":"University of Stirling"},{"numberOfDocuments":0.9404303215845522,"label":"Abertay University"},{"numberOfDocuments":0.8207343000712283,"label":"University of Aberdeen"},{"numberOfDocuments":3.351061264294264,"label":"University of Edinburgh"},{"numberOfDocuments":2.1777225550181076,"label":"University of the West of Scotland"},{"numberOfDocuments":0.3318262435112166,"label":"University of St Andrews"},{"numberOfDocuments":4.552345120553299,"label":"University of Glasgow"},{"numberOfDocuments":0.7421454729439532,"label":"University of Strathclyde"}],"conceptId":15}]