[{"topicData":[{"numberOfDocuments":0.0,"label":"Robert Gordon University"},{"numberOfDocuments":0.0,"label":"Heriot-Watt University"},{"numberOfDocuments":0.0,"label":"Glasgow Caledonian University"},{"numberOfDocuments":0.0,"label":"Queen Margaret University"},{"numberOfDocuments":0.0,"label":"University of the Highlands and Islands"},{"numberOfDocuments":0.0,"label":"University of Dundee"},{"numberOfDocuments":0.0,"label":"Edinburgh Napier University"},{"numberOfDocuments":0.0,"label":"University of Stirling"},{"numberOfDocuments":0.0,"label":"Abertay University"},{"numberOfDocuments":0.0,"label":"University of Aberdeen"},{"numberOfDocuments":0.0,"label":"University of Edinburgh"},{"numberOfDocuments":0.0,"label":"University of the West of Scotland"},{"numberOfDocuments":0.0,"label":"University of St Andrews"},{"numberOfDocuments":0.0,"label":"University of Glasgow"},{"numberOfDocuments":0.0,"label":"University of Strathclyde"}],"conceptId":-1},{"topicData":[{"numberOfDocuments":0.5997125404862421,"label":"Robert Gordon University"},{"numberOfDocuments":1.3034955751219524,"label":"Heriot-Watt University"},{"numberOfDocuments":0.20607631454864547,"label":"Glasgow Caledonian University"},{"numberOfDocuments":9.767160129028902,"label":"Queen Margaret University"},{"numberOfDocuments":0.10998024652492629,"label":"University of the Highlands and Islands"},{"numberOfDocuments":2.4236099820830095,"label":"University of Dundee"},{"numberOfDocuments":0.8847677071243326,"label":"Edinburgh Napier University"},{"numberOfDocuments":6.731277519986315,"label":"University of Stirling"},{"numberOfDocuments":0.9857718218821173,"label":"Abertay University"},{"numberOfDocuments":5.5748825255188565,"label":"University of Aberdeen"},{"numberOfDocuments":22.810194868648694,"label":"University of Edinburgh"},{"numberOfDocuments":0.6040581090477991,"label":"University of the West of Scotland"},{"numberOfDocuments":5.948038126188349,"label":"University of St Andrews"},{"numberOfDocuments":10.414414877183038,"label":"University of Glasgow"},{"numberOfDocuments":6.47052680780836,"label":"University of Strathclyde"}],"conceptId":0},{"topicData":[{"numberOfDocuments":0.5633783784086235,"label":"Robert Gordon University"},{"numberOfDocuments":1.368790571063409,"label":"Heriot-Watt University"},{"numberOfDocuments":0.4727636933630594,"label":"Glasgow Caledonian University"},{"numberOfDocuments":0.42480497454863914,"label":"Queen Margaret University"},{"numberOfDocuments":0.5663028807874217,"label":"University of the Highlands and Islands"},{"numberOfDocuments":1.6755228672284943,"label":"University of Dundee"},{"numberOfDocuments":0.7983725714340196,"label":"Edinburgh Napier University"},{"numberOfDocuments":5.94549071520696,"label":"University of Stirling"},{"numberOfDocuments":2.9547841478074037,"label":"Abertay University"},{"numberOfDocuments":1.7134768074648485,"label":"University of Aberdeen"},{"numberOfDocuments":9.767241277001698,"label":"University of Edinburgh"},{"numberOfDocuments":0.593289189852489,"label":"University of the West of Scotland"},{"numberOfDocuments":4.045733863461755,"label":"University of St Andrews"},{"numberOfDocuments":8.655511775763387,"label":"University of Glasgow"},{"numberOfDocuments":6.592267274262485,"label":"University of Strathclyde"}],"conceptId":1},{"topicData":[{"numberOfDocuments":0.4677447228030755,"label":"Robert Gordon University"},{"numberOfDocuments":5.636309473230404,"label":"Heriot-Watt University"},{"numberOfDocuments":0.7935290347458831,"label":"Glasgow Caledonian University"},{"numberOfDocuments":6.3684204599415715,"label":"Queen Margaret University"},{"numberOfDocuments":0.4613689049558078,"label":"University of the Highlands and Islands"},{"numberOfDocuments":7.04010146768241,"label":"University of Dundee"},{"numberOfDocuments":3.815141898472066,"label":"Edinburgh Napier University"},{"numberOfDocuments":11.34036345654234,"label":"University of Stirling"},{"numberOfDocuments":3.8355391229986004,"label":"Abertay University"},{"numberOfDocuments":9.217328314088839,"label":"University of Aberdeen"},{"numberOfDocuments":72.2573557713101,"label":"University of Edinburgh"},{"numberOfDocuments":1.1092742509944171,"label":"University of the West of Scotland"},{"numberOfDocuments":12.631772312642859,"label":"University of St Andrews"},{"numberOfDocuments":15.40612571948606,"label":"University of Glasgow"},{"numberOfDocuments":6.669935245057447,"label":"University of Strathclyde"}],"conceptId":2},{"topicData":[{"numberOfDocuments":1.1242530711523124,"label":"Robert Gordon University"},{"numberOfDocuments":2.5607737622466598,"label":"Heriot-Watt University"},{"numberOfDocuments":0.5027026059070986,"label":"Glasgow Caledonian University"},{"numberOfDocuments":0.9343658228897652,"label":"Queen Margaret University"},{"numberOfDocuments":0.09813412946610264,"label":"University of the Highlands and Islands"},{"numberOfDocuments":1.7891114282411518,"label":"University of Dundee"},{"numberOfDocuments":1.8278450876370806,"label":"Edinburgh Napier University"},{"numberOfDocuments":6.381261096966959,"label":"University of Stirling"},{"numberOfDocuments":0.9271848099768526,"label":"Abertay University"},{"numberOfDocuments":1.4458996102059076,"label":"University of Aberdeen"},{"numberOfDocuments":10.836533728804465,"label":"University of Edinburgh"},{"numberOfDocuments":4.0979104784439615,"label":"University of the West of Scotland"},{"numberOfDocuments":3.543956054761146,"label":"University of St Andrews"},{"numberOfDocuments":9.118860931516013,"label":"University of Glasgow"},{"numberOfDocuments":6.2910553812779675,"label":"University of Strathclyde"}],"conceptId":3},{"topicData":[{"numberOfDocuments":0.45902854545249927,"label":"Robert Gordon University"},{"numberOfDocuments":3.090851814104276,"label":"Heriot-Watt University"},{"numberOfDocuments":0.15983725661145015,"label":"Glasgow Caledonian University"},{"numberOfDocuments":2.5319031636995044,"label":"Queen Margaret University"},{"numberOfDocuments":0.6439564813234018,"label":"University of the Highlands and Islands"},{"numberOfDocuments":0.9690397665545502,"label":"University of Dundee"},{"numberOfDocuments":2.7644685334188925,"label":"Edinburgh Napier University"},{"numberOfDocuments":2.6819524014005873,"label":"University of Stirling"},{"numberOfDocuments":0.09137012158792987,"label":"Abertay University"},{"numberOfDocuments":1.027683114964916,"label":"University of Aberdeen"},{"numberOfDocuments":10.131642979118167,"label":"University of Edinburgh"},{"numberOfDocuments":0.2634848665859302,"label":"University of the West of Scotland"},{"numberOfDocuments":3.532534592709613,"label":"University of St Andrews"},{"numberOfDocuments":5.238295550697531,"label":"University of Glasgow"},{"numberOfDocuments":3.5736442069030074,"label":"University of Strathclyde"}],"conceptId":4},{"topicData":[{"numberOfDocuments":1.1618656415872552,"label":"Robert Gordon University"},{"numberOfDocuments":4.939752806337541,"label":"Heriot-Watt University"},{"numberOfDocuments":1.69990633849461,"label":"Glasgow Caledonian University"},{"numberOfDocuments":16.246092158234447,"label":"Queen Margaret University"},{"numberOfDocuments":0.1562994296127974,"label":"University of the Highlands and Islands"},{"numberOfDocuments":3.5464438681492094,"label":"University of Dundee"},{"numberOfDocuments":7.305843727648141,"label":"Edinburgh Napier University"},{"numberOfDocuments":13.659012638820784,"label":"University of Stirling"},{"numberOfDocuments":1.2925690740726692,"label":"Abertay University"},{"numberOfDocuments":9.703565777195786,"label":"University of Aberdeen"},{"numberOfDocuments":15.410485639303902,"label":"University of Edinburgh"},{"numberOfDocuments":3.411941093620057,"label":"University of the West of Scotland"},{"numberOfDocuments":7.7092506584953915,"label":"University of St Andrews"},{"numberOfDocuments":18.436811064435414,"label":"University of Glasgow"},{"numberOfDocuments":15.321500609718408,"label":"University of Strathclyde"}],"conceptId":5},{"topicData":[{"numberOfDocuments":0.2607927788490164,"label":"Robert Gordon University"},{"numberOfDocuments":1.5297844691692009,"label":"Heriot-Watt University"},{"numberOfDocuments":0.9759548186667906,"label":"Glasgow Caledonian University"},{"numberOfDocuments":2.303503467883448,"label":"Queen Margaret University"},{"numberOfDocuments":0.14170169453188322,"label":"University of the Highlands and Islands"},{"numberOfDocuments":6.986532777519667,"label":"University of Dundee"},{"numberOfDocuments":0.9651130310160543,"label":"Edinburgh Napier University"},{"numberOfDocuments":3.3149197627197062,"label":"University of Stirling"},{"numberOfDocuments":0.40068440844933695,"label":"Abertay University"},{"numberOfDocuments":4.154206073276174,"label":"University of Aberdeen"},{"numberOfDocuments":28.064220874033783,"label":"University of Edinburgh"},{"numberOfDocuments":1.7916661448382398,"label":"University of the West of Scotland"},{"numberOfDocuments":2.6531990923317954,"label":"University of St Andrews"},{"numberOfDocuments":9.258077283660938,"label":"University of Glasgow"},{"numberOfDocuments":2.8948082002585274,"label":"University of Strathclyde"}],"conceptId":6},{"topicData":[{"numberOfDocuments":0.7189292910803422,"label":"Robert Gordon University"},{"numberOfDocuments":5.104284675800373,"label":"Heriot-Watt University"},{"numberOfDocuments":0.8666099707272833,"label":"Glasgow Caledonian University"},{"numberOfDocuments":5.885184764295513,"label":"Queen Margaret University"},{"numberOfDocuments":0.18539399553803018,"label":"University of the Highlands and Islands"},{"numberOfDocuments":7.132702327094153,"label":"University of Dundee"},{"numberOfDocuments":1.6177543876084188,"label":"Edinburgh Napier University"},{"numberOfDocuments":16.365901781814365,"label":"University of Stirling"},{"numberOfDocuments":4.552445952171931,"label":"Abertay University"},{"numberOfDocuments":24.57094829938057,"label":"University of Aberdeen"},{"numberOfDocuments":41.59897481237021,"label":"University of Edinburgh"},{"numberOfDocuments":3.8327908324995557,"label":"University of the West of Scotland"},{"numberOfDocuments":13.274897291936549,"label":"University of St Andrews"},{"numberOfDocuments":26.062488752876067,"label":"University of Glasgow"},{"numberOfDocuments":10.491471368582001,"label":"University of Strathclyde"}],"conceptId":7},{"topicData":[{"numberOfDocuments":31.304012310637777,"label":"Robert Gordon University"},{"numberOfDocuments":81.4544869899951,"label":"Heriot-Watt University"},{"numberOfDocuments":21.280640269909156,"label":"Glasgow Caledonian University"},{"numberOfDocuments":51.554491804760545,"label":"Queen Margaret University"},{"numberOfDocuments":32.2732293249721,"label":"University of the Highlands and Islands"},{"numberOfDocuments":102.30648039198137,"label":"University of Dundee"},{"numberOfDocuments":43.62149055662947,"label":"Edinburgh Napier University"},{"numberOfDocuments":164.41832879379405,"label":"University of Stirling"},{"numberOfDocuments":20.29406283990255,"label":"Abertay University"},{"numberOfDocuments":150.21125070541575,"label":"University of Aberdeen"},{"numberOfDocuments":515.117177013115,"label":"University of Edinburgh"},{"numberOfDocuments":29.683954226228956,"label":"University of the West of Scotland"},{"numberOfDocuments":210.77515267782192,"label":"University of St Andrews"},{"numberOfDocuments":402.2326875666912,"label":"University of Glasgow"},{"numberOfDocuments":239.13896108445255,"label":"University of Strathclyde"}],"conceptId":8},{"topicData":[{"numberOfDocuments":1.819978624684664,"label":"Robert Gordon University"},{"numberOfDocuments":5.740193663066255,"label":"Heriot-Watt University"},{"numberOfDocuments":0.7807146199349322,"label":"Glasgow Caledonian University"},{"numberOfDocuments":1.3355108156700246,"label":"Queen Margaret University"},{"numberOfDocuments":0.43600048380012,"label":"University of the Highlands and Islands"},{"numberOfDocuments":2.29703697605237,"label":"University of Dundee"},{"numberOfDocuments":2.0891678816024983,"label":"Edinburgh Napier University"},{"numberOfDocuments":12.852389693325048,"label":"University of Stirling"},{"numberOfDocuments":6.356871110238546,"label":"Abertay University"},{"numberOfDocuments":6.1629158743023345,"label":"University of Aberdeen"},{"numberOfDocuments":37.384645639728156,"label":"University of Edinburgh"},{"numberOfDocuments":4.650910623017098,"label":"University of the West of Scotland"},{"numberOfDocuments":37.3403439627577,"label":"University of St Andrews"},{"numberOfDocuments":14.723584639198746,"label":"University of Glasgow"},{"numberOfDocuments":4.5201266876132635,"label":"University of Strathclyde"}],"conceptId":9},{"topicData":[{"numberOfDocuments":0.17730398639031913,"label":"Robert Gordon University"},{"numberOfDocuments":5.09362479777115,"label":"Heriot-Watt University"},{"numberOfDocuments":0.01711081986311344,"label":"Glasgow Caledonian University"},{"numberOfDocuments":0.22182827156750845,"label":"Queen Margaret University"},{"numberOfDocuments":0.168022872445863,"label":"University of the Highlands and Islands"},{"numberOfDocuments":2.4280288651717905,"label":"University of Dundee"},{"numberOfDocuments":0.7919046292004683,"label":"Edinburgh Napier University"},{"numberOfDocuments":4.0022811503561915,"label":"University of Stirling"},{"numberOfDocuments":0.01923765211166786,"label":"Abertay University"},{"numberOfDocuments":2.0618706792272072,"label":"University of Aberdeen"},{"numberOfDocuments":11.139287782026187,"label":"University of Edinburgh"},{"numberOfDocuments":0.08386820710312366,"label":"University of the West of Scotland"},{"numberOfDocuments":1.8569748236695909,"label":"University of St Andrews"},{"numberOfDocuments":2.6930849107851076,"label":"University of Glasgow"},{"numberOfDocuments":1.7905821888636964,"label":"University of Strathclyde"}],"conceptId":10},{"topicData":[{"numberOfDocuments":0.19544482410104563,"label":"Robert Gordon University"},{"numberOfDocuments":7.148729660069043,"label":"Heriot-Watt University"},{"numberOfDocuments":0.35632294910463225,"label":"Glasgow Caledonian University"},{"numberOfDocuments":2.0546482037687923,"label":"Queen Margaret University"},{"numberOfDocuments":0.1464763477387958,"label":"University of the Highlands and Islands"},{"numberOfDocuments":2.187193115364783,"label":"University of Dundee"},{"numberOfDocuments":0.1654037513909365,"label":"Edinburgh Napier University"},{"numberOfDocuments":5.489198563402684,"label":"University of Stirling"},{"numberOfDocuments":0.04746726369077844,"label":"Abertay University"},{"numberOfDocuments":2.679375342997019,"label":"University of Aberdeen"},{"numberOfDocuments":21.483844542301604,"label":"University of Edinburgh"},{"numberOfDocuments":0.3729302258699723,"label":"University of the West of Scotland"},{"numberOfDocuments":2.9441001747260507,"label":"University of St Andrews"},{"numberOfDocuments":5.359838953073339,"label":"University of Glasgow"},{"numberOfDocuments":10.621741861837254,"label":"University of Strathclyde"}],"conceptId":11},{"topicData":[{"numberOfDocuments":0.8700000707746823,"label":"Robert Gordon University"},{"numberOfDocuments":10.136206819140817,"label":"Heriot-Watt University"},{"numberOfDocuments":0.4680762687043035,"label":"Glasgow Caledonian University"},{"numberOfDocuments":5.341005880262155,"label":"Queen Margaret University"},{"numberOfDocuments":3.85297607315046,"label":"University of the Highlands and Islands"},{"numberOfDocuments":2.628159314039455,"label":"University of Dundee"},{"numberOfDocuments":3.810646781309848,"label":"Edinburgh Napier University"},{"numberOfDocuments":8.58636610114993,"label":"University of Stirling"},{"numberOfDocuments":2.2206612325241593,"label":"Abertay University"},{"numberOfDocuments":3.9232673265178364,"label":"University of Aberdeen"},{"numberOfDocuments":49.57336687243569,"label":"University of Edinburgh"},{"numberOfDocuments":1.0154609069942935,"label":"University of the West of Scotland"},{"numberOfDocuments":5.304611413640735,"label":"University of St Andrews"},{"numberOfDocuments":15.937620759996221,"label":"University of Glasgow"},{"numberOfDocuments":5.002038920242549,"label":"University of Strathclyde"}],"conceptId":12},{"topicData":[{"numberOfDocuments":0.3877103289255868,"label":"Robert Gordon University"},{"numberOfDocuments":0.4421939379683857,"label":"Heriot-Watt University"},{"numberOfDocuments":0.345596614427626,"label":"Glasgow Caledonian University"},{"numberOfDocuments":2.0682519824697767,"label":"Queen Margaret University"},{"numberOfDocuments":0.34308529173968944,"label":"University of the Highlands and Islands"},{"numberOfDocuments":1.423569420915427,"label":"University of Dundee"},{"numberOfDocuments":0.8702207284951671,"label":"Edinburgh Napier University"},{"numberOfDocuments":1.4053717995978463,"label":"University of Stirling"},{"numberOfDocuments":0.4804690817008719,"label":"Abertay University"},{"numberOfDocuments":1.516161244705619,"label":"University of Aberdeen"},{"numberOfDocuments":2.8604304099473272,"label":"University of Edinburgh"},{"numberOfDocuments":0.6338571359334004,"label":"University of the West of Scotland"},{"numberOfDocuments":1.9831706000985971,"label":"University of St Andrews"},{"numberOfDocuments":8.624090764545953,"label":"University of Glasgow"},{"numberOfDocuments":1.8065404374944973,"label":"University of Strathclyde"}],"conceptId":13},{"topicData":[{"numberOfDocuments":0.4043704604100846,"label":"Robert Gordon University"},{"numberOfDocuments":0.23736807579929375,"label":"Heriot-Watt University"},{"numberOfDocuments":1.1674659430268295,"label":"Glasgow Caledonian University"},{"numberOfDocuments":0.26064916961230816,"label":"Queen Margaret University"},{"numberOfDocuments":0.0,"label":"University of the Highlands and Islands"},{"numberOfDocuments":0.3175543167325721,"label":"University of Dundee"},{"numberOfDocuments":0.6001835409952836,"label":"Edinburgh Napier University"},{"numberOfDocuments":1.7584521949894563,"label":"University of Stirling"},{"numberOfDocuments":0.591304347826087,"label":"Abertay University"},{"numberOfDocuments":0.30270531180004184,"label":"University of Aberdeen"},{"numberOfDocuments":1.818842367433223,"label":"University of Edinburgh"},{"numberOfDocuments":0.052737352737352736,"label":"University of the West of Scotland"},{"numberOfDocuments":4.284856705964189,"label":"University of St Andrews"},{"numberOfDocuments":1.7432019329102166,"label":"University of Glasgow"},{"numberOfDocuments":0.9896353224089998,"label":"University of Strathclyde"}],"conceptId":14},{"topicData":[{"numberOfDocuments":2.676827015687217,"label":"Robert Gordon University"},{"numberOfDocuments":2.0226324459407734,"label":"Heriot-Watt University"},{"numberOfDocuments":0.5234539622788719,"label":"Glasgow Caledonian University"},{"numberOfDocuments":1.7694567397903256,"label":"Queen Margaret University"},{"numberOfDocuments":0.5339351020578187,"label":"University of the Highlands and Islands"},{"numberOfDocuments":4.944822823317602,"label":"University of Dundee"},{"numberOfDocuments":2.85385120573197,"label":"Edinburgh Napier University"},{"numberOfDocuments":7.007289374619505,"label":"University of Stirling"},{"numberOfDocuments":0.6563862619027511,"label":"Abertay University"},{"numberOfDocuments":4.795844025254621,"label":"University of Aberdeen"},{"numberOfDocuments":51.47901591823569,"label":"University of Edinburgh"},{"numberOfDocuments":0.8326687347020192,"label":"University of the West of Scotland"},{"numberOfDocuments":4.698042349544103,"label":"University of St Andrews"},{"numberOfDocuments":9.242531025155333,"label":"University of Glasgow"},{"numberOfDocuments":4.429157178648019,"label":"University of Strathclyde"}],"conceptId":15},{"topicData":[{"numberOfDocuments":0.10252709779564,"label":"Robert Gordon University"},{"numberOfDocuments":0.31038301467658197,"label":"Heriot-Watt University"},{"numberOfDocuments":0.0,"label":"Glasgow Caledonian University"},{"numberOfDocuments":18.271327514956795,"label":"Queen Margaret University"},{"numberOfDocuments":0.5413891375031149,"label":"University of the Highlands and Islands"},{"numberOfDocuments":0.16775728640710652,"label":"University of Dundee"},{"numberOfDocuments":1.103168649909719,"label":"Edinburgh Napier University"},{"numberOfDocuments":0.5715408582102404,"label":"University of Stirling"},{"numberOfDocuments":0.1196441837354919,"label":"Abertay University"},{"numberOfDocuments":0.643156388566508,"label":"University of Aberdeen"},{"numberOfDocuments":19.827060107723202,"label":"University of Edinburgh"},{"numberOfDocuments":0.08344518142096155,"label":"University of the West of Scotland"},{"numberOfDocuments":0.7133929054159164,"label":"University of St Andrews"},{"numberOfDocuments":9.417772112734218,"label":"University of Glasgow"},{"numberOfDocuments":2.1005895797846996,"label":"University of Strathclyde"}],"conceptId":16},{"topicData":[{"numberOfDocuments":1.653273633495987,"label":"Robert Gordon University"},{"numberOfDocuments":6.5567725245130974,"label":"Heriot-Watt University"},{"numberOfDocuments":0.5041358493509078,"label":"Glasgow Caledonian University"},{"numberOfDocuments":5.427087370674315,"label":"Queen Margaret University"},{"numberOfDocuments":0.2762930069438616,"label":"University of the Highlands and Islands"},{"numberOfDocuments":5.726269422153571,"label":"University of Dundee"},{"numberOfDocuments":3.9542826610514425,"label":"Edinburgh Napier University"},{"numberOfDocuments":15.909483721947991,"label":"University of Stirling"},{"numberOfDocuments":1.6853854732159437,"label":"Abertay University"},{"numberOfDocuments":18.793580480232468,"label":"University of Aberdeen"},{"numberOfDocuments":29.23212971931335,"label":"University of Edinburgh"},{"numberOfDocuments":3.08743389734327,"label":"University of the West of Scotland"},{"numberOfDocuments":15.515725920436344,"label":"University of St Andrews"},{"numberOfDocuments":19.31141282902583,"label":"University of Glasgow"},{"numberOfDocuments":8.535518121166136,"label":"University of Strathclyde"}],"conceptId":17},{"topicData":[{"numberOfDocuments":0.4076739630360067,"label":"Robert Gordon University"},{"numberOfDocuments":1.3542551205369373,"label":"Heriot-Watt University"},{"numberOfDocuments":0.43096997253007485,"label":"Glasgow Caledonian University"},{"numberOfDocuments":14.232632325776915,"label":"Queen Margaret University"},{"numberOfDocuments":0.09652022443737059,"label":"University of the Highlands and Islands"},{"numberOfDocuments":1.0488294055930172,"label":"University of Dundee"},{"numberOfDocuments":1.4557388978977612,"label":"Edinburgh Napier University"},{"numberOfDocuments":3.309669656792614,"label":"University of Stirling"},{"numberOfDocuments":0.2575833432317047,"label":"Abertay University"},{"numberOfDocuments":1.7664329166758597,"label":"University of Aberdeen"},{"numberOfDocuments":43.033707350844686,"label":"University of Edinburgh"},{"numberOfDocuments":0.19015724901553965,"label":"University of the West of Scotland"},{"numberOfDocuments":3.997795926459482,"label":"University of St Andrews"},{"numberOfDocuments":15.697630637060735,"label":"University of Glasgow"},{"numberOfDocuments":10.567846137026482,"label":"University of Strathclyde"}],"conceptId":18},{"topicData":[{"numberOfDocuments":0.0,"label":"Robert Gordon University"},{"numberOfDocuments":0.5692172108782373,"label":"Heriot-Watt University"},{"numberOfDocuments":0.24926939231062942,"label":"Glasgow Caledonian University"},{"numberOfDocuments":0.020689655172413793,"label":"Queen Margaret University"},{"numberOfDocuments":0.08888888888888889,"label":"University of the Highlands and Islands"},{"numberOfDocuments":0.19553353973168214,"label":"University of Dundee"},{"numberOfDocuments":0.16860120990555774,"label":"Edinburgh Napier University"},{"numberOfDocuments":3.9768416925722514,"label":"University of Stirling"},{"numberOfDocuments":0.44792134471033557,"label":"Abertay University"},{"numberOfDocuments":0.9370662866669275,"label":"University of Aberdeen"},{"numberOfDocuments":3.6816434960796522,"label":"University of Edinburgh"},{"numberOfDocuments":0.029126213592233007,"label":"University of the West of Scotland"},{"numberOfDocuments":2.2989692022281942,"label":"University of St Andrews"},{"numberOfDocuments":1.5104654166159281,"label":"University of Glasgow"},{"numberOfDocuments":1.3726256189299952,"label":"University of Strathclyde"}],"conceptId":19},{"topicData":[{"numberOfDocuments":0.11479855371900827,"label":"Robert Gordon University"},{"numberOfDocuments":0.3008849557522124,"label":"Heriot-Watt University"},{"numberOfDocuments":0.0,"label":"Glasgow Caledonian University"},{"numberOfDocuments":15.154972428974396,"label":"Queen Margaret University"},{"numberOfDocuments":0.0,"label":"University of the Highlands and Islands"},{"numberOfDocuments":0.6337373580214676,"label":"University of Dundee"},{"numberOfDocuments":0.666031134649334,"label":"Edinburgh Napier University"},{"numberOfDocuments":0.23809908431237115,"label":"University of Stirling"},{"numberOfDocuments":0.017094017094017096,"label":"Abertay University"},{"numberOfDocuments":0.41700778482083833,"label":"University of Aberdeen"},{"numberOfDocuments":3.6001567665626246,"label":"University of Edinburgh"},{"numberOfDocuments":0.04081632653061224,"label":"University of the West of Scotland"},{"numberOfDocuments":0.3686976948894909,"label":"University of St Andrews"},{"numberOfDocuments":1.0300340250186102,"label":"University of Glasgow"},{"numberOfDocuments":12.295658856719829,"label":"University of Strathclyde"}],"conceptId":20},{"topicData":[{"numberOfDocuments":0.24857928784757763,"label":"Robert Gordon University"},{"numberOfDocuments":1.7772343711654692,"label":"Heriot-Watt University"},{"numberOfDocuments":0.25819616184650296,"label":"Glasgow Caledonian University"},{"numberOfDocuments":2.5979385417176406,"label":"Queen Margaret University"},{"numberOfDocuments":0.2109922906245865,"label":"University of the Highlands and Islands"},{"numberOfDocuments":4.602818253271667,"label":"University of Dundee"},{"numberOfDocuments":1.2503426279460133,"label":"Edinburgh Napier University"},{"numberOfDocuments":4.356701794531333,"label":"University of Stirling"},{"numberOfDocuments":2.816439818263958,"label":"Abertay University"},{"numberOfDocuments":3.3706197564997917,"label":"University of Aberdeen"},{"numberOfDocuments":15.979409397883686,"label":"University of Edinburgh"},{"numberOfDocuments":0.36638704604676725,"label":"University of the West of Scotland"},{"numberOfDocuments":4.20855584185774,"label":"University of St Andrews"},{"numberOfDocuments":6.7193556873917775,"label":"University of Glasgow"},{"numberOfDocuments":3.1788988394059547,"label":"University of Strathclyde"}],"conceptId":21},{"topicData":[{"numberOfDocuments":3.1468788390778983,"label":"Robert Gordon University"},{"numberOfDocuments":7.462778063547341,"label":"Heriot-Watt University"},{"numberOfDocuments":2.3191338891948963,"label":"Glasgow Caledonian University"},{"numberOfDocuments":2.460077842940855,"label":"Queen Margaret University"},{"numberOfDocuments":0.358527260332432,"label":"University of the Highlands and Islands"},{"numberOfDocuments":6.31154639097077,"label":"University of Dundee"},{"numberOfDocuments":6.4611714752435745,"label":"Edinburgh Napier University"},{"numberOfDocuments":13.451888769843702,"label":"University of Stirling"},{"numberOfDocuments":3.983033759254176,"label":"Abertay University"},{"numberOfDocuments":18.534215144555283,"label":"University of Aberdeen"},{"numberOfDocuments":35.179130525418294,"label":"University of Edinburgh"},{"numberOfDocuments":1.7944666902882054,"label":"University of the West of Scotland"},{"numberOfDocuments":15.479073395085058,"label":"University of St Andrews"},{"numberOfDocuments":21.64749398511661,"label":"University of Glasgow"},{"numberOfDocuments":11.713204165938937,"label":"University of Strathclyde"}],"conceptId":22}]