{"linkageTable":[{"node2":8,"distance":0.44675400513753,"node1":3},{"node2":11,"distance":0.4719132760993025,"node1":1},{"node2":5,"distance":0.47582944911271,"node1":0},{"node2":7,"distance":0.47658152651582836,"node1":12},{"node2":10,"distance":0.4789068249083,"node1":9},{"node2":2,"distance":0.4864408333978988,"node1":14},{"node2":16,"distance":0.488072946739959,"node1":13},{"node2":15,"distance":0.49253568401616826,"node1":17},{"node2":6,"distance":0.49406744162948396,"node1":18},{"node2":4,"distance":0.49627786031909454,"node1":19}],"conceptsData":[{"conceptId":10,"clusterId":0,"hexCoordinates":{"x":1.7320508075688772,"y":3},"labels":[{"weight":297,"label":"mass"},{"weight":237,"label":"limit"},{"weight":230,"label":"boson"},{"weight":212,"label":"particle"},{"weight":206,"label":"decay"},{"weight":194,"label":"search"},{"weight":190,"label":"model"},{"weight":185,"label":"higg"},{"weight":177,"label":"gev"},{"weight":135,"label":"production"},{"weight":132,"label":"tev"},{"weight":132,"label":"proton"},{"weight":129,"label":"upper"},{"weight":109,"label":"standard"},{"weight":107,"label":"live"},{"weight":102,"label":"observe"},{"weight":102,"label":"data"},{"weight":101,"label":"long"},{"weight":101,"label":"cross"},{"weight":100,"label":"collision"},{"weight":97,"label":"range"},{"weight":95,"label":"detector"},{"weight":94,"label":"section"},{"weight":83,"label":"set"},{"weight":81,"label":"dark"}],"subTopicId":820},{"conceptId":3,"clusterId":0,"hexCoordinates":{"x":0,"y":0},"labels":[{"weight":1370,"label":"cross"},{"weight":1244,"label":"section"},{"weight":249,"label":"measure"},{"weight":198,"label":"production"},{"weight":185,"label":"measurement"},{"weight":143,"label":"differential"},{"weight":120,"label":"uncertainty"},{"weight":107,"label":"prediction"},{"weight":107,"label":"range"},{"weight":81,"label":"sectional"},{"weight":80,"label":"ratio"},{"weight":79,"label":"sigma"},{"weight":74,"label":"experimental"},{"weight":73,"label":"fiducial"},{"weight":73,"label":"transverse"},{"weight":69,"label":"determine"},{"weight":69,"label":"energy"},{"weight":69,"label":"data"},{"weight":68,"label":"gev"},{"weight":64,"label":"theoretical"},{"weight":61,"label":"inclusive"},{"weight":61,"label":"agreement"},{"weight":60,"label":"lead"},{"weight":56,"label":"systematic"},{"weight":56,"label":"function"}],"subTopicId":250},{"conceptId":5,"clusterId":0,"hexCoordinates":{"x":-1.7320508075688772,"y":0},"labels":[{"weight":124,"label":"quark"},{"weight":124,"label":"lattice"},{"weight":95,"label":"qcd"},{"weight":84,"label":"calculation"},{"weight":76,"label":"soft"},{"weight":74,"label":"theory"},{"weight":69,"label":"amplitude"},{"weight":63,"label":"contribution"},{"weight":61,"label":"order"},{"weight":60,"label":"gauge"},{"weight":53,"label":"anomalous"},{"weight":51,"label":"correction"},{"weight":49,"label":"gluon"},{"weight":47,"label":"lead"},{"weight":44,"label":"loop"},{"weight":44,"label":"compute"},{"weight":44,"label":"limit"},{"weight":44,"label":"include"},{"weight":40,"label":"perturbative"},{"weight":38,"label":"effect"},{"weight":37,"label":"nlo"},{"weight":37,"label":"wilson"},{"weight":35,"label":"line"},{"weight":34,"label":"logarithm"},{"weight":34,"label":"text"}],"subTopicId":411},{"conceptId":8,"clusterId":0,"hexCoordinates":{"x":1.7320508075688772,"y":0},"labels":[{"weight":731,"label":"jet"},{"weight":536,"label":"collision"},{"weight":455,"label":"transverse"},{"weight":388,"label":"proton"},{"weight":387,"label":"data"},{"weight":366,"label":"measurement"},{"weight":365,"label":"momentum"},{"weight":361,"label":"energy"},{"weight":354,"label":"tev"},{"weight":345,"label":"measure"},{"weight":323,"label":"event"},{"weight":308,"label":"detector"},{"weight":275,"label":"mass"},{"weight":240,"label":"atlas"},{"weight":235,"label":"function"},{"weight":219,"label":"present"},{"weight":218,"label":"production"},{"weight":217,"label":"particle"},{"weight":215,"label":"lhc"},{"weight":207,"label":"section"},{"weight":207,"label":"cross"},{"weight":195,"label":"luminosity"},{"weight":193,"label":"distribution"},{"weight":188,"label":"gev"},{"weight":187,"label":"compare"}],"subTopicId":780},{"conceptId":0,"clusterId":0,"hexCoordinates":{"x":-0.8660254037844386,"y":-1.5},"labels":[{"weight":1245,"label":"decay"},{"weight":572,"label":"mass"},{"weight":475,"label":"fraction"},{"weight":458,"label":"data"},{"weight":447,"label":"collision"},{"weight":442,"label":"correspond"},{"weight":432,"label":"lhcb"},{"weight":423,"label":"branch"},{"weight":417,"label":"integrate"},{"weight":404,"label":"measure"},{"weight":373,"label":"luminosity"},{"weight":360,"label":"proton"},{"weight":358,"label":"measurement"},{"weight":347,"label":"meson"},{"weight":337,"label":"tev"},{"weight":324,"label":"uncertainty"},{"weight":324,"label":"collect"},{"weight":269,"label":"stat"},{"weight":269,"label":"experiment"},{"weight":267,"label":"energy"},{"weight":253,"label":"syst"},{"weight":248,"label":"state"},{"weight":246,"label":"systematic"},{"weight":246,"label":"statistical"},{"weight":234,"label":"time"}],"subTopicId":166},{"conceptId":1,"clusterId":0,"hexCoordinates":{"x":0.8660254037844386,"y":-1.5},"labels":[{"weight":130,"label":"top"},{"weight":106,"label":"mass"},{"weight":98,"label":"collision"},{"weight":96,"label":"quark"},{"weight":80,"label":"tev"},{"weight":78,"label":"particle"},{"weight":77,"label":"measure"},{"weight":75,"label":"jet"},{"weight":75,"label":"correlation"},{"weight":73,"label":"data"},{"weight":67,"label":"lhc"},{"weight":67,"label":"charge"},{"weight":64,"label":"proton"},{"weight":57,"label":"energy"},{"weight":54,"label":"lepton"},{"weight":52,"label":"measurement"},{"weight":46,"label":"vertex"},{"weight":45,"label":"event"},{"weight":43,"label":"track"},{"weight":42,"label":"coefficient"},{"weight":39,"label":"gev"},{"weight":39,"label":"function"},{"weight":37,"label":"luminosity"},{"weight":37,"label":"result"},{"weight":36,"label":"cos"}],"subTopicId":226},{"conceptId":6,"clusterId":0,"hexCoordinates":{"x":2.598076211353316,"y":-1.5},"labels":[{"weight":202,"label":"gev"},{"weight":177,"label":"photon"},{"weight":161,"label":"data"},{"weight":158,"label":"beam"},{"weight":142,"label":"energy"},{"weight":140,"label":"section"},{"weight":137,"label":"cross"},{"weight":128,"label":"reaction"},{"weight":126,"label":"result"},{"weight":124,"label":"proton"},{"weight":121,"label":"target"},{"weight":117,"label":"asymmetry"},{"weight":115,"label":"nucleon"},{"weight":115,"label":"measurement"},{"weight":105,"label":"polarize"},{"weight":101,"label":"resonance"},{"weight":95,"label":"measure"},{"weight":85,"label":"detector"},{"weight":82,"label":"spin"},{"weight":81,"label":"electron"},{"weight":80,"label":"scattering"},{"weight":78,"label":"experiment"},{"weight":75,"label":"neutron"},{"weight":73,"label":"large"},{"weight":73,"label":"range"}],"subTopicId":440},{"conceptId":2,"clusterId":0,"hexCoordinates":{"x":-0.8660254037844386,"y":1.5},"labels":[{"weight":621,"label":"boson"},{"weight":497,"label":"model"},{"weight":492,"label":"mass"},{"weight":466,"label":"decay"},{"weight":454,"label":"higg"},{"weight":421,"label":"production"},{"weight":413,"label":"quark"},{"weight":377,"label":"search"},{"weight":355,"label":"tev"},{"weight":349,"label":"standard"},{"weight":343,"label":"limit"},{"weight":300,"label":"top"},{"weight":273,"label":"proton"},{"weight":249,"label":"gev"},{"weight":216,"label":"jet"},{"weight":216,"label":"collision"},{"weight":212,"label":"data"},{"weight":208,"label":"pair"},{"weight":197,"label":"atlas"},{"weight":194,"label":"large"},{"weight":186,"label":"observe"},{"weight":173,"label":"coupling"},{"weight":172,"label":"detector"},{"weight":169,"label":"set"},{"weight":167,"label":"collider"}],"subTopicId":247},{"conceptId":4,"clusterId":0,"hexCoordinates":{"x":0,"y":3},"labels":[{"weight":347,"label":"mass"},{"weight":241,"label":"model"},{"weight":208,"label":"tev"},{"weight":152,"label":"limit"},{"weight":147,"label":"search"},{"weight":142,"label":"boson"},{"weight":132,"label":"decay"},{"weight":122,"label":"production"},{"weight":116,"label":"resonance"},{"weight":106,"label":"proton"},{"weight":104,"label":"pair"},{"weight":103,"label":"standard"},{"weight":101,"label":"data"},{"weight":94,"label":"state"},{"weight":92,"label":"gev"},{"weight":84,"label":"large"},{"weight":83,"label":"collision"},{"weight":83,"label":"final"},{"weight":74,"label":"tilde"},{"weight":72,"label":"atlas"},{"weight":72,"label":"observe"},{"weight":71,"label":"exclude"},{"weight":68,"label":"cross"},{"weight":68,"label":"set"},{"weight":67,"label":"section"}],"subTopicId":316},{"conceptId":-1,"clusterId":-1,"hexCoordinates":{"x":6.06217782649107,"y":3},"labels":[{"weight":2500,"label":"Unclassified"},{"weight":0,"label":""},{"weight":0,"label":""},{"weight":0,"label":""},{"weight":0,"label":""},{"weight":0,"label":""},{"weight":0,"label":""},{"weight":0,"label":""},{"weight":0,"label":""},{"weight":0,"label":""},{"weight":0,"label":""}],"subTopicId":null},{"conceptId":9,"clusterId":0,"hexCoordinates":{"x":2.598076211353316,"y":1.5},"labels":[{"weight":336,"label":"mass"},{"weight":321,"label":"model"},{"weight":281,"label":"jet"},{"weight":228,"label":"search"},{"weight":219,"label":"proton"},{"weight":209,"label":"tev"},{"weight":190,"label":"decay"},{"weight":189,"label":"standard"},{"weight":181,"label":"data"},{"weight":178,"label":"limit"},{"weight":171,"label":"large"},{"weight":165,"label":"boson"},{"weight":161,"label":"gev"},{"weight":161,"label":"top"},{"weight":155,"label":"event"},{"weight":135,"label":"quark"},{"weight":129,"label":"production"},{"weight":124,"label":"collision"},{"weight":109,"label":"lepton"},{"weight":109,"label":"pair"},{"weight":104,"label":"hadron"},{"weight":104,"label":"result"},{"weight":102,"label":"atlas"},{"weight":102,"label":"tau"},{"weight":94,"label":"detector"}],"subTopicId":799},{"conceptId":7,"clusterId":0,"hexCoordinates":{"x":0.8660254037844386,"y":1.5},"labels":[{"weight":282,"label":"production"},{"weight":246,"label":"section"},{"weight":237,"label":"cross"},{"weight":234,"label":"boson"},{"weight":195,"label":"mass"},{"weight":192,"label":"proton"},{"weight":182,"label":"top"},{"weight":177,"label":"quark"},{"weight":166,"label":"event"},{"weight":159,"label":"jet"},{"weight":155,"label":"tev"},{"weight":155,"label":"data"},{"weight":153,"label":"measure"},{"weight":143,"label":"collision"},{"weight":135,"label":"standard"},{"weight":128,"label":"lepton"},{"weight":119,"label":"atlas"},{"weight":116,"label":"decay"},{"weight":116,"label":"detector"},{"weight":114,"label":"measurement"},{"weight":109,"label":"pair"},{"weight":107,"label":"gev"},{"weight":107,"label":"integrate"},{"weight":106,"label":"stat"},{"weight":105,"label":"energy"}],"subTopicId":584}]}