{"linkageTable":[{"node2":8,"distance":0.443497021272365,"node1":2},{"node2":7,"distance":0.45276442186911503,"node1":4},{"node2":12,"distance":0.471102426010125,"node1":0},{"node2":10,"distance":0.4733130196892775,"node1":13},{"node2":11,"distance":0.47515859646935,"node1":9},{"node2":3,"distance":0.4800530354750567,"node1":16},{"node2":5,"distance":0.48501728642162245,"node1":14},{"node2":18,"distance":0.48578567798168065,"node1":15},{"node2":17,"distance":0.48907593076969796,"node1":20},{"node2":1,"distance":0.49126482397194815,"node1":21},{"node2":19,"distance":0.49244779904275443,"node1":22},{"node2":6,"distance":0.49695812549036456,"node1":23}],"conceptsData":[{"conceptId":2,"clusterId":0,"hexCoordinates":{"x":0,"y":0},"labels":[{"weight":81,"label":"constipation"},{"weight":73,"label":"abdominal"},{"weight":65,"label":"massage"},{"weight":49,"label":"symptom"},{"weight":49,"label":"group"},{"weight":45,"label":"bowel"},{"weight":43,"label":"week"},{"weight":42,"label":"usual"},{"weight":41,"label":"participant"},{"weight":40,"label":"cbt"},{"weight":39,"label":"effective"},{"weight":33,"label":"advice"},{"weight":32,"label":"treatment"},{"weight":31,"label":"total"},{"weight":30,"label":"limb"},{"weight":29,"label":"adverse"},{"weight":28,"label":"life"},{"weight":28,"label":"control"},{"weight":28,"label":"upper"},{"weight":27,"label":"change"},{"weight":26,"label":"intervention"},{"weight":25,"label":"arat"},{"weight":25,"label":"score"},{"weight":24,"label":"patient"},{"weight":24,"label":"effect"}],"subTopicId":140},{"conceptId":0,"clusterId":0,"hexCoordinates":{"x":2.598076211353316,"y":1.5},"labels":[{"weight":256,"label":"repair"},{"weight":153,"label":"surgery"},{"weight":151,"label":"mesh"},{"weight":107,"label":"prolapse"},{"weight":99,"label":"woman"},{"weight":78,"label":"standard"},{"weight":70,"label":"graft"},{"weight":69,"label":"treatment"},{"weight":64,"label":"foam"},{"weight":53,"label":"year"},{"weight":51,"label":"quality"},{"weight":49,"label":"complication"},{"weight":47,"label":"ablation"},{"weight":47,"label":"life"},{"weight":40,"label":"evla"},{"weight":40,"label":"procedure"},{"weight":37,"label":"tear"},{"weight":37,"label":"trial"},{"weight":37,"label":"similar"},{"weight":35,"label":"pop"},{"weight":34,"label":"term"},{"weight":34,"label":"difference"},{"weight":33,"label":"vein"},{"weight":32,"label":"laser"},{"weight":30,"label":"cuff"}],"subTopicId":60},{"conceptId":3,"clusterId":0,"hexCoordinates":{"x":2.598076211353316,"y":-1.5},"labels":[{"weight":1171,"label":"trial"},{"weight":628,"label":"recruitment"},{"weight":606,"label":"intervention"},{"weight":580,"label":"participant"},{"weight":449,"label":"study"},{"weight":424,"label":"feasibility"},{"weight":262,"label":"retention"},{"weight":260,"label":"recruit"},{"weight":234,"label":"pilot"},{"weight":228,"label":"method"},{"weight":213,"label":"acceptability"},{"weight":213,"label":"rate"},{"weight":209,"label":"design"},{"weight":208,"label":"consent"},{"weight":197,"label":"research"},{"weight":181,"label":"rct"},{"weight":179,"label":"randomise"},{"weight":173,"label":"data"},{"weight":173,"label":"follow"},{"weight":171,"label":"result"},{"weight":169,"label":"feasible"},{"weight":166,"label":"conduct"},{"weight":160,"label":"month"},{"weight":160,"label":"questionnaire"},{"weight":155,"label":"outcome"}],"subTopicId":163},{"conceptId":-1,"clusterId":-1,"hexCoordinates":{"x":7.794228634059947,"y":1.5},"labels":[{"weight":2500,"label":"Unclassified"},{"weight":0,"label":""},{"weight":0,"label":""},{"weight":0,"label":""},{"weight":0,"label":""},{"weight":0,"label":""},{"weight":0,"label":""},{"weight":0,"label":""},{"weight":0,"label":""},{"weight":0,"label":""},{"weight":0,"label":""}],"subTopicId":null},{"conceptId":8,"clusterId":0,"hexCoordinates":{"x":1.7320508075688772,"y":0},"labels":[{"weight":2308,"label":"trial"},{"weight":1410,"label":"outcome"},{"weight":1247,"label":"intervention"},{"weight":1113,"label":"participant"},{"weight":1042,"label":"month"},{"weight":1017,"label":"group"},{"weight":931,"label":"primary"},{"weight":651,"label":"controlled"},{"weight":640,"label":"care"},{"weight":638,"label":"randomise"},{"weight":573,"label":"arm"},{"weight":514,"label":"secondary"},{"weight":503,"label":"measure"},{"weight":502,"label":"difference"},{"weight":492,"label":"follow"},{"weight":469,"label":"effectiveness"},{"weight":466,"label":"usual"},{"weight":451,"label":"health"},{"weight":421,"label":"cost"},{"weight":386,"label":"randomised"},{"weight":373,"label":"control"},{"weight":372,"label":"receive"},{"weight":360,"label":"quality"},{"weight":346,"label":"analysis"},{"weight":340,"label":"design"}],"subTopicId":657},{"conceptId":6,"clusterId":0,"hexCoordinates":{"x":3.4641016151377544,"y":-3},"labels":[{"weight":513,"label":"donor"},{"weight":279,"label":"recipient"},{"weight":255,"label":"transplant"},{"weight":232,"label":"blood"},{"weight":197,"label":"par"},{"weight":185,"label":"organ"},{"weight":167,"label":"donation"},{"weight":113,"label":"transplantation"},{"weight":97,"label":"graft"},{"weight":72,"label":"donate"},{"weight":71,"label":"rbc"},{"weight":71,"label":"transfusion"},{"weight":65,"label":"kidney"},{"weight":51,"label":"lpa"},{"weight":50,"label":"rad"},{"weight":49,"label":"red"},{"weight":34,"label":"sterilization"},{"weight":33,"label":"list"},{"weight":31,"label":"dcd"},{"weight":31,"label":"condition"},{"weight":30,"label":"rejection"},{"weight":29,"label":"deceased"},{"weight":27,"label":"register"},{"weight":27,"label":"pre"},{"weight":26,"label":"handpiece"}],"subTopicId":583},{"conceptId":10,"clusterId":0,"hexCoordinates":{"x":0.8660254037844386,"y":-1.5},"labels":[{"weight":514,"label":"rehabilitation"},{"weight":466,"label":"exercise"},{"weight":295,"label":"outcome"},{"weight":281,"label":"participant"},{"weight":246,"label":"programme"},{"weight":239,"label":"week"},{"weight":226,"label":"function"},{"weight":209,"label":"base"},{"weight":205,"label":"stroke"},{"weight":202,"label":"training"},{"weight":185,"label":"physical"},{"weight":178,"label":"group"},{"weight":173,"label":"physiotherapy"},{"weight":160,"label":"follow"},{"weight":156,"label":"measure"},{"weight":147,"label":"life"},{"weight":141,"label":"people"},{"weight":137,"label":"functional"},{"weight":130,"label":"month"},{"weight":118,"label":"study"},{"weight":117,"label":"improve"},{"weight":117,"label":"intervention"},{"weight":116,"label":"activity"},{"weight":113,"label":"quality"},{"weight":104,"label":"time"}],"subTopicId":813},{"conceptId":12,"clusterId":0,"hexCoordinates":{"x":0.8660254037844386,"y":1.5},"labels":[{"weight":1481,"label":"cost"},{"weight":526,"label":"effectiveness"},{"weight":325,"label":"year"},{"weight":324,"label":"qaly"},{"weight":317,"label":"effective"},{"weight":267,"label":"life"},{"weight":263,"label":"analysis"},{"weight":253,"label":"health"},{"weight":235,"label":"quality"},{"weight":187,"label":"treatment"},{"weight":179,"label":"model"},{"weight":176,"label":"economic"},{"weight":172,"label":"gain"},{"weight":171,"label":"result"},{"weight":154,"label":"incremental"},{"weight":143,"label":"estimate"},{"weight":142,"label":"compare"},{"weight":132,"label":"base"},{"weight":128,"label":"patient"},{"weight":127,"label":"adjust"},{"weight":109,"label":"perspective"},{"weight":93,"label":"service"},{"weight":93,"label":"ratio"},{"weight":91,"label":"care"},{"weight":89,"label":"outcome"}],"subTopicId":892},{"conceptId":11,"clusterId":0,"hexCoordinates":{"x":4.330127018922193,"y":-1.5},"labels":[{"weight":874,"label":"week"},{"weight":803,"label":"patient"},{"weight":445,"label":"treatment"},{"weight":444,"label":"baseline"},{"weight":436,"label":"placebo"},{"weight":387,"label":"study"},{"weight":312,"label":"difference"},{"weight":297,"label":"month"},{"weight":284,"label":"group"},{"weight":282,"label":"change"},{"weight":275,"label":"improvement"},{"weight":275,"label":"result"},{"weight":262,"label":"score"},{"weight":238,"label":"day"},{"weight":228,"label":"compare"},{"weight":225,"label":"safety"},{"weight":214,"label":"significant"},{"weight":206,"label":"efficacy"},{"weight":187,"label":"receive"},{"weight":185,"label":"method"},{"weight":184,"label":"versus"},{"weight":182,"label":"randomize"},{"weight":179,"label":"follow"},{"weight":175,"label":"year"},{"weight":172,"label":"conclusion"}],"subTopicId":829},{"conceptId":1,"clusterId":0,"hexCoordinates":{"x":1.7320508075688772,"y":-3},"labels":[{"weight":3716,"label":"intervention"},{"weight":1196,"label":"group"},{"weight":931,"label":"study"},{"weight":897,"label":"control"},{"weight":648,"label":"effect"},{"weight":611,"label":"participant"},{"weight":587,"label":"significant"},{"weight":582,"label":"change"},{"weight":552,"label":"post"},{"weight":545,"label":"measure"},{"weight":517,"label":"follow"},{"weight":486,"label":"outcome"},{"weight":481,"label":"result"},{"weight":464,"label":"test"},{"weight":462,"label":"increase"},{"weight":442,"label":"improve"},{"weight":410,"label":"month"},{"weight":405,"label":"design"},{"weight":380,"label":"trial"},{"weight":358,"label":"base"},{"weight":352,"label":"receive"},{"weight":351,"label":"method"},{"weight":334,"label":"baseline"},{"weight":330,"label":"week"},{"weight":321,"label":"reduction"}],"subTopicId":102},{"conceptId":9,"clusterId":0,"hexCoordinates":{"x":3.4641016151377544,"y":0},"labels":[{"weight":982,"label":"group"},{"weight":878,"label":"trial"},{"weight":743,"label":"patient"},{"weight":625,"label":"treatment"},{"weight":624,"label":"placebo"},{"weight":445,"label":"primary"},{"weight":427,"label":"month"},{"weight":349,"label":"assign"},{"weight":346,"label":"outcome"},{"weight":308,"label":"participant"},{"weight":289,"label":"randomly"},{"weight":277,"label":"number"},{"weight":275,"label":"year"},{"weight":268,"label":"analysis"},{"weight":266,"label":"register"},{"weight":264,"label":"event"},{"weight":246,"label":"adverse"},{"weight":243,"label":"receive"},{"weight":240,"label":"finding"},{"weight":234,"label":"week"},{"weight":229,"label":"treat"},{"weight":226,"label":"standard"},{"weight":214,"label":"randomised"},{"weight":208,"label":"background"},{"weight":205,"label":"difference"}],"subTopicId":758},{"conceptId":4,"clusterId":0,"hexCoordinates":{"x":-0.8660254037844386,"y":-1.5},"labels":[{"weight":704,"label":"ethic"},{"weight":597,"label":"ethical"},{"weight":362,"label":"research"},{"weight":356,"label":"study"},{"weight":300,"label":"approval"},{"weight":291,"label":"dissemination"},{"weight":266,"label":"committee"},{"weight":262,"label":"analysis"},{"weight":235,"label":"review"},{"weight":229,"label":"introduction"},{"weight":221,"label":"data"},{"weight":199,"label":"health"},{"weight":150,"label":"journal"},{"weight":150,"label":"peer"},{"weight":149,"label":"consent"},{"weight":128,"label":"disseminate"},{"weight":118,"label":"method"},{"weight":116,"label":"international"},{"weight":112,"label":"include"},{"weight":111,"label":"number"},{"weight":110,"label":"national"},{"weight":109,"label":"conference"},{"weight":106,"label":"publication"},{"weight":96,"label":"obtain"},{"weight":94,"label":"approve"}],"subTopicId":480},{"conceptId":5,"clusterId":0,"hexCoordinates":{"x":-1.7320508075688772,"y":-3},"labels":[{"weight":209,"label":"urinary"},{"weight":128,"label":"incontinence"},{"weight":116,"label":"woman"},{"weight":114,"label":"bladder"},{"weight":85,"label":"pelvic"},{"weight":85,"label":"symptom"},{"weight":79,"label":"pfmt"},{"weight":67,"label":"tract"},{"weight":62,"label":"continence"},{"weight":59,"label":"treatment"},{"weight":51,"label":"floor"},{"weight":48,"label":"prolapse"},{"weight":48,"label":"man"},{"weight":43,"label":"muscle"},{"weight":40,"label":"mus"},{"weight":36,"label":"stress"},{"weight":35,"label":"sexual"},{"weight":31,"label":"report"},{"weight":29,"label":"sling"},{"weight":29,"label":"biofeedback"},{"weight":28,"label":"month"},{"weight":27,"label":"oab"},{"weight":25,"label":"surgical"},{"weight":23,"label":"catheterisation"},{"weight":23,"label":"dysfunction"}],"subTopicId":493},{"conceptId":7,"clusterId":0,"hexCoordinates":{"x":0,"y":-3},"labels":[{"weight":1126,"label":"intervention"},{"weight":818,"label":"trial"},{"weight":342,"label":"outcome"},{"weight":295,"label":"feasibility"},{"weight":280,"label":"study"},{"weight":245,"label":"patient"},{"weight":245,"label":"participant"},{"weight":235,"label":"controlled"},{"weight":197,"label":"randomise"},{"weight":194,"label":"month"},{"weight":193,"label":"acceptability"},{"weight":191,"label":"measure"},{"weight":188,"label":"programme"},{"weight":171,"label":"design"},{"weight":164,"label":"deliver"},{"weight":163,"label":"effectiveness"},{"weight":158,"label":"cancer"},{"weight":152,"label":"phase"},{"weight":144,"label":"group"},{"weight":139,"label":"pilot"},{"weight":135,"label":"follow"},{"weight":131,"label":"primary"},{"weight":127,"label":"rehabilitation"},{"weight":127,"label":"control"},{"weight":124,"label":"report"}],"subTopicId":590}]}