{"linkageTable":[{"node2":16,"distance":0.45699037055846503,"node1":15},{"node2":12,"distance":0.457411554338175,"node1":5},{"node2":8,"distance":0.463526241945455,"node1":7},{"node2":6,"distance":0.46430575541776,"node1":1},{"node2":20,"distance":0.473371957061565,"node1":2},{"node2":14,"distance":0.47933154759583496,"node1":21},{"node2":10,"distance":0.48328161497759,"node1":4},{"node2":24,"distance":0.485513864753265,"node1":0},{"node2":19,"distance":0.48771034267795377,"node1":25},{"node2":13,"distance":0.4897839426658184,"node1":23},{"node2":27,"distance":0.49092503520172,"node1":22},{"node2":18,"distance":0.493641415715955,"node1":11},{"node2":28,"distance":0.49410220005028815,"node1":29},{"node2":31,"distance":0.4944645361711288,"node1":26},{"node2":30,"distance":0.4969005626491216,"node1":32},{"node2":17,"distance":0.49815506767564655,"node1":33},{"node2":3,"distance":0.4994829729880924,"node1":34},{"node2":9,"distance":0.49965248511230026,"node1":35}],"conceptsData":[{"conceptId":8,"clusterId":0,"hexCoordinates":{"x":3.4641016151377544,"y":-3},"labels":[{"weight":2365,"label":"temperature"},{"weight":1095,"label":"thermal"},{"weight":578,"label":"heat"},{"weight":253,"label":"heating"},{"weight":190,"label":"condition"},{"weight":161,"label":"effect"},{"weight":130,"label":"high"},{"weight":120,"label":"result"},{"weight":112,"label":"elevated"},{"weight":108,"label":"range"},{"weight":103,"label":"increase"},{"weight":101,"label":"study"},{"weight":96,"label":"change"},{"weight":88,"label":"cool"},{"weight":86,"label":"rate"},{"weight":82,"label":"cold"},{"weight":78,"label":"loss"},{"weight":76,"label":"ambient"},{"weight":75,"label":"cooling"},{"weight":74,"label":"gradient"},{"weight":71,"label":"flux"},{"weight":71,"label":"investigate"},{"weight":69,"label":"hot"},{"weight":64,"label":"transfer"},{"weight":58,"label":"thermo"}],"subTopicId":499},{"conceptId":11,"clusterId":0,"hexCoordinates":{"x":3.4641016151377544,"y":3},"labels":[{"weight":247,"label":"textile"},{"weight":148,"label":"fabric"},{"weight":146,"label":"sensor"},{"weight":140,"label":"soft"},{"weight":100,"label":"actuator"},{"weight":92,"label":"material"},{"weight":86,"label":"design"},{"weight":85,"label":"fibre"},{"weight":75,"label":"property"},{"weight":74,"label":"device"},{"weight":56,"label":"range"},{"weight":54,"label":"membrane"},{"weight":52,"label":"pressure"},{"weight":52,"label":"develop"},{"weight":46,"label":"change"},{"weight":45,"label":"actuation"},{"weight":43,"label":"weave"},{"weight":41,"label":"tuning"},{"weight":41,"label":"application"},{"weight":40,"label":"yarn"},{"weight":40,"label":"cotton"},{"weight":38,"label":"apply"},{"weight":36,"label":"actuate"},{"weight":34,"label":"print"},{"weight":34,"label":"frequency"}],"subTopicId":623},{"conceptId":-1,"clusterId":-1,"hexCoordinates":{"x":8.660254037844386,"y":3},"labels":[{"weight":2500,"label":"Unclassified"},{"weight":0,"label":""},{"weight":0,"label":""},{"weight":0,"label":""},{"weight":0,"label":""},{"weight":0,"label":""},{"weight":0,"label":""},{"weight":0,"label":""},{"weight":0,"label":""},{"weight":0,"label":""},{"weight":0,"label":""}],"subTopicId":null},{"conceptId":17,"clusterId":0,"hexCoordinates":{"x":0,"y":-3},"labels":[{"weight":192,"label":"drill"},{"weight":149,"label":"drilling"},{"weight":110,"label":"ultrasonic"},{"weight":78,"label":"device"},{"weight":72,"label":"vibration"},{"weight":71,"label":"power"},{"weight":56,"label":"transducer"},{"weight":55,"label":"cut"},{"weight":52,"label":"bit"},{"weight":48,"label":"cutting"},{"weight":46,"label":"experimental"},{"weight":43,"label":"tip"},{"weight":39,"label":"force"},{"weight":38,"label":"string"},{"weight":38,"label":"hole"},{"weight":35,"label":"pml"},{"weight":34,"label":"penetration"},{"weight":33,"label":"higher"},{"weight":33,"label":"mass"},{"weight":32,"label":"cymbal"},{"weight":32,"label":"rock"},{"weight":31,"label":"rig"},{"weight":31,"label":"design"},{"weight":27,"label":"cap"},{"weight":26,"label":"chord"}],"subTopicId":961},{"conceptId":18,"clusterId":0,"hexCoordinates":{"x":1.7320508075688772,"y":3},"labels":[{"weight":231,"label":"defect"},{"weight":158,"label":"ultrasonic"},{"weight":154,"label":"surface"},{"weight":151,"label":"inspection"},{"weight":100,"label":"array"},{"weight":87,"label":"carbon"},{"weight":85,"label":"nanotube"},{"weight":82,"label":"destructive"},{"weight":82,"label":"technique"},{"weight":81,"label":"sample"},{"weight":71,"label":"fingermark"},{"weight":69,"label":"material"},{"weight":69,"label":"process"},{"weight":65,"label":"phased"},{"weight":64,"label":"ndt"},{"weight":64,"label":"testing"},{"weight":64,"label":"result"},{"weight":61,"label":"steel"},{"weight":61,"label":"present"},{"weight":58,"label":"cnt"},{"weight":53,"label":"interconnect"},{"weight":50,"label":"mwcnt"},{"weight":50,"label":"detection"},{"weight":48,"label":"detect"},{"weight":48,"label":"test"}],"subTopicId":995},{"conceptId":15,"clusterId":0,"hexCoordinates":{"x":0,"y":0},"labels":[{"weight":426,"label":"grain"},{"weight":208,"label":"temperature"},{"weight":187,"label":"microstructure"},{"weight":168,"label":"strain"},{"weight":141,"label":"boundary"},{"weight":134,"label":"deformation"},{"weight":126,"label":"process"},{"weight":122,"label":"alloy"},{"weight":93,"label":"mechanical"},{"weight":83,"label":"property"},{"weight":80,"label":"strength"},{"weight":77,"label":"material"},{"weight":73,"label":"ecap"},{"weight":71,"label":"microstructural"},{"weight":70,"label":"orientation"},{"weight":65,"label":"size"},{"weight":64,"label":"processing"},{"weight":61,"label":"forge"},{"weight":59,"label":"pass"},{"weight":57,"label":"evolution"},{"weight":56,"label":"twin"},{"weight":56,"label":"dislocation"},{"weight":55,"label":"texture"},{"weight":51,"label":"crystal"},{"weight":51,"label":"high"}],"subTopicId":882},{"conceptId":16,"clusterId":0,"hexCoordinates":{"x":1.7320508075688772,"y":0},"labels":[{"weight":758,"label":"surface"},{"weight":571,"label":"process"},{"weight":484,"label":"material"},{"weight":380,"label":"cut"},{"weight":370,"label":"form"},{"weight":349,"label":"steel"},{"weight":274,"label":"micro"},{"weight":273,"label":"metal"},{"weight":267,"label":"tool"},{"weight":234,"label":"result"},{"weight":225,"label":"wear"},{"weight":216,"label":"machining"},{"weight":207,"label":"weld"},{"weight":198,"label":"residual"},{"weight":191,"label":"component"},{"weight":188,"label":"alloy"},{"weight":185,"label":"parameter"},{"weight":180,"label":"powder"},{"weight":163,"label":"part"},{"weight":154,"label":"welding"},{"weight":148,"label":"condition"},{"weight":147,"label":"study"},{"weight":145,"label":"stress"},{"weight":141,"label":"sheet"},{"weight":139,"label":"manufacturing"}],"subTopicId":931},{"conceptId":9,"clusterId":0,"hexCoordinates":{"x":0,"y":3},"labels":[{"weight":182,"label":"inspection"},{"weight":88,"label":"defect"},{"weight":60,"label":"fuel"},{"weight":59,"label":"reactor"},{"weight":47,"label":"core"},{"weight":44,"label":"visual"},{"weight":40,"label":"process"},{"weight":33,"label":"tube"},{"weight":32,"label":"channel"},{"weight":31,"label":"nuclear"},{"weight":29,"label":"inspect"},{"weight":29,"label":"crack"},{"weight":26,"label":"pressure"},{"weight":23,"label":"analyst"},{"weight":23,"label":"ultrasonic"},{"weight":22,"label":"outage"},{"weight":22,"label":"footage"},{"weight":22,"label":"competition"},{"weight":21,"label":"flaw"},{"weight":21,"label":"brick"},{"weight":21,"label":"depth"},{"weight":21,"label":"gas"},{"weight":21,"label":"advanced"},{"weight":20,"label":"graphite"},{"weight":20,"label":"video"}],"subTopicId":539},{"conceptId":14,"clusterId":0,"hexCoordinates":{"x":2.598076211353316,"y":-4.5},"labels":[{"weight":260,"label":"timber"},{"weight":104,"label":"fire"},{"weight":86,"label":"material"},{"weight":81,"label":"construction"},{"weight":69,"label":"structural"},{"weight":65,"label":"wall"},{"weight":64,"label":"floor"},{"weight":62,"label":"rack"},{"weight":58,"label":"test"},{"weight":56,"label":"roof"},{"weight":55,"label":"penetration"},{"weight":46,"label":"building"},{"weight":45,"label":"load"},{"weight":44,"label":"ceiling"},{"weight":36,"label":"paper"},{"weight":35,"label":"connection"},{"weight":34,"label":"compartment"},{"weight":34,"label":"experiment"},{"weight":33,"label":"tower"},{"weight":33,"label":"expose"},{"weight":33,"label":"performance"},{"weight":31,"label":"frame"},{"weight":30,"label":"clt"},{"weight":30,"label":"design"},{"weight":29,"label":"offsite"}],"subTopicId":660},{"conceptId":12,"clusterId":0,"hexCoordinates":{"x":4.330127018922193,"y":1.5},"labels":[{"weight":233,"label":"laminate"},{"weight":203,"label":"composite"},{"weight":176,"label":"ply"},{"weight":129,"label":"design"},{"weight":114,"label":"bend"},{"weight":86,"label":"fibre"},{"weight":79,"label":"carbon"},{"weight":79,"label":"material"},{"weight":71,"label":"hybrid"},{"weight":64,"label":"angle"},{"weight":62,"label":"cfrp"},{"weight":59,"label":"twist"},{"weight":56,"label":"orientation"},{"weight":55,"label":"plate"},{"weight":52,"label":"damage"},{"weight":50,"label":"pseudo"},{"weight":49,"label":"notch"},{"weight":48,"label":"coupling"},{"weight":46,"label":"property"},{"weight":45,"label":"shear"},{"weight":41,"label":"thin"},{"weight":41,"label":"investigate"},{"weight":39,"label":"buckle"},{"weight":39,"label":"delamination"},{"weight":38,"label":"elastic"}],"subTopicId":637},{"conceptId":5,"clusterId":0,"hexCoordinates":{"x":3.4641016151377544,"y":0},"labels":[{"weight":251,"label":"failure"},{"weight":192,"label":"strain"},{"weight":174,"label":"damage"},{"weight":172,"label":"beam"},{"weight":167,"label":"specimen"},{"weight":157,"label":"load"},{"weight":129,"label":"crack"},{"weight":123,"label":"mode"},{"weight":119,"label":"composite"},{"weight":119,"label":"test"},{"weight":104,"label":"stress"},{"weight":101,"label":"adhesive"},{"weight":97,"label":"bond"},{"weight":85,"label":"delamination"},{"weight":85,"label":"bend"},{"weight":85,"label":"static"},{"weight":77,"label":"mechanism"},{"weight":76,"label":"layer"},{"weight":74,"label":"carbon"},{"weight":70,"label":"tensile"},{"weight":66,"label":"strength"},{"weight":65,"label":"epoxy"},{"weight":65,"label":"mechanical"},{"weight":63,"label":"energy"},{"weight":60,"label":"hybrid"}],"subTopicId":383},{"conceptId":13,"clusterId":0,"hexCoordinates":{"x":4.330127018922193,"y":-1.5},"labels":[{"weight":850,"label":"fibre"},{"weight":306,"label":"glass"},{"weight":160,"label":"composite"},{"weight":113,"label":"strength"},{"weight":78,"label":"explosive"},{"weight":51,"label":"matrix"},{"weight":49,"label":"result"},{"weight":42,"label":"reinforce"},{"weight":41,"label":"tnt"},{"weight":41,"label":"epoxy"},{"weight":36,"label":"performance"},{"weight":32,"label":"property"},{"weight":31,"label":"recycle"},{"weight":31,"label":"detonation"},{"weight":30,"label":"recycling"},{"weight":30,"label":"treatment"},{"weight":29,"label":"recycled"},{"weight":29,"label":"surface"},{"weight":29,"label":"material"},{"weight":28,"label":"thermally"},{"weight":27,"label":"ifss"},{"weight":27,"label":"reinforcement"},{"weight":27,"label":"thermal"},{"weight":27,"label":"investigate"},{"weight":26,"label":"diameter"}],"subTopicId":638},{"conceptId":1,"clusterId":0,"hexCoordinates":{"x":0.8660254037844386,"y":1.5},"labels":[{"weight":1001,"label":"stress"},{"weight":717,"label":"strain"},{"weight":631,"label":"mechanical"},{"weight":605,"label":"material"},{"weight":458,"label":"model"},{"weight":431,"label":"deformation"},{"weight":365,"label":"shear"},{"weight":318,"label":"behaviour"},{"weight":317,"label":"property"},{"weight":315,"label":"elastic"},{"weight":272,"label":"load"},{"weight":259,"label":"element"},{"weight":247,"label":"response"},{"weight":246,"label":"test"},{"weight":243,"label":"compression"},{"weight":203,"label":"damage"},{"weight":194,"label":"result"},{"weight":189,"label":"crack"},{"weight":188,"label":"experimental"},{"weight":181,"label":"constitutive"},{"weight":177,"label":"modulus"},{"weight":172,"label":"failure"},{"weight":171,"label":"strength"},{"weight":168,"label":"finite"},{"weight":157,"label":"fracture"}],"subTopicId":135},{"conceptId":6,"clusterId":0,"hexCoordinates":{"x":2.598076211353316,"y":1.5},"labels":[{"weight":220,"label":"port"},{"weight":102,"label":"water"},{"weight":51,"label":"srna"},{"weight":45,"label":"retention"},{"weight":44,"label":"curve"},{"weight":39,"label":"unsaturated"},{"weight":38,"label":"sif"},{"weight":34,"label":"dry"},{"weight":30,"label":"saturation"},{"weight":29,"label":"soil"},{"weight":28,"label":"flop"},{"weight":27,"label":"suction"},{"weight":27,"label":"dehydration"},{"weight":26,"label":"degree"},{"weight":25,"label":"saturated"},{"weight":24,"label":"container"},{"weight":22,"label":"turgor"},{"weight":22,"label":"wet"},{"weight":22,"label":"air"},{"weight":20,"label":"trichome"},{"weight":19,"label":"richard"},{"weight":18,"label":"condition"},{"weight":17,"label":"fold"},{"weight":15,"label":"yield"},{"weight":14,"label":"couple"}],"subTopicId":416},{"conceptId":3,"clusterId":0,"hexCoordinates":{"x":-0.8660254037844386,"y":-1.5},"labels":[{"weight":314,"label":"fire"},{"weight":312,"label":"plan"},{"weight":301,"label":"planning"},{"weight":89,"label":"chi"},{"weight":57,"label":"method"},{"weight":54,"label":"glass"},{"weight":44,"label":"address"},{"weight":36,"label":"flag"},{"weight":36,"label":"safety"},{"weight":31,"label":"compartment"},{"weight":27,"label":"flash"},{"weight":27,"label":"design"},{"weight":26,"label":"match"},{"weight":25,"label":"planner"},{"weight":20,"label":"tunnel"},{"weight":18,"label":"phonics"},{"weight":18,"label":"matching"},{"weight":17,"label":"firefighter"},{"weight":16,"label":"execution"},{"weight":16,"label":"travel"},{"weight":16,"label":"erg"},{"weight":16,"label":"critical"},{"weight":15,"label":"ppv"},{"weight":15,"label":"dark"},{"weight":15,"label":"markov"}],"subTopicId":343},{"conceptId":4,"clusterId":0,"hexCoordinates":{"x":0.8660254037844386,"y":-1.5},"labels":[{"weight":538,"label":"stress"},{"weight":375,"label":"fatigue"},{"weight":316,"label":"crack"},{"weight":310,"label":"load"},{"weight":203,"label":"creep"},{"weight":192,"label":"cyclic"},{"weight":158,"label":"pipe"},{"weight":153,"label":"analysis"},{"weight":133,"label":"residual"},{"weight":126,"label":"method"},{"weight":126,"label":"effect"},{"weight":123,"label":"structural"},{"weight":122,"label":"material"},{"weight":110,"label":"failure"},{"weight":109,"label":"corrosion"},{"weight":107,"label":"life"},{"weight":97,"label":"strain"},{"weight":95,"label":"loading"},{"weight":93,"label":"test"},{"weight":88,"label":"structure"},{"weight":87,"label":"component"},{"weight":86,"label":"limit"},{"weight":84,"label":"thermal"},{"weight":84,"label":"investigate"},{"weight":84,"label":"element"}],"subTopicId":347},{"conceptId":10,"clusterId":0,"hexCoordinates":{"x":2.598076211353316,"y":-1.5},"labels":[{"weight":186,"label":"element"},{"weight":128,"label":"design"},{"weight":125,"label":"sensitivity"},{"weight":104,"label":"analysis"},{"weight":92,"label":"model"},{"weight":84,"label":"result"},{"weight":69,"label":"parameter"},{"weight":63,"label":"mismatch"},{"weight":56,"label":"finite"},{"weight":53,"label":"material"},{"weight":53,"label":"measurement"},{"weight":52,"label":"paper"},{"weight":50,"label":"stress"},{"weight":48,"label":"work"},{"weight":44,"label":"high"},{"weight":41,"label":"determine"},{"weight":40,"label":"present"},{"weight":38,"label":"mmi"},{"weight":35,"label":"method"},{"weight":34,"label":"cable"},{"weight":34,"label":"base"},{"weight":30,"label":"fea"},{"weight":30,"label":"study"},{"weight":29,"label":"experimental"},{"weight":28,"label":"simulate"}],"subTopicId":547},{"conceptId":2,"clusterId":0,"hexCoordinates":{"x":5.196152422706632,"y":0},"labels":[{"weight":627,"label":"material"},{"weight":456,"label":"composite"},{"weight":411,"label":"property"},{"weight":285,"label":"polymer"},{"weight":238,"label":"mechanical"},{"weight":213,"label":"fiber"},{"weight":168,"label":"nanocomposite"},{"weight":161,"label":"matrix"},{"weight":122,"label":"strength"},{"weight":120,"label":"thermal"},{"weight":115,"label":"increase"},{"weight":108,"label":"show"},{"weight":104,"label":"fibre"},{"weight":101,"label":"investigate"},{"weight":99,"label":"application"},{"weight":96,"label":"carbon"},{"weight":92,"label":"test"},{"weight":90,"label":"base"},{"weight":88,"label":"improve"},{"weight":87,"label":"result"},{"weight":83,"label":"filler"},{"weight":82,"label":"reinforce"},{"weight":81,"label":"study"},{"weight":79,"label":"tensile"},{"weight":78,"label":"analysis"}],"subTopicId":147},{"conceptId":0,"clusterId":0,"hexCoordinates":{"x":0.8660254037844386,"y":-4.5},"labels":[{"weight":410,"label":"vibration"},{"weight":383,"label":"response"},{"weight":356,"label":"structure"},{"weight":242,"label":"structural"},{"weight":216,"label":"damage"},{"weight":200,"label":"pile"},{"weight":184,"label":"soil"},{"weight":180,"label":"foundation"},{"weight":169,"label":"ground"},{"weight":164,"label":"seismic"},{"weight":159,"label":"dynamic"},{"weight":159,"label":"frequency"},{"weight":158,"label":"displacement"},{"weight":136,"label":"bridge"},{"weight":136,"label":"load"},{"weight":133,"label":"model"},{"weight":131,"label":"stiffness"},{"weight":127,"label":"paper"},{"weight":126,"label":"scour"},{"weight":116,"label":"analysis"},{"weight":113,"label":"modal"},{"weight":102,"label":"result"},{"weight":97,"label":"bearing"},{"weight":93,"label":"element"},{"weight":92,"label":"design"}],"subTopicId":34},{"conceptId":7,"clusterId":0,"hexCoordinates":{"x":1.7320508075688772,"y":-3},"labels":[{"weight":513,"label":"concrete"},{"weight":366,"label":"steel"},{"weight":278,"label":"design"},{"weight":249,"label":"test"},{"weight":208,"label":"fire"},{"weight":205,"label":"structural"},{"weight":200,"label":"load"},{"weight":192,"label":"reinforce"},{"weight":184,"label":"column"},{"weight":173,"label":"strength"},{"weight":171,"label":"structure"},{"weight":153,"label":"section"},{"weight":151,"label":"result"},{"weight":146,"label":"frame"},{"weight":134,"label":"element"},{"weight":133,"label":"frp"},{"weight":130,"label":"paper"},{"weight":123,"label":"beam"},{"weight":119,"label":"present"},{"weight":118,"label":"web"},{"weight":104,"label":"study"},{"weight":103,"label":"slab"},{"weight":100,"label":"capacity"},{"weight":98,"label":"plate"},{"weight":94,"label":"form"}],"subTopicId":454}]}