{"linkageTable":[{"node2":14,"distance":0.434749592559845,"node1":8},{"node2":13,"distance":0.469997214206525,"node1":11},{"node2":9,"distance":0.473303919102865,"node1":3},{"node2":24,"distance":0.4746222404544362,"node1":25},{"node2":22,"distance":0.47936572458675497,"node1":5},{"node2":15,"distance":0.482320427876285,"node1":23},{"node2":27,"distance":0.48390796115045126,"node1":26},{"node2":18,"distance":0.48589400408177,"node1":4},{"node2":21,"distance":0.48714186172417834,"node1":28},{"node2":31,"distance":0.48918705566575504,"node1":30},{"node2":10,"distance":0.48999615239117,"node1":29},{"node2":32,"distance":0.4924689426372617,"node1":0},{"node2":16,"distance":0.4935755092782835,"node1":34},{"node2":17,"distance":0.493608695328615,"node1":6},{"node2":7,"distance":0.49468430898483,"node1":33},{"node2":1,"distance":0.4951291357327206,"node1":35},{"node2":37,"distance":0.496303244491837,"node1":38},{"node2":20,"distance":0.4967668024846497,"node1":39},{"node2":36,"distance":0.4970849108465348,"node1":40},{"node2":2,"distance":0.4979739623802352,"node1":41},{"node2":19,"distance":0.4981962813371421,"node1":42},{"node2":12,"distance":0.4985540581390229,"node1":43}],"conceptsData":[{"conceptId":16,"clusterId":0,"hexCoordinates":{"x":3.4641016151377544,"y":0},"labels":[{"weight":126,"label":"mast"},{"weight":58,"label":"tail"},{"weight":55,"label":"islet"},{"weight":41,"label":"vein"},{"weight":24,"label":"graft"},{"weight":23,"label":"mnn"},{"weight":22,"label":"elastin"},{"weight":22,"label":"neointimal"},{"weight":22,"label":"vent"},{"weight":21,"label":"pax"},{"weight":18,"label":"perv"},{"weight":18,"label":"stabiliser"},{"weight":15,"label":"mip"},{"weight":14,"label":"kitw"},{"weight":12,"label":"ncd"},{"weight":12,"label":"biosensor"},{"weight":11,"label":"antihistamine"},{"weight":11,"label":"neonatal"},{"weight":11,"label":"week"},{"weight":11,"label":"method"},{"weight":10,"label":"histamine"},{"weight":10,"label":"topical"},{"weight":10,"label":"docking"},{"weight":9,"label":"perivascular"},{"weight":9,"label":"deficient"}],"subTopicId":659},{"conceptId":3,"clusterId":0,"hexCoordinates":{"x":-2.598076211353316,"y":1.5},"labels":[{"weight":2113,"label":"cell"},{"weight":638,"label":"immune"},{"weight":513,"label":"response"},{"weight":287,"label":"antigen"},{"weight":250,"label":"expression"},{"weight":210,"label":"tlr"},{"weight":200,"label":"cytokine"},{"weight":166,"label":"human"},{"weight":139,"label":"peptide"},{"weight":137,"label":"receptor"},{"weight":129,"label":"specific"},{"weight":128,"label":"express"},{"weight":128,"label":"activation"},{"weight":126,"label":"lymphocyte"},{"weight":121,"label":"dendritic"},{"weight":120,"label":"innate"},{"weight":117,"label":"subset"},{"weight":111,"label":"increase"},{"weight":108,"label":"ifn"},{"weight":100,"label":"activate"},{"weight":97,"label":"infection"},{"weight":94,"label":"induce"},{"weight":93,"label":"tcr"},{"weight":91,"label":"function"},{"weight":88,"label":"peripheral"}],"subTopicId":241},{"conceptId":8,"clusterId":0,"hexCoordinates":{"x":0,"y":0},"labels":[{"weight":742,"label":"cell"},{"weight":241,"label":"expression"},{"weight":226,"label":"tissue"},{"weight":166,"label":"endothelial"},{"weight":161,"label":"marker"},{"weight":143,"label":"endometrial"},{"weight":138,"label":"vegf"},{"weight":128,"label":"role"},{"weight":122,"label":"angiogenesis"},{"weight":122,"label":"proliferation"},{"weight":122,"label":"vascular"},{"weight":122,"label":"factor"},{"weight":120,"label":"human"},{"weight":110,"label":"growth"},{"weight":101,"label":"sox"},{"weight":100,"label":"increase"},{"weight":90,"label":"mouse"},{"weight":90,"label":"fibroblast"},{"weight":89,"label":"epithelial"},{"weight":85,"label":"pericyte"},{"weight":79,"label":"vitro"},{"weight":79,"label":"express"},{"weight":75,"label":"formation"},{"weight":75,"label":"result"},{"weight":71,"label":"stromal"}],"subTopicId":337},{"conceptId":22,"clusterId":0,"hexCoordinates":{"x":-2.598076211353316,"y":-1.5},"labels":[{"weight":1439,"label":"host"},{"weight":968,"label":"immune"},{"weight":954,"label":"infection"},{"weight":705,"label":"response"},{"weight":634,"label":"pathogen"},{"weight":518,"label":"parasite"},{"weight":275,"label":"immunity"},{"weight":271,"label":"disease"},{"weight":201,"label":"interaction"},{"weight":190,"label":"system"},{"weight":185,"label":"human"},{"weight":182,"label":"innate"},{"weight":179,"label":"helminth"},{"weight":163,"label":"mechanism"},{"weight":131,"label":"adaptive"},{"weight":131,"label":"effect"},{"weight":129,"label":"parasitic"},{"weight":123,"label":"bacterial"},{"weight":121,"label":"defence"},{"weight":95,"label":"susceptibility"},{"weight":93,"label":"important"},{"weight":92,"label":"influence"},{"weight":87,"label":"include"},{"weight":86,"label":"infected"},{"weight":83,"label":"inflammatory"}],"subTopicId":997},{"conceptId":11,"clusterId":0,"hexCoordinates":{"x":-1.7320508075688772,"y":0},"labels":[{"weight":880,"label":"inflammatory"},{"weight":688,"label":"macrophage"},{"weight":662,"label":"inflammation"},{"weight":608,"label":"neutrophil"},{"weight":534,"label":"response"},{"weight":463,"label":"cell"},{"weight":356,"label":"mouse"},{"weight":335,"label":"immune"},{"weight":272,"label":"induce"},{"weight":263,"label":"pro"},{"weight":261,"label":"cytokine"},{"weight":218,"label":"role"},{"weight":208,"label":"anti"},{"weight":203,"label":"monocyte"},{"weight":203,"label":"increase"},{"weight":183,"label":"reduce"},{"weight":165,"label":"lung"},{"weight":161,"label":"expression"},{"weight":154,"label":"activation"},{"weight":147,"label":"innate"},{"weight":147,"label":"tissue"},{"weight":144,"label":"production"},{"weight":142,"label":"model"},{"weight":136,"label":"receptor"},{"weight":136,"label":"human"}],"subTopicId":488},{"conceptId":20,"clusterId":0,"hexCoordinates":{"x":-1.7320508075688772,"y":-3},"labels":[{"weight":1162,"label":"skin"},{"weight":242,"label":"hair"},{"weight":104,"label":"keratinocyte"},{"weight":100,"label":"epidermal"},{"weight":86,"label":"dermal"},{"weight":75,"label":"cutaneous"},{"weight":62,"label":"human"},{"weight":58,"label":"epidermis"},{"weight":55,"label":"barrier"},{"weight":52,"label":"follicle"},{"weight":52,"label":"dermatitis"},{"weight":48,"label":"tissue"},{"weight":47,"label":"carotenoid"},{"weight":46,"label":"topical"},{"weight":45,"label":"appearance"},{"weight":41,"label":"melanocyte"},{"weight":41,"label":"type"},{"weight":40,"label":"filaggrin"},{"weight":39,"label":"psoriasis"},{"weight":39,"label":"site"},{"weight":39,"label":"layer"},{"weight":38,"label":"healthy"},{"weight":36,"label":"atopic"},{"weight":34,"label":"systemic"},{"weight":34,"label":"thickness"}],"subTopicId":859},{"conceptId":5,"clusterId":0,"hexCoordinates":{"x":-4.330127018922193,"y":-1.5},"labels":[{"weight":153,"label":"sle"},{"weight":84,"label":"sma"},{"weight":64,"label":"mouse"},{"weight":58,"label":"disease"},{"weight":56,"label":"autoimmune"},{"weight":54,"label":"arthritis"},{"weight":53,"label":"lupus"},{"weight":49,"label":"protect"},{"weight":47,"label":"secrete"},{"weight":46,"label":"model"},{"weight":45,"label":"cia"},{"weight":43,"label":"worm"},{"weight":43,"label":"parasitic"},{"weight":43,"label":"show"},{"weight":41,"label":"molecule"},{"weight":39,"label":"product"},{"weight":38,"label":"anti"},{"weight":36,"label":"drug"},{"weight":36,"label":"reduce"},{"weight":36,"label":"base"},{"weight":35,"label":"erythematosus"},{"weight":35,"label":"systemic"},{"weight":34,"label":"ana"},{"weight":34,"label":"inflammatory"},{"weight":34,"label":"inflammation"}],"subTopicId":255},{"conceptId":21,"clusterId":0,"hexCoordinates":{"x":-0.8660254037844386,"y":-1.5},"labels":[{"weight":282,"label":"hsc"},{"weight":237,"label":"cell"},{"weight":128,"label":"hematopoietic"},{"weight":75,"label":"stem"},{"weight":71,"label":"embryonic"},{"weight":64,"label":"gata"},{"weight":57,"label":"adult"},{"weight":53,"label":"agm"},{"weight":52,"label":"progenitor"},{"weight":50,"label":"mouse"},{"weight":44,"label":"development"},{"weight":43,"label":"notch"},{"weight":38,"label":"haematopoietic"},{"weight":38,"label":"endothelial"},{"weight":37,"label":"embryo"},{"weight":34,"label":"aorta"},{"weight":32,"label":"hspc"},{"weight":31,"label":"runx"},{"weight":31,"label":"lineage"},{"weight":31,"label":"region"},{"weight":30,"label":"definitive"},{"weight":27,"label":"early"},{"weight":26,"label":"marrow"},{"weight":26,"label":"bone"},{"weight":25,"label":"hematopoiesis"}],"subTopicId":956},{"conceptId":14,"clusterId":0,"hexCoordinates":{"x":1.7320508075688772,"y":0},"labels":[{"weight":1466,"label":"cell"},{"weight":659,"label":"stem"},{"weight":392,"label":"msc"},{"weight":376,"label":"tissue"},{"weight":245,"label":"differentiation"},{"weight":187,"label":"culture"},{"weight":159,"label":"derive"},{"weight":156,"label":"mesenchymal"},{"weight":149,"label":"bone"},{"weight":142,"label":"human"},{"weight":137,"label":"regenerative"},{"weight":117,"label":"regeneration"},{"weight":110,"label":"repair"},{"weight":106,"label":"marrow"},{"weight":98,"label":"scaffold"},{"weight":97,"label":"progenitor"},{"weight":97,"label":"vitro"},{"weight":94,"label":"population"},{"weight":90,"label":"potential"},{"weight":88,"label":"adult"},{"weight":87,"label":"transplantation"},{"weight":82,"label":"demonstrate"},{"weight":78,"label":"phenotype"},{"weight":77,"label":"niche"},{"weight":73,"label":"expression"}],"subTopicId":611},{"conceptId":9,"clusterId":0,"hexCoordinates":{"x":-0.8660254037844386,"y":1.5},"labels":[{"weight":391,"label":"cell"},{"weight":268,"label":"intestinal"},{"weight":242,"label":"csf"},{"weight":226,"label":"macrophage"},{"weight":162,"label":"treg"},{"weight":128,"label":"tissue"},{"weight":106,"label":"stem"},{"weight":105,"label":"intestine"},{"weight":99,"label":"mouse"},{"weight":95,"label":"expression"},{"weight":92,"label":"differentiation"},{"weight":88,"label":"crypt"},{"weight":87,"label":"epithelium"},{"weight":85,"label":"epithelial"},{"weight":79,"label":"function"},{"weight":77,"label":"foxp"},{"weight":76,"label":"monocyte"},{"weight":75,"label":"factor"},{"weight":70,"label":"apc"},{"weight":67,"label":"hif"},{"weight":67,"label":"proliferation"},{"weight":64,"label":"lineage"},{"weight":61,"label":"homeostasis"},{"weight":58,"label":"aml"},{"weight":58,"label":"population"}],"subTopicId":367},{"conceptId":12,"clusterId":0,"hexCoordinates":{"x":4.330127018922193,"y":1.5},"labels":[{"weight":400,"label":"cell"},{"weight":155,"label":"testis"},{"weight":137,"label":"igf"},{"weight":130,"label":"germ"},{"weight":117,"label":"sertoli"},{"weight":114,"label":"testicular"},{"weight":99,"label":"socs"},{"weight":98,"label":"growth"},{"weight":80,"label":"adult"},{"weight":63,"label":"leydig"},{"weight":63,"label":"mouse"},{"weight":60,"label":"male"},{"weight":60,"label":"model"},{"weight":55,"label":"function"},{"weight":52,"label":"spermatogenesis"},{"weight":51,"label":"effect"},{"weight":47,"label":"ablation"},{"weight":44,"label":"fetal"},{"weight":43,"label":"testosterone"},{"weight":40,"label":"number"},{"weight":37,"label":"human"},{"weight":36,"label":"hormone"},{"weight":35,"label":"signaling"},{"weight":35,"label":"essential"},{"weight":34,"label":"show"}],"subTopicId":503},{"conceptId":17,"clusterId":0,"hexCoordinates":{"x":2.598076211353316,"y":1.5},"labels":[{"weight":681,"label":"cell"},{"weight":326,"label":"cancer"},{"weight":155,"label":"invasion"},{"weight":145,"label":"epithelial"},{"weight":114,"label":"breast"},{"weight":112,"label":"mammary"},{"weight":107,"label":"caf"},{"weight":103,"label":"migration"},{"weight":102,"label":"tissue"},{"weight":101,"label":"line"},{"weight":82,"label":"growth"},{"weight":71,"label":"tumour"},{"weight":68,"label":"fibroblast"},{"weight":63,"label":"matrix"},{"weight":62,"label":"tumor"},{"weight":61,"label":"invasive"},{"weight":57,"label":"adhesion"},{"weight":57,"label":"model"},{"weight":55,"label":"proliferation"},{"weight":54,"label":"basal"},{"weight":48,"label":"epithelium"},{"weight":47,"label":"caix"},{"weight":47,"label":"human"},{"weight":46,"label":"show"},{"weight":44,"label":"normal"}],"subTopicId":746},{"conceptId":18,"clusterId":0,"hexCoordinates":{"x":2.598076211353316,"y":-1.5},"labels":[{"weight":5720,"label":"cell"},{"weight":284,"label":"cellular"},{"weight":261,"label":"single"},{"weight":192,"label":"population"},{"weight":167,"label":"membrane"},{"weight":156,"label":"tissue"},{"weight":149,"label":"live"},{"weight":142,"label":"wall"},{"weight":138,"label":"culture"},{"weight":138,"label":"type"},{"weight":137,"label":"label"},{"weight":125,"label":"show"},{"weight":120,"label":"microscopy"},{"weight":111,"label":"imaging"},{"weight":110,"label":"intracellular"},{"weight":109,"label":"time"},{"weight":100,"label":"study"},{"weight":98,"label":"morphology"},{"weight":97,"label":"follow"},{"weight":95,"label":"epithelial"},{"weight":92,"label":"high"},{"weight":84,"label":"microfluidic"},{"weight":83,"label":"flow"},{"weight":80,"label":"demonstrate"},{"weight":76,"label":"line"}],"subTopicId":806},{"conceptId":10,"clusterId":0,"hexCoordinates":{"x":-4.330127018922193,"y":1.5},"labels":[{"weight":323,"label":"chemokine"},{"weight":229,"label":"ccl"},{"weight":200,"label":"cxcl"},{"weight":161,"label":"cytokine"},{"weight":141,"label":"inflammatory"},{"weight":122,"label":"receptor"},{"weight":107,"label":"tnf"},{"weight":95,"label":"macrophage"},{"weight":82,"label":"ccr"},{"weight":80,"label":"ackr"},{"weight":66,"label":"cxcr"},{"weight":61,"label":"ligand"},{"weight":60,"label":"response"},{"weight":59,"label":"stimulate"},{"weight":58,"label":"monocyte"},{"weight":58,"label":"factor"},{"weight":54,"label":"expression"},{"weight":42,"label":"inflammation"},{"weight":42,"label":"level"},{"weight":35,"label":"adar"},{"weight":33,"label":"pro"},{"weight":32,"label":"interleukin"},{"weight":31,"label":"mrna"},{"weight":29,"label":"necrosis"},{"weight":29,"label":"leukocyte"}],"subTopicId":394},{"conceptId":15,"clusterId":0,"hexCoordinates":{"x":0.8660254037844386,"y":-1.5},"labels":[{"weight":1343,"label":"cell"},{"weight":673,"label":"culture"},{"weight":603,"label":"human"},{"weight":527,"label":"stem"},{"weight":259,"label":"derive"},{"weight":237,"label":"vitro"},{"weight":209,"label":"model"},{"weight":201,"label":"differentiation"},{"weight":180,"label":"study"},{"weight":179,"label":"line"},{"weight":154,"label":"tissue"},{"weight":147,"label":"pluripotent"},{"weight":140,"label":"ipsc"},{"weight":140,"label":"vivo"},{"weight":100,"label":"generate"},{"weight":99,"label":"hepatocyte"},{"weight":98,"label":"differentiate"},{"weight":95,"label":"induce"},{"weight":89,"label":"primary"},{"weight":84,"label":"protocol"},{"weight":83,"label":"development"},{"weight":82,"label":"embryonic"},{"weight":81,"label":"potential"},{"weight":80,"label":"hesc"},{"weight":77,"label":"demonstrate"}],"subTopicId":655},{"conceptId":-1,"clusterId":-1,"hexCoordinates":{"x":7.794228634059947,"y":3},"labels":[{"weight":2500,"label":"Unclassified"},{"weight":0,"label":""},{"weight":0,"label":""},{"weight":0,"label":""},{"weight":0,"label":""},{"weight":0,"label":""},{"weight":0,"label":""},{"weight":0,"label":""},{"weight":0,"label":""},{"weight":0,"label":""},{"weight":0,"label":""}],"subTopicId":null},{"conceptId":0,"clusterId":0,"hexCoordinates":{"x":0.8660254037844386,"y":1.5},"labels":[{"weight":1534,"label":"liver"},{"weight":287,"label":"hepatic"},{"weight":233,"label":"disease"},{"weight":182,"label":"hepatocyte"},{"weight":180,"label":"fibrosis"},{"weight":177,"label":"injury"},{"weight":170,"label":"nafld"},{"weight":142,"label":"hcc"},{"weight":100,"label":"model"},{"weight":95,"label":"cirrhosis"},{"weight":95,"label":"patient"},{"weight":94,"label":"transplantation"},{"weight":80,"label":"alt"},{"weight":69,"label":"biliary"},{"weight":68,"label":"acute"},{"weight":67,"label":"alcoholic"},{"weight":67,"label":"induce"},{"weight":60,"label":"dili"},{"weight":60,"label":"hepatocellular"},{"weight":56,"label":"organ"},{"weight":54,"label":"bile"},{"weight":54,"label":"fatty"},{"weight":54,"label":"mouse"},{"weight":54,"label":"conclusion"},{"weight":52,"label":"follow"}],"subTopicId":49},{"conceptId":1,"clusterId":0,"hexCoordinates":{"x":0,"y":-3},"labels":[{"weight":269,"label":"zebrafish"},{"weight":204,"label":"embryo"},{"weight":149,"label":"development"},{"weight":132,"label":"heart"},{"weight":100,"label":"day"},{"weight":72,"label":"chick"},{"weight":68,"label":"embryonic"},{"weight":67,"label":"adult"},{"weight":65,"label":"crest"},{"weight":57,"label":"neural"},{"weight":54,"label":"model"},{"weight":53,"label":"cell"},{"weight":52,"label":"exposure"},{"weight":50,"label":"cardiomyocyte"},{"weight":48,"label":"early"},{"weight":47,"label":"limb"},{"weight":46,"label":"cardiac"},{"weight":44,"label":"developmental"},{"weight":43,"label":"ezh"},{"weight":43,"label":"expression"},{"weight":41,"label":"garlic"},{"weight":36,"label":"function"},{"weight":35,"label":"study"},{"weight":35,"label":"change"},{"weight":34,"label":"hpf"}],"subTopicId":142},{"conceptId":2,"clusterId":0,"hexCoordinates":{"x":0,"y":3},"labels":[{"weight":111,"label":"valve"},{"weight":90,"label":"beta"},{"weight":47,"label":"cav"},{"weight":47,"label":"leaflet"},{"weight":45,"label":"mitral"},{"weight":40,"label":"lestoquardi"},{"weight":34,"label":"vic"},{"weight":30,"label":"sma"},{"weight":28,"label":"sheep"},{"weight":28,"label":"lesion"},{"weight":25,"label":"tissue"},{"weight":21,"label":"vec"},{"weight":21,"label":"diseased"},{"weight":20,"label":"disease"},{"weight":18,"label":"bnp"},{"weight":18,"label":"pathology"},{"weight":18,"label":"muscle"},{"weight":18,"label":"present"},{"weight":17,"label":"mmvd"},{"weight":17,"label":"csf"},{"weight":17,"label":"pcr"},{"weight":16,"label":"canine"},{"weight":16,"label":"ecd"},{"weight":16,"label":"endothelial"},{"weight":16,"label":"normal"}],"subTopicId":222},{"conceptId":19,"clusterId":0,"hexCoordinates":{"x":3.4641016151377544,"y":-3},"labels":[{"weight":197,"label":"esc"},{"weight":91,"label":"rural"},{"weight":71,"label":"midwife"},{"weight":66,"label":"pluripotency"},{"weight":48,"label":"midwifery"},{"weight":46,"label":"nanog"},{"weight":46,"label":"pluripotent"},{"weight":44,"label":"icm"},{"weight":43,"label":"lif"},{"weight":40,"label":"embryonic"},{"weight":32,"label":"stem"},{"weight":31,"label":"fgf"},{"weight":27,"label":"lineage"},{"weight":26,"label":"oct"},{"weight":26,"label":"zealand"},{"weight":25,"label":"differentiation"},{"weight":25,"label":"pre"},{"weight":24,"label":"prime"},{"weight":20,"label":"remote"},{"weight":19,"label":"epiblast"},{"weight":19,"label":"state"},{"weight":17,"label":"specification"},{"weight":15,"label":"embryo"},{"weight":14,"label":"esrrb"},{"weight":14,"label":"naive"}],"subTopicId":826},{"conceptId":4,"clusterId":0,"hexCoordinates":{"x":1.7320508075688772,"y":-3},"labels":[{"weight":173,"label":"wnt"},{"weight":166,"label":"signalling"},{"weight":160,"label":"expression"},{"weight":155,"label":"fgf"},{"weight":144,"label":"development"},{"weight":130,"label":"progenitor"},{"weight":123,"label":"cell"},{"weight":107,"label":"patterning"},{"weight":101,"label":"neural"},{"weight":91,"label":"pax"},{"weight":80,"label":"embryonic"},{"weight":76,"label":"notch"},{"weight":71,"label":"embryo"},{"weight":69,"label":"shh"},{"weight":64,"label":"formation"},{"weight":64,"label":"factor"},{"weight":62,"label":"fate"},{"weight":56,"label":"develop"},{"weight":55,"label":"catenin"},{"weight":54,"label":"pattern"},{"weight":52,"label":"hedgehog"},{"weight":52,"label":"growth"},{"weight":47,"label":"signaling"},{"weight":47,"label":"mouse"},{"weight":47,"label":"form"}],"subTopicId":242},{"conceptId":13,"clusterId":0,"hexCoordinates":{"x":-3.4641016151377544,"y":0},"labels":[{"weight":1221,"label":"cell"},{"weight":687,"label":"macrophage"},{"weight":496,"label":"response"},{"weight":398,"label":"immune"},{"weight":323,"label":"mouse"},{"weight":224,"label":"cytokine"},{"weight":203,"label":"infection"},{"weight":201,"label":"production"},{"weight":188,"label":"activation"},{"weight":176,"label":"inflammatory"},{"weight":156,"label":"type"},{"weight":151,"label":"ilc"},{"weight":147,"label":"ifn"},{"weight":131,"label":"lymph"},{"weight":129,"label":"expression"},{"weight":119,"label":"antigen"},{"weight":114,"label":"tlr"},{"weight":113,"label":"increase"},{"weight":112,"label":"express"},{"weight":111,"label":"mhc"},{"weight":110,"label":"induce"},{"weight":109,"label":"immunity"},{"weight":107,"label":"lymphocyte"},{"weight":107,"label":"show"},{"weight":106,"label":"innate"}],"subTopicId":598},{"conceptId":6,"clusterId":0,"hexCoordinates":{"x":1.7320508075688772,"y":3},"labels":[{"weight":160,"label":"mmp"},{"weight":129,"label":"col"},{"weight":120,"label":"wnt"},{"weight":108,"label":"matrix"},{"weight":106,"label":"expression"},{"weight":94,"label":"fak"},{"weight":87,"label":"rock"},{"weight":79,"label":"pten"},{"weight":79,"label":"collagen"},{"weight":75,"label":"increase"},{"weight":67,"label":"inhibitor"},{"weight":57,"label":"enzyme"},{"weight":56,"label":"mtor"},{"weight":54,"label":"ecm"},{"weight":53,"label":"activity"},{"weight":49,"label":"gene"},{"weight":45,"label":"metalloproteinase"},{"weight":45,"label":"kinase"},{"weight":42,"label":"phosphatase"},{"weight":41,"label":"catenin"},{"weight":41,"label":"extracellular"},{"weight":40,"label":"level"},{"weight":39,"label":"activation"},{"weight":31,"label":"unk"},{"weight":31,"label":"scc"}],"subTopicId":334},{"conceptId":7,"clusterId":0,"hexCoordinates":{"x":-1.7320508075688772,"y":3},"labels":[{"weight":410,"label":"cell"},{"weight":242,"label":"inhibitor"},{"weight":235,"label":"kinase"},{"weight":227,"label":"cml"},{"weight":195,"label":"stat"},{"weight":154,"label":"target"},{"weight":134,"label":"leukemia"},{"weight":124,"label":"pathway"},{"weight":122,"label":"tyrosine"},{"weight":120,"label":"lsc"},{"weight":107,"label":"inhibition"},{"weight":102,"label":"myeloid"},{"weight":97,"label":"patient"},{"weight":95,"label":"abl"},{"weight":91,"label":"tki"},{"weight":90,"label":"bcr"},{"weight":85,"label":"treatment"},{"weight":83,"label":"ptp"},{"weight":83,"label":"src"},{"weight":81,"label":"resistant"},{"weight":79,"label":"chronic"},{"weight":76,"label":"stem"},{"weight":72,"label":"jak"},{"weight":71,"label":"demonstrate"},{"weight":69,"label":"mtor"}],"subTopicId":335}]}