{"linkageTable":[{"node2":8,"distance":0.441932745156095,"node1":6},{"node2":14,"distance":0.4638287786266,"node1":3},{"node2":11,"distance":0.489208923147965,"node1":10},{"node2":15,"distance":0.4914106292643267,"node1":1},{"node2":5,"distance":0.49207375476252,"node1":0},{"node2":13,"distance":0.49500439143907,"node1":4},{"node2":2,"distance":0.49588728377471497,"node1":17},{"node2":19,"distance":0.49672032778409597,"node1":20},{"node2":9,"distance":0.49776495224630285,"node1":21},{"node2":22,"distance":0.4981884336345397,"node1":18},{"node2":7,"distance":0.4987128633190525,"node1":23},{"node2":16,"distance":0.4988574206372504,"node1":24},{"node2":12,"distance":0.5,"node1":25}],"conceptsData":[{"conceptId":1,"clusterId":0,"hexCoordinates":{"x":2.598076211353316,"y":-1.5},"labels":[{"weight":571,"label":"violence"},{"weight":550,"label":"sexual"},{"weight":309,"label":"woman"},{"weight":173,"label":"gender"},{"weight":146,"label":"young"},{"weight":132,"label":"behaviour"},{"weight":110,"label":"man"},{"weight":110,"label":"partner"},{"weight":104,"label":"violent"},{"weight":101,"label":"report"},{"weight":100,"label":"female"},{"weight":99,"label":"male"},{"weight":97,"label":"victim"},{"weight":94,"label":"girl"},{"weight":79,"label":"gang"},{"weight":78,"label":"relationship"},{"weight":76,"label":"experience"},{"weight":75,"label":"people"},{"weight":71,"label":"research"},{"weight":67,"label":"public"},{"weight":64,"label":"rape"},{"weight":64,"label":"risk"},{"weight":64,"label":"issue"},{"weight":57,"label":"sexuality"},{"weight":57,"label":"crime"}],"subTopicId":126},{"conceptId":6,"clusterId":0,"hexCoordinates":{"x":0,"y":0},"labels":[{"weight":251,"label":"hormone"},{"weight":222,"label":"androgen"},{"weight":219,"label":"testosterone"},{"weight":174,"label":"steroid"},{"weight":166,"label":"level"},{"weight":155,"label":"igf"},{"weight":135,"label":"estrogen"},{"weight":115,"label":"progesterone"},{"weight":115,"label":"estradiol"},{"weight":111,"label":"woman"},{"weight":88,"label":"cycle"},{"weight":85,"label":"change"},{"weight":84,"label":"reproductive"},{"weight":77,"label":"endocrine"},{"weight":70,"label":"igfbp"},{"weight":67,"label":"increase"},{"weight":59,"label":"development"},{"weight":58,"label":"phase"},{"weight":57,"label":"pth"},{"weight":53,"label":"dhea"},{"weight":53,"label":"dsd"},{"weight":53,"label":"man"},{"weight":52,"label":"hormonal"},{"weight":51,"label":"low"},{"weight":50,"label":"dht"}],"subTopicId":405},{"conceptId":7,"clusterId":0,"hexCoordinates":{"x":-1.7320508075688772,"y":0},"labels":[{"weight":223,"label":"fetal"},{"weight":117,"label":"fetus"},{"weight":92,"label":"placenta"},{"weight":90,"label":"placental"},{"weight":72,"label":"human"},{"weight":64,"label":"agd"},{"weight":59,"label":"maternal"},{"weight":57,"label":"sex"},{"weight":54,"label":"study"},{"weight":40,"label":"increase"},{"weight":39,"label":"male"},{"weight":37,"label":"exposure"},{"weight":33,"label":"growth"},{"weight":33,"label":"level"},{"weight":32,"label":"gestation"},{"weight":31,"label":"cuban"},{"weight":31,"label":"transporter"},{"weight":30,"label":"associate"},{"weight":28,"label":"trimester"},{"weight":28,"label":"adrenal"},{"weight":28,"label":"data"},{"weight":26,"label":"female"},{"weight":25,"label":"weight"},{"weight":25,"label":"reduce"},{"weight":24,"label":"week"}],"subTopicId":410},{"conceptId":-1,"clusterId":-1,"hexCoordinates":{"x":6.928203230275509,"y":3},"labels":[{"weight":2500,"label":"Unclassified"},{"weight":0,"label":""},{"weight":0,"label":""},{"weight":0,"label":""},{"weight":0,"label":""},{"weight":0,"label":""},{"weight":0,"label":""},{"weight":0,"label":""},{"weight":0,"label":""},{"weight":0,"label":""},{"weight":0,"label":""}],"subTopicId":null},{"conceptId":8,"clusterId":0,"hexCoordinates":{"x":1.7320508075688772,"y":0},"labels":[{"weight":592,"label":"face"},{"weight":524,"label":"facial"},{"weight":395,"label":"attractiveness"},{"weight":380,"label":"preference"},{"weight":253,"label":"cue"},{"weight":240,"label":"dominance"},{"weight":227,"label":"woman"},{"weight":188,"label":"perception"},{"weight":183,"label":"study"},{"weight":182,"label":"perceive"},{"weight":171,"label":"relationship"},{"weight":164,"label":"masculinity"},{"weight":155,"label":"man"},{"weight":154,"label":"mate"},{"weight":150,"label":"attractive"},{"weight":147,"label":"participant"},{"weight":138,"label":"rating"},{"weight":136,"label":"odour"},{"weight":135,"label":"suggest"},{"weight":134,"label":"impression"},{"weight":134,"label":"find"},{"weight":131,"label":"trait"},{"weight":131,"label":"social"},{"weight":119,"label":"male"},{"weight":105,"label":"individual"}],"subTopicId":455},{"conceptId":9,"clusterId":0,"hexCoordinates":{"x":1.7320508075688772,"y":-3},"labels":[{"weight":267,"label":"worker"},{"weight":184,"label":"marriage"},{"weight":119,"label":"melanoma"},{"weight":48,"label":"divorce"},{"weight":43,"label":"partnership"},{"weight":41,"label":"marry"},{"weight":35,"label":"married"},{"weight":35,"label":"marital"},{"weight":34,"label":"injury"},{"weight":34,"label":"individual"},{"weight":33,"label":"cohabitation"},{"weight":30,"label":"office"},{"weight":26,"label":"slaughterhouse"},{"weight":26,"label":"couple"},{"weight":25,"label":"work"},{"weight":24,"label":"woman"},{"weight":21,"label":"sharp"},{"weight":20,"label":"prompt"},{"weight":18,"label":"occupational"},{"weight":17,"label":"tsse"},{"weight":17,"label":"spousal"},{"weight":17,"label":"protective"},{"weight":17,"label":"highest"},{"weight":16,"label":"athenian"},{"weight":16,"label":"breakdown"}],"subTopicId":639},{"conceptId":13,"clusterId":0,"hexCoordinates":{"x":2.598076211353316,"y":1.5},"labels":[{"weight":1647,"label":"hiv"},{"weight":319,"label":"art"},{"weight":242,"label":"man"},{"weight":235,"label":"testing"},{"weight":230,"label":"sexual"},{"weight":180,"label":"gay"},{"weight":172,"label":"msm"},{"weight":161,"label":"infection"},{"weight":159,"label":"risk"},{"weight":130,"label":"sex"},{"weight":130,"label":"positive"},{"weight":107,"label":"live"},{"weight":101,"label":"test"},{"weight":101,"label":"aid"},{"weight":100,"label":"antiretroviral"},{"weight":99,"label":"people"},{"weight":94,"label":"prevention"},{"weight":89,"label":"treatment"},{"weight":88,"label":"lgbt"},{"weight":75,"label":"lesbian"},{"weight":75,"label":"transmission"},{"weight":73,"label":"bisexual"},{"weight":71,"label":"african"},{"weight":67,"label":"individual"},{"weight":66,"label":"queer"}],"subTopicId":916},{"conceptId":2,"clusterId":0,"hexCoordinates":{"x":3.4641016151377544,"y":0},"labels":[{"weight":497,"label":"woman"},{"weight":194,"label":"gender"},{"weight":142,"label":"work"},{"weight":102,"label":"female"},{"weight":85,"label":"workplace"},{"weight":84,"label":"job"},{"weight":82,"label":"gendered"},{"weight":72,"label":"worker"},{"weight":69,"label":"experience"},{"weight":68,"label":"man"},{"weight":60,"label":"research"},{"weight":59,"label":"employee"},{"weight":59,"label":"career"},{"weight":54,"label":"employment"},{"weight":53,"label":"pay"},{"weight":53,"label":"manager"},{"weight":49,"label":"identity"},{"weight":48,"label":"tattoo"},{"weight":48,"label":"occupation"},{"weight":40,"label":"equality"},{"weight":40,"label":"sector"},{"weight":40,"label":"group"},{"weight":40,"label":"data"},{"weight":38,"label":"male"},{"weight":38,"label":"focus"}],"subTopicId":134},{"conceptId":11,"clusterId":0,"hexCoordinates":{"x":-0.8660254037844386,"y":-1.5},"labels":[{"weight":188,"label":"woman"},{"weight":182,"label":"veteran"},{"weight":111,"label":"ovarian"},{"weight":97,"label":"follicle"},{"weight":96,"label":"ivf"},{"weight":90,"label":"amh"},{"weight":79,"label":"pco"},{"weight":78,"label":"cycle"},{"weight":70,"label":"birth"},{"weight":61,"label":"live"},{"weight":58,"label":"oocyte"},{"weight":56,"label":"hcg"},{"weight":55,"label":"gnrh"},{"weight":47,"label":"gonadotropin"},{"weight":46,"label":"compare"},{"weight":43,"label":"rate"},{"weight":42,"label":"hormone"},{"weight":39,"label":"pregnancy"},{"weight":37,"label":"ohss"},{"weight":36,"label":"afc"},{"weight":35,"label":"stimulation"},{"weight":33,"label":"treatment"},{"weight":32,"label":"fsh"},{"weight":32,"label":"maturation"},{"weight":29,"label":"gnrha"}],"subTopicId":783},{"conceptId":12,"clusterId":0,"hexCoordinates":{"x":2.598076211353316,"y":-4.5},"labels":[{"weight":60,"label":"gnih"},{"weight":33,"label":"gnrh"},{"weight":31,"label":"klf"},{"weight":26,"label":"hbd"},{"weight":24,"label":"sbgnih"},{"weight":22,"label":"kiss"},{"weight":21,"label":"rbc"},{"weight":18,"label":"hoxb"},{"weight":18,"label":"gjb"},{"weight":18,"label":"bass"},{"weight":18,"label":"peptide"},{"weight":17,"label":"gonadotropin"},{"weight":17,"label":"stage"},{"weight":15,"label":"motivationally"},{"weight":15,"label":"inhibitory"},{"weight":15,"label":"sea"},{"weight":15,"label":"category"},{"weight":12,"label":"een"},{"weight":12,"label":"reproduction"},{"weight":11,"label":"gnrhr"},{"weight":10,"label":"polyi"},{"weight":9,"label":"sblpxrfa"},{"weight":9,"label":"breakaway"},{"weight":9,"label":"brain"},{"weight":9,"label":"study"}],"subTopicId":811},{"conceptId":0,"clusterId":0,"hexCoordinates":{"x":0,"y":3},"labels":[{"weight":58,"label":"clean"},{"weight":44,"label":"rating"},{"weight":40,"label":"masculinity"},{"weight":37,"label":"dominance"},{"weight":32,"label":"burrow"},{"weight":32,"label":"ascorbate"},{"weight":31,"label":"jaw"},{"weight":31,"label":"effect"},{"weight":29,"label":"face"},{"weight":28,"label":"king"},{"weight":28,"label":"royal"},{"weight":27,"label":"beard"},{"weight":24,"label":"shaven"},{"weight":22,"label":"stimulus"},{"weight":21,"label":"bearded"},{"weight":21,"label":"beardedness"},{"weight":20,"label":"facial"},{"weight":20,"label":"attractiveness"},{"weight":20,"label":"study"},{"weight":19,"label":"craniofacial"},{"weight":19,"label":"robert"},{"weight":17,"label":"oxt"},{"weight":17,"label":"bruce"},{"weight":17,"label":"size"},{"weight":17,"label":"significant"}],"subTopicId":115},{"conceptId":3,"clusterId":0,"hexCoordinates":{"x":0.8660254037844386,"y":-1.5},"labels":[{"weight":2456,"label":"woman"},{"weight":1944,"label":"man"},{"weight":935,"label":"gender"},{"weight":561,"label":"sex"},{"weight":297,"label":"sexual"},{"weight":218,"label":"female"},{"weight":217,"label":"difference"},{"weight":195,"label":"male"},{"weight":137,"label":"masculinity"},{"weight":122,"label":"report"},{"weight":114,"label":"partner"},{"weight":86,"label":"gendered"},{"weight":79,"label":"specific"},{"weight":76,"label":"masculine"},{"weight":73,"label":"desire"},{"weight":70,"label":"analysis"},{"weight":68,"label":"equality"},{"weight":60,"label":"partnership"},{"weight":60,"label":"study"},{"weight":59,"label":"ratio"},{"weight":56,"label":"function"},{"weight":54,"label":"greater"},{"weight":52,"label":"sexually"},{"weight":52,"label":"seek"},{"weight":50,"label":"past"}],"subTopicId":161},{"conceptId":4,"clusterId":0,"hexCoordinates":{"x":0.8660254037844386,"y":1.5},"labels":[{"weight":1229,"label":"woman"},{"weight":459,"label":"pregnancy"},{"weight":220,"label":"abortion"},{"weight":144,"label":"contraceptive"},{"weight":134,"label":"birth"},{"weight":120,"label":"pregnant"},{"weight":99,"label":"contraception"},{"weight":97,"label":"reproductive"},{"weight":93,"label":"fertility"},{"weight":75,"label":"experience"},{"weight":72,"label":"antenatal"},{"weight":72,"label":"partner"},{"weight":70,"label":"hormonal"},{"weight":54,"label":"pac"},{"weight":51,"label":"endometriosis"},{"weight":49,"label":"sexual"},{"weight":46,"label":"postnatal"},{"weight":43,"label":"maternity"},{"weight":38,"label":"satisfaction"},{"weight":35,"label":"childbirth"},{"weight":35,"label":"risk"},{"weight":34,"label":"unintended"},{"weight":34,"label":"evidence"},{"weight":34,"label":"include"},{"weight":30,"label":"oral"}],"subTopicId":307},{"conceptId":5,"clusterId":0,"hexCoordinates":{"x":-0.8660254037844386,"y":1.5},"labels":[{"weight":2175,"label":"female"},{"weight":1934,"label":"male"},{"weight":1067,"label":"sex"},{"weight":313,"label":"difference"},{"weight":275,"label":"gender"},{"weight":213,"label":"age"},{"weight":209,"label":"ratio"},{"weight":139,"label":"specific"},{"weight":125,"label":"adult"},{"weight":88,"label":"higher"},{"weight":88,"label":"find"},{"weight":86,"label":"lower"},{"weight":77,"label":"group"},{"weight":73,"label":"sexual"},{"weight":71,"label":"greater"},{"weight":66,"label":"determine"},{"weight":62,"label":"observe"},{"weight":59,"label":"determination"},{"weight":56,"label":"differ"},{"weight":55,"label":"sample"},{"weight":48,"label":"pattern"},{"weight":44,"label":"dimorphism"},{"weight":38,"label":"important"},{"weight":29,"label":"hermaphrodite"},{"weight":29,"label":"dimorphic"}],"subTopicId":344},{"conceptId":10,"clusterId":0,"hexCoordinates":{"x":-2.598076211353316,"y":-1.5},"labels":[{"weight":187,"label":"ovarian"},{"weight":161,"label":"germ"},{"weight":148,"label":"follicle"},{"weight":139,"label":"cell"},{"weight":123,"label":"oocyte"},{"weight":110,"label":"fertility"},{"weight":109,"label":"embryo"},{"weight":108,"label":"development"},{"weight":107,"label":"ovary"},{"weight":91,"label":"reproductive"},{"weight":83,"label":"tissue"},{"weight":74,"label":"pgc"},{"weight":71,"label":"human"},{"weight":61,"label":"germline"},{"weight":56,"label":"vitro"},{"weight":54,"label":"female"},{"weight":51,"label":"stage"},{"weight":50,"label":"culture"},{"weight":50,"label":"male"},{"weight":47,"label":"primordial"},{"weight":47,"label":"developmental"},{"weight":44,"label":"gonad"},{"weight":44,"label":"amh"},{"weight":44,"label":"grow"},{"weight":41,"label":"cryopreservation"}],"subTopicId":723}]}