{"linkageTable":[{"node2":5,"distance":0.43692435138553,"node1":4},{"node2":12,"distance":0.473383919340565,"node1":3},{"node2":10,"distance":0.47413000670704497,"node1":2},{"node2":14,"distance":0.48243450596389,"node1":19},{"node2":7,"distance":0.48352327799424,"node1":6},{"node2":9,"distance":0.48610959504356,"node1":18},{"node2":8,"distance":0.4881892342218725,"node1":17},{"node2":21,"distance":0.4902798078330925,"node1":20},{"node2":22,"distance":0.49332923860270833,"node1":24},{"node2":23,"distance":0.4946024277197015,"node1":25},{"node2":15,"distance":0.49497341223858043,"node1":26},{"node2":27,"distance":0.49607858026263996,"node1":1},{"node2":13,"distance":0.49661786641271427,"node1":28},{"node2":11,"distance":0.49689325649630467,"node1":29},{"node2":30,"distance":0.4978239411867907,"node1":0},{"node2":16,"distance":0.49936340759101344,"node1":31}],"conceptsData":[{"conceptId":2,"clusterId":0,"hexCoordinates":{"x":0,"y":0},"labels":[{"weight":587,"label":"accounting"},{"weight":373,"label":"paper"},{"weight":269,"label":"management"},{"weight":260,"label":"manager"},{"weight":205,"label":"role"},{"weight":190,"label":"organization"},{"weight":159,"label":"professional"},{"weight":156,"label":"business"},{"weight":155,"label":"employee"},{"weight":146,"label":"corporate"},{"weight":134,"label":"research"},{"weight":127,"label":"line"},{"weight":120,"label":"explore"},{"weight":115,"label":"profession"},{"weight":112,"label":"finding"},{"weight":110,"label":"study"},{"weight":109,"label":"practice"},{"weight":108,"label":"organisation"},{"weight":106,"label":"draw"},{"weight":104,"label":"implication"},{"weight":102,"label":"process"},{"weight":101,"label":"organizational"},{"weight":96,"label":"provide"},{"weight":90,"label":"purpose"},{"weight":87,"label":"responsibility"}],"subTopicId":44},{"conceptId":-1,"clusterId":-1,"hexCoordinates":{"x":9.526279441628825,"y":4.5},"labels":[{"weight":2500,"label":"Unclassified"},{"weight":0,"label":""},{"weight":0,"label":""},{"weight":0,"label":""},{"weight":0,"label":""},{"weight":0,"label":""},{"weight":0,"label":""},{"weight":0,"label":""},{"weight":0,"label":""},{"weight":0,"label":""},{"weight":0,"label":""}],"subTopicId":null},{"conceptId":3,"clusterId":0,"hexCoordinates":{"x":2.598076211353316,"y":-1.5},"labels":[{"weight":1420,"label":"service"},{"weight":733,"label":"customer"},{"weight":162,"label":"provider"},{"weight":129,"label":"quality"},{"weight":122,"label":"provision"},{"weight":107,"label":"experience"},{"weight":106,"label":"provide"},{"weight":92,"label":"paper"},{"weight":78,"label":"client"},{"weight":74,"label":"delivery"},{"weight":74,"label":"role"},{"weight":67,"label":"satisfaction"},{"weight":61,"label":"business"},{"weight":54,"label":"creation"},{"weight":52,"label":"engagement"},{"weight":51,"label":"influence"},{"weight":51,"label":"support"},{"weight":50,"label":"result"},{"weight":49,"label":"behavior"},{"weight":48,"label":"expectation"},{"weight":43,"label":"context"},{"weight":42,"label":"commerce"},{"weight":41,"label":"firm"},{"weight":38,"label":"relationship"},{"weight":35,"label":"form"}],"subTopicId":89},{"conceptId":9,"clusterId":0,"hexCoordinates":{"x":4.330127018922193,"y":-1.5},"labels":[{"weight":1005,"label":"consumer"},{"weight":822,"label":"brand"},{"weight":289,"label":"product"},{"weight":193,"label":"marketing"},{"weight":171,"label":"consumption"},{"weight":169,"label":"market"},{"weight":119,"label":"purchase"},{"weight":107,"label":"retail"},{"weight":75,"label":"luxury"},{"weight":72,"label":"branding"},{"weight":66,"label":"loyalty"},{"weight":62,"label":"customer"},{"weight":61,"label":"store"},{"weight":59,"label":"buy"},{"weight":52,"label":"equity"},{"weight":52,"label":"research"},{"weight":50,"label":"retailer"},{"weight":47,"label":"sell"},{"weight":45,"label":"goods"},{"weight":43,"label":"behaviour"},{"weight":39,"label":"base"},{"weight":37,"label":"sale"},{"weight":34,"label":"potential"},{"weight":32,"label":"aesthetic"},{"weight":32,"label":"dominant"}],"subTopicId":193},{"conceptId":10,"clusterId":0,"hexCoordinates":{"x":1.7320508075688772,"y":0},"labels":[{"weight":2355,"label":"study"},{"weight":2089,"label":"research"},{"weight":1227,"label":"finding"},{"weight":1110,"label":"purpose"},{"weight":1003,"label":"paper"},{"weight":933,"label":"approach"},{"weight":899,"label":"implication"},{"weight":828,"label":"methodology"},{"weight":767,"label":"design"},{"weight":543,"label":"literature"},{"weight":515,"label":"impact"},{"weight":502,"label":"limitation"},{"weight":448,"label":"originality"},{"weight":440,"label":"practical"},{"weight":408,"label":"case"},{"weight":403,"label":"focus"},{"weight":387,"label":"analysis"},{"weight":371,"label":"provide"},{"weight":366,"label":"context"},{"weight":342,"label":"examine"},{"weight":334,"label":"identify"},{"weight":309,"label":"area"},{"weight":279,"label":"author"},{"weight":271,"label":"investigate"},{"weight":269,"label":"issue"}],"subTopicId":195},{"conceptId":15,"clusterId":0,"hexCoordinates":{"x":5.196152422706632,"y":0},"labels":[{"weight":3596,"label":"factor"},{"weight":1930,"label":"role"},{"weight":1364,"label":"play"},{"weight":1302,"label":"important"},{"weight":1182,"label":"influence"},{"weight":1036,"label":"study"},{"weight":763,"label":"affect"},{"weight":593,"label":"impact"},{"weight":589,"label":"type"},{"weight":544,"label":"key"},{"weight":504,"label":"result"},{"weight":485,"label":"identify"},{"weight":482,"label":"difference"},{"weight":467,"label":"investigate"},{"weight":456,"label":"significant"},{"weight":401,"label":"include"},{"weight":397,"label":"individual"},{"weight":395,"label":"characteristic"},{"weight":393,"label":"examine"},{"weight":372,"label":"find"},{"weight":363,"label":"importance"},{"weight":343,"label":"show"},{"weight":336,"label":"range"},{"weight":329,"label":"understand"},{"weight":320,"label":"main"}],"subTopicId":922},{"conceptId":4,"clusterId":0,"hexCoordinates":{"x":4.330127018922193,"y":1.5},"labels":[{"weight":1189,"label":"management"},{"weight":584,"label":"study"},{"weight":478,"label":"performance"},{"weight":458,"label":"research"},{"weight":426,"label":"industry"},{"weight":419,"label":"company"},{"weight":419,"label":"practice"},{"weight":399,"label":"organisation"},{"weight":390,"label":"business"},{"weight":279,"label":"strategy"},{"weight":272,"label":"capability"},{"weight":268,"label":"adoption"},{"weight":261,"label":"organization"},{"weight":250,"label":"knowledge"},{"weight":247,"label":"organisational"},{"weight":247,"label":"case"},{"weight":246,"label":"sector"},{"weight":226,"label":"strategic"},{"weight":221,"label":"literature"},{"weight":212,"label":"manager"},{"weight":210,"label":"level"},{"weight":204,"label":"base"},{"weight":196,"label":"stakeholder"},{"weight":186,"label":"relationship"},{"weight":183,"label":"finding"}],"subTopicId":104},{"conceptId":5,"clusterId":0,"hexCoordinates":{"x":3.4641016151377544,"y":3},"labels":[{"weight":750,"label":"chain"},{"weight":596,"label":"supply"},{"weight":36,"label":"disruption"},{"weight":32,"label":"part"},{"weight":25,"label":"support"},{"weight":23,"label":"elm"},{"weight":22,"label":"rmp"},{"weight":20,"label":"examine"},{"weight":19,"label":"pressure"},{"weight":19,"label":"face"},{"weight":19,"label":"multiplier"},{"weight":18,"label":"hdc"},{"weight":15,"label":"inventory"},{"weight":14,"label":"spare"},{"weight":13,"label":"focal"},{"weight":12,"label":"sense"},{"weight":11,"label":"occasion"},{"weight":10,"label":"viverrinus"},{"weight":10,"label":"wholesaler"},{"weight":10,"label":"retailer"},{"weight":10,"label":"licence"},{"weight":10,"label":"supplies"},{"weight":10,"label":"commercial"},{"weight":9,"label":"greek"},{"weight":9,"label":"disruptive"}],"subTopicId":131},{"conceptId":16,"clusterId":0,"hexCoordinates":{"x":2.598076211353316,"y":4.5},"labels":[{"weight":189,"label":"career"},{"weight":108,"label":"hadv"},{"weight":75,"label":"focus"},{"weight":65,"label":"commercialization"},{"weight":57,"label":"employment"},{"weight":52,"label":"vector"},{"weight":52,"label":"labour"},{"weight":51,"label":"academic"},{"weight":49,"label":"transduction"},{"weight":48,"label":"graduate"},{"weight":48,"label":"market"},{"weight":47,"label":"decent"},{"weight":46,"label":"formal"},{"weight":40,"label":"intention"},{"weight":40,"label":"informal"},{"weight":38,"label":"promotion"},{"weight":38,"label":"university"},{"weight":33,"label":"adenovirus"},{"weight":33,"label":"leader"},{"weight":32,"label":"occupational"},{"weight":32,"label":"intent"},{"weight":32,"label":"transition"},{"weight":31,"label":"research"},{"weight":30,"label":"colleague"},{"weight":30,"label":"serum"}],"subTopicId":974},{"conceptId":11,"clusterId":0,"hexCoordinates":{"x":-0.8660254037844386,"y":1.5},"labels":[{"weight":746,"label":"leadership"},{"weight":226,"label":"leader"},{"weight":52,"label":"headteacher"},{"weight":45,"label":"transformational"},{"weight":44,"label":"development"},{"weight":39,"label":"pollen"},{"weight":39,"label":"sector"},{"weight":33,"label":"literature"},{"weight":20,"label":"dag"},{"weight":20,"label":"distribute"},{"weight":19,"label":"style"},{"weight":19,"label":"theory"},{"weight":18,"label":"follower"},{"weight":17,"label":"ragweed"},{"weight":17,"label":"pharmacy"},{"weight":16,"label":"retail"},{"weight":13,"label":"performance"},{"weight":12,"label":"scel"},{"weight":11,"label":"organizational"},{"weight":10,"label":"ainet"},{"weight":10,"label":"svd"},{"weight":10,"label":"position"},{"weight":9,"label":"qml"},{"weight":9,"label":"headship"},{"weight":9,"label":"mad"}],"subTopicId":328},{"conceptId":14,"clusterId":0,"hexCoordinates":{"x":0.8660254037844386,"y":-1.5},"labels":[{"weight":338,"label":"disclosure"},{"weight":245,"label":"csr"},{"weight":221,"label":"corporate"},{"weight":163,"label":"report"},{"weight":159,"label":"company"},{"weight":142,"label":"social"},{"weight":135,"label":"responsibility"},{"weight":119,"label":"reporting"},{"weight":94,"label":"financial"},{"weight":93,"label":"user"},{"weight":88,"label":"quality"},{"weight":79,"label":"information"},{"weight":76,"label":"compliance"},{"weight":73,"label":"firm"},{"weight":71,"label":"standard"},{"weight":70,"label":"venue"},{"weight":70,"label":"accounting"},{"weight":59,"label":"stakeholder"},{"weight":56,"label":"practice"},{"weight":55,"label":"content"},{"weight":48,"label":"ifr"},{"weight":44,"label":"disclose"},{"weight":42,"label":"paper"},{"weight":40,"label":"segment"},{"weight":39,"label":"management"}],"subTopicId":776},{"conceptId":0,"clusterId":0,"hexCoordinates":{"x":1.7320508075688772,"y":-3},"labels":[{"weight":178,"label":"nigerium"},{"weight":141,"label":"nigeria"},{"weight":110,"label":"nigerian"},{"weight":64,"label":"coffee"},{"weight":52,"label":"country"},{"weight":42,"label":"crime"},{"weight":38,"label":"estate"},{"weight":34,"label":"halal"},{"weight":32,"label":"crow"},{"weight":31,"label":"tool"},{"weight":28,"label":"ret"},{"weight":28,"label":"reveal"},{"weight":27,"label":"egypt"},{"weight":27,"label":"rural"},{"weight":26,"label":"cir"},{"weight":24,"label":"bet"},{"weight":20,"label":"nsd"},{"weight":20,"label":"literature"},{"weight":19,"label":"area"},{"weight":19,"label":"adopt"},{"weight":18,"label":"theft"},{"weight":17,"label":"poor"},{"weight":17,"label":"evaluate"},{"weight":16,"label":"identify"},{"weight":15,"label":"facility"}],"subTopicId":7},{"conceptId":1,"clusterId":0,"hexCoordinates":{"x":1.7320508075688772,"y":3},"labels":[{"weight":287,"label":"leader"},{"weight":286,"label":"leadership"},{"weight":251,"label":"identity"},{"weight":167,"label":"collective"},{"weight":134,"label":"team"},{"weight":100,"label":"member"},{"weight":94,"label":"commitment"},{"weight":91,"label":"social"},{"weight":88,"label":"group"},{"weight":85,"label":"action"},{"weight":59,"label":"follower"},{"weight":57,"label":"efficacy"},{"weight":52,"label":"cohesion"},{"weight":52,"label":"personal"},{"weight":46,"label":"behavior"},{"weight":44,"label":"construct"},{"weight":37,"label":"norm"},{"weight":37,"label":"identification"},{"weight":36,"label":"antecedent"},{"weight":35,"label":"demonstrate"},{"weight":32,"label":"shared"},{"weight":32,"label":"normative"},{"weight":32,"label":"model"},{"weight":29,"label":"belief"},{"weight":29,"label":"examine"}],"subTopicId":11},{"conceptId":6,"clusterId":0,"hexCoordinates":{"x":2.598076211353316,"y":1.5},"labels":[{"weight":235,"label":"employee"},{"weight":135,"label":"motivation"},{"weight":56,"label":"organisation"},{"weight":48,"label":"role"},{"weight":45,"label":"aboriginal"},{"weight":43,"label":"resistance"},{"weight":38,"label":"motivational"},{"weight":31,"label":"icp"},{"weight":29,"label":"line"},{"weight":27,"label":"nsw"},{"weight":27,"label":"motivate"},{"weight":25,"label":"censorship"},{"weight":25,"label":"organisational"},{"weight":23,"label":"hotel"},{"weight":22,"label":"psychological"},{"weight":21,"label":"staff"},{"weight":20,"label":"gras"},{"weight":20,"label":"censor"},{"weight":20,"label":"intrinsic"},{"weight":20,"label":"management"},{"weight":19,"label":"ntm"},{"weight":19,"label":"whistleblowing"},{"weight":19,"label":"silence"},{"weight":18,"label":"work"},{"weight":14,"label":"household"}],"subTopicId":149},{"conceptId":13,"clusterId":0,"hexCoordinates":{"x":6.06217782649107,"y":1.5},"labels":[{"weight":223,"label":"culture"},{"weight":122,"label":"cultural"},{"weight":71,"label":"sss"},{"weight":60,"label":"relationship"},{"weight":53,"label":"base"},{"weight":45,"label":"dimension"},{"weight":38,"label":"cross"},{"weight":37,"label":"western"},{"weight":31,"label":"subjective"},{"weight":27,"label":"mobility"},{"weight":22,"label":"objective"},{"weight":21,"label":"mediation"},{"weight":18,"label":"ind"},{"weight":18,"label":"ifa"},{"weight":18,"label":"culturally"},{"weight":18,"label":"increase"},{"weight":17,"label":"persona"},{"weight":17,"label":"collectivism"},{"weight":17,"label":"japanese"},{"weight":16,"label":"osc"},{"weight":16,"label":"intercultural"},{"weight":16,"label":"triadic"},{"weight":16,"label":"universal"},{"weight":16,"label":"apply"},{"weight":15,"label":"ffn"}],"subTopicId":593},{"conceptId":12,"clusterId":0,"hexCoordinates":{"x":3.4641016151377544,"y":0},"labels":[{"weight":639,"label":"research"},{"weight":600,"label":"consumer"},{"weight":500,"label":"marketing"},{"weight":320,"label":"study"},{"weight":246,"label":"market"},{"weight":243,"label":"literature"},{"weight":242,"label":"fashion"},{"weight":227,"label":"finding"},{"weight":200,"label":"industry"},{"weight":177,"label":"interview"},{"weight":168,"label":"brand"},{"weight":166,"label":"business"},{"weight":151,"label":"aim"},{"weight":147,"label":"product"},{"weight":146,"label":"purpose"},{"weight":141,"label":"approach"},{"weight":134,"label":"online"},{"weight":131,"label":"strategy"},{"weight":129,"label":"show"},{"weight":119,"label":"hotel"},{"weight":118,"label":"advertising"},{"weight":118,"label":"result"},{"weight":116,"label":"order"},{"weight":111,"label":"identify"},{"weight":108,"label":"key"}],"subTopicId":376},{"conceptId":8,"clusterId":0,"hexCoordinates":{"x":5.196152422706632,"y":3},"labels":[{"weight":813,"label":"green"},{"weight":171,"label":"blue"},{"weight":118,"label":"red"},{"weight":63,"label":"environmental"},{"weight":32,"label":"colour"},{"weight":32,"label":"generate"},{"weight":23,"label":"biliverdin"},{"weight":17,"label":"block"},{"weight":16,"label":"ceew"},{"weight":15,"label":"pigment"},{"weight":15,"label":"valley"},{"weight":15,"label":"garden"},{"weight":15,"label":"equation"},{"weight":14,"label":"pellet"},{"weight":14,"label":"quantity"},{"weight":14,"label":"report"},{"weight":13,"label":"erc"},{"weight":12,"label":"rain"},{"weight":11,"label":"amber"},{"weight":11,"label":"apl"},{"weight":11,"label":"premium"},{"weight":11,"label":"iso"},{"weight":10,"label":"csed"},{"weight":10,"label":"greening"},{"weight":10,"label":"hypocrisy"}],"subTopicId":190},{"conceptId":7,"clusterId":0,"hexCoordinates":{"x":0.8660254037844386,"y":1.5},"labels":[{"weight":1282,"label":"business"},{"weight":1103,"label":"innovation"},{"weight":593,"label":"entrepreneurial"},{"weight":582,"label":"entrepreneurship"},{"weight":527,"label":"entrepreneur"},{"weight":424,"label":"firm"},{"weight":352,"label":"enterprise"},{"weight":326,"label":"knowledge"},{"weight":298,"label":"paper"},{"weight":275,"label":"small"},{"weight":238,"label":"research"},{"weight":226,"label":"process"},{"weight":224,"label":"activity"},{"weight":217,"label":"study"},{"weight":174,"label":"venture"},{"weight":171,"label":"strategy"},{"weight":169,"label":"growth"},{"weight":156,"label":"creation"},{"weight":155,"label":"economy"},{"weight":153,"label":"owner"},{"weight":153,"label":"development"},{"weight":152,"label":"context"},{"weight":147,"label":"develop"},{"weight":146,"label":"literature"},{"weight":142,"label":"market"}],"subTopicId":180}]}