{"linkageTable":[{"node2":14,"distance":0.45653015930528,"node1":4},{"node2":10,"distance":0.457070693029025,"node1":3},{"node2":15,"distance":0.465595683743135,"node1":11},{"node2":17,"distance":0.4667686066204775,"node1":2},{"node2":16,"distance":0.4775581234785325,"node1":0},{"node2":9,"distance":0.479503239073045,"node1":19},{"node2":18,"distance":0.4841848072064134,"node1":20},{"node2":21,"distance":0.48694241805092625,"node1":1},{"node2":8,"distance":0.487145771210954,"node1":22},{"node2":23,"distance":0.488879486290147,"node1":24},{"node2":6,"distance":0.49201724715469447,"node1":25},{"node2":12,"distance":0.4942020416090625,"node1":26},{"node2":5,"distance":0.4954786432760812,"node1":27},{"node2":13,"distance":0.49603383511830396,"node1":28},{"node2":7,"distance":0.4977004567515827,"node1":29}],"conceptsData":[{"conceptId":1,"clusterId":0,"hexCoordinates":{"x":-4.330127018922193,"y":-1.5},"labels":[{"weight":643,"label":"ampk"},{"weight":306,"label":"amp"},{"weight":185,"label":"activate"},{"weight":128,"label":"kinase"},{"weight":122,"label":"propionate"},{"weight":117,"label":"atp"},{"weight":116,"label":"activation"},{"weight":108,"label":"energy"},{"weight":91,"label":"scfa"},{"weight":88,"label":"inulin"},{"weight":84,"label":"human"},{"weight":81,"label":"effect"},{"weight":78,"label":"glucose"},{"weight":72,"label":"increase"},{"weight":64,"label":"cell"},{"weight":59,"label":"lkb"},{"weight":57,"label":"colonic"},{"weight":57,"label":"subunit"},{"weight":57,"label":"inhibit"},{"weight":54,"label":"metformin"},{"weight":54,"label":"phosphorylation"},{"weight":54,"label":"production"},{"weight":52,"label":"mechanism"},{"weight":50,"label":"adp"},{"weight":48,"label":"ester"}],"subTopicId":229},{"conceptId":10,"clusterId":0,"hexCoordinates":{"x":-3.4641016151377544,"y":-3},"labels":[{"weight":1582,"label":"cell"},{"weight":1127,"label":"pathway"},{"weight":1061,"label":"activation"},{"weight":926,"label":"induce"},{"weight":870,"label":"expression"},{"weight":745,"label":"signaling"},{"weight":706,"label":"activate"},{"weight":706,"label":"response"},{"weight":685,"label":"factor"},{"weight":684,"label":"role"},{"weight":679,"label":"kinase"},{"weight":676,"label":"increase"},{"weight":659,"label":"mechanism"},{"weight":646,"label":"protein"},{"weight":643,"label":"show"},{"weight":637,"label":"signalling"},{"weight":636,"label":"dependent"},{"weight":605,"label":"inhibition"},{"weight":566,"label":"regulate"},{"weight":520,"label":"demonstrate"},{"weight":517,"label":"mediate"},{"weight":514,"label":"activity"},{"weight":510,"label":"target"},{"weight":480,"label":"promote"},{"weight":462,"label":"result"}],"subTopicId":759},{"conceptId":4,"clusterId":0,"hexCoordinates":{"x":0,"y":0},"labels":[{"weight":1133,"label":"pathway"},{"weight":994,"label":"role"},{"weight":927,"label":"mechanism"},{"weight":920,"label":"regulate"},{"weight":905,"label":"regulation"},{"weight":902,"label":"process"},{"weight":896,"label":"function"},{"weight":650,"label":"control"},{"weight":582,"label":"cell"},{"weight":575,"label":"factor"},{"weight":543,"label":"cellular"},{"weight":522,"label":"response"},{"weight":511,"label":"signalling"},{"weight":458,"label":"molecular"},{"weight":453,"label":"key"},{"weight":418,"label":"gene"},{"weight":416,"label":"protein"},{"weight":398,"label":"include"},{"weight":398,"label":"development"},{"weight":383,"label":"important"},{"weight":353,"label":"involve"},{"weight":329,"label":"understand"},{"weight":323,"label":"target"},{"weight":316,"label":"regulatory"},{"weight":314,"label":"regulator"}],"subTopicId":494},{"conceptId":2,"clusterId":0,"hexCoordinates":{"x":-2.598076211353316,"y":-1.5},"labels":[{"weight":474,"label":"nrf"},{"weight":432,"label":"mitochondrial"},{"weight":214,"label":"redox"},{"weight":186,"label":"cell"},{"weight":156,"label":"metabolism"},{"weight":142,"label":"mitochondria"},{"weight":142,"label":"metabolic"},{"weight":138,"label":"atp"},{"weight":136,"label":"function"},{"weight":134,"label":"oxidative"},{"weight":123,"label":"pathway"},{"weight":117,"label":"enzyme"},{"weight":108,"label":"homeostasis"},{"weight":108,"label":"stress"},{"weight":108,"label":"activity"},{"weight":107,"label":"oxygen"},{"weight":105,"label":"production"},{"weight":104,"label":"nad"},{"weight":102,"label":"protein"},{"weight":101,"label":"cysteine"},{"weight":101,"label":"oxidation"},{"weight":96,"label":"keap"},{"weight":84,"label":"zinc"},{"weight":79,"label":"dehydrogenase"},{"weight":79,"label":"species"}],"subTopicId":319},{"conceptId":14,"clusterId":0,"hexCoordinates":{"x":1.7320508075688772,"y":0},"labels":[{"weight":256,"label":"light"},{"weight":120,"label":"uvr"},{"weight":77,"label":"red"},{"weight":65,"label":"plant"},{"weight":57,"label":"photoreceptor"},{"weight":52,"label":"phot"},{"weight":51,"label":"dimer"},{"weight":48,"label":"phytochrome"},{"weight":40,"label":"pif"},{"weight":40,"label":"arabidopsis"},{"weight":39,"label":"signaling"},{"weight":38,"label":"response"},{"weight":34,"label":"hypocotyl"},{"weight":32,"label":"induce"},{"weight":30,"label":"blue"},{"weight":29,"label":"mediate"},{"weight":24,"label":"growth"},{"weight":22,"label":"enhance"},{"weight":21,"label":"phya"},{"weight":21,"label":"lov"},{"weight":21,"label":"mutant"},{"weight":20,"label":"monomer"},{"weight":20,"label":"show"},{"weight":19,"label":"phyb"},{"weight":19,"label":"gfp"}],"subTopicId":865},{"conceptId":15,"clusterId":0,"hexCoordinates":{"x":-1.7320508075688772,"y":0},"labels":[{"weight":262,"label":"acid"},{"weight":160,"label":"fatty"},{"weight":148,"label":"protein"},{"weight":145,"label":"ffa"},{"weight":131,"label":"lipid"},{"weight":98,"label":"acylation"},{"weight":90,"label":"binding"},{"weight":86,"label":"zdhhc"},{"weight":84,"label":"membrane"},{"weight":74,"label":"chain"},{"weight":58,"label":"acyl"},{"weight":54,"label":"enzyme"},{"weight":51,"label":"bilayer"},{"weight":50,"label":"fibrinogen"},{"weight":46,"label":"cysteine"},{"weight":46,"label":"free"},{"weight":40,"label":"bind"},{"weight":39,"label":"site"},{"weight":36,"label":"domain"},{"weight":35,"label":"modification"},{"weight":32,"label":"palmitoylation"},{"weight":30,"label":"acylate"},{"weight":30,"label":"plasma"},{"weight":29,"label":"phospholipid"},{"weight":28,"label":"folate"}],"subTopicId":958},{"conceptId":8,"clusterId":0,"hexCoordinates":{"x":0,"y":-3},"labels":[{"weight":595,"label":"cell"},{"weight":412,"label":"actin"},{"weight":221,"label":"integrin"},{"weight":188,"label":"protein"},{"weight":178,"label":"membrane"},{"weight":159,"label":"regulate"},{"weight":151,"label":"migration"},{"weight":136,"label":"adhesion"},{"weight":126,"label":"cytoskeleton"},{"weight":121,"label":"pathway"},{"weight":109,"label":"show"},{"weight":108,"label":"intracellular"},{"weight":103,"label":"function"},{"weight":102,"label":"kinase"},{"weight":101,"label":"signalling"},{"weight":96,"label":"signaling"},{"weight":87,"label":"rab"},{"weight":85,"label":"apical"},{"weight":83,"label":"rac"},{"weight":81,"label":"role"},{"weight":80,"label":"polarity"},{"weight":79,"label":"erk"},{"weight":78,"label":"cellular"},{"weight":76,"label":"activation"},{"weight":76,"label":"require"}],"subTopicId":615},{"conceptId":12,"clusterId":0,"hexCoordinates":{"x":-0.8660254037844386,"y":-4.5},"labels":[{"weight":384,"label":"pde"},{"weight":242,"label":"camp"},{"weight":81,"label":"pka"},{"weight":68,"label":"isoform"},{"weight":51,"label":"phosphodiesterase"},{"weight":47,"label":"domain"},{"weight":43,"label":"signalling"},{"weight":40,"label":"long"},{"weight":39,"label":"site"},{"weight":33,"label":"form"},{"weight":32,"label":"involve"},{"weight":32,"label":"specific"},{"weight":31,"label":"peptide"},{"weight":27,"label":"enzyme"},{"weight":27,"label":"interaction"},{"weight":26,"label":"plc"},{"weight":25,"label":"cyclic"},{"weight":24,"label":"catalytic"},{"weight":22,"label":"ndpk"},{"weight":22,"label":"ucr"},{"weight":21,"label":"dimerization"},{"weight":21,"label":"complex"},{"weight":20,"label":"riox"},{"weight":18,"label":"cep"},{"weight":18,"label":"local"}],"subTopicId":822},{"conceptId":11,"clusterId":0,"hexCoordinates":{"x":-0.8660254037844386,"y":-1.5},"labels":[{"weight":3150,"label":"protein"},{"weight":627,"label":"binding"},{"weight":624,"label":"domain"},{"weight":613,"label":"interaction"},{"weight":536,"label":"membrane"},{"weight":524,"label":"complex"},{"weight":435,"label":"function"},{"weight":398,"label":"site"},{"weight":344,"label":"phosphorylation"},{"weight":307,"label":"bind"},{"weight":302,"label":"identify"},{"weight":296,"label":"kinase"},{"weight":294,"label":"show"},{"weight":280,"label":"activity"},{"weight":278,"label":"terminal"},{"weight":274,"label":"cell"},{"weight":244,"label":"interact"},{"weight":240,"label":"target"},{"weight":222,"label":"specific"},{"weight":210,"label":"mediate"},{"weight":207,"label":"residue"},{"weight":205,"label":"suggest"},{"weight":203,"label":"conserve"},{"weight":203,"label":"require"},{"weight":199,"label":"subunit"}],"subTopicId":798},{"conceptId":-1,"clusterId":-1,"hexCoordinates":{"x":6.06217782649107,"y":0},"labels":[{"weight":2500,"label":"Unclassified"},{"weight":0,"label":""},{"weight":0,"label":""},{"weight":0,"label":""},{"weight":0,"label":""},{"weight":0,"label":""},{"weight":0,"label":""},{"weight":0,"label":""},{"weight":0,"label":""},{"weight":0,"label":""},{"weight":0,"label":""}],"subTopicId":null},{"conceptId":13,"clusterId":0,"hexCoordinates":{"x":1.7320508075688772,"y":-3},"labels":[{"weight":287,"label":"mutation"},{"weight":117,"label":"mutant"},{"weight":52,"label":"wild"},{"weight":45,"label":"type"},{"weight":43,"label":"outer"},{"weight":43,"label":"tert"},{"weight":40,"label":"idh"},{"weight":37,"label":"insertion"},{"weight":36,"label":"function"},{"weight":34,"label":"pik"},{"weight":34,"label":"segment"},{"weight":33,"label":"melanin"},{"weight":29,"label":"rod"},{"weight":29,"label":"loss"},{"weight":26,"label":"retinal"},{"weight":25,"label":"runx"},{"weight":24,"label":"eau"},{"weight":24,"label":"case"},{"weight":23,"label":"mutate"},{"weight":23,"label":"line"},{"weight":22,"label":"codon"},{"weight":22,"label":"photoreceptor"},{"weight":19,"label":"clone"},{"weight":19,"label":"zebrafish"},{"weight":19,"label":"gain"}],"subTopicId":860},{"conceptId":6,"clusterId":0,"hexCoordinates":{"x":-3.4641016151377544,"y":0},"labels":[{"weight":206,"label":"autophagy"},{"weight":92,"label":"tat"},{"weight":80,"label":"atg"},{"weight":54,"label":"lysosomal"},{"weight":43,"label":"peptide"},{"weight":43,"label":"autophagosome"},{"weight":38,"label":"lysosome"},{"weight":32,"label":"tatc"},{"weight":32,"label":"arginine"},{"weight":29,"label":"membrane"},{"weight":27,"label":"mct"},{"weight":27,"label":"mtorc"},{"weight":27,"label":"signal"},{"weight":27,"label":"map"},{"weight":23,"label":"glycosome"},{"weight":22,"label":"saussure"},{"weight":21,"label":"aldh"},{"weight":21,"label":"cargo"},{"weight":19,"label":"site"},{"weight":18,"label":"degradation"},{"weight":17,"label":"tatb"},{"weight":16,"label":"translocase"},{"weight":16,"label":"mtor"},{"weight":16,"label":"autophagic"},{"weight":15,"label":"tata"}],"subTopicId":557},{"conceptId":0,"clusterId":0,"hexCoordinates":{"x":0.8660254037844386,"y":-1.5},"labels":[{"weight":590,"label":"ubiquitin"},{"weight":500,"label":"protein"},{"weight":343,"label":"ligase"},{"weight":252,"label":"kinase"},{"weight":252,"label":"substrate"},{"weight":198,"label":"phosphorylation"},{"weight":198,"label":"degradation"},{"weight":192,"label":"activity"},{"weight":191,"label":"domain"},{"weight":177,"label":"proteasome"},{"weight":173,"label":"sumo"},{"weight":172,"label":"binding"},{"weight":170,"label":"ser"},{"weight":155,"label":"complex"},{"weight":132,"label":"lrrk"},{"weight":120,"label":"ring"},{"weight":116,"label":"parkin"},{"weight":112,"label":"mdm"},{"weight":109,"label":"chain"},{"weight":107,"label":"rab"},{"weight":100,"label":"mutation"},{"weight":100,"label":"regulate"},{"weight":97,"label":"bind"},{"weight":95,"label":"activate"},{"weight":94,"label":"inhibitor"}],"subTopicId":35},{"conceptId":5,"clusterId":0,"hexCoordinates":{"x":-5.196152422706632,"y":-3},"labels":[{"weight":126,"label":"cell"},{"weight":85,"label":"camkii"},{"weight":84,"label":"gap"},{"weight":81,"label":"connexin"},{"weight":67,"label":"calcium"},{"weight":65,"label":"arg"},{"weight":64,"label":"junction"},{"weight":50,"label":"arginase"},{"weight":48,"label":"mouse"},{"weight":46,"label":"arginine"},{"weight":44,"label":"function"},{"weight":44,"label":"aid"},{"weight":41,"label":"reticulum"},{"weight":38,"label":"activity"},{"weight":37,"label":"serca"},{"weight":36,"label":"cardiomyocyte"},{"weight":31,"label":"electrical"},{"weight":30,"label":"cardiac"},{"weight":30,"label":"level"},{"weight":29,"label":"contractile"},{"weight":28,"label":"heart"},{"weight":28,"label":"enhance"},{"weight":26,"label":"eaat"},{"weight":26,"label":"endoplasmic"},{"weight":26,"label":"label"}],"subTopicId":517},{"conceptId":7,"clusterId":0,"hexCoordinates":{"x":2.598076211353316,"y":-1.5},"labels":[{"weight":52,"label":"dub"},{"weight":52,"label":"vis"},{"weight":44,"label":"accounting"},{"weight":43,"label":"patch"},{"weight":31,"label":"vegetation"},{"weight":23,"label":"hpw"},{"weight":22,"label":"usp"},{"weight":19,"label":"emancipatory"},{"weight":19,"label":"praxis"},{"weight":18,"label":"include"},{"weight":16,"label":"add"},{"weight":14,"label":"alice"},{"weight":13,"label":"natal"},{"weight":12,"label":"polyub"},{"weight":12,"label":"carroll"},{"weight":12,"label":"appreciation"},{"weight":11,"label":"polyubiquitin"},{"weight":11,"label":"colonization"},{"weight":11,"label":"difference"},{"weight":9,"label":"zufsp"},{"weight":9,"label":"imagebank"},{"weight":9,"label":"deubiquitinase"},{"weight":8,"label":"dix"},{"weight":8,"label":"perinatal"},{"weight":8,"label":"prism"}],"subTopicId":569},{"conceptId":9,"clusterId":0,"hexCoordinates":{"x":-2.598076211353316,"y":-4.5},"labels":[{"weight":404,"label":"mitochondrial"},{"weight":125,"label":"mtdna"},{"weight":125,"label":"apoptosis"},{"weight":121,"label":"caspase"},{"weight":108,"label":"cell"},{"weight":103,"label":"mitochondria"},{"weight":98,"label":"death"},{"weight":91,"label":"channel"},{"weight":84,"label":"membrane"},{"weight":74,"label":"dna"},{"weight":69,"label":"apoptotic"},{"weight":55,"label":"induce"},{"weight":54,"label":"sur"},{"weight":48,"label":"msc"},{"weight":43,"label":"protein"},{"weight":39,"label":"sting"},{"weight":39,"label":"release"},{"weight":38,"label":"momp"},{"weight":34,"label":"fas"},{"weight":34,"label":"damage"},{"weight":32,"label":"mcl"},{"weight":32,"label":"dependent"},{"weight":31,"label":"atp"},{"weight":30,"label":"bcl"},{"weight":29,"label":"cga"}],"subTopicId":693},{"conceptId":3,"clusterId":0,"hexCoordinates":{"x":-1.7320508075688772,"y":-3},"labels":[{"weight":341,"label":"cell"},{"weight":216,"label":"senescence"},{"weight":182,"label":"target"},{"weight":162,"label":"cancer"},{"weight":161,"label":"resistance"},{"weight":159,"label":"drug"},{"weight":148,"label":"inhibition"},{"weight":145,"label":"expression"},{"weight":130,"label":"akt"},{"weight":123,"label":"response"},{"weight":119,"label":"pathway"},{"weight":117,"label":"gsk"},{"weight":117,"label":"combination"},{"weight":105,"label":"activation"},{"weight":102,"label":"show"},{"weight":101,"label":"growth"},{"weight":97,"label":"tumour"},{"weight":96,"label":"treatment"},{"weight":91,"label":"therapy"},{"weight":87,"label":"induce"},{"weight":86,"label":"tumor"},{"weight":85,"label":"proliferation"},{"weight":83,"label":"bcl"},{"weight":81,"label":"inhibitor"},{"weight":79,"label":"mechanism"}],"subTopicId":359}]}