{"linkageTable":[{"node2":24,"distance":0.45488519331099,"node1":5},{"node2":23,"distance":0.464941421164995,"node1":20},{"node2":21,"distance":0.465146946908645,"node1":14},{"node2":13,"distance":0.46891646633116,"node1":8},{"node2":26,"distance":0.473589936931455,"node1":19},{"node2":29,"distance":0.473945761579685,"node1":4},{"node2":30,"distance":0.47551940355478,"node1":2},{"node2":11,"distance":0.4790108551377025,"node1":33},{"node2":7,"distance":0.48046186659809,"node1":6},{"node2":34,"distance":0.481435951604755,"node1":9},{"node2":27,"distance":0.482415122947965,"node1":25},{"node2":15,"distance":0.483696857615535,"node1":35},{"node2":32,"distance":0.484500271308425,"node1":16},{"node2":41,"distance":0.48502454058149747,"node1":38},{"node2":42,"distance":0.4853978652252109,"node1":39},{"node2":31,"distance":0.485572101342165,"node1":36},{"node2":43,"distance":0.486715057924,"node1":10},{"node2":17,"distance":0.4871451807435,"node1":0},{"node2":45,"distance":0.48881255415663355,"node1":47},{"node2":37,"distance":0.4889544321282675,"node1":49},{"node2":22,"distance":0.48973694119648165,"node1":44},{"node2":53,"distance":0.49135430869188246,"node1":52},{"node2":51,"distance":0.49145758261312533,"node1":50},{"node2":12,"distance":0.492232413826525,"node1":55},{"node2":18,"distance":0.492490482257815,"node1":46},{"node2":40,"distance":0.49340453410136725,"node1":56},{"node2":54,"distance":0.49393065737983166,"node1":58},{"node2":57,"distance":0.4941627520200688,"node1":59},{"node2":48,"distance":0.4957656550093901,"node1":60},{"node2":1,"distance":0.4964659475118888,"node1":61},{"node2":3,"distance":0.49850127619126544,"node1":62},{"node2":28,"distance":0.49905736921144545,"node1":63}],"conceptsData":[{"conceptId":4,"clusterId":0,"hexCoordinates":{"x":-5.196152422706632,"y":0},"labels":[{"weight":189,"label":"dignity"},{"weight":60,"label":"safety"},{"weight":56,"label":"human"},{"weight":35,"label":"hfe"},{"weight":29,"label":"evacuation"},{"weight":27,"label":"concept"},{"weight":23,"label":"ergonomics"},{"weight":23,"label":"approach"},{"weight":22,"label":"factor"},{"weight":21,"label":"coordination"},{"weight":19,"label":"exit"},{"weight":18,"label":"eod"},{"weight":17,"label":"tip"},{"weight":16,"label":"handover"},{"weight":15,"label":"dignified"},{"weight":15,"label":"curriculum"},{"weight":15,"label":"improvement"},{"weight":14,"label":"experimental"},{"weight":14,"label":"system"},{"weight":13,"label":"meaning"},{"weight":13,"label":"experiential"},{"weight":13,"label":"conceptualise"},{"weight":13,"label":"local"},{"weight":13,"label":"potential"},{"weight":12,"label":"ocr"}],"subTopicId":84},{"conceptId":29,"clusterId":0,"hexCoordinates":{"x":-4.330127018922193,"y":1.5},"labels":[{"weight":1474,"label":"professional"},{"weight":1098,"label":"practice"},{"weight":766,"label":"work"},{"weight":466,"label":"training"},{"weight":412,"label":"healthcare"},{"weight":387,"label":"support"},{"weight":376,"label":"education"},{"weight":365,"label":"development"},{"weight":339,"label":"practitioner"},{"weight":327,"label":"role"},{"weight":314,"label":"skill"},{"weight":278,"label":"care"},{"weight":266,"label":"knowledge"},{"weight":260,"label":"management"},{"weight":244,"label":"nurse"},{"weight":219,"label":"health"},{"weight":215,"label":"staff"},{"weight":212,"label":"competency"},{"weight":199,"label":"identify"},{"weight":192,"label":"team"},{"weight":171,"label":"provide"},{"weight":164,"label":"intervention"},{"weight":157,"label":"require"},{"weight":157,"label":"setting"},{"weight":153,"label":"profession"}],"subTopicId":868},{"conceptId":-1,"clusterId":-1,"hexCoordinates":{"x":7.794228634059947,"y":4.5},"labels":[{"weight":2500,"label":"Unclassified"},{"weight":0,"label":""},{"weight":0,"label":""},{"weight":0,"label":""},{"weight":0,"label":""},{"weight":0,"label":""},{"weight":0,"label":""},{"weight":0,"label":""},{"weight":0,"label":""},{"weight":0,"label":""},{"weight":0,"label":""}],"subTopicId":null},{"conceptId":2,"clusterId":0,"hexCoordinates":{"x":3.4641016151377544,"y":0},"labels":[{"weight":344,"label":"patient"},{"weight":320,"label":"service"},{"weight":295,"label":"pharmacy"},{"weight":282,"label":"health"},{"weight":274,"label":"pharmacist"},{"weight":271,"label":"community"},{"weight":269,"label":"management"},{"weight":245,"label":"advice"},{"weight":191,"label":"care"},{"weight":165,"label":"support"},{"weight":142,"label":"consultation"},{"weight":130,"label":"professional"},{"weight":122,"label":"contact"},{"weight":120,"label":"study"},{"weight":119,"label":"provide"},{"weight":105,"label":"telephone"},{"weight":93,"label":"explore"},{"weight":88,"label":"face"},{"weight":83,"label":"conclusion"},{"weight":81,"label":"practice"},{"weight":71,"label":"background"},{"weight":69,"label":"information"},{"weight":67,"label":"interview"},{"weight":67,"label":"manage"},{"weight":65,"label":"scotland"}],"subTopicId":55},{"conceptId":27,"clusterId":0,"hexCoordinates":{"x":-3.4641016151377544,"y":-3},"labels":[{"weight":2289,"label":"service"},{"weight":1527,"label":"support"},{"weight":1093,"label":"social"},{"weight":945,"label":"people"},{"weight":892,"label":"care"},{"weight":781,"label":"health"},{"weight":511,"label":"access"},{"weight":343,"label":"user"},{"weight":305,"label":"provision"},{"weight":297,"label":"experience"},{"weight":294,"label":"group"},{"weight":204,"label":"include"},{"weight":201,"label":"community"},{"weight":197,"label":"provide"},{"weight":195,"label":"provider"},{"weight":183,"label":"barrier"},{"weight":179,"label":"explore"},{"weight":174,"label":"live"},{"weight":169,"label":"identify"},{"weight":164,"label":"professional"},{"weight":162,"label":"person"},{"weight":158,"label":"management"},{"weight":157,"label":"finding"},{"weight":151,"label":"population"},{"weight":150,"label":"improve"}],"subTopicId":832},{"conceptId":20,"clusterId":0,"hexCoordinates":{"x":0,"y":0},"labels":[{"weight":2630,"label":"care"},{"weight":2595,"label":"patient"},{"weight":858,"label":"practice"},{"weight":713,"label":"primary"},{"weight":492,"label":"healthcare"},{"weight":489,"label":"nurse"},{"weight":463,"label":"management"},{"weight":435,"label":"health"},{"weight":331,"label":"professional"},{"weight":279,"label":"clinical"},{"weight":261,"label":"consultation"},{"weight":243,"label":"quality"},{"weight":236,"label":"clinician"},{"weight":208,"label":"centre"},{"weight":182,"label":"person"},{"weight":174,"label":"service"},{"weight":170,"label":"general"},{"weight":160,"label":"review"},{"weight":145,"label":"improve"},{"weight":142,"label":"background"},{"weight":139,"label":"conclusion"},{"weight":132,"label":"condition"},{"weight":128,"label":"experience"},{"weight":126,"label":"staff"},{"weight":120,"label":"practitioner"}],"subTopicId":561},{"conceptId":28,"clusterId":0,"hexCoordinates":{"x":3.4641016151377544,"y":3},"labels":[{"weight":130,"label":"physiotherapy"},{"weight":78,"label":"access"},{"weight":57,"label":"physiotherapist"},{"weight":56,"label":"dmt"},{"weight":51,"label":"register"},{"weight":50,"label":"ppi"},{"weight":30,"label":"progressive"},{"weight":28,"label":"service"},{"weight":27,"label":"foxn"},{"weight":27,"label":"report"},{"weight":25,"label":"thymic"},{"weight":25,"label":"poe"},{"weight":25,"label":"receive"},{"weight":23,"label":"tec"},{"weight":20,"label":"thymus"},{"weight":20,"label":"people"},{"weight":20,"label":"level"},{"weight":18,"label":"specialist"},{"weight":18,"label":"manufacturing"},{"weight":15,"label":"survey"},{"weight":15,"label":"review"},{"weight":15,"label":"member"},{"weight":14,"label":"mtec"},{"weight":14,"label":"kingdom"},{"weight":14,"label":"high"}],"subTopicId":834},{"conceptId":19,"clusterId":0,"hexCoordinates":{"x":-4.330127018922193,"y":-4.5},"labels":[{"weight":1805,"label":"home"},{"weight":1218,"label":"care"},{"weight":347,"label":"resident"},{"weight":314,"label":"older"},{"weight":295,"label":"people"},{"weight":154,"label":"fall"},{"weight":153,"label":"staff"},{"weight":134,"label":"dementia"},{"weight":128,"label":"live"},{"weight":122,"label":"residential"},{"weight":108,"label":"quality"},{"weight":105,"label":"base"},{"weight":104,"label":"setting"},{"weight":79,"label":"community"},{"weight":70,"label":"podiatry"},{"weight":64,"label":"environment"},{"weight":60,"label":"adult"},{"weight":58,"label":"life"},{"weight":55,"label":"institutional"},{"weight":50,"label":"long"},{"weight":49,"label":"person"},{"weight":46,"label":"visit"},{"weight":45,"label":"term"},{"weight":44,"label":"reduce"},{"weight":39,"label":"receive"}],"subTopicId":551},{"conceptId":15,"clusterId":0,"hexCoordinates":{"x":-2.598076211353316,"y":-4.5},"labels":[{"weight":753,"label":"practice"},{"weight":548,"label":"theory"},{"weight":539,"label":"study"},{"weight":524,"label":"research"},{"weight":432,"label":"framework"},{"weight":421,"label":"process"},{"weight":373,"label":"thesis"},{"weight":323,"label":"approach"},{"weight":275,"label":"develop"},{"weight":265,"label":"analysis"},{"weight":255,"label":"data"},{"weight":213,"label":"understanding"},{"weight":205,"label":"theoretical"},{"weight":196,"label":"development"},{"weight":183,"label":"experience"},{"weight":178,"label":"knowledge"},{"weight":175,"label":"methodology"},{"weight":173,"label":"qualitative"},{"weight":168,"label":"finding"},{"weight":167,"label":"interview"},{"weight":164,"label":"ground"},{"weight":163,"label":"work"},{"weight":159,"label":"method"},{"weight":158,"label":"explore"},{"weight":146,"label":"analyse"}],"subTopicId":408},{"conceptId":13,"clusterId":0,"hexCoordinates":{"x":-1.7320508075688772,"y":3},"labels":[{"weight":309,"label":"practice"},{"weight":214,"label":"prescribe"},{"weight":148,"label":"intervention"},{"weight":145,"label":"high"},{"weight":134,"label":"risk"},{"weight":127,"label":"nsaid"},{"weight":106,"label":"bingo"},{"weight":87,"label":"patient"},{"weight":79,"label":"care"},{"weight":79,"label":"primary"},{"weight":78,"label":"review"},{"weight":57,"label":"drug"},{"weight":50,"label":"measure"},{"weight":49,"label":"trial"},{"weight":49,"label":"general"},{"weight":46,"label":"implementation"},{"weight":43,"label":"data"},{"weight":41,"label":"dqip"},{"weight":41,"label":"target"},{"weight":40,"label":"anti"},{"weight":40,"label":"prescribing"},{"weight":35,"label":"effectiveness"},{"weight":33,"label":"admission"},{"weight":32,"label":"steroidal"},{"weight":31,"label":"component"}],"subTopicId":402},{"conceptId":14,"clusterId":0,"hexCoordinates":{"x":-1.7320508075688772,"y":-3},"labels":[{"weight":450,"label":"interview"},{"weight":367,"label":"study"},{"weight":346,"label":"analysis"},{"weight":338,"label":"data"},{"weight":314,"label":"participant"},{"weight":299,"label":"qualitative"},{"weight":271,"label":"group"},{"weight":253,"label":"process"},{"weight":245,"label":"relationship"},{"weight":237,"label":"method"},{"weight":229,"label":"result"},{"weight":219,"label":"theme"},{"weight":218,"label":"identify"},{"weight":207,"label":"approach"},{"weight":200,"label":"role"},{"weight":193,"label":"structure"},{"weight":193,"label":"explore"},{"weight":182,"label":"focus"},{"weight":180,"label":"support"},{"weight":177,"label":"finding"},{"weight":174,"label":"individual"},{"weight":170,"label":"analyse"},{"weight":168,"label":"experience"},{"weight":166,"label":"practice"},{"weight":163,"label":"thematic"}],"subTopicId":406},{"conceptId":7,"clusterId":0,"hexCoordinates":{"x":-3.4641016151377544,"y":0},"labels":[{"weight":664,"label":"care"},{"weight":617,"label":"nurse"},{"weight":272,"label":"nursing"},{"weight":248,"label":"health"},{"weight":247,"label":"midwife"},{"weight":237,"label":"professional"},{"weight":155,"label":"practice"},{"weight":136,"label":"staff"},{"weight":108,"label":"midwifery"},{"weight":97,"label":"role"},{"weight":94,"label":"maternity"},{"weight":86,"label":"compassionate"},{"weight":86,"label":"profession"},{"weight":86,"label":"clinical"},{"weight":77,"label":"work"},{"weight":73,"label":"patient"},{"weight":73,"label":"labour"},{"weight":72,"label":"design"},{"weight":70,"label":"healthcare"},{"weight":69,"label":"hospital"},{"weight":68,"label":"compassion"},{"weight":64,"label":"workforce"},{"weight":57,"label":"setting"},{"weight":51,"label":"background"},{"weight":51,"label":"provision"}],"subTopicId":182},{"conceptId":32,"clusterId":0,"hexCoordinates":{"x":0.8660254037844386,"y":1.5},"labels":[{"weight":2241,"label":"information"},{"weight":880,"label":"knowledge"},{"weight":737,"label":"attitude"},{"weight":591,"label":"awareness"},{"weight":437,"label":"perception"},{"weight":420,"label":"seek"},{"weight":321,"label":"public"},{"weight":309,"label":"survey"},{"weight":298,"label":"group"},{"weight":255,"label":"focus"},{"weight":252,"label":"result"},{"weight":247,"label":"provide"},{"weight":243,"label":"perceive"},{"weight":235,"label":"finding"},{"weight":232,"label":"study"},{"weight":230,"label":"behaviour"},{"weight":227,"label":"experience"},{"weight":221,"label":"people"},{"weight":218,"label":"communication"},{"weight":215,"label":"respondent"},{"weight":214,"label":"belief"},{"weight":213,"label":"participant"},{"weight":206,"label":"source"},{"weight":193,"label":"influence"},{"weight":193,"label":"lack"}],"subTopicId":993},{"conceptId":1,"clusterId":0,"hexCoordinates":{"x":1.7320508075688772,"y":3},"labels":[{"weight":1334,"label":"health"},{"weight":514,"label":"care"},{"weight":260,"label":"service"},{"weight":210,"label":"facility"},{"weight":195,"label":"public"},{"weight":182,"label":"healthcare"},{"weight":172,"label":"medical"},{"weight":167,"label":"system"},{"weight":154,"label":"quality"},{"weight":138,"label":"primary"},{"weight":118,"label":"access"},{"weight":102,"label":"base"},{"weight":100,"label":"provider"},{"weight":92,"label":"improve"},{"weight":83,"label":"practitioner"},{"weight":76,"label":"resource"},{"weight":75,"label":"setting"},{"weight":73,"label":"performance"},{"weight":71,"label":"worker"},{"weight":68,"label":"country"},{"weight":63,"label":"low"},{"weight":61,"label":"treatment"},{"weight":58,"label":"practice"},{"weight":58,"label":"area"},{"weight":58,"label":"study"}],"subTopicId":9},{"conceptId":18,"clusterId":0,"hexCoordinates":{"x":-3.4641016151377544,"y":3},"labels":[{"weight":1208,"label":"patient"},{"weight":360,"label":"care"},{"weight":252,"label":"experience"},{"weight":200,"label":"quality"},{"weight":142,"label":"clinical"},{"weight":130,"label":"satisfaction"},{"weight":125,"label":"assessment"},{"weight":124,"label":"healthcare"},{"weight":115,"label":"health"},{"weight":109,"label":"improvement"},{"weight":96,"label":"tool"},{"weight":84,"label":"outcome"},{"weight":80,"label":"feedback"},{"weight":69,"label":"method"},{"weight":67,"label":"assess"},{"weight":67,"label":"primary"},{"weight":67,"label":"measure"},{"weight":66,"label":"utility"},{"weight":65,"label":"result"},{"weight":64,"label":"conclusion"},{"weight":60,"label":"clinician"},{"weight":58,"label":"impact"},{"weight":56,"label":"score"},{"weight":52,"label":"background"},{"weight":52,"label":"report"}],"subTopicId":495},{"conceptId":5,"clusterId":0,"hexCoordinates":{"x":1.7320508075688772,"y":-3},"labels":[{"weight":577,"label":"stroke"},{"weight":385,"label":"survivor"},{"weight":372,"label":"rehabilitation"},{"weight":264,"label":"patient"},{"weight":171,"label":"intervention"},{"weight":154,"label":"goal"},{"weight":132,"label":"setting"},{"weight":112,"label":"prom"},{"weight":86,"label":"develop"},{"weight":73,"label":"measure"},{"weight":72,"label":"report"},{"weight":71,"label":"quality"},{"weight":67,"label":"post"},{"weight":60,"label":"practice"},{"weight":59,"label":"conclusion"},{"weight":57,"label":"service"},{"weight":55,"label":"recovery"},{"weight":55,"label":"health"},{"weight":55,"label":"experience"},{"weight":51,"label":"evaluate"},{"weight":49,"label":"support"},{"weight":49,"label":"provide"},{"weight":46,"label":"consequence"},{"weight":45,"label":"nurse"},{"weight":42,"label":"instrument"}],"subTopicId":90},{"conceptId":22,"clusterId":0,"hexCoordinates":{"x":-1.7320508075688772,"y":-6},"labels":[{"weight":613,"label":"occupational"},{"weight":256,"label":"occupation"},{"weight":246,"label":"therapy"},{"weight":241,"label":"people"},{"weight":224,"label":"therapist"},{"weight":208,"label":"support"},{"weight":196,"label":"health"},{"weight":178,"label":"literature"},{"weight":142,"label":"life"},{"weight":140,"label":"aim"},{"weight":129,"label":"research"},{"weight":126,"label":"individual"},{"weight":121,"label":"work"},{"weight":114,"label":"professional"},{"weight":108,"label":"explore"},{"weight":104,"label":"review"},{"weight":93,"label":"proposal"},{"weight":91,"label":"practice"},{"weight":81,"label":"person"},{"weight":79,"label":"group"},{"weight":74,"label":"intervention"},{"weight":74,"label":"provide"},{"weight":73,"label":"propose"},{"weight":68,"label":"focus"},{"weight":67,"label":"condition"}],"subTopicId":701},{"conceptId":31,"clusterId":0,"hexCoordinates":{"x":-0.8660254037844386,"y":4.5},"labels":[{"weight":615,"label":"therapy"},{"weight":312,"label":"client"},{"weight":251,"label":"cbt"},{"weight":220,"label":"treatment"},{"weight":208,"label":"therapist"},{"weight":152,"label":"psychological"},{"weight":136,"label":"behavioural"},{"weight":131,"label":"compassion"},{"weight":129,"label":"therapeutic"},{"weight":126,"label":"depression"},{"weight":125,"label":"cognitive"},{"weight":101,"label":"counselling"},{"weight":86,"label":"intervention"},{"weight":85,"label":"session"},{"weight":79,"label":"group"},{"weight":77,"label":"anxiety"},{"weight":70,"label":"focus"},{"weight":70,"label":"present"},{"weight":70,"label":"process"},{"weight":69,"label":"psychotherapy"},{"weight":69,"label":"person"},{"weight":62,"label":"tau"},{"weight":61,"label":"individual"},{"weight":58,"label":"model"},{"weight":54,"label":"art"}],"subTopicId":952},{"conceptId":30,"clusterId":0,"hexCoordinates":{"x":2.598076211353316,"y":-1.5},"labels":[{"weight":1634,"label":"survey"},{"weight":909,"label":"questionnaire"},{"weight":864,"label":"response"},{"weight":693,"label":"respondent"},{"weight":612,"label":"report"},{"weight":548,"label":"question"},{"weight":405,"label":"result"},{"weight":342,"label":"complete"},{"weight":285,"label":"study"},{"weight":285,"label":"rate"},{"weight":245,"label":"online"},{"weight":217,"label":"method"},{"weight":204,"label":"current"},{"weight":203,"label":"data"},{"weight":188,"label":"attitude"},{"weight":184,"label":"participant"},{"weight":180,"label":"sample"},{"weight":162,"label":"respond"},{"weight":153,"label":"compare"},{"weight":150,"label":"send"},{"weight":149,"label":"level"},{"weight":148,"label":"answer"},{"weight":148,"label":"aim"},{"weight":145,"label":"conduct"},{"weight":141,"label":"satisfaction"}],"subTopicId":899},{"conceptId":24,"clusterId":0,"hexCoordinates":{"x":0.8660254037844386,"y":-4.5},"labels":[{"weight":615,"label":"research"},{"weight":463,"label":"priority"},{"weight":431,"label":"expert"},{"weight":428,"label":"consensus"},{"weight":385,"label":"stakeholder"},{"weight":291,"label":"group"},{"weight":257,"label":"identify"},{"weight":222,"label":"set"},{"weight":218,"label":"method"},{"weight":200,"label":"list"},{"weight":187,"label":"result"},{"weight":184,"label":"process"},{"weight":161,"label":"develop"},{"weight":154,"label":"involve"},{"weight":144,"label":"agree"},{"weight":142,"label":"round"},{"weight":141,"label":"delphi"},{"weight":138,"label":"top"},{"weight":136,"label":"rank"},{"weight":134,"label":"meeting"},{"weight":134,"label":"question"},{"weight":129,"label":"stage"},{"weight":127,"label":"criterion"},{"weight":115,"label":"statement"},{"weight":115,"label":"management"}],"subTopicId":796},{"conceptId":21,"clusterId":0,"hexCoordinates":{"x":-0.8660254037844386,"y":-4.5},"labels":[{"weight":1138,"label":"care"},{"weight":1062,"label":"dementia"},{"weight":442,"label":"nurse"},{"weight":433,"label":"people"},{"weight":280,"label":"patient"},{"weight":270,"label":"carer"},{"weight":269,"label":"person"},{"weight":167,"label":"support"},{"weight":166,"label":"palliative"},{"weight":163,"label":"life"},{"weight":157,"label":"live"},{"weight":127,"label":"centre"},{"weight":125,"label":"staff"},{"weight":125,"label":"practice"},{"weight":108,"label":"ward"},{"weight":97,"label":"focus"},{"weight":97,"label":"setting"},{"weight":91,"label":"quality"},{"weight":80,"label":"experience"},{"weight":79,"label":"data"},{"weight":74,"label":"psychosocial"},{"weight":74,"label":"home"},{"weight":69,"label":"goal"},{"weight":65,"label":"health"},{"weight":65,"label":"aim"}],"subTopicId":697},{"conceptId":25,"clusterId":0,"hexCoordinates":{"x":-2.598076211353316,"y":-1.5},"labels":[{"weight":1578,"label":"programme"},{"weight":839,"label":"evaluation"},{"weight":536,"label":"intervention"},{"weight":444,"label":"implementation"},{"weight":258,"label":"process"},{"weight":250,"label":"design"},{"weight":243,"label":"effectiveness"},{"weight":238,"label":"delivery"},{"weight":217,"label":"data"},{"weight":211,"label":"context"},{"weight":206,"label":"outcome"},{"weight":190,"label":"method"},{"weight":182,"label":"impact"},{"weight":175,"label":"evaluate"},{"weight":173,"label":"include"},{"weight":167,"label":"implement"},{"weight":159,"label":"deliver"},{"weight":156,"label":"study"},{"weight":145,"label":"qualitative"},{"weight":139,"label":"base"},{"weight":132,"label":"evidence"},{"weight":128,"label":"development"},{"weight":116,"label":"effective"},{"weight":114,"label":"stage"},{"weight":113,"label":"develop"}],"subTopicId":801},{"conceptId":26,"clusterId":0,"hexCoordinates":{"x":-5.196152422706632,"y":-3},"labels":[{"weight":1153,"label":"disability"},{"weight":574,"label":"intellectual"},{"weight":573,"label":"care"},{"weight":429,"label":"carer"},{"weight":421,"label":"caregiver"},{"weight":363,"label":"palliative"},{"weight":328,"label":"people"},{"weight":232,"label":"life"},{"weight":221,"label":"death"},{"weight":219,"label":"support"},{"weight":161,"label":"die"},{"weight":161,"label":"family"},{"weight":152,"label":"adult"},{"weight":142,"label":"end"},{"weight":116,"label":"service"},{"weight":114,"label":"experience"},{"weight":102,"label":"disabled"},{"weight":83,"label":"advanced"},{"weight":78,"label":"conclusion"},{"weight":75,"label":"bereavement"},{"weight":70,"label":"method"},{"weight":67,"label":"person"},{"weight":65,"label":"background"},{"weight":61,"label":"hospice"},{"weight":56,"label":"result"}],"subTopicId":815},{"conceptId":3,"clusterId":0,"hexCoordinates":{"x":4.330127018922193,"y":-1.5},"labels":[{"weight":243,"label":"patient"},{"weight":210,"label":"consultation"},{"weight":191,"label":"empathy"},{"weight":190,"label":"multimorbidity"},{"weight":97,"label":"area"},{"weight":88,"label":"anaphylaxis"},{"weight":64,"label":"emotional"},{"weight":63,"label":"deprivation"},{"weight":59,"label":"high"},{"weight":57,"label":"deprive"},{"weight":49,"label":"care"},{"weight":49,"label":"code"},{"weight":45,"label":"response"},{"weight":44,"label":"practice"},{"weight":42,"label":"cue"},{"weight":37,"label":"start"},{"weight":37,"label":"general"},{"weight":36,"label":"measure"},{"weight":32,"label":"concern"},{"weight":30,"label":"relational"},{"weight":28,"label":"video"},{"weight":28,"label":"client"},{"weight":27,"label":"low"},{"weight":27,"label":"conclusion"},{"weight":25,"label":"empathic"}],"subTopicId":58},{"conceptId":8,"clusterId":0,"hexCoordinates":{"x":0,"y":3},"labels":[{"weight":545,"label":"barrier"},{"weight":303,"label":"identify"},{"weight":212,"label":"behaviour"},{"weight":201,"label":"domain"},{"weight":188,"label":"intervention"},{"weight":167,"label":"study"},{"weight":163,"label":"framework"},{"weight":159,"label":"practice"},{"weight":157,"label":"patient"},{"weight":152,"label":"professional"},{"weight":149,"label":"determinant"},{"weight":141,"label":"facilitator"},{"weight":134,"label":"change"},{"weight":128,"label":"influence"},{"weight":128,"label":"theoretical"},{"weight":125,"label":"perceive"},{"weight":123,"label":"belief"},{"weight":122,"label":"base"},{"weight":116,"label":"care"},{"weight":116,"label":"lack"},{"weight":116,"label":"health"},{"weight":113,"label":"behavioural"},{"weight":110,"label":"adherence"},{"weight":108,"label":"tdf"},{"weight":101,"label":"method"}],"subTopicId":239},{"conceptId":9,"clusterId":0,"hexCoordinates":{"x":0.8660254037844386,"y":-1.5},"labels":[{"weight":366,"label":"pharmacy"},{"weight":261,"label":"pharmacist"},{"weight":189,"label":"community"},{"weight":168,"label":"service"},{"weight":140,"label":"impairment"},{"weight":125,"label":"people"},{"weight":118,"label":"care"},{"weight":103,"label":"medicine"},{"weight":91,"label":"patient"},{"weight":86,"label":"pharmaceutical"},{"weight":85,"label":"sensory"},{"weight":73,"label":"stoma"},{"weight":73,"label":"awareness"},{"weight":72,"label":"hearing"},{"weight":71,"label":"access"},{"weight":54,"label":"scotland"},{"weight":52,"label":"healthcare"},{"weight":48,"label":"survey"},{"weight":46,"label":"older"},{"weight":46,"label":"health"},{"weight":45,"label":"provide"},{"weight":44,"label":"personnel"},{"weight":38,"label":"result"},{"weight":36,"label":"qatar"},{"weight":36,"label":"positive"}],"subTopicId":253},{"conceptId":17,"clusterId":0,"hexCoordinates":{"x":-1.7320508075688772,"y":0},"labels":[{"weight":2216,"label":"health"},{"weight":954,"label":"care"},{"weight":467,"label":"system"},{"weight":208,"label":"patient"},{"weight":207,"label":"service"},{"weight":175,"label":"literacy"},{"weight":169,"label":"healthcare"},{"weight":167,"label":"primary"},{"weight":156,"label":"ehealth"},{"weight":142,"label":"ehr"},{"weight":141,"label":"record"},{"weight":119,"label":"develop"},{"weight":117,"label":"electronic"},{"weight":114,"label":"medical"},{"weight":113,"label":"research"},{"weight":107,"label":"resource"},{"weight":103,"label":"hospital"},{"weight":100,"label":"public"},{"weight":95,"label":"process"},{"weight":93,"label":"policy"},{"weight":89,"label":"information"},{"weight":89,"label":"data"},{"weight":84,"label":"population"},{"weight":77,"label":"professional"},{"weight":68,"label":"world"}],"subTopicId":450},{"conceptId":11,"clusterId":0,"hexCoordinates":{"x":0,"y":-3},"labels":[{"weight":746,"label":"participant"},{"weight":581,"label":"study"},{"weight":513,"label":"interview"},{"weight":399,"label":"method"},{"weight":369,"label":"group"},{"weight":345,"label":"data"},{"weight":344,"label":"qualitative"},{"weight":324,"label":"experience"},{"weight":294,"label":"focus"},{"weight":289,"label":"approach"},{"weight":249,"label":"analysis"},{"weight":234,"label":"session"},{"weight":230,"label":"support"},{"weight":211,"label":"intervention"},{"weight":209,"label":"explore"},{"weight":195,"label":"result"},{"weight":175,"label":"finding"},{"weight":160,"label":"conduct"},{"weight":156,"label":"community"},{"weight":155,"label":"design"},{"weight":153,"label":"engagement"},{"weight":148,"label":"benefit"},{"weight":147,"label":"conclusion"},{"weight":145,"label":"phase"},{"weight":140,"label":"discussion"}],"subTopicId":325},{"conceptId":16,"clusterId":0,"hexCoordinates":{"x":2.598076211353316,"y":1.5},"labels":[{"weight":809,"label":"medication"},{"weight":535,"label":"prescribe"},{"weight":421,"label":"patient"},{"weight":393,"label":"safety"},{"weight":241,"label":"error"},{"weight":220,"label":"report"},{"weight":206,"label":"adherence"},{"weight":192,"label":"pharmacist"},{"weight":159,"label":"incident"},{"weight":156,"label":"medicine"},{"weight":155,"label":"hospital"},{"weight":119,"label":"adverse"},{"weight":119,"label":"drug"},{"weight":113,"label":"medical"},{"weight":113,"label":"healthcare"},{"weight":109,"label":"related"},{"weight":95,"label":"prescriber"},{"weight":92,"label":"prescription"},{"weight":91,"label":"review"},{"weight":82,"label":"adr"},{"weight":82,"label":"care"},{"weight":76,"label":"system"},{"weight":73,"label":"harm"},{"weight":71,"label":"prescribing"},{"weight":71,"label":"improve"}],"subTopicId":449},{"conceptId":12,"clusterId":0,"hexCoordinates":{"x":-0.8660254037844386,"y":1.5},"labels":[{"weight":854,"label":"implementation"},{"weight":382,"label":"health"},{"weight":217,"label":"process"},{"weight":213,"label":"service"},{"weight":201,"label":"barrier"},{"weight":184,"label":"intervention"},{"weight":159,"label":"implement"},{"weight":157,"label":"staff"},{"weight":147,"label":"care"},{"weight":144,"label":"data"},{"weight":143,"label":"stakeholder"},{"weight":130,"label":"facilitator"},{"weight":130,"label":"study"},{"weight":128,"label":"digital"},{"weight":121,"label":"scale"},{"weight":119,"label":"qualitative"},{"weight":118,"label":"theory"},{"weight":113,"label":"engagement"},{"weight":112,"label":"setting"},{"weight":109,"label":"evaluation"},{"weight":102,"label":"approach"},{"weight":97,"label":"method"},{"weight":95,"label":"support"},{"weight":93,"label":"design"},{"weight":89,"label":"deliver"}],"subTopicId":392},{"conceptId":10,"clusterId":0,"hexCoordinates":{"x":-4.330127018922193,"y":-1.5},"labels":[{"weight":4951,"label":"health"},{"weight":1305,"label":"mental"},{"weight":366,"label":"public"},{"weight":324,"label":"population"},{"weight":248,"label":"people"},{"weight":225,"label":"service"},{"weight":222,"label":"outcome"},{"weight":202,"label":"wellbeing"},{"weight":181,"label":"impact"},{"weight":180,"label":"general"},{"weight":155,"label":"intervention"},{"weight":146,"label":"problem"},{"weight":146,"label":"evidence"},{"weight":137,"label":"poor"},{"weight":126,"label":"promotion"},{"weight":125,"label":"illness"},{"weight":122,"label":"individual"},{"weight":121,"label":"group"},{"weight":121,"label":"social"},{"weight":115,"label":"ill"},{"weight":112,"label":"inequality"},{"weight":103,"label":"improve"},{"weight":102,"label":"physical"},{"weight":91,"label":"link"},{"weight":89,"label":"homeless"}],"subTopicId":254},{"conceptId":23,"clusterId":0,"hexCoordinates":{"x":1.7320508075688772,"y":0},"labels":[{"weight":1911,"label":"interview"},{"weight":1485,"label":"participant"},{"weight":1039,"label":"study"},{"weight":738,"label":"conduct"},{"weight":736,"label":"result"},{"weight":697,"label":"data"},{"weight":688,"label":"explore"},{"weight":684,"label":"experience"},{"weight":683,"label":"qualitative"},{"weight":639,"label":"theme"},{"weight":592,"label":"view"},{"weight":581,"label":"analysis"},{"weight":560,"label":"method"},{"weight":539,"label":"barrier"},{"weight":538,"label":"identify"},{"weight":494,"label":"analyse"},{"weight":428,"label":"perception"},{"weight":411,"label":"research"},{"weight":410,"label":"perceive"},{"weight":403,"label":"concern"},{"weight":388,"label":"conclusion"},{"weight":379,"label":"group"},{"weight":378,"label":"focus"},{"weight":353,"label":"semi"},{"weight":346,"label":"structured"}],"subTopicId":762},{"conceptId":0,"clusterId":0,"hexCoordinates":{"x":-0.8660254037844386,"y":-1.5},"labels":[{"weight":790,"label":"patient"},{"weight":612,"label":"clinical"},{"weight":533,"label":"care"},{"weight":518,"label":"service"},{"weight":400,"label":"hospital"},{"weight":344,"label":"clinic"},{"weight":340,"label":"specialist"},{"weight":330,"label":"emergency"},{"weight":291,"label":"clinician"},{"weight":269,"label":"practice"},{"weight":260,"label":"assessment"},{"weight":252,"label":"management"},{"weight":211,"label":"staff"},{"weight":210,"label":"team"},{"weight":204,"label":"referral"},{"weight":203,"label":"guideline"},{"weight":201,"label":"quality"},{"weight":198,"label":"medical"},{"weight":192,"label":"pathway"},{"weight":168,"label":"healthcare"},{"weight":164,"label":"require"},{"weight":161,"label":"department"},{"weight":161,"label":"national"},{"weight":153,"label":"improve"},{"weight":143,"label":"method"}],"subTopicId":5},{"conceptId":6,"clusterId":0,"hexCoordinates":{"x":-2.598076211353316,"y":1.5},"labels":[{"weight":399,"label":"study"},{"weight":315,"label":"interview"},{"weight":290,"label":"development"},{"weight":288,"label":"finding"},{"weight":280,"label":"support"},{"weight":261,"label":"data"},{"weight":240,"label":"factor"},{"weight":221,"label":"qualitative"},{"weight":215,"label":"transition"},{"weight":207,"label":"influence"},{"weight":186,"label":"experience"},{"weight":184,"label":"analysis"},{"weight":182,"label":"perception"},{"weight":181,"label":"research"},{"weight":179,"label":"explore"},{"weight":176,"label":"staff"},{"weight":174,"label":"supervision"},{"weight":172,"label":"manager"},{"weight":172,"label":"identify"},{"weight":165,"label":"aim"},{"weight":157,"label":"structure"},{"weight":155,"label":"method"},{"weight":154,"label":"role"},{"weight":140,"label":"perceive"},{"weight":137,"label":"phase"}],"subTopicId":170}]}