{"linkageTable":[{"node2":8,"distance":0.43191210189528,"node1":7},{"node2":15,"distance":0.460295663384645,"node1":14},{"node2":17,"distance":0.4658841693750375,"node1":11},{"node2":9,"distance":0.467223450922555,"node1":16},{"node2":5,"distance":0.482160138094225,"node1":3},{"node2":10,"distance":0.482290112193255,"node1":6},{"node2":18,"distance":0.4883220736656416,"node1":19},{"node2":12,"distance":0.4895688670405958,"node1":22},{"node2":23,"distance":0.49071781472545783,"node1":20},{"node2":21,"distance":0.49522525751401003,"node1":2},{"node2":24,"distance":0.49629811740610613,"node1":1},{"node2":13,"distance":0.4966716864608765,"node1":26},{"node2":27,"distance":0.49736118888815817,"node1":0},{"node2":25,"distance":0.4979617019116635,"node1":28},{"node2":4,"distance":0.49995468013958533,"node1":29}],"conceptsData":[{"conceptId":8,"clusterId":0,"hexCoordinates":{"x":3.4641016151377544,"y":-3},"labels":[{"weight":543,"label":"estimate"},{"weight":452,"label":"population"},{"weight":331,"label":"density"},{"weight":268,"label":"survey"},{"weight":252,"label":"whale"},{"weight":226,"label":"abundance"},{"weight":166,"label":"dolphin"},{"weight":159,"label":"recapture"},{"weight":148,"label":"species"},{"weight":143,"label":"data"},{"weight":138,"label":"individual"},{"weight":125,"label":"detection"},{"weight":123,"label":"sampling"},{"weight":120,"label":"capture"},{"weight":118,"label":"animal"},{"weight":104,"label":"transect"},{"weight":98,"label":"distance"},{"weight":98,"label":"study"},{"weight":93,"label":"size"},{"weight":89,"label":"mark"},{"weight":87,"label":"trap"},{"weight":84,"label":"count"},{"weight":83,"label":"method"},{"weight":83,"label":"model"},{"weight":79,"label":"camera"}],"subTopicId":536},{"conceptId":0,"clusterId":0,"hexCoordinates":{"x":2.598076211353316,"y":-4.5},"labels":[{"weight":175,"label":"brazil"},{"weight":101,"label":"brazilian"},{"weight":89,"label":"person"},{"weight":72,"label":"stereotype"},{"weight":43,"label":"pine"},{"weight":37,"label":"marten"},{"weight":35,"label":"rio"},{"weight":28,"label":"forest"},{"weight":28,"label":"number"},{"weight":27,"label":"hair"},{"weight":27,"label":"sus"},{"weight":18,"label":"scat"},{"weight":17,"label":"nph"},{"weight":17,"label":"rating"},{"weight":16,"label":"canga"},{"weight":16,"label":"mina"},{"weight":15,"label":"portuguese"},{"weight":15,"label":"sampling"},{"weight":15,"label":"system"},{"weight":14,"label":"disinvestment"},{"weight":14,"label":"pass"},{"weight":14,"label":"feature"},{"weight":13,"label":"favela"},{"weight":13,"label":"rupestre"},{"weight":13,"label":"marte"}],"subTopicId":36},{"conceptId":4,"clusterId":0,"hexCoordinates":{"x":-1.7320508075688772,"y":0},"labels":[{"weight":435,"label":"filter"},{"weight":52,"label":"filtration"},{"weight":50,"label":"residual"},{"weight":35,"label":"queen"},{"weight":32,"label":"bee"},{"weight":30,"label":"wild"},{"weight":27,"label":"csd"},{"weight":24,"label":"input"},{"weight":23,"label":"pesticide"},{"weight":22,"label":"effect"},{"weight":22,"label":"population"},{"weight":19,"label":"aac"},{"weight":18,"label":"amblyopia"},{"weight":17,"label":"constriction"},{"weight":17,"label":"commercial"},{"weight":16,"label":"habitat"},{"weight":16,"label":"availability"},{"weight":14,"label":"rover"},{"weight":14,"label":"farmer"},{"weight":14,"label":"negative"},{"weight":14,"label":"distortion"},{"weight":13,"label":"filtered"},{"weight":13,"label":"pollination"},{"weight":13,"label":"make"},{"weight":12,"label":"trpa"}],"subTopicId":164},{"conceptId":1,"clusterId":0,"hexCoordinates":{"x":2.598076211353316,"y":1.5},"labels":[{"weight":209,"label":"military"},{"weight":145,"label":"hunting"},{"weight":54,"label":"illegal"},{"weight":53,"label":"goose"},{"weight":41,"label":"force"},{"weight":39,"label":"coup"},{"weight":38,"label":"army"},{"weight":35,"label":"hunter"},{"weight":32,"label":"bushmeat"},{"weight":32,"label":"soldier"},{"weight":28,"label":"hunt"},{"weight":28,"label":"evidence"},{"weight":27,"label":"civilian"},{"weight":26,"label":"armed"},{"weight":26,"label":"activity"},{"weight":25,"label":"conservation"},{"weight":24,"label":"lwfg"},{"weight":24,"label":"licence"},{"weight":24,"label":"personnel"},{"weight":24,"label":"focus"},{"weight":23,"label":"expedition"},{"weight":23,"label":"poisoning"},{"weight":23,"label":"harvest"},{"weight":20,"label":"ivory"},{"weight":19,"label":"face"}],"subTopicId":47},{"conceptId":13,"clusterId":0,"hexCoordinates":{"x":5.196152422706632,"y":0},"labels":[{"weight":179,"label":"predator"},{"weight":127,"label":"prey"},{"weight":88,"label":"species"},{"weight":67,"label":"predation"},{"weight":36,"label":"response"},{"weight":34,"label":"emb"},{"weight":33,"label":"sparrowhawk"},{"weight":32,"label":"wolf"},{"weight":24,"label":"population"},{"weight":21,"label":"effect"},{"weight":20,"label":"change"},{"weight":18,"label":"goshawk"},{"weight":18,"label":"caribou"},{"weight":18,"label":"negative"},{"weight":17,"label":"sparrow"},{"weight":17,"label":"tit"},{"weight":17,"label":"house"},{"weight":17,"label":"station"},{"weight":17,"label":"evidence"},{"weight":16,"label":"owl"},{"weight":15,"label":"mesopredator"},{"weight":15,"label":"gown"},{"weight":15,"label":"predatory"},{"weight":15,"label":"recovery"},{"weight":15,"label":"selective"}],"subTopicId":915},{"conceptId":5,"clusterId":0,"hexCoordinates":{"x":4.330127018922193,"y":-1.5},"labels":[{"weight":858,"label":"species"},{"weight":353,"label":"impact"},{"weight":301,"label":"native"},{"weight":279,"label":"invasive"},{"weight":214,"label":"biodiversity"},{"weight":154,"label":"conservation"},{"weight":132,"label":"habitat"},{"weight":129,"label":"marine"},{"weight":124,"label":"alien"},{"weight":120,"label":"invasion"},{"weight":105,"label":"ecological"},{"weight":101,"label":"loss"},{"weight":101,"label":"management"},{"weight":100,"label":"threat"},{"weight":99,"label":"extinction"},{"weight":98,"label":"population"},{"weight":93,"label":"invader"},{"weight":89,"label":"site"},{"weight":81,"label":"terrestrial"},{"weight":80,"label":"potential"},{"weight":74,"label":"functional"},{"weight":73,"label":"diversity"},{"weight":73,"label":"plant"},{"weight":71,"label":"metric"},{"weight":67,"label":"range"}],"subTopicId":355},{"conceptId":14,"clusterId":0,"hexCoordinates":{"x":0,"y":0},"labels":[{"weight":331,"label":"bat"},{"weight":300,"label":"patch"},{"weight":67,"label":"edge"},{"weight":65,"label":"plantation"},{"weight":58,"label":"landscape"},{"weight":58,"label":"activity"},{"weight":49,"label":"swt"},{"weight":43,"label":"scale"},{"weight":37,"label":"camouflage"},{"weight":35,"label":"enhance"},{"weight":34,"label":"moth"},{"weight":31,"label":"roost"},{"weight":30,"label":"local"},{"weight":29,"label":"target"},{"weight":29,"label":"area"},{"weight":28,"label":"large"},{"weight":26,"label":"enhancement"},{"weight":24,"label":"pipistrellus"},{"weight":24,"label":"pygmaeus"},{"weight":24,"label":"disruptive"},{"weight":23,"label":"centric"},{"weight":23,"label":"characteristic"},{"weight":23,"label":"multiple"},{"weight":22,"label":"forage"},{"weight":22,"label":"sonar"}],"subTopicId":939},{"conceptId":15,"clusterId":0,"hexCoordinates":{"x":1.7320508075688772,"y":0},"labels":[{"weight":757,"label":"conservation"},{"weight":650,"label":"forest"},{"weight":565,"label":"habitat"},{"weight":506,"label":"species"},{"weight":498,"label":"area"},{"weight":364,"label":"biodiversity"},{"weight":363,"label":"landscape"},{"weight":271,"label":"management"},{"weight":256,"label":"elephant"},{"weight":256,"label":"site"},{"weight":193,"label":"woodland"},{"weight":163,"label":"natural"},{"weight":157,"label":"human"},{"weight":154,"label":"land"},{"weight":144,"label":"population"},{"weight":143,"label":"wildlife"},{"weight":142,"label":"scale"},{"weight":138,"label":"park"},{"weight":129,"label":"cover"},{"weight":126,"label":"abundance"},{"weight":123,"label":"national"},{"weight":121,"label":"protected"},{"weight":119,"label":"ecosystem"},{"weight":115,"label":"ecological"},{"weight":115,"label":"loss"}],"subTopicId":991},{"conceptId":9,"clusterId":0,"hexCoordinates":{"x":1.7320508075688772,"y":-3},"labels":[{"weight":311,"label":"forage"},{"weight":156,"label":"bird"},{"weight":124,"label":"breed"},{"weight":98,"label":"colony"},{"weight":89,"label":"individual"},{"weight":86,"label":"feather"},{"weight":81,"label":"breeding"},{"weight":75,"label":"behaviour"},{"weight":74,"label":"seabird"},{"weight":66,"label":"prey"},{"weight":58,"label":"stage"},{"weight":52,"label":"area"},{"weight":50,"label":"molt"},{"weight":45,"label":"diet"},{"weight":44,"label":"island"},{"weight":43,"label":"dive"},{"weight":43,"label":"feed"},{"weight":42,"label":"wet"},{"weight":40,"label":"bill"},{"weight":38,"label":"chick"},{"weight":38,"label":"feeding"},{"weight":37,"label":"animal"},{"weight":34,"label":"study"},{"weight":33,"label":"gannet"},{"weight":32,"label":"tern"}],"subTopicId":603},{"conceptId":11,"clusterId":0,"hexCoordinates":{"x":0.8660254037844386,"y":-1.5},"labels":[{"weight":1881,"label":"species"},{"weight":1102,"label":"population"},{"weight":450,"label":"range"},{"weight":365,"label":"distribution"},{"weight":363,"label":"habitat"},{"weight":287,"label":"ecological"},{"weight":225,"label":"predict"},{"weight":194,"label":"environmental"},{"weight":182,"label":"density"},{"weight":181,"label":"niche"},{"weight":174,"label":"dispersal"},{"weight":163,"label":"abundance"},{"weight":161,"label":"ecology"},{"weight":144,"label":"environment"},{"weight":144,"label":"suggest"},{"weight":143,"label":"dynamics"},{"weight":135,"label":"understand"},{"weight":132,"label":"resource"},{"weight":132,"label":"response"},{"weight":131,"label":"native"},{"weight":131,"label":"individual"},{"weight":125,"label":"conservation"},{"weight":123,"label":"spatial"},{"weight":122,"label":"prey"},{"weight":122,"label":"size"}],"subTopicId":686},{"conceptId":3,"clusterId":0,"hexCoordinates":{"x":3.4641016151377544,"y":0},"labels":[{"weight":1151,"label":"ecosystem"},{"weight":467,"label":"environmental"},{"weight":466,"label":"ecological"},{"weight":336,"label":"change"},{"weight":327,"label":"diversity"},{"weight":275,"label":"function"},{"weight":262,"label":"service"},{"weight":231,"label":"community"},{"weight":227,"label":"environment"},{"weight":223,"label":"human"},{"weight":222,"label":"process"},{"weight":221,"label":"biodiversity"},{"weight":177,"label":"disturbance"},{"weight":165,"label":"scale"},{"weight":158,"label":"ecology"},{"weight":140,"label":"impact"},{"weight":129,"label":"interaction"},{"weight":126,"label":"resilience"},{"weight":124,"label":"biological"},{"weight":123,"label":"functional"},{"weight":118,"label":"management"},{"weight":117,"label":"effect"},{"weight":112,"label":"response"},{"weight":109,"label":"understanding"},{"weight":106,"label":"natural"}],"subTopicId":83},{"conceptId":-1,"clusterId":-1,"hexCoordinates":{"x":8.660254037844386,"y":1.5},"labels":[{"weight":2500,"label":"Unclassified"},{"weight":0,"label":""},{"weight":0,"label":""},{"weight":0,"label":""},{"weight":0,"label":""},{"weight":0,"label":""},{"weight":0,"label":""},{"weight":0,"label":""},{"weight":0,"label":""},{"weight":0,"label":""},{"weight":0,"label":""}],"subTopicId":null},{"conceptId":12,"clusterId":0,"hexCoordinates":{"x":0,"y":-3},"labels":[{"weight":1700,"label":"region"},{"weight":1248,"label":"area"},{"weight":695,"label":"map"},{"weight":639,"label":"location"},{"weight":577,"label":"spatial"},{"weight":568,"label":"distribution"},{"weight":565,"label":"regional"},{"weight":367,"label":"local"},{"weight":331,"label":"pattern"},{"weight":283,"label":"variation"},{"weight":256,"label":"large"},{"weight":244,"label":"geographical"},{"weight":242,"label":"show"},{"weight":238,"label":"scale"},{"weight":213,"label":"high"},{"weight":191,"label":"distance"},{"weight":177,"label":"data"},{"weight":169,"label":"find"},{"weight":155,"label":"mapping"},{"weight":153,"label":"site"},{"weight":149,"label":"study"},{"weight":146,"label":"geographic"},{"weight":141,"label":"associate"},{"weight":138,"label":"analysis"},{"weight":131,"label":"located"}],"subTopicId":852},{"conceptId":2,"clusterId":0,"hexCoordinates":{"x":-0.8660254037844386,"y":-1.5},"labels":[{"weight":53,"label":"guppy"},{"weight":50,"label":"bsla"},{"weight":47,"label":"pollinator"},{"weight":40,"label":"subtilis"},{"weight":40,"label":"landmark"},{"weight":37,"label":"flower"},{"weight":35,"label":"biofilm"},{"weight":32,"label":"hummingbird"},{"weight":30,"label":"gyrodactylus"},{"weight":30,"label":"fish"},{"weight":29,"label":"species"},{"weight":26,"label":"pollination"},{"weight":26,"label":"bacillus"},{"weight":26,"label":"test"},{"weight":22,"label":"bird"},{"weight":21,"label":"oyster"},{"weight":21,"label":"season"},{"weight":21,"label":"wild"},{"weight":20,"label":"tasa"},{"weight":20,"label":"insect"},{"weight":20,"label":"cue"},{"weight":19,"label":"crop"},{"weight":18,"label":"reticulata"},{"weight":18,"label":"poecilia"},{"weight":18,"label":"matrix"}],"subTopicId":63},{"conceptId":7,"clusterId":0,"hexCoordinates":{"x":2.598076211353316,"y":-1.5},"labels":[{"weight":491,"label":"sea"},{"weight":428,"label":"area"},{"weight":350,"label":"marine"},{"weight":343,"label":"habitat"},{"weight":299,"label":"species"},{"weight":296,"label":"water"},{"weight":265,"label":"site"},{"weight":259,"label":"study"},{"weight":255,"label":"movement"},{"weight":254,"label":"data"},{"weight":246,"label":"distribution"},{"weight":215,"label":"tag"},{"weight":197,"label":"migration"},{"weight":196,"label":"ocean"},{"weight":190,"label":"individual"},{"weight":186,"label":"year"},{"weight":186,"label":"population"},{"weight":183,"label":"deep"},{"weight":168,"label":"atlantic"},{"weight":160,"label":"north"},{"weight":153,"label":"migratory"},{"weight":149,"label":"high"},{"weight":144,"label":"animal"},{"weight":143,"label":"pattern"},{"weight":137,"label":"spatial"}],"subTopicId":507},{"conceptId":10,"clusterId":0,"hexCoordinates":{"x":-2.598076211353316,"y":-1.5},"labels":[{"weight":190,"label":"pollinator"},{"weight":188,"label":"flower"},{"weight":167,"label":"bee"},{"weight":166,"label":"pollen"},{"weight":148,"label":"plant"},{"weight":108,"label":"pollination"},{"weight":87,"label":"floral"},{"weight":76,"label":"ant"},{"weight":69,"label":"nectar"},{"weight":69,"label":"visit"},{"weight":68,"label":"pollinate"},{"weight":63,"label":"buzz"},{"weight":63,"label":"species"},{"weight":52,"label":"seed"},{"weight":50,"label":"visitor"},{"weight":46,"label":"zeolite"},{"weight":42,"label":"visitation"},{"weight":41,"label":"frequency"},{"weight":37,"label":"insect"},{"weight":37,"label":"production"},{"weight":36,"label":"dwv"},{"weight":36,"label":"produce"},{"weight":34,"label":"anther"},{"weight":34,"label":"varroa"},{"weight":34,"label":"ipc"}],"subTopicId":649},{"conceptId":6,"clusterId":0,"hexCoordinates":{"x":-1.7320508075688772,"y":-3},"labels":[{"weight":147,"label":"insect"},{"weight":128,"label":"colony"},{"weight":113,"label":"bee"},{"weight":80,"label":"neonicotinoid"},{"weight":77,"label":"bumblebee"},{"weight":69,"label":"gland"},{"weight":58,"label":"eda"},{"weight":50,"label":"ear"},{"weight":49,"label":"imidacloprid"},{"weight":48,"label":"edar"},{"weight":45,"label":"wnk"},{"weight":40,"label":"wild"},{"weight":36,"label":"cul"},{"weight":36,"label":"pesticide"},{"weight":33,"label":"exposure"},{"weight":31,"label":"chc"},{"weight":31,"label":"otitis"},{"weight":31,"label":"crop"},{"weight":30,"label":"spak"},{"weight":30,"label":"honeybee"},{"weight":29,"label":"middle"},{"weight":28,"label":"queen"},{"weight":25,"label":"insecticide"},{"weight":25,"label":"receptor"},{"weight":23,"label":"honey"}],"subTopicId":366}]}