{"linkageTable":[{"node2":5,"distance":0.469803094270885,"node1":4},{"node2":12,"distance":0.477849528122105,"node1":1},{"node2":16,"distance":0.480909223537225,"node1":13},{"node2":14,"distance":0.48291064463715,"node1":11},{"node2":7,"distance":0.48302916873971,"node1":6},{"node2":21,"distance":0.48585262189086253,"node1":2},{"node2":20,"distance":0.4862127230178538,"node1":18},{"node2":22,"distance":0.48968232430495795,"node1":23},{"node2":10,"distance":0.490193194831845,"node1":9},{"node2":19,"distance":0.49022369298856,"node1":0},{"node2":17,"distance":0.49203700847729687,"node1":24},{"node2":3,"distance":0.49267201350549,"node1":26},{"node2":27,"distance":0.49366552634260114,"node1":28},{"node2":25,"distance":0.49570468249109517,"node1":29},{"node2":8,"distance":0.4969503250507316,"node1":30},{"node2":15,"distance":0.49878015328669245,"node1":31}],"conceptsData":[{"conceptId":3,"clusterId":0,"hexCoordinates":{"x":2.598076211353316,"y":-4.5},"labels":[{"weight":1374,"label":"require"},{"weight":1155,"label":"reduce"},{"weight":1151,"label":"increase"},{"weight":974,"label":"provide"},{"weight":926,"label":"due"},{"weight":890,"label":"number"},{"weight":860,"label":"high"},{"weight":847,"label":"time"},{"weight":827,"label":"make"},{"weight":737,"label":"effective"},{"weight":733,"label":"achieve"},{"weight":732,"label":"lead"},{"weight":688,"label":"challenge"},{"weight":679,"label":"large"},{"weight":649,"label":"strategy"},{"weight":648,"label":"approach"},{"weight":607,"label":"limit"},{"weight":579,"label":"improve"},{"weight":571,"label":"stage"},{"weight":565,"label":"result"},{"weight":546,"label":"find"},{"weight":534,"label":"order"},{"weight":514,"label":"level"},{"weight":501,"label":"develop"},{"weight":500,"label":"maintain"}],"subTopicId":422},{"conceptId":-1,"clusterId":-1,"hexCoordinates":{"x":7.794228634059947,"y":1.5},"labels":[{"weight":2500,"label":"Unclassified"},{"weight":0,"label":""},{"weight":0,"label":""},{"weight":0,"label":""},{"weight":0,"label":""},{"weight":0,"label":""},{"weight":0,"label":""},{"weight":0,"label":""},{"weight":0,"label":""},{"weight":0,"label":""},{"weight":0,"label":""}],"subTopicId":null},{"conceptId":0,"clusterId":0,"hexCoordinates":{"x":0,"y":-6},"labels":[{"weight":634,"label":"definition"},{"weight":531,"label":"trust"},{"weight":286,"label":"term"},{"weight":261,"label":"research"},{"weight":254,"label":"literature"},{"weight":241,"label":"define"},{"weight":228,"label":"issue"},{"weight":208,"label":"concept"},{"weight":155,"label":"lack"},{"weight":135,"label":"address"},{"weight":129,"label":"relate"},{"weight":121,"label":"identify"},{"weight":118,"label":"dimension"},{"weight":106,"label":"review"},{"weight":101,"label":"interpretation"},{"weight":100,"label":"examine"},{"weight":98,"label":"report"},{"weight":93,"label":"assess"},{"weight":90,"label":"terminology"},{"weight":90,"label":"understanding"},{"weight":86,"label":"interest"},{"weight":85,"label":"make"},{"weight":79,"label":"context"},{"weight":77,"label":"field"},{"weight":75,"label":"understand"}],"subTopicId":281},{"conceptId":9,"clusterId":0,"hexCoordinates":{"x":4.330127018922193,"y":-1.5},"labels":[{"weight":374,"label":"environmental"},{"weight":132,"label":"marine"},{"weight":124,"label":"impact"},{"weight":80,"label":"environment"},{"weight":78,"label":"industry"},{"weight":67,"label":"development"},{"weight":59,"label":"information"},{"weight":50,"label":"sea"},{"weight":49,"label":"risk"},{"weight":47,"label":"decommission"},{"weight":44,"label":"coastal"},{"weight":36,"label":"gas"},{"weight":34,"label":"msp"},{"weight":33,"label":"lagoon"},{"weight":31,"label":"scientific"},{"weight":31,"label":"assessment"},{"weight":29,"label":"benefit"},{"weight":29,"label":"oil"},{"weight":28,"label":"north"},{"weight":27,"label":"solution"},{"weight":26,"label":"offshore"},{"weight":25,"label":"stakeholder"},{"weight":24,"label":"dst"},{"weight":24,"label":"planning"},{"weight":24,"label":"management"}],"subTopicId":599},{"conceptId":2,"clusterId":0,"hexCoordinates":{"x":3.4641016151377544,"y":-3},"labels":[{"weight":1001,"label":"application"},{"weight":991,"label":"approach"},{"weight":867,"label":"biological"},{"weight":844,"label":"provide"},{"weight":810,"label":"study"},{"weight":798,"label":"system"},{"weight":691,"label":"property"},{"weight":648,"label":"development"},{"weight":598,"label":"biology"},{"weight":577,"label":"recent"},{"weight":570,"label":"synthetic"},{"weight":557,"label":"review"},{"weight":552,"label":"potential"},{"weight":550,"label":"include"},{"weight":543,"label":"tool"},{"weight":531,"label":"process"},{"weight":523,"label":"field"},{"weight":514,"label":"chemical"},{"weight":488,"label":"complex"},{"weight":484,"label":"base"},{"weight":463,"label":"describe"},{"weight":450,"label":"discuss"},{"weight":445,"label":"technique"},{"weight":427,"label":"range"},{"weight":413,"label":"method"}],"subTopicId":418},{"conceptId":11,"clusterId":0,"hexCoordinates":{"x":0,"y":0},"labels":[{"weight":3386,"label":"research"},{"weight":987,"label":"project"},{"weight":854,"label":"work"},{"weight":722,"label":"knowledge"},{"weight":635,"label":"practice"},{"weight":617,"label":"researcher"},{"weight":570,"label":"academic"},{"weight":550,"label":"collaboration"},{"weight":509,"label":"science"},{"weight":506,"label":"community"},{"weight":489,"label":"collaborative"},{"weight":462,"label":"development"},{"weight":443,"label":"develop"},{"weight":411,"label":"impact"},{"weight":376,"label":"approach"},{"weight":358,"label":"paper"},{"weight":337,"label":"engagement"},{"weight":336,"label":"social"},{"weight":329,"label":"challenge"},{"weight":319,"label":"partnership"},{"weight":318,"label":"support"},{"weight":301,"label":"interdisciplinary"},{"weight":297,"label":"exchange"},{"weight":278,"label":"explore"},{"weight":254,"label":"experience"}],"subTopicId":643},{"conceptId":14,"clusterId":0,"hexCoordinates":{"x":1.7320508075688772,"y":0},"labels":[{"weight":1617,"label":"evidence"},{"weight":1192,"label":"health"},{"weight":1162,"label":"research"},{"weight":921,"label":"identify"},{"weight":893,"label":"base"},{"weight":875,"label":"strategy"},{"weight":814,"label":"practice"},{"weight":767,"label":"review"},{"weight":735,"label":"approach"},{"weight":730,"label":"policy"},{"weight":672,"label":"risk"},{"weight":642,"label":"improve"},{"weight":622,"label":"intervention"},{"weight":602,"label":"address"},{"weight":599,"label":"recommendation"},{"weight":598,"label":"development"},{"weight":575,"label":"key"},{"weight":570,"label":"develop"},{"weight":537,"label":"provide"},{"weight":528,"label":"inform"},{"weight":509,"label":"support"},{"weight":484,"label":"impact"},{"weight":465,"label":"effective"},{"weight":454,"label":"lack"},{"weight":448,"label":"knowledge"}],"subTopicId":894},{"conceptId":13,"clusterId":0,"hexCoordinates":{"x":0.8660254037844386,"y":-4.5},"labels":[{"weight":777,"label":"design"},{"weight":748,"label":"safety"},{"weight":647,"label":"construction"},{"weight":461,"label":"building"},{"weight":296,"label":"build"},{"weight":260,"label":"process"},{"weight":251,"label":"site"},{"weight":248,"label":"case"},{"weight":247,"label":"project"},{"weight":238,"label":"industry"},{"weight":237,"label":"engineering"},{"weight":219,"label":"risk"},{"weight":213,"label":"performance"},{"weight":210,"label":"standard"},{"weight":204,"label":"impact"},{"weight":200,"label":"stage"},{"weight":193,"label":"paper"},{"weight":190,"label":"bim"},{"weight":177,"label":"operation"},{"weight":174,"label":"identify"},{"weight":171,"label":"requirement"},{"weight":166,"label":"practice"},{"weight":159,"label":"system"},{"weight":153,"label":"level"},{"weight":140,"label":"development"}],"subTopicId":698},{"conceptId":12,"clusterId":0,"hexCoordinates":{"x":0.8660254037844386,"y":-1.5},"labels":[{"weight":2563,"label":"approach"},{"weight":2019,"label":"framework"},{"weight":1563,"label":"paper"},{"weight":1232,"label":"provide"},{"weight":1059,"label":"study"},{"weight":998,"label":"base"},{"weight":957,"label":"design"},{"weight":862,"label":"discuss"},{"weight":860,"label":"process"},{"weight":821,"label":"present"},{"weight":798,"label":"develop"},{"weight":741,"label":"research"},{"weight":735,"label":"development"},{"weight":685,"label":"case"},{"weight":674,"label":"analysis"},{"weight":618,"label":"apply"},{"weight":601,"label":"concept"},{"weight":601,"label":"application"},{"weight":600,"label":"theoretical"},{"weight":595,"label":"literature"},{"weight":557,"label":"context"},{"weight":551,"label":"describe"},{"weight":524,"label":"propose"},{"weight":487,"label":"theory"},{"weight":481,"label":"model"}],"subTopicId":676},{"conceptId":8,"clusterId":0,"hexCoordinates":{"x":-0.8660254037844386,"y":-4.5},"labels":[{"weight":1089,"label":"transfer"},{"weight":307,"label":"knowledge"},{"weight":219,"label":"forensic"},{"weight":43,"label":"weapon"},{"weight":43,"label":"carry"},{"weight":28,"label":"expert"},{"weight":26,"label":"successful"},{"weight":25,"label":"investigate"},{"weight":24,"label":"science"},{"weight":22,"label":"reverse"},{"weight":20,"label":"recipient"},{"weight":19,"label":"secure"},{"weight":19,"label":"direct"},{"weight":19,"label":"operation"},{"weight":18,"label":"examiner"},{"weight":17,"label":"iem"},{"weight":16,"label":"target"},{"weight":15,"label":"investigator"},{"weight":15,"label":"capacity"},{"weight":15,"label":"reduce"},{"weight":14,"label":"kotbu"},{"weight":14,"label":"mind"},{"weight":13,"label":"insource"},{"weight":13,"label":"directly"},{"weight":11,"label":"unproblematic"}],"subTopicId":579},{"conceptId":15,"clusterId":0,"hexCoordinates":{"x":0.8660254037844386,"y":1.5},"labels":[{"weight":209,"label":"code"},{"weight":58,"label":"review"},{"weight":53,"label":"determination"},{"weight":50,"label":"discuss"},{"weight":48,"label":"statistics"},{"weight":48,"label":"describe"},{"weight":42,"label":"method"},{"weight":41,"label":"introduction"},{"weight":38,"label":"description"},{"weight":33,"label":"summary"},{"weight":31,"label":"briefly"},{"weight":31,"label":"general"},{"weight":29,"label":"follow"},{"weight":28,"label":"detail"},{"weight":27,"label":"read"},{"weight":26,"label":"overview"},{"weight":24,"label":"uniformity"},{"weight":22,"label":"section"},{"weight":21,"label":"map"},{"weight":21,"label":"analysis"},{"weight":20,"label":"cover"},{"weight":19,"label":"outline"},{"weight":18,"label":"summarize"},{"weight":18,"label":"characterise"},{"weight":17,"label":"coding"}],"subTopicId":960},{"conceptId":16,"clusterId":0,"hexCoordinates":{"x":1.7320508075688772,"y":-6},"labels":[{"weight":2166,"label":"project"},{"weight":313,"label":"construction"},{"weight":306,"label":"process"},{"weight":301,"label":"management"},{"weight":254,"label":"development"},{"weight":234,"label":"research"},{"weight":219,"label":"paper"},{"weight":206,"label":"develop"},{"weight":190,"label":"lean"},{"weight":188,"label":"success"},{"weight":187,"label":"team"},{"weight":181,"label":"industry"},{"weight":166,"label":"challenge"},{"weight":158,"label":"implementation"},{"weight":155,"label":"fund"},{"weight":143,"label":"cost"},{"weight":141,"label":"sigma"},{"weight":128,"label":"part"},{"weight":126,"label":"implement"},{"weight":119,"label":"identify"},{"weight":117,"label":"aim"},{"weight":116,"label":"improvement"},{"weight":116,"label":"base"},{"weight":113,"label":"initiative"},{"weight":112,"label":"organisation"}],"subTopicId":987},{"conceptId":1,"clusterId":0,"hexCoordinates":{"x":-0.8660254037844386,"y":-1.5},"labels":[{"weight":3521,"label":"design"},{"weight":405,"label":"paper"},{"weight":383,"label":"technology"},{"weight":380,"label":"process"},{"weight":325,"label":"designer"},{"weight":317,"label":"project"},{"weight":315,"label":"digital"},{"weight":291,"label":"user"},{"weight":282,"label":"research"},{"weight":268,"label":"create"},{"weight":257,"label":"support"},{"weight":240,"label":"environment"},{"weight":225,"label":"work"},{"weight":216,"label":"collaborative"},{"weight":215,"label":"approach"},{"weight":209,"label":"experience"},{"weight":205,"label":"lab"},{"weight":196,"label":"develop"},{"weight":192,"label":"concept"},{"weight":186,"label":"future"},{"weight":185,"label":"development"},{"weight":178,"label":"prototype"},{"weight":170,"label":"tool"},{"weight":167,"label":"space"},{"weight":162,"label":"product"}],"subTopicId":346},{"conceptId":10,"clusterId":0,"hexCoordinates":{"x":3.4641016151377544,"y":0},"labels":[{"weight":3372,"label":"decision"},{"weight":2112,"label":"make"},{"weight":559,"label":"process"},{"weight":334,"label":"making"},{"weight":255,"label":"influence"},{"weight":249,"label":"choice"},{"weight":230,"label":"maker"},{"weight":210,"label":"inform"},{"weight":204,"label":"policy"},{"weight":172,"label":"factor"},{"weight":161,"label":"base"},{"weight":160,"label":"case"},{"weight":148,"label":"involve"},{"weight":147,"label":"assessment"},{"weight":147,"label":"risk"},{"weight":145,"label":"research"},{"weight":140,"label":"outcome"},{"weight":135,"label":"context"},{"weight":128,"label":"complex"},{"weight":117,"label":"study"},{"weight":117,"label":"provide"},{"weight":112,"label":"explore"},{"weight":111,"label":"evidence"},{"weight":108,"label":"uncertainty"},{"weight":107,"label":"assess"}],"subTopicId":622},{"conceptId":7,"clusterId":0,"hexCoordinates":{"x":2.598076211353316,"y":-1.5},"labels":[{"weight":2694,"label":"research"},{"weight":1885,"label":"development"},{"weight":1776,"label":"challenge"},{"weight":1693,"label":"future"},{"weight":1598,"label":"review"},{"weight":1428,"label":"recent"},{"weight":1358,"label":"field"},{"weight":1147,"label":"discuss"},{"weight":1072,"label":"current"},{"weight":927,"label":"advance"},{"weight":899,"label":"technology"},{"weight":893,"label":"area"},{"weight":834,"label":"present"},{"weight":822,"label":"year"},{"weight":819,"label":"provide"},{"weight":780,"label":"application"},{"weight":726,"label":"focus"},{"weight":696,"label":"potential"},{"weight":674,"label":"science"},{"weight":603,"label":"include"},{"weight":602,"label":"decade"},{"weight":586,"label":"issue"},{"weight":570,"label":"make"},{"weight":567,"label":"key"},{"weight":545,"label":"develop"}],"subTopicId":544},{"conceptId":4,"clusterId":0,"hexCoordinates":{"x":0,"y":-3},"labels":[{"weight":645,"label":"research"},{"weight":571,"label":"issue"},{"weight":408,"label":"special"},{"weight":391,"label":"conference"},{"weight":350,"label":"international"},{"weight":322,"label":"papers"},{"weight":302,"label":"workshop"},{"weight":298,"label":"hold"},{"weight":294,"label":"science"},{"weight":240,"label":"society"},{"weight":220,"label":"discussion"},{"weight":220,"label":"university"},{"weight":200,"label":"field"},{"weight":193,"label":"theme"},{"weight":188,"label":"scientific"},{"weight":186,"label":"topic"},{"weight":185,"label":"journal"},{"weight":185,"label":"work"},{"weight":181,"label":"meeting"},{"weight":179,"label":"article"},{"weight":171,"label":"focus"},{"weight":166,"label":"researcher"},{"weight":164,"label":"present"},{"weight":158,"label":"include"},{"weight":153,"label":"provide"}],"subTopicId":444},{"conceptId":5,"clusterId":0,"hexCoordinates":{"x":-1.7320508075688772,"y":-3},"labels":[{"weight":241,"label":"workshop"},{"weight":116,"label":"presentation"},{"weight":106,"label":"conference"},{"weight":104,"label":"meeting"},{"weight":80,"label":"discussion"},{"weight":78,"label":"session"},{"weight":66,"label":"talk"},{"weight":66,"label":"evaluation"},{"weight":65,"label":"discuss"},{"weight":54,"label":"information"},{"weight":51,"label":"poster"},{"weight":46,"label":"forum"},{"weight":43,"label":"participant"},{"weight":42,"label":"cop"},{"weight":39,"label":"topic"},{"weight":36,"label":"group"},{"weight":33,"label":"retrieval"},{"weight":33,"label":"work"},{"weight":32,"label":"collaborative"},{"weight":29,"label":"interest"},{"weight":28,"label":"event"},{"weight":27,"label":"interaction"},{"weight":26,"label":"keynote"},{"weight":25,"label":"hold"},{"weight":25,"label":"academic"}],"subTopicId":451},{"conceptId":6,"clusterId":0,"hexCoordinates":{"x":1.7320508075688772,"y":-3},"labels":[{"weight":4444,"label":"role"},{"weight":2688,"label":"study"},{"weight":2577,"label":"provide"},{"weight":2409,"label":"important"},{"weight":2187,"label":"play"},{"weight":1968,"label":"process"},{"weight":1788,"label":"understanding"},{"weight":1685,"label":"understand"},{"weight":1503,"label":"mechanism"},{"weight":1291,"label":"key"},{"weight":1270,"label":"evidence"},{"weight":1101,"label":"highlight"},{"weight":1075,"label":"focus"},{"weight":1024,"label":"development"},{"weight":981,"label":"insight"},{"weight":975,"label":"present"},{"weight":943,"label":"work"},{"weight":918,"label":"remain"},{"weight":892,"label":"recent"},{"weight":889,"label":"importance"},{"weight":847,"label":"discuss"},{"weight":845,"label":"identify"},{"weight":821,"label":"form"},{"weight":774,"label":"include"},{"weight":768,"label":"nature"}],"subTopicId":514}]}