[{"topicData":[{"numberOfDocuments":0.0,"label":"Heriot-Watt University"},{"numberOfDocuments":0.0,"label":"Robert Gordon University"},{"numberOfDocuments":0.0,"label":"Glasgow Caledonian University"},{"numberOfDocuments":0.0,"label":"Queen Margaret University"},{"numberOfDocuments":0.0,"label":"University of Dundee"},{"numberOfDocuments":0.0,"label":"University of the Highlands and Islands"},{"numberOfDocuments":0.0,"label":"Edinburgh Napier University"},{"numberOfDocuments":0.0,"label":"University of Stirling"},{"numberOfDocuments":0.0,"label":"Abertay University"},{"numberOfDocuments":0.0,"label":"University of Aberdeen"},{"numberOfDocuments":0.0,"label":"University of Edinburgh"},{"numberOfDocuments":0.0,"label":"University of the West of Scotland"},{"numberOfDocuments":0.0,"label":"University of Glasgow"},{"numberOfDocuments":0.0,"label":"University of St Andrews"},{"numberOfDocuments":0.0,"label":"University of Strathclyde"}],"conceptId":-1},{"topicData":[{"numberOfDocuments":4.783542974880611,"label":"Heriot-Watt University"},{"numberOfDocuments":12.18565022438774,"label":"Robert Gordon University"},{"numberOfDocuments":6.007053121967777,"label":"Glasgow Caledonian University"},{"numberOfDocuments":19.17470972708051,"label":"Queen Margaret University"},{"numberOfDocuments":16.588099326771683,"label":"University of Dundee"},{"numberOfDocuments":8.072673703662081,"label":"University of the Highlands and Islands"},{"numberOfDocuments":15.588312842464228,"label":"Edinburgh Napier University"},{"numberOfDocuments":56.610060091853136,"label":"University of Stirling"},{"numberOfDocuments":6.990069512111766,"label":"Abertay University"},{"numberOfDocuments":13.842465272511536,"label":"University of Aberdeen"},{"numberOfDocuments":98.01425847954819,"label":"University of Edinburgh"},{"numberOfDocuments":12.130281730486525,"label":"University of the West of Scotland"},{"numberOfDocuments":68.5214137835898,"label":"University of Glasgow"},{"numberOfDocuments":26.555001995958374,"label":"University of St Andrews"},{"numberOfDocuments":36.29317398508633,"label":"University of Strathclyde"}],"conceptId":0},{"topicData":[{"numberOfDocuments":13.21941887567914,"label":"Heriot-Watt University"},{"numberOfDocuments":11.138826167691434,"label":"Robert Gordon University"},{"numberOfDocuments":3.547665918130779,"label":"Glasgow Caledonian University"},{"numberOfDocuments":13.51770015225591,"label":"Queen Margaret University"},{"numberOfDocuments":12.395526351258605,"label":"University of Dundee"},{"numberOfDocuments":3.628338301898358,"label":"University of the Highlands and Islands"},{"numberOfDocuments":13.199061529200833,"label":"Edinburgh Napier University"},{"numberOfDocuments":38.416638798691764,"label":"University of Stirling"},{"numberOfDocuments":7.299186215542569,"label":"Abertay University"},{"numberOfDocuments":18.15030457359828,"label":"University of Aberdeen"},{"numberOfDocuments":99.44877678216973,"label":"University of Edinburgh"},{"numberOfDocuments":5.909607477637813,"label":"University of the West of Scotland"},{"numberOfDocuments":51.6979837786849,"label":"University of Glasgow"},{"numberOfDocuments":33.35895487201412,"label":"University of St Andrews"},{"numberOfDocuments":35.01815313145927,"label":"University of Strathclyde"}],"conceptId":1},{"topicData":[{"numberOfDocuments":0.27542517199204314,"label":"Heriot-Watt University"},{"numberOfDocuments":0.24683935429842038,"label":"Robert Gordon University"},{"numberOfDocuments":0.13814893198718617,"label":"Glasgow Caledonian University"},{"numberOfDocuments":0.21799801396228946,"label":"Queen Margaret University"},{"numberOfDocuments":1.265853938538388,"label":"University of Dundee"},{"numberOfDocuments":1.2340081290140767,"label":"University of the Highlands and Islands"},{"numberOfDocuments":0.721495808899011,"label":"Edinburgh Napier University"},{"numberOfDocuments":3.0954637896006627,"label":"University of Stirling"},{"numberOfDocuments":0.436469105642038,"label":"Abertay University"},{"numberOfDocuments":1.6865089551347359,"label":"University of Aberdeen"},{"numberOfDocuments":9.058569836751388,"label":"University of Edinburgh"},{"numberOfDocuments":0.09903862568106284,"label":"University of the West of Scotland"},{"numberOfDocuments":5.025811898445746,"label":"University of Glasgow"},{"numberOfDocuments":4.599965790635025,"label":"University of St Andrews"},{"numberOfDocuments":3.351897728701727,"label":"University of Strathclyde"}],"conceptId":2},{"topicData":[{"numberOfDocuments":12.282253933182421,"label":"Heriot-Watt University"},{"numberOfDocuments":15.7632757445188,"label":"Robert Gordon University"},{"numberOfDocuments":6.538035455792065,"label":"Glasgow Caledonian University"},{"numberOfDocuments":18.841677503956337,"label":"Queen Margaret University"},{"numberOfDocuments":20.41793874304314,"label":"University of Dundee"},{"numberOfDocuments":5.900559808295433,"label":"University of the Highlands and Islands"},{"numberOfDocuments":18.271969278838277,"label":"Edinburgh Napier University"},{"numberOfDocuments":72.54476329035707,"label":"University of Stirling"},{"numberOfDocuments":6.597541362458501,"label":"Abertay University"},{"numberOfDocuments":18.928399861796542,"label":"University of Aberdeen"},{"numberOfDocuments":127.11218787622192,"label":"University of Edinburgh"},{"numberOfDocuments":10.206593311143704,"label":"University of the West of Scotland"},{"numberOfDocuments":96.63506690961988,"label":"University of Glasgow"},{"numberOfDocuments":38.871173342901784,"label":"University of St Andrews"},{"numberOfDocuments":58.174815222191675,"label":"University of Strathclyde"}],"conceptId":3},{"topicData":[{"numberOfDocuments":0.528496863425853,"label":"Heriot-Watt University"},{"numberOfDocuments":0.8782208307274525,"label":"Robert Gordon University"},{"numberOfDocuments":0.1662623496879328,"label":"Glasgow Caledonian University"},{"numberOfDocuments":0.996617733934564,"label":"Queen Margaret University"},{"numberOfDocuments":2.0931794451865846,"label":"University of Dundee"},{"numberOfDocuments":0.4547740979060433,"label":"University of the Highlands and Islands"},{"numberOfDocuments":2.4883492554324977,"label":"Edinburgh Napier University"},{"numberOfDocuments":11.258254005975592,"label":"University of Stirling"},{"numberOfDocuments":1.6181110881703669,"label":"Abertay University"},{"numberOfDocuments":2.134159111395437,"label":"University of Aberdeen"},{"numberOfDocuments":13.453795563589352,"label":"University of Edinburgh"},{"numberOfDocuments":0.4296169974641223,"label":"University of the West of Scotland"},{"numberOfDocuments":8.281555107239331,"label":"University of Glasgow"},{"numberOfDocuments":6.1974102071454364,"label":"University of St Andrews"},{"numberOfDocuments":5.27648997761055,"label":"University of Strathclyde"}],"conceptId":4},{"topicData":[{"numberOfDocuments":6.694030242003064,"label":"Heriot-Watt University"},{"numberOfDocuments":8.302781604884572,"label":"Robert Gordon University"},{"numberOfDocuments":3.5077057270902867,"label":"Glasgow Caledonian University"},{"numberOfDocuments":15.21090020157361,"label":"Queen Margaret University"},{"numberOfDocuments":12.186089451815196,"label":"University of Dundee"},{"numberOfDocuments":4.567773428169523,"label":"University of the Highlands and Islands"},{"numberOfDocuments":7.128684320985836,"label":"Edinburgh Napier University"},{"numberOfDocuments":38.99555286340555,"label":"University of Stirling"},{"numberOfDocuments":5.502313266507823,"label":"Abertay University"},{"numberOfDocuments":10.94716702325895,"label":"University of Aberdeen"},{"numberOfDocuments":63.86092887321923,"label":"University of Edinburgh"},{"numberOfDocuments":8.817313489832564,"label":"University of the West of Scotland"},{"numberOfDocuments":70.05343161984464,"label":"University of Glasgow"},{"numberOfDocuments":21.709274393623552,"label":"University of St Andrews"},{"numberOfDocuments":24.41318765302017,"label":"University of Strathclyde"}],"conceptId":5},{"topicData":[{"numberOfDocuments":27.616317863281132,"label":"Heriot-Watt University"},{"numberOfDocuments":33.17124274404488,"label":"Robert Gordon University"},{"numberOfDocuments":11.206528794450255,"label":"Glasgow Caledonian University"},{"numberOfDocuments":38.832065941167265,"label":"Queen Margaret University"},{"numberOfDocuments":39.135606534866476,"label":"University of Dundee"},{"numberOfDocuments":18.787140223765483,"label":"University of the Highlands and Islands"},{"numberOfDocuments":37.13286755798228,"label":"Edinburgh Napier University"},{"numberOfDocuments":128.79701903671284,"label":"University of Stirling"},{"numberOfDocuments":11.486285494293384,"label":"Abertay University"},{"numberOfDocuments":51.592476020911974,"label":"University of Aberdeen"},{"numberOfDocuments":240.39745713534376,"label":"University of Edinburgh"},{"numberOfDocuments":15.216039366525669,"label":"University of the West of Scotland"},{"numberOfDocuments":181.58317142141937,"label":"University of Glasgow"},{"numberOfDocuments":92.390278853464,"label":"University of St Andrews"},{"numberOfDocuments":138.19498652565812,"label":"University of Strathclyde"}],"conceptId":6},{"topicData":[{"numberOfDocuments":0.11130672926447574,"label":"Heriot-Watt University"},{"numberOfDocuments":0.3964003624328154,"label":"Robert Gordon University"},{"numberOfDocuments":0.05218969820739733,"label":"Glasgow Caledonian University"},{"numberOfDocuments":0.09613673910280848,"label":"Queen Margaret University"},{"numberOfDocuments":0.5302522649172133,"label":"University of Dundee"},{"numberOfDocuments":0.3319073083778966,"label":"University of the Highlands and Islands"},{"numberOfDocuments":0.8857387838516325,"label":"Edinburgh Napier University"},{"numberOfDocuments":1.2543059208063185,"label":"University of Stirling"},{"numberOfDocuments":0.036231884057971016,"label":"Abertay University"},{"numberOfDocuments":0.15316010242852854,"label":"University of Aberdeen"},{"numberOfDocuments":3.492243507775731,"label":"University of Edinburgh"},{"numberOfDocuments":0.06060606060606061,"label":"University of the West of Scotland"},{"numberOfDocuments":4.204694071473584,"label":"University of Glasgow"},{"numberOfDocuments":0.9423720564151957,"label":"University of St Andrews"},{"numberOfDocuments":1.3314698973022279,"label":"University of Strathclyde"}],"conceptId":7},{"topicData":[{"numberOfDocuments":0.19265260720528476,"label":"Heriot-Watt University"},{"numberOfDocuments":0.11652718309904136,"label":"Robert Gordon University"},{"numberOfDocuments":0.0,"label":"Glasgow Caledonian University"},{"numberOfDocuments":0.2307392483141307,"label":"Queen Margaret University"},{"numberOfDocuments":0.17021014878037766,"label":"University of Dundee"},{"numberOfDocuments":0.006134969325153374,"label":"University of the Highlands and Islands"},{"numberOfDocuments":0.34192698537105387,"label":"Edinburgh Napier University"},{"numberOfDocuments":2.3191705249472605,"label":"University of Stirling"},{"numberOfDocuments":0.0,"label":"Abertay University"},{"numberOfDocuments":1.1184881688214563,"label":"University of Aberdeen"},{"numberOfDocuments":14.690568492504815,"label":"University of Edinburgh"},{"numberOfDocuments":0.19501082641645617,"label":"University of the West of Scotland"},{"numberOfDocuments":12.885029125382303,"label":"University of Glasgow"},{"numberOfDocuments":0.9525949169374299,"label":"University of St Andrews"},{"numberOfDocuments":0.7401118719427755,"label":"University of Strathclyde"}],"conceptId":8},{"topicData":[{"numberOfDocuments":4.290663642613817,"label":"Heriot-Watt University"},{"numberOfDocuments":3.6843604930288407,"label":"Robert Gordon University"},{"numberOfDocuments":1.1223171521258217,"label":"Glasgow Caledonian University"},{"numberOfDocuments":3.315999625426479,"label":"Queen Margaret University"},{"numberOfDocuments":5.131272466853219,"label":"University of Dundee"},{"numberOfDocuments":1.212991110760197,"label":"University of the Highlands and Islands"},{"numberOfDocuments":4.213313501706915,"label":"Edinburgh Napier University"},{"numberOfDocuments":38.61448395969586,"label":"University of Stirling"},{"numberOfDocuments":1.2616284490829413,"label":"Abertay University"},{"numberOfDocuments":20.327589399182393,"label":"University of Aberdeen"},{"numberOfDocuments":136.80239871948257,"label":"University of Edinburgh"},{"numberOfDocuments":1.6137487095328802,"label":"University of the West of Scotland"},{"numberOfDocuments":100.58660242913028,"label":"University of Glasgow"},{"numberOfDocuments":60.61907490649026,"label":"University of St Andrews"},{"numberOfDocuments":14.974259562878942,"label":"University of Strathclyde"}],"conceptId":9},{"topicData":[{"numberOfDocuments":0.6069448461826102,"label":"Heriot-Watt University"},{"numberOfDocuments":0.6232338188319279,"label":"Robert Gordon University"},{"numberOfDocuments":0.22631975867269985,"label":"Glasgow Caledonian University"},{"numberOfDocuments":0.8174013906930891,"label":"Queen Margaret University"},{"numberOfDocuments":0.5953568404482736,"label":"University of Dundee"},{"numberOfDocuments":0.5550380981051708,"label":"University of the Highlands and Islands"},{"numberOfDocuments":1.288455785750098,"label":"Edinburgh Napier University"},{"numberOfDocuments":9.795793946973353,"label":"University of Stirling"},{"numberOfDocuments":0.10883211781799715,"label":"Abertay University"},{"numberOfDocuments":9.702780451935961,"label":"University of Aberdeen"},{"numberOfDocuments":23.97199115619759,"label":"University of Edinburgh"},{"numberOfDocuments":0.8993702519923363,"label":"University of the West of Scotland"},{"numberOfDocuments":14.660543185063009,"label":"University of Glasgow"},{"numberOfDocuments":25.243459624150344,"label":"University of St Andrews"},{"numberOfDocuments":3.2495659209185717,"label":"University of Strathclyde"}],"conceptId":10},{"topicData":[{"numberOfDocuments":5.583321235872343,"label":"Heriot-Watt University"},{"numberOfDocuments":7.060551578861945,"label":"Robert Gordon University"},{"numberOfDocuments":4.931063085713924,"label":"Glasgow Caledonian University"},{"numberOfDocuments":4.534512630879904,"label":"Queen Margaret University"},{"numberOfDocuments":9.055819147602154,"label":"University of Dundee"},{"numberOfDocuments":2.190075398894633,"label":"University of the Highlands and Islands"},{"numberOfDocuments":7.541590130802997,"label":"Edinburgh Napier University"},{"numberOfDocuments":18.026838266779645,"label":"University of Stirling"},{"numberOfDocuments":3.271456298887542,"label":"Abertay University"},{"numberOfDocuments":4.315074822393795,"label":"University of Aberdeen"},{"numberOfDocuments":26.446201585213363,"label":"University of Edinburgh"},{"numberOfDocuments":3.4390529903512177,"label":"University of the West of Scotland"},{"numberOfDocuments":18.062921259973564,"label":"University of Glasgow"},{"numberOfDocuments":9.12872672362305,"label":"University of St Andrews"},{"numberOfDocuments":18.899905269229347,"label":"University of Strathclyde"}],"conceptId":11},{"topicData":[{"numberOfDocuments":0.29186819866164965,"label":"Heriot-Watt University"},{"numberOfDocuments":0.5574401907357855,"label":"Robert Gordon University"},{"numberOfDocuments":0.031578947368421054,"label":"Glasgow Caledonian University"},{"numberOfDocuments":1.1437012146895273,"label":"Queen Margaret University"},{"numberOfDocuments":0.09071476868111371,"label":"University of Dundee"},{"numberOfDocuments":0.3081661762699974,"label":"University of the Highlands and Islands"},{"numberOfDocuments":0.33012307058856055,"label":"Edinburgh Napier University"},{"numberOfDocuments":4.192828280426587,"label":"University of Stirling"},{"numberOfDocuments":0.04697986577181208,"label":"Abertay University"},{"numberOfDocuments":0.5163568004703798,"label":"University of Aberdeen"},{"numberOfDocuments":3.3305924035208756,"label":"University of Edinburgh"},{"numberOfDocuments":1.2370007256506859,"label":"University of the West of Scotland"},{"numberOfDocuments":4.000629702080315,"label":"University of Glasgow"},{"numberOfDocuments":0.916686959020064,"label":"University of St Andrews"},{"numberOfDocuments":2.518217002709461,"label":"University of Strathclyde"}],"conceptId":12},{"topicData":[{"numberOfDocuments":8.121103299562602,"label":"Heriot-Watt University"},{"numberOfDocuments":18.92766308274899,"label":"Robert Gordon University"},{"numberOfDocuments":3.010637206003655,"label":"Glasgow Caledonian University"},{"numberOfDocuments":15.756206356653557,"label":"Queen Margaret University"},{"numberOfDocuments":19.25151821011504,"label":"University of Dundee"},{"numberOfDocuments":5.074560379504284,"label":"University of the Highlands and Islands"},{"numberOfDocuments":20.33593185360091,"label":"Edinburgh Napier University"},{"numberOfDocuments":68.94494511087223,"label":"University of Stirling"},{"numberOfDocuments":5.35315411945266,"label":"Abertay University"},{"numberOfDocuments":29.177986784376326,"label":"University of Aberdeen"},{"numberOfDocuments":150.27551600325964,"label":"University of Edinburgh"},{"numberOfDocuments":8.326703068653478,"label":"University of the West of Scotland"},{"numberOfDocuments":87.19856779728401,"label":"University of Glasgow"},{"numberOfDocuments":56.2099445251557,"label":"University of St Andrews"},{"numberOfDocuments":53.08890525368008,"label":"University of Strathclyde"}],"conceptId":13},{"topicData":[{"numberOfDocuments":0.472387557944934,"label":"Heriot-Watt University"},{"numberOfDocuments":0.2707258284035622,"label":"Robert Gordon University"},{"numberOfDocuments":0.2200880812074887,"label":"Glasgow Caledonian University"},{"numberOfDocuments":2.3009709519385626,"label":"Queen Margaret University"},{"numberOfDocuments":0.46303903079986913,"label":"University of Dundee"},{"numberOfDocuments":0.06634815803648797,"label":"University of the Highlands and Islands"},{"numberOfDocuments":0.42574014874763466,"label":"Edinburgh Napier University"},{"numberOfDocuments":2.765089489772311,"label":"University of Stirling"},{"numberOfDocuments":0.6236161330967355,"label":"Abertay University"},{"numberOfDocuments":1.325682912279543,"label":"University of Aberdeen"},{"numberOfDocuments":4.746541465317255,"label":"University of Edinburgh"},{"numberOfDocuments":0.48248480792930676,"label":"University of the West of Scotland"},{"numberOfDocuments":2.795302850461963,"label":"University of Glasgow"},{"numberOfDocuments":2.0513082696093896,"label":"University of St Andrews"},{"numberOfDocuments":1.3827220258431172,"label":"University of Strathclyde"}],"conceptId":14}]