{"linkageTable":[{"node2":8,"distance":0.439503018843655,"node1":2},{"node2":10,"distance":0.44063510097942,"node1":5},{"node2":7,"distance":0.44725297789336,"node1":1},{"node2":12,"distance":0.46041247152770004,"node1":13},{"node2":11,"distance":0.46117588598007997,"node1":15},{"node2":6,"distance":0.4724718080534034,"node1":16},{"node2":14,"distance":0.47312154796642414,"node1":17},{"node2":4,"distance":0.48150129166488126,"node1":18},{"node2":9,"distance":0.48641567789893003,"node1":20},{"node2":21,"distance":0.49001844276192436,"node1":19},{"node2":22,"distance":0.4933720942672773,"node1":0},{"node2":3,"distance":0.4980913738946933,"node1":23}],"conceptsData":[{"conceptId":5,"clusterId":0,"hexCoordinates":{"x":5.196152422706632,"y":0},"labels":[{"weight":654,"label":"galaxy"},{"weight":195,"label":"mass"},{"weight":156,"label":"stellar"},{"weight":134,"label":"sample"},{"weight":108,"label":"velocity"},{"weight":105,"label":"survey"},{"weight":104,"label":"find"},{"weight":94,"label":"merger"},{"weight":91,"label":"disc"},{"weight":86,"label":"type"},{"weight":81,"label":"population"},{"weight":77,"label":"kinematic"},{"weight":73,"label":"gaia"},{"weight":71,"label":"gas"},{"weight":69,"label":"radial"},{"weight":67,"label":"halo"},{"weight":66,"label":"bulge"},{"weight":58,"label":"host"},{"weight":58,"label":"property"},{"weight":57,"label":"luminosity"},{"weight":54,"label":"profile"},{"weight":52,"label":"star"},{"weight":50,"label":"gradient"},{"weight":49,"label":"dwarf"},{"weight":49,"label":"cent"}],"subTopicId":437},{"conceptId":2,"clusterId":0,"hexCoordinates":{"x":0,"y":0},"labels":[{"weight":317,"label":"planet"},{"weight":314,"label":"star"},{"weight":257,"label":"wasp"},{"weight":236,"label":"mass"},{"weight":206,"label":"transit"},{"weight":182,"label":"orbit"},{"weight":176,"label":"system"},{"weight":167,"label":"radius"},{"weight":138,"label":"host"},{"weight":124,"label":"jupiter"},{"weight":122,"label":"orbital"},{"weight":120,"label":"period"},{"weight":117,"label":"hot"},{"weight":98,"label":"planetary"},{"weight":97,"label":"stellar"},{"weight":77,"label":"companion"},{"weight":76,"label":"find"},{"weight":66,"label":"radial"},{"weight":63,"label":"mjup"},{"weight":61,"label":"day"},{"weight":61,"label":"axis"},{"weight":60,"label":"detect"},{"weight":59,"label":"velocity"},{"weight":59,"label":"observation"},{"weight":57,"label":"rotation"}],"subTopicId":200},{"conceptId":8,"clusterId":0,"hexCoordinates":{"x":1.7320508075688772,"y":0},"labels":[{"weight":807,"label":"star"},{"weight":284,"label":"mass"},{"weight":264,"label":"dwarf"},{"weight":201,"label":"object"},{"weight":178,"label":"stellar"},{"weight":138,"label":"companion"},{"weight":135,"label":"brown"},{"weight":127,"label":"light"},{"weight":122,"label":"accretion"},{"weight":122,"label":"present"},{"weight":117,"label":"low"},{"weight":116,"label":"data"},{"weight":109,"label":"disk"},{"weight":106,"label":"variable"},{"weight":105,"label":"system"},{"weight":103,"label":"young"},{"weight":101,"label":"telescope"},{"weight":100,"label":"variability"},{"weight":100,"label":"observation"},{"weight":98,"label":"binary"},{"weight":94,"label":"high"},{"weight":92,"label":"spectrum"},{"weight":90,"label":"period"},{"weight":86,"label":"photometry"},{"weight":82,"label":"band"}],"subTopicId":644},{"conceptId":3,"clusterId":0,"hexCoordinates":{"x":3.4641016151377544,"y":-3},"labels":[{"weight":105,"label":"comet"},{"weight":81,"label":"membrane"},{"weight":37,"label":"nucleus"},{"weight":32,"label":"permeate"},{"weight":32,"label":"water"},{"weight":31,"label":"flux"},{"weight":28,"label":"process"},{"weight":20,"label":"kelp"},{"weight":19,"label":"fouling"},{"weight":18,"label":"rosetta"},{"weight":18,"label":"foul"},{"weight":18,"label":"surface"},{"weight":17,"label":"latissima"},{"weight":17,"label":"gerasimenko"},{"weight":17,"label":"churyumov"},{"weight":17,"label":"cometary"},{"weight":17,"label":"endophyte"},{"weight":16,"label":"pcdd"},{"weight":16,"label":"filtration"},{"weight":16,"label":"contaminant"},{"weight":16,"label":"feed"},{"weight":15,"label":"jfc"},{"weight":15,"label":"dioxin"},{"weight":15,"label":"pcb"},{"weight":14,"label":"digitata"}],"subTopicId":262},{"conceptId":1,"clusterId":0,"hexCoordinates":{"x":3.4641016151377544,"y":0},"labels":[{"weight":1765,"label":"galaxy"},{"weight":1101,"label":"mass"},{"weight":768,"label":"star"},{"weight":571,"label":"stellar"},{"weight":520,"label":"formation"},{"weight":443,"label":"redshift"},{"weight":341,"label":"sample"},{"weight":336,"label":"find"},{"weight":313,"label":"survey"},{"weight":313,"label":"form"},{"weight":240,"label":"halo"},{"weight":227,"label":"gas"},{"weight":218,"label":"high"},{"weight":207,"label":"density"},{"weight":205,"label":"evolution"},{"weight":204,"label":"sfr"},{"weight":203,"label":"field"},{"weight":202,"label":"population"},{"weight":190,"label":"low"},{"weight":186,"label":"luminosity"},{"weight":179,"label":"function"},{"weight":174,"label":"rate"},{"weight":165,"label":"massive"},{"weight":157,"label":"relation"},{"weight":156,"label":"starburst"}],"subTopicId":157},{"conceptId":9,"clusterId":0,"hexCoordinates":{"x":-0.8660254037844386,"y":-1.5},"labels":[{"weight":389,"label":"field"},{"weight":287,"label":"magnetic"},{"weight":240,"label":"rotation"},{"weight":174,"label":"star"},{"weight":99,"label":"stellar"},{"weight":98,"label":"surface"},{"weight":98,"label":"scale"},{"weight":88,"label":"map"},{"weight":86,"label":"solar"},{"weight":76,"label":"rotational"},{"weight":72,"label":"large"},{"weight":72,"label":"find"},{"weight":64,"label":"activity"},{"weight":61,"label":"period"},{"weight":60,"label":"radial"},{"weight":60,"label":"rotate"},{"weight":56,"label":"show"},{"weight":54,"label":"component"},{"weight":51,"label":"dynamo"},{"weight":51,"label":"differential"},{"weight":50,"label":"sun"},{"weight":50,"label":"observation"},{"weight":48,"label":"velocity"},{"weight":44,"label":"toroidal"},{"weight":43,"label":"small"}],"subTopicId":768},{"conceptId":-1,"clusterId":-1,"hexCoordinates":{"x":8.660254037844386,"y":1.5},"labels":[{"weight":2500,"label":"Unclassified"},{"weight":0,"label":""},{"weight":0,"label":""},{"weight":0,"label":""},{"weight":0,"label":""},{"weight":0,"label":""},{"weight":0,"label":""},{"weight":0,"label":""},{"weight":0,"label":""},{"weight":0,"label":""},{"weight":0,"label":""}],"subTopicId":null},{"conceptId":12,"clusterId":0,"hexCoordinates":{"x":0.8660254037844386,"y":-1.5},"labels":[{"weight":703,"label":"planet"},{"weight":265,"label":"earth"},{"weight":255,"label":"mass"},{"weight":206,"label":"system"},{"weight":161,"label":"planetary"},{"weight":160,"label":"kepler"},{"weight":157,"label":"transit"},{"weight":146,"label":"star"},{"weight":135,"label":"period"},{"weight":133,"label":"exoplanet"},{"weight":128,"label":"radial"},{"weight":128,"label":"velocity"},{"weight":128,"label":"atmosphere"},{"weight":104,"label":"stellar"},{"weight":92,"label":"day"},{"weight":92,"label":"orbit"},{"weight":83,"label":"observation"},{"weight":81,"label":"radius"},{"weight":81,"label":"solar"},{"weight":79,"label":"composition"},{"weight":71,"label":"density"},{"weight":70,"label":"rocky"},{"weight":68,"label":"harp"},{"weight":68,"label":"measurement"},{"weight":68,"label":"find"}],"subTopicId":988},{"conceptId":10,"clusterId":0,"hexCoordinates":{"x":4.330127018922193,"y":-1.5},"labels":[{"weight":1217,"label":"cluster"},{"weight":194,"label":"velocity"},{"weight":171,"label":"clustering"},{"weight":76,"label":"mass"},{"weight":65,"label":"distance"},{"weight":57,"label":"stream"},{"weight":54,"label":"ngc"},{"weight":52,"label":"kinematic"},{"weight":52,"label":"dispersion"},{"weight":47,"label":"halo"},{"weight":46,"label":"dynamical"},{"weight":44,"label":"component"},{"weight":43,"label":"radial"},{"weight":43,"label":"simulation"},{"weight":41,"label":"kpc"},{"weight":41,"label":"substructure"},{"weight":41,"label":"present"},{"weight":37,"label":"profile"},{"weight":36,"label":"group"},{"weight":35,"label":"member"},{"weight":35,"label":"line"},{"weight":35,"label":"context"},{"weight":34,"label":"globular"},{"weight":33,"label":"field"},{"weight":30,"label":"spectrograph"}],"subTopicId":770},{"conceptId":11,"clusterId":0,"hexCoordinates":{"x":4.330127018922193,"y":1.5},"labels":[{"weight":612,"label":"survey"},{"weight":472,"label":"redshift"},{"weight":467,"label":"galaxy"},{"weight":379,"label":"data"},{"weight":295,"label":"measurement"},{"weight":186,"label":"sample"},{"weight":178,"label":"dark"},{"weight":176,"label":"release"},{"weight":171,"label":"cosmological"},{"weight":159,"label":"scale"},{"weight":155,"label":"spectroscopic"},{"weight":152,"label":"cosmic"},{"weight":147,"label":"constraint"},{"weight":144,"label":"spectrum"},{"weight":143,"label":"catalogue"},{"weight":143,"label":"sky"},{"weight":142,"label":"sdss"},{"weight":140,"label":"lensing"},{"weight":133,"label":"field"},{"weight":116,"label":"present"},{"weight":115,"label":"photometric"},{"weight":115,"label":"shear"},{"weight":114,"label":"analysis"},{"weight":109,"label":"source"},{"weight":109,"label":"include"}],"subTopicId":938},{"conceptId":0,"clusterId":0,"hexCoordinates":{"x":1.7320508075688772,"y":-3},"labels":[{"weight":250,"label":"fragment"},{"weight":129,"label":"disc"},{"weight":102,"label":"fragmentation"},{"weight":56,"label":"spiral"},{"weight":53,"label":"object"},{"weight":39,"label":"stream"},{"weight":37,"label":"form"},{"weight":31,"label":"giant"},{"weight":29,"label":"large"},{"weight":28,"label":"produce"},{"weight":27,"label":"space"},{"weight":23,"label":"edge"},{"weight":20,"label":"generate"},{"weight":20,"label":"feature"},{"weight":19,"label":"gravitate"},{"weight":19,"label":"entry"},{"weight":18,"label":"population"},{"weight":17,"label":"gravity"},{"weight":16,"label":"outer"},{"weight":16,"label":"formation"},{"weight":15,"label":"eccentricity"},{"weight":14,"label":"region"},{"weight":14,"label":"scattering"},{"weight":13,"label":"protostellar"},{"weight":13,"label":"semimajor"}],"subTopicId":17},{"conceptId":6,"clusterId":0,"hexCoordinates":{"x":2.598076211353316,"y":-1.5},"labels":[{"weight":594,"label":"disk"},{"weight":501,"label":"dust"},{"weight":456,"label":"gas"},{"weight":371,"label":"cloud"},{"weight":276,"label":"formation"},{"weight":271,"label":"disc"},{"weight":205,"label":"line"},{"weight":203,"label":"model"},{"weight":198,"label":"star"},{"weight":175,"label":"atmosphere"},{"weight":164,"label":"observation"},{"weight":160,"label":"grain"},{"weight":154,"label":"mass"},{"weight":141,"label":"region"},{"weight":140,"label":"emission"},{"weight":135,"label":"form"},{"weight":132,"label":"result"},{"weight":130,"label":"density"},{"weight":117,"label":"structure"},{"weight":115,"label":"temperature"},{"weight":106,"label":"find"},{"weight":104,"label":"particle"},{"weight":99,"label":"core"},{"weight":98,"label":"molecular"},{"weight":96,"label":"planet"}],"subTopicId":515},{"conceptId":7,"clusterId":0,"hexCoordinates":{"x":2.598076211353316,"y":1.5},"labels":[{"weight":348,"label":"radio"},{"weight":327,"label":"line"},{"weight":297,"label":"emission"},{"weight":289,"label":"source"},{"weight":204,"label":"continuum"},{"weight":190,"label":"ray"},{"weight":181,"label":"agn"},{"weight":171,"label":"spectrum"},{"weight":159,"label":"lag"},{"weight":158,"label":"optical"},{"weight":152,"label":"quasar"},{"weight":125,"label":"observation"},{"weight":122,"label":"broad"},{"weight":111,"label":"alma"},{"weight":111,"label":"band"},{"weight":107,"label":"flux"},{"weight":106,"label":"luminosity"},{"weight":97,"label":"high"},{"weight":93,"label":"time"},{"weight":88,"label":"disk"},{"weight":87,"label":"ghz"},{"weight":86,"label":"detect"},{"weight":85,"label":"light"},{"weight":79,"label":"find"},{"weight":76,"label":"accretion"}],"subTopicId":540},{"conceptId":4,"clusterId":0,"hexCoordinates":{"x":0.8660254037844386,"y":1.5},"labels":[{"weight":343,"label":"lens"},{"weight":142,"label":"event"},{"weight":131,"label":"source"},{"weight":100,"label":"microlensing"},{"weight":98,"label":"mass"},{"weight":86,"label":"parallax"},{"weight":83,"label":"chart"},{"weight":73,"label":"ogle"},{"weight":72,"label":"blg"},{"weight":67,"label":"observation"},{"weight":64,"label":"binary"},{"weight":60,"label":"light"},{"weight":52,"label":"brown"},{"weight":52,"label":"solution"},{"weight":51,"label":"curve"},{"weight":51,"label":"distance"},{"weight":48,"label":"kpc"},{"weight":48,"label":"star"},{"weight":45,"label":"measure"},{"weight":43,"label":"motion"},{"weight":42,"label":"galactic"},{"weight":42,"label":"measurement"},{"weight":40,"label":"microlen"},{"weight":38,"label":"dwarf"},{"weight":37,"label":"planet"}],"subTopicId":264}]}