{"linkageTable":[{"node2":5,"distance":0.46479918723450997,"node1":3},{"node2":7,"distance":0.472864307652665,"node1":1},{"node2":4,"distance":0.4773328507269625,"node1":12},{"node2":10,"distance":0.4783473612020675,"node1":11},{"node2":14,"distance":0.48144455305736167,"node1":0},{"node2":8,"distance":0.48342684446362627,"node1":15},{"node2":2,"distance":0.49238334172461,"node1":13},{"node2":17,"distance":0.49274395578527647,"node1":16},{"node2":9,"distance":0.4951426304796161,"node1":18},{"node2":6,"distance":0.49586177936371045,"node1":19}],"conceptsData":[{"conceptId":1,"clusterId":0,"hexCoordinates":{"x":3.4641016151377544,"y":0},"labels":[{"weight":1960,"label":"work"},{"weight":976,"label":"worker"},{"weight":938,"label":"employment"},{"weight":696,"label":"labour"},{"weight":693,"label":"job"},{"weight":516,"label":"employee"},{"weight":336,"label":"market"},{"weight":329,"label":"workplace"},{"weight":252,"label":"employer"},{"weight":192,"label":"pay"},{"weight":175,"label":"policy"},{"weight":169,"label":"benefit"},{"weight":166,"label":"workforce"},{"weight":160,"label":"sector"},{"weight":147,"label":"skill"},{"weight":146,"label":"demand"},{"weight":135,"label":"time"},{"weight":132,"label":"article"},{"weight":121,"label":"occupational"},{"weight":116,"label":"employ"},{"weight":114,"label":"high"},{"weight":104,"label":"condition"},{"weight":101,"label":"career"},{"weight":97,"label":"social"},{"weight":95,"label":"welfare"}],"subTopicId":176},{"conceptId":10,"clusterId":0,"hexCoordinates":{"x":0.8660254037844386,"y":-1.5},"labels":[{"weight":424,"label":"return"},{"weight":315,"label":"market"},{"weight":308,"label":"stock"},{"weight":132,"label":"investor"},{"weight":126,"label":"firm"},{"weight":124,"label":"target"},{"weight":102,"label":"acquisition"},{"weight":101,"label":"announcement"},{"weight":97,"label":"investment"},{"weight":88,"label":"trading"},{"weight":82,"label":"find"},{"weight":72,"label":"company"},{"weight":72,"label":"evidence"},{"weight":71,"label":"acquirer"},{"weight":69,"label":"period"},{"weight":65,"label":"abnormal"},{"weight":63,"label":"financial"},{"weight":60,"label":"deal"},{"weight":54,"label":"price"},{"weight":53,"label":"high"},{"weight":50,"label":"share"},{"weight":49,"label":"portfolio"},{"weight":49,"label":"gain"},{"weight":46,"label":"information"},{"weight":45,"label":"shareholder"}],"subTopicId":967},{"conceptId":3,"clusterId":0,"hexCoordinates":{"x":0,"y":0},"labels":[{"weight":568,"label":"financial"},{"weight":435,"label":"crisis"},{"weight":292,"label":"market"},{"weight":236,"label":"debt"},{"weight":211,"label":"bank"},{"weight":175,"label":"bond"},{"weight":150,"label":"risk"},{"weight":145,"label":"credit"},{"weight":143,"label":"economic"},{"weight":123,"label":"paper"},{"weight":119,"label":"global"},{"weight":112,"label":"money"},{"weight":102,"label":"firm"},{"weight":97,"label":"period"},{"weight":96,"label":"country"},{"weight":95,"label":"monetary"},{"weight":92,"label":"currency"},{"weight":88,"label":"finance"},{"weight":83,"label":"banking"},{"weight":78,"label":"interest"},{"weight":71,"label":"real"},{"weight":66,"label":"time"},{"weight":64,"label":"economy"},{"weight":62,"label":"return"},{"weight":61,"label":"find"}],"subTopicId":215},{"conceptId":5,"clusterId":0,"hexCoordinates":{"x":1.7320508075688772,"y":0},"labels":[{"weight":886,"label":"bank"},{"weight":653,"label":"firm"},{"weight":509,"label":"risk"},{"weight":413,"label":"financial"},{"weight":341,"label":"performance"},{"weight":249,"label":"find"},{"weight":245,"label":"capital"},{"weight":218,"label":"market"},{"weight":209,"label":"investment"},{"weight":205,"label":"banking"},{"weight":205,"label":"asset"},{"weight":188,"label":"board"},{"weight":184,"label":"governance"},{"weight":183,"label":"corporate"},{"weight":173,"label":"company"},{"weight":164,"label":"investor"},{"weight":163,"label":"result"},{"weight":160,"label":"fund"},{"weight":142,"label":"portfolio"},{"weight":140,"label":"ownership"},{"weight":133,"label":"director"},{"weight":132,"label":"ceo"},{"weight":129,"label":"stock"},{"weight":125,"label":"examine"},{"weight":123,"label":"equity"}],"subTopicId":677},{"conceptId":-1,"clusterId":-1,"hexCoordinates":{"x":7.794228634059947,"y":3},"labels":[{"weight":2500,"label":"Unclassified"},{"weight":0,"label":""},{"weight":0,"label":""},{"weight":0,"label":""},{"weight":0,"label":""},{"weight":0,"label":""},{"weight":0,"label":""},{"weight":0,"label":""},{"weight":0,"label":""},{"weight":0,"label":""},{"weight":0,"label":""}],"subTopicId":null},{"conceptId":0,"clusterId":0,"hexCoordinates":{"x":0.8660254037844386,"y":1.5},"labels":[{"weight":516,"label":"sector"},{"weight":452,"label":"industry"},{"weight":440,"label":"market"},{"weight":400,"label":"firm"},{"weight":391,"label":"economic"},{"weight":387,"label":"sme"},{"weight":378,"label":"economy"},{"weight":331,"label":"country"},{"weight":281,"label":"investment"},{"weight":278,"label":"growth"},{"weight":268,"label":"international"},{"weight":250,"label":"export"},{"weight":244,"label":"paper"},{"weight":187,"label":"development"},{"weight":184,"label":"trade"},{"weight":165,"label":"policy"},{"weight":163,"label":"foreign"},{"weight":150,"label":"business"},{"weight":140,"label":"effect"},{"weight":137,"label":"impact"},{"weight":122,"label":"global"},{"weight":107,"label":"role"},{"weight":105,"label":"size"},{"weight":104,"label":"small"},{"weight":104,"label":"develop"}],"subTopicId":159},{"conceptId":9,"clusterId":0,"hexCoordinates":{"x":4.330127018922193,"y":-1.5},"labels":[{"weight":1265,"label":"preference"},{"weight":1236,"label":"choice"},{"weight":446,"label":"individual"},{"weight":359,"label":"decision"},{"weight":296,"label":"choose"},{"weight":284,"label":"attribute"},{"weight":278,"label":"experiment"},{"weight":252,"label":"show"},{"weight":238,"label":"make"},{"weight":235,"label":"prefer"},{"weight":223,"label":"pay"},{"weight":204,"label":"willingness"},{"weight":203,"label":"wtp"},{"weight":189,"label":"result"},{"weight":188,"label":"find"},{"weight":176,"label":"bias"},{"weight":172,"label":"preferred"},{"weight":172,"label":"effect"},{"weight":169,"label":"respondent"},{"weight":155,"label":"state"},{"weight":153,"label":"option"},{"weight":149,"label":"discrete"},{"weight":136,"label":"utility"},{"weight":133,"label":"alternative"},{"weight":131,"label":"reward"}],"subTopicId":878},{"conceptId":2,"clusterId":0,"hexCoordinates":{"x":3.4641016151377544,"y":3},"labels":[{"weight":4977,"label":"term"},{"weight":4517,"label":"long"},{"weight":2608,"label":"time"},{"weight":1885,"label":"short"},{"weight":1028,"label":"period"},{"weight":850,"label":"point"},{"weight":656,"label":"show"},{"weight":595,"label":"longer"},{"weight":566,"label":"study"},{"weight":549,"label":"follow"},{"weight":539,"label":"find"},{"weight":457,"label":"condition"},{"weight":436,"label":"occur"},{"weight":433,"label":"change"},{"weight":415,"label":"result"},{"weight":308,"label":"start"},{"weight":280,"label":"single"},{"weight":272,"label":"form"},{"weight":262,"label":"stability"},{"weight":251,"label":"demonstrate"},{"weight":246,"label":"large"},{"weight":245,"label":"run"},{"weight":243,"label":"remain"},{"weight":240,"label":"length"},{"weight":239,"label":"duration"}],"subTopicId":212},{"conceptId":7,"clusterId":0,"hexCoordinates":{"x":2.598076211353316,"y":1.5},"labels":[{"weight":397,"label":"income"},{"weight":261,"label":"effect"},{"weight":248,"label":"unemployment"},{"weight":237,"label":"wage"},{"weight":213,"label":"tax"},{"weight":206,"label":"labor"},{"weight":180,"label":"impact"},{"weight":159,"label":"increase"},{"weight":154,"label":"household"},{"weight":154,"label":"market"},{"weight":149,"label":"expenditure"},{"weight":149,"label":"paper"},{"weight":123,"label":"model"},{"weight":119,"label":"capital"},{"weight":106,"label":"labour"},{"weight":101,"label":"pay"},{"weight":99,"label":"price"},{"weight":96,"label":"survey"},{"weight":96,"label":"higher"},{"weight":96,"label":"worker"},{"weight":93,"label":"employment"},{"weight":92,"label":"shock"},{"weight":92,"label":"elasticity"},{"weight":91,"label":"country"},{"weight":87,"label":"panel"}],"subTopicId":755},{"conceptId":8,"clusterId":0,"hexCoordinates":{"x":2.598076211353316,"y":-1.5},"labels":[{"weight":951,"label":"market"},{"weight":830,"label":"price"},{"weight":405,"label":"trade"},{"weight":203,"label":"trading"},{"weight":194,"label":"volatility"},{"weight":193,"label":"model"},{"weight":180,"label":"pricing"},{"weight":141,"label":"paper"},{"weight":123,"label":"risk"},{"weight":122,"label":"demand"},{"weight":122,"label":"mechanism"},{"weight":120,"label":"contract"},{"weight":120,"label":"exchange"},{"weight":114,"label":"stock"},{"weight":105,"label":"future"},{"weight":96,"label":"equilibrium"},{"weight":96,"label":"cost"},{"weight":91,"label":"auction"},{"weight":90,"label":"bid"},{"weight":89,"label":"commodity"},{"weight":89,"label":"efficiency"},{"weight":84,"label":"show"},{"weight":83,"label":"period"},{"weight":80,"label":"information"},{"weight":79,"label":"revenue"}],"subTopicId":821},{"conceptId":4,"clusterId":0,"hexCoordinates":{"x":4.330127018922193,"y":1.5},"labels":[{"weight":582,"label":"growth"},{"weight":475,"label":"economic"},{"weight":372,"label":"scotland"},{"weight":332,"label":"economy"},{"weight":320,"label":"scottish"},{"weight":265,"label":"year"},{"weight":190,"label":"gdp"},{"weight":169,"label":"productivity"},{"weight":168,"label":"rise"},{"weight":165,"label":"data"},{"weight":160,"label":"business"},{"weight":158,"label":"recession"},{"weight":147,"label":"rate"},{"weight":144,"label":"fiscal"},{"weight":142,"label":"increase"},{"weight":139,"label":"recent"},{"weight":136,"label":"government"},{"weight":129,"label":"spending"},{"weight":127,"label":"continue"},{"weight":124,"label":"quarter"},{"weight":124,"label":"trend"},{"weight":115,"label":"fall"},{"weight":115,"label":"policy"},{"weight":107,"label":"period"},{"weight":105,"label":"investment"}],"subTopicId":306},{"conceptId":6,"clusterId":0,"hexCoordinates":{"x":1.7320508075688772,"y":3},"labels":[{"weight":894,"label":"housing"},{"weight":188,"label":"rent"},{"weight":184,"label":"home"},{"weight":146,"label":"social"},{"weight":116,"label":"house"},{"weight":105,"label":"household"},{"weight":101,"label":"paper"},{"weight":94,"label":"market"},{"weight":92,"label":"move"},{"weight":89,"label":"tenant"},{"weight":89,"label":"private"},{"weight":82,"label":"property"},{"weight":76,"label":"welfare"},{"weight":75,"label":"sector"},{"weight":72,"label":"estate"},{"weight":70,"label":"homelessness"},{"weight":70,"label":"ownership"},{"weight":69,"label":"people"},{"weight":64,"label":"homeownership"},{"weight":64,"label":"tenure"},{"weight":60,"label":"hcc"},{"weight":58,"label":"aspiration"},{"weight":56,"label":"owner"},{"weight":49,"label":"accommodation"},{"weight":47,"label":"live"}],"subTopicId":724}]}