[{"topicData":[{"numberOfDocuments":0.0,"label":"Heriot-Watt University"},{"numberOfDocuments":0.0,"label":"Robert Gordon University"},{"numberOfDocuments":0.0,"label":"Glasgow Caledonian University"},{"numberOfDocuments":0.0,"label":"Queen Margaret University"},{"numberOfDocuments":0.0,"label":"University of Dundee"},{"numberOfDocuments":0.0,"label":"University of the Highlands and Islands"},{"numberOfDocuments":0.0,"label":"Edinburgh Napier University"},{"numberOfDocuments":0.0,"label":"University of Stirling"},{"numberOfDocuments":0.0,"label":"Abertay University"},{"numberOfDocuments":0.0,"label":"University of Aberdeen"},{"numberOfDocuments":0.0,"label":"University of Edinburgh"},{"numberOfDocuments":0.0,"label":"University of the West of Scotland"},{"numberOfDocuments":0.0,"label":"University of Glasgow"},{"numberOfDocuments":0.0,"label":"University of St Andrews"},{"numberOfDocuments":0.0,"label":"University of Strathclyde"}],"conceptId":-1},{"topicData":[{"numberOfDocuments":0.9161507442889526,"label":"Heriot-Watt University"},{"numberOfDocuments":4.201340057087884,"label":"Robert Gordon University"},{"numberOfDocuments":0.6926188309361719,"label":"Glasgow Caledonian University"},{"numberOfDocuments":0.17747910622615745,"label":"Queen Margaret University"},{"numberOfDocuments":0.3841862794107151,"label":"University of Dundee"},{"numberOfDocuments":0.04195804195804196,"label":"University of the Highlands and Islands"},{"numberOfDocuments":0.5878999582365407,"label":"Edinburgh Napier University"},{"numberOfDocuments":0.9224667597930185,"label":"University of Stirling"},{"numberOfDocuments":0.20429419029756168,"label":"Abertay University"},{"numberOfDocuments":0.6614565411925423,"label":"University of Aberdeen"},{"numberOfDocuments":1.30316675271287,"label":"University of Edinburgh"},{"numberOfDocuments":1.0715293184048846,"label":"University of the West of Scotland"},{"numberOfDocuments":1.1239777329397436,"label":"University of Glasgow"},{"numberOfDocuments":1.290586881163804,"label":"University of St Andrews"},{"numberOfDocuments":2.259958179940969,"label":"University of Strathclyde"}],"conceptId":0},{"topicData":[{"numberOfDocuments":0.9589412840197923,"label":"Heriot-Watt University"},{"numberOfDocuments":1.4252471048692985,"label":"Robert Gordon University"},{"numberOfDocuments":0.5183134171158161,"label":"Glasgow Caledonian University"},{"numberOfDocuments":1.3402383219257454,"label":"Queen Margaret University"},{"numberOfDocuments":1.5645727777796896,"label":"University of Dundee"},{"numberOfDocuments":0.057971014492753624,"label":"University of the Highlands and Islands"},{"numberOfDocuments":2.7144988158060452,"label":"Edinburgh Napier University"},{"numberOfDocuments":6.6771313296850625,"label":"University of Stirling"},{"numberOfDocuments":0.3916475938741016,"label":"Abertay University"},{"numberOfDocuments":1.054242535589714,"label":"University of Aberdeen"},{"numberOfDocuments":6.312923434815254,"label":"University of Edinburgh"},{"numberOfDocuments":0.6050922259603473,"label":"University of the West of Scotland"},{"numberOfDocuments":4.152590049021505,"label":"University of Glasgow"},{"numberOfDocuments":5.912821915349013,"label":"University of St Andrews"},{"numberOfDocuments":4.81965591574157,"label":"University of Strathclyde"}],"conceptId":1},{"topicData":[{"numberOfDocuments":4.883740741709882,"label":"Heriot-Watt University"},{"numberOfDocuments":7.034898330552684,"label":"Robert Gordon University"},{"numberOfDocuments":2.564975933590862,"label":"Glasgow Caledonian University"},{"numberOfDocuments":2.401774764521138,"label":"Queen Margaret University"},{"numberOfDocuments":6.545545965308998,"label":"University of Dundee"},{"numberOfDocuments":0.7668834015989741,"label":"University of the Highlands and Islands"},{"numberOfDocuments":6.081469591895884,"label":"Edinburgh Napier University"},{"numberOfDocuments":15.986157345877217,"label":"University of Stirling"},{"numberOfDocuments":1.2106625760691692,"label":"Abertay University"},{"numberOfDocuments":3.7953752782101966,"label":"University of Aberdeen"},{"numberOfDocuments":20.239171647984588,"label":"University of Edinburgh"},{"numberOfDocuments":3.398500717711265,"label":"University of the West of Scotland"},{"numberOfDocuments":22.65269781978626,"label":"University of Glasgow"},{"numberOfDocuments":6.6644363916667375,"label":"University of St Andrews"},{"numberOfDocuments":14.65405021328959,"label":"University of Strathclyde"}],"conceptId":2},{"topicData":[{"numberOfDocuments":2.5190939898631166,"label":"Heriot-Watt University"},{"numberOfDocuments":2.3487471300256955,"label":"Robert Gordon University"},{"numberOfDocuments":2.075880158762497,"label":"Glasgow Caledonian University"},{"numberOfDocuments":2.0531909120329783,"label":"Queen Margaret University"},{"numberOfDocuments":1.433088959510059,"label":"University of Dundee"},{"numberOfDocuments":0.580449606775981,"label":"University of the Highlands and Islands"},{"numberOfDocuments":4.561050477219599,"label":"Edinburgh Napier University"},{"numberOfDocuments":3.426672897404315,"label":"University of Stirling"},{"numberOfDocuments":0.6395862595413999,"label":"Abertay University"},{"numberOfDocuments":1.8789120263803802,"label":"University of Aberdeen"},{"numberOfDocuments":8.888008515568462,"label":"University of Edinburgh"},{"numberOfDocuments":1.8712520780977182,"label":"University of the West of Scotland"},{"numberOfDocuments":6.296467155247941,"label":"University of Glasgow"},{"numberOfDocuments":1.064840407657864,"label":"University of St Andrews"},{"numberOfDocuments":20.295739398902054,"label":"University of Strathclyde"}],"conceptId":3},{"topicData":[{"numberOfDocuments":13.8492987444746,"label":"Heriot-Watt University"},{"numberOfDocuments":16.94195342808966,"label":"Robert Gordon University"},{"numberOfDocuments":10.703018496067433,"label":"Glasgow Caledonian University"},{"numberOfDocuments":10.868313429589096,"label":"Queen Margaret University"},{"numberOfDocuments":7.44343668808468,"label":"University of Dundee"},{"numberOfDocuments":0.8557986190352945,"label":"University of the Highlands and Islands"},{"numberOfDocuments":18.93805246527855,"label":"Edinburgh Napier University"},{"numberOfDocuments":27.704766027540824,"label":"University of Stirling"},{"numberOfDocuments":5.379905052521746,"label":"Abertay University"},{"numberOfDocuments":5.167544257422176,"label":"University of Aberdeen"},{"numberOfDocuments":19.22656099731906,"label":"University of Edinburgh"},{"numberOfDocuments":9.07002655330213,"label":"University of the West of Scotland"},{"numberOfDocuments":20.212620602639117,"label":"University of Glasgow"},{"numberOfDocuments":4.407174057744331,"label":"University of St Andrews"},{"numberOfDocuments":44.62983206502753,"label":"University of Strathclyde"}],"conceptId":4},{"topicData":[{"numberOfDocuments":2.274612438551631,"label":"Heriot-Watt University"},{"numberOfDocuments":0.14252571927444982,"label":"Robert Gordon University"},{"numberOfDocuments":0.0532015065913371,"label":"Glasgow Caledonian University"},{"numberOfDocuments":0.36860860452296335,"label":"Queen Margaret University"},{"numberOfDocuments":0.39635013029094307,"label":"University of Dundee"},{"numberOfDocuments":0.7705099194499068,"label":"University of the Highlands and Islands"},{"numberOfDocuments":0.9963359831222006,"label":"Edinburgh Napier University"},{"numberOfDocuments":2.132239613665794,"label":"University of Stirling"},{"numberOfDocuments":0.03880151098901099,"label":"Abertay University"},{"numberOfDocuments":1.3650878982704815,"label":"University of Aberdeen"},{"numberOfDocuments":3.2208990051281083,"label":"University of Edinburgh"},{"numberOfDocuments":0.3672970157722944,"label":"University of the West of Scotland"},{"numberOfDocuments":2.394997712326745,"label":"University of Glasgow"},{"numberOfDocuments":0.9038084948722055,"label":"University of St Andrews"},{"numberOfDocuments":7.495141895738906,"label":"University of Strathclyde"}],"conceptId":5},{"topicData":[{"numberOfDocuments":0.8415103303591502,"label":"Heriot-Watt University"},{"numberOfDocuments":0.14734315439511622,"label":"Robert Gordon University"},{"numberOfDocuments":0.035460992907801414,"label":"Glasgow Caledonian University"},{"numberOfDocuments":1.9612625855161805,"label":"Queen Margaret University"},{"numberOfDocuments":0.7583050996267384,"label":"University of Dundee"},{"numberOfDocuments":0.08815256873503259,"label":"University of the Highlands and Islands"},{"numberOfDocuments":0.772619423818427,"label":"Edinburgh Napier University"},{"numberOfDocuments":1.561078557937473,"label":"University of Stirling"},{"numberOfDocuments":0.23715415019762845,"label":"Abertay University"},{"numberOfDocuments":0.14681446499628317,"label":"University of Aberdeen"},{"numberOfDocuments":2.4398488964551373,"label":"University of Edinburgh"},{"numberOfDocuments":0.28226831591708035,"label":"University of the West of Scotland"},{"numberOfDocuments":2.9796123052799426,"label":"University of Glasgow"},{"numberOfDocuments":1.0209458481744915,"label":"University of St Andrews"},{"numberOfDocuments":1.8243585325737033,"label":"University of Strathclyde"}],"conceptId":6},{"topicData":[{"numberOfDocuments":7.3506902136846,"label":"Heriot-Watt University"},{"numberOfDocuments":22.53786421727429,"label":"Robert Gordon University"},{"numberOfDocuments":5.670601913664793,"label":"Glasgow Caledonian University"},{"numberOfDocuments":6.9541958789787515,"label":"Queen Margaret University"},{"numberOfDocuments":5.001844404147506,"label":"University of Dundee"},{"numberOfDocuments":0.9839591096235131,"label":"University of the Highlands and Islands"},{"numberOfDocuments":16.37541643588283,"label":"Edinburgh Napier University"},{"numberOfDocuments":25.742275695505136,"label":"University of Stirling"},{"numberOfDocuments":4.059749128622585,"label":"Abertay University"},{"numberOfDocuments":5.00735314204391,"label":"University of Aberdeen"},{"numberOfDocuments":36.671791728907905,"label":"University of Edinburgh"},{"numberOfDocuments":10.17439670783128,"label":"University of the West of Scotland"},{"numberOfDocuments":31.18782726344589,"label":"University of Glasgow"},{"numberOfDocuments":11.307351017549491,"label":"University of St Andrews"},{"numberOfDocuments":48.570702116752436,"label":"University of Strathclyde"}],"conceptId":7},{"topicData":[{"numberOfDocuments":1.312782858924361,"label":"Heriot-Watt University"},{"numberOfDocuments":0.8022026954339361,"label":"Robert Gordon University"},{"numberOfDocuments":0.17626058152373944,"label":"Glasgow Caledonian University"},{"numberOfDocuments":0.3807126434097086,"label":"Queen Margaret University"},{"numberOfDocuments":0.48132006934067606,"label":"University of Dundee"},{"numberOfDocuments":0.5950897419296584,"label":"University of the Highlands and Islands"},{"numberOfDocuments":0.36913468909660585,"label":"Edinburgh Napier University"},{"numberOfDocuments":2.677275646497496,"label":"University of Stirling"},{"numberOfDocuments":0.20418412645278083,"label":"Abertay University"},{"numberOfDocuments":1.291480705739337,"label":"University of Aberdeen"},{"numberOfDocuments":3.105488163200025,"label":"University of Edinburgh"},{"numberOfDocuments":0.2471212362041747,"label":"University of the West of Scotland"},{"numberOfDocuments":3.3740533060973656,"label":"University of Glasgow"},{"numberOfDocuments":2.4952932539402752,"label":"University of St Andrews"},{"numberOfDocuments":2.141371400780727,"label":"University of Strathclyde"}],"conceptId":8},{"topicData":[{"numberOfDocuments":2.770999427962632,"label":"Heriot-Watt University"},{"numberOfDocuments":1.637377461133148,"label":"Robert Gordon University"},{"numberOfDocuments":3.8893100492451125,"label":"Glasgow Caledonian University"},{"numberOfDocuments":3.484979017768543,"label":"Queen Margaret University"},{"numberOfDocuments":1.1337434084317586,"label":"University of Dundee"},{"numberOfDocuments":0.2148322263462216,"label":"University of the Highlands and Islands"},{"numberOfDocuments":3.4099481668043197,"label":"Edinburgh Napier University"},{"numberOfDocuments":12.252371956792475,"label":"University of Stirling"},{"numberOfDocuments":0.7945155377953796,"label":"Abertay University"},{"numberOfDocuments":1.2108986935825055,"label":"University of Aberdeen"},{"numberOfDocuments":6.355289671963657,"label":"University of Edinburgh"},{"numberOfDocuments":1.3575603776217047,"label":"University of the West of Scotland"},{"numberOfDocuments":7.515602652431485,"label":"University of Glasgow"},{"numberOfDocuments":1.417334426108892,"label":"University of St Andrews"},{"numberOfDocuments":10.977746826205694,"label":"University of Strathclyde"}],"conceptId":9},{"topicData":[{"numberOfDocuments":19.40373337757093,"label":"Heriot-Watt University"},{"numberOfDocuments":17.513371276183005,"label":"Robert Gordon University"},{"numberOfDocuments":7.733776312771786,"label":"Glasgow Caledonian University"},{"numberOfDocuments":25.394561333319025,"label":"Queen Margaret University"},{"numberOfDocuments":16.7053287371869,"label":"University of Dundee"},{"numberOfDocuments":3.754468205016055,"label":"University of the Highlands and Islands"},{"numberOfDocuments":19.128799840260402,"label":"Edinburgh Napier University"},{"numberOfDocuments":34.81310430913822,"label":"University of Stirling"},{"numberOfDocuments":7.3986981412620025,"label":"Abertay University"},{"numberOfDocuments":10.500799269419796,"label":"University of Aberdeen"},{"numberOfDocuments":48.95158437177099,"label":"University of Edinburgh"},{"numberOfDocuments":10.72018343174471,"label":"University of the West of Scotland"},{"numberOfDocuments":42.260383638038256,"label":"University of Glasgow"},{"numberOfDocuments":16.50205738670863,"label":"University of St Andrews"},{"numberOfDocuments":42.92083582161883,"label":"University of Strathclyde"}],"conceptId":10},{"topicData":[{"numberOfDocuments":0.3856007678843319,"label":"Heriot-Watt University"},{"numberOfDocuments":1.2218805060173408,"label":"Robert Gordon University"},{"numberOfDocuments":0.23643797643797645,"label":"Glasgow Caledonian University"},{"numberOfDocuments":1.1673349966641557,"label":"Queen Margaret University"},{"numberOfDocuments":0.9154536013337574,"label":"University of Dundee"},{"numberOfDocuments":0.0,"label":"University of the Highlands and Islands"},{"numberOfDocuments":1.4576501488910134,"label":"Edinburgh Napier University"},{"numberOfDocuments":3.08485514118663,"label":"University of Stirling"},{"numberOfDocuments":0.26933803886969093,"label":"Abertay University"},{"numberOfDocuments":1.1446935922622576,"label":"University of Aberdeen"},{"numberOfDocuments":3.474146976983154,"label":"University of Edinburgh"},{"numberOfDocuments":1.3442473731890043,"label":"University of the West of Scotland"},{"numberOfDocuments":2.0940526149983283,"label":"University of Glasgow"},{"numberOfDocuments":1.1634872116967094,"label":"University of St Andrews"},{"numberOfDocuments":1.160358356834432,"label":"University of Strathclyde"}],"conceptId":11},{"topicData":[{"numberOfDocuments":5.314200488745612,"label":"Heriot-Watt University"},{"numberOfDocuments":4.867834519653949,"label":"Robert Gordon University"},{"numberOfDocuments":4.915330825149665,"label":"Glasgow Caledonian University"},{"numberOfDocuments":46.62956906718506,"label":"Queen Margaret University"},{"numberOfDocuments":2.4829226813230982,"label":"University of Dundee"},{"numberOfDocuments":0.3251514765369878,"label":"University of the Highlands and Islands"},{"numberOfDocuments":5.833105800920459,"label":"Edinburgh Napier University"},{"numberOfDocuments":10.938535439856654,"label":"University of Stirling"},{"numberOfDocuments":1.255554200710094,"label":"Abertay University"},{"numberOfDocuments":2.2951795925754,"label":"University of Aberdeen"},{"numberOfDocuments":9.338042705964273,"label":"University of Edinburgh"},{"numberOfDocuments":3.0900820525247585,"label":"University of the West of Scotland"},{"numberOfDocuments":10.003152783492471,"label":"University of Glasgow"},{"numberOfDocuments":2.3674541681381336,"label":"University of St Andrews"},{"numberOfDocuments":14.246229353924573,"label":"University of Strathclyde"}],"conceptId":12},{"topicData":[{"numberOfDocuments":0.5218438312786666,"label":"Heriot-Watt University"},{"numberOfDocuments":0.4333713475747018,"label":"Robert Gordon University"},{"numberOfDocuments":0.09670633730039671,"label":"Glasgow Caledonian University"},{"numberOfDocuments":1.6490488416626599,"label":"Queen Margaret University"},{"numberOfDocuments":0.35346150300794266,"label":"University of Dundee"},{"numberOfDocuments":0.1442403222064239,"label":"University of the Highlands and Islands"},{"numberOfDocuments":2.5512002384115355,"label":"Edinburgh Napier University"},{"numberOfDocuments":2.8340766895955247,"label":"University of Stirling"},{"numberOfDocuments":0.4302910398546667,"label":"Abertay University"},{"numberOfDocuments":0.583482918288385,"label":"University of Aberdeen"},{"numberOfDocuments":2.8597223108428245,"label":"University of Edinburgh"},{"numberOfDocuments":0.42703501240291425,"label":"University of the West of Scotland"},{"numberOfDocuments":2.2506978064748573,"label":"University of Glasgow"},{"numberOfDocuments":1.2086084943320266,"label":"University of St Andrews"},{"numberOfDocuments":1.6504579415982583,"label":"University of Strathclyde"}],"conceptId":13},{"topicData":[{"numberOfDocuments":1.5503457981206794,"label":"Heriot-Watt University"},{"numberOfDocuments":4.517485434763857,"label":"Robert Gordon University"},{"numberOfDocuments":0.15151323849091933,"label":"Glasgow Caledonian University"},{"numberOfDocuments":0.856907381635794,"label":"Queen Margaret University"},{"numberOfDocuments":4.937535169770515,"label":"University of Dundee"},{"numberOfDocuments":0.024390243902439025,"label":"University of the Highlands and Islands"},{"numberOfDocuments":1.1285053436796912,"label":"Edinburgh Napier University"},{"numberOfDocuments":5.277501946619999,"label":"University of Stirling"},{"numberOfDocuments":0.5642664423377413,"label":"Abertay University"},{"numberOfDocuments":3.137504571311357,"label":"University of Aberdeen"},{"numberOfDocuments":5.258101574326794,"label":"University of Edinburgh"},{"numberOfDocuments":3.4597081979029647,"label":"University of the West of Scotland"},{"numberOfDocuments":12.612567837744642,"label":"University of Glasgow"},{"numberOfDocuments":2.4481507308937127,"label":"University of St Andrews"},{"numberOfDocuments":4.193815638688428,"label":"University of Strathclyde"}],"conceptId":14},{"topicData":[{"numberOfDocuments":13.543442908075319,"label":"Heriot-Watt University"},{"numberOfDocuments":8.953092037904929,"label":"Robert Gordon University"},{"numberOfDocuments":4.5149164059260265,"label":"Glasgow Caledonian University"},{"numberOfDocuments":12.17419567952858,"label":"Queen Margaret University"},{"numberOfDocuments":15.626191813311065,"label":"University of Dundee"},{"numberOfDocuments":4.464171559961767,"label":"University of the Highlands and Islands"},{"numberOfDocuments":9.185384936486459,"label":"Edinburgh Napier University"},{"numberOfDocuments":22.525945187696188,"label":"University of Stirling"},{"numberOfDocuments":3.7841318056169495,"label":"Abertay University"},{"numberOfDocuments":23.548776665461148,"label":"University of Aberdeen"},{"numberOfDocuments":70.1893831645206,"label":"University of Edinburgh"},{"numberOfDocuments":5.706683269738236,"label":"University of the West of Scotland"},{"numberOfDocuments":57.30529072970464,"label":"University of Glasgow"},{"numberOfDocuments":22.97077665400239,"label":"University of St Andrews"},{"numberOfDocuments":42.390532532531104,"label":"University of Strathclyde"}],"conceptId":15},{"topicData":[{"numberOfDocuments":0.30277658643176486,"label":"Heriot-Watt University"},{"numberOfDocuments":0.1631746031746032,"label":"Robert Gordon University"},{"numberOfDocuments":1.550213470191002,"label":"Glasgow Caledonian University"},{"numberOfDocuments":1.275445674629036,"label":"Queen Margaret University"},{"numberOfDocuments":0.3589336763164803,"label":"University of Dundee"},{"numberOfDocuments":0.4852242853097638,"label":"University of the Highlands and Islands"},{"numberOfDocuments":1.2374177855030506,"label":"Edinburgh Napier University"},{"numberOfDocuments":1.4258812027231396,"label":"University of Stirling"},{"numberOfDocuments":0.20838997537302623,"label":"Abertay University"},{"numberOfDocuments":0.8215216651372192,"label":"University of Aberdeen"},{"numberOfDocuments":3.7599372297254714,"label":"University of Edinburgh"},{"numberOfDocuments":1.3284902979366702,"label":"University of the West of Scotland"},{"numberOfDocuments":5.61875652634989,"label":"University of Glasgow"},{"numberOfDocuments":0.338298152121832,"label":"University of St Andrews"},{"numberOfDocuments":3.9087295105852284,"label":"University of Strathclyde"}],"conceptId":16}]