{"linkageTable":[{"node2":5,"distance":0.409391655496875,"node1":3},{"node2":12,"distance":0.443884328041495,"node1":13},{"node2":4,"distance":0.45357323849219,"node1":1},{"node2":11,"distance":0.468401454372305,"node1":9},{"node2":8,"distance":0.47035562034045997,"node1":14},{"node2":15,"distance":0.4745896926037425,"node1":0},{"node2":2,"distance":0.48061604089146,"node1":18},{"node2":16,"distance":0.4810154141445,"node1":6},{"node2":20,"distance":0.4827804620247575,"node1":17},{"node2":21,"distance":0.4892362341975857,"node1":19},{"node2":7,"distance":0.4926003946001691,"node1":22},{"node2":10,"distance":0.49941549698656584,"node1":23}],"conceptsData":[{"conceptId":2,"clusterId":0,"hexCoordinates":{"x":-1.7320508075688772,"y":0},"labels":[{"weight":253,"label":"seismic"},{"weight":162,"label":"interpretation"},{"weight":152,"label":"data"},{"weight":140,"label":"basin"},{"weight":134,"label":"geological"},{"weight":85,"label":"system"},{"weight":83,"label":"subsurface"},{"weight":72,"label":"reservoir"},{"weight":70,"label":"velocity"},{"weight":69,"label":"facy"},{"weight":63,"label":"sedimentary"},{"weight":62,"label":"sill"},{"weight":61,"label":"borehole"},{"weight":61,"label":"structure"},{"weight":60,"label":"field"},{"weight":58,"label":"interpret"},{"weight":56,"label":"intrusion"},{"weight":53,"label":"volcanic"},{"weight":53,"label":"area"},{"weight":50,"label":"analysis"},{"weight":49,"label":"dataset"},{"weight":48,"label":"exploration"},{"weight":47,"label":"outcrop"},{"weight":47,"label":"sequence"},{"weight":46,"label":"structural"}],"subTopicId":436},{"conceptId":3,"clusterId":0,"hexCoordinates":{"x":0,"y":0},"labels":[{"weight":259,"label":"rock"},{"weight":205,"label":"age"},{"weight":192,"label":"crust"},{"weight":181,"label":"arc"},{"weight":180,"label":"continental"},{"weight":173,"label":"zircon"},{"weight":170,"label":"crustal"},{"weight":168,"label":"magma"},{"weight":152,"label":"subduction"},{"weight":144,"label":"magmatic"},{"weight":142,"label":"data"},{"weight":137,"label":"mantle"},{"weight":128,"label":"source"},{"weight":124,"label":"late"},{"weight":121,"label":"margin"},{"weight":105,"label":"derive"},{"weight":103,"label":"magmatism"},{"weight":98,"label":"tectonic"},{"weight":97,"label":"volcanic"},{"weight":95,"label":"formation"},{"weight":92,"label":"early"},{"weight":90,"label":"zone"},{"weight":84,"label":"province"},{"weight":84,"label":"geochemical"},{"weight":84,"label":"block"}],"subTopicId":441},{"conceptId":5,"clusterId":0,"hexCoordinates":{"x":1.7320508075688772,"y":0},"labels":[{"weight":318,"label":"rock"},{"weight":212,"label":"mineral"},{"weight":207,"label":"fluid"},{"weight":195,"label":"composition"},{"weight":193,"label":"element"},{"weight":181,"label":"garnet"},{"weight":168,"label":"melt"},{"weight":164,"label":"rich"},{"weight":155,"label":"sample"},{"weight":148,"label":"vein"},{"weight":143,"label":"high"},{"weight":139,"label":"alteration"},{"weight":139,"label":"temperature"},{"weight":139,"label":"form"},{"weight":138,"label":"meteorite"},{"weight":135,"label":"mantle"},{"weight":134,"label":"low"},{"weight":131,"label":"metamorphic"},{"weight":123,"label":"quartz"},{"weight":117,"label":"suggest"},{"weight":114,"label":"inclusion"},{"weight":111,"label":"zircon"},{"weight":105,"label":"olivine"},{"weight":104,"label":"ree"},{"weight":102,"label":"host"}],"subTopicId":476},{"conceptId":9,"clusterId":0,"hexCoordinates":{"x":0.8660254037844386,"y":1.5},"labels":[{"weight":272,"label":"mar"},{"weight":189,"label":"mineral"},{"weight":152,"label":"martian"},{"weight":140,"label":"water"},{"weight":124,"label":"environment"},{"weight":101,"label":"life"},{"weight":93,"label":"earth"},{"weight":84,"label":"surface"},{"weight":81,"label":"microbial"},{"weight":79,"label":"gypsum"},{"weight":58,"label":"subsurface"},{"weight":57,"label":"activity"},{"weight":54,"label":"rock"},{"weight":53,"label":"show"},{"weight":52,"label":"brine"},{"weight":50,"label":"sulfate"},{"weight":49,"label":"planetary"},{"weight":48,"label":"exploration"},{"weight":47,"label":"sulphate"},{"weight":42,"label":"rover"},{"weight":41,"label":"habitability"},{"weight":40,"label":"terrestrial"},{"weight":39,"label":"analogue"},{"weight":39,"label":"form"},{"weight":39,"label":"include"}],"subTopicId":663},{"conceptId":11,"clusterId":0,"hexCoordinates":{"x":1.7320508075688772,"y":3},"labels":[{"weight":337,"label":"ocean"},{"weight":270,"label":"water"},{"weight":263,"label":"deep"},{"weight":256,"label":"carbon"},{"weight":242,"label":"sediment"},{"weight":231,"label":"carbonate"},{"weight":216,"label":"record"},{"weight":202,"label":"marine"},{"weight":187,"label":"isotope"},{"weight":178,"label":"sea"},{"weight":176,"label":"condition"},{"weight":172,"label":"earth"},{"weight":165,"label":"organic"},{"weight":145,"label":"oxygen"},{"weight":140,"label":"cycle"},{"weight":138,"label":"suggest"},{"weight":136,"label":"environment"},{"weight":133,"label":"data"},{"weight":126,"label":"early"},{"weight":120,"label":"basin"},{"weight":116,"label":"change"},{"weight":114,"label":"surface"},{"weight":108,"label":"modern"},{"weight":106,"label":"proxy"},{"weight":105,"label":"event"}],"subTopicId":948},{"conceptId":12,"clusterId":0,"hexCoordinates":{"x":0.8660254037844386,"y":-1.5},"labels":[{"weight":224,"label":"diamond"},{"weight":222,"label":"mantle"},{"weight":165,"label":"magma"},{"weight":149,"label":"eruption"},{"weight":131,"label":"fluid"},{"weight":123,"label":"melt"},{"weight":113,"label":"inclusion"},{"weight":108,"label":"volcano"},{"weight":93,"label":"volcanic"},{"weight":77,"label":"volatile"},{"weight":70,"label":"magmatic"},{"weight":66,"label":"olivine"},{"weight":66,"label":"arc"},{"weight":61,"label":"lava"},{"weight":61,"label":"composition"},{"weight":59,"label":"deposit"},{"weight":57,"label":"slab"},{"weight":54,"label":"dome"},{"weight":54,"label":"zone"},{"weight":48,"label":"source"},{"weight":46,"label":"rich"},{"weight":45,"label":"high"},{"weight":43,"label":"form"},{"weight":41,"label":"hydrothermal"},{"weight":41,"label":"earth"}],"subTopicId":980},{"conceptId":4,"clusterId":0,"hexCoordinates":{"x":-2.598076211353316,"y":1.5},"labels":[{"weight":201,"label":"basin"},{"weight":155,"label":"tectonic"},{"weight":132,"label":"margin"},{"weight":131,"label":"rift"},{"weight":122,"label":"uplift"},{"weight":115,"label":"structure"},{"weight":114,"label":"mantle"},{"weight":97,"label":"crustal"},{"weight":97,"label":"result"},{"weight":96,"label":"plate"},{"weight":95,"label":"crust"},{"weight":90,"label":"beneath"},{"weight":87,"label":"continental"},{"weight":85,"label":"seismic"},{"weight":82,"label":"region"},{"weight":79,"label":"velocity"},{"weight":74,"label":"southern"},{"weight":70,"label":"zone"},{"weight":70,"label":"present"},{"weight":69,"label":"deformation"},{"weight":67,"label":"exhumation"},{"weight":67,"label":"northern"},{"weight":64,"label":"lithosphere"},{"weight":64,"label":"evolution"},{"weight":63,"label":"low"}],"subTopicId":456},{"conceptId":0,"clusterId":0,"hexCoordinates":{"x":-1.7320508075688772,"y":3},"labels":[{"weight":349,"label":"fault"},{"weight":209,"label":"seismic"},{"weight":199,"label":"earthquake"},{"weight":145,"label":"geothermal"},{"weight":93,"label":"rock"},{"weight":93,"label":"event"},{"weight":91,"label":"zone"},{"weight":75,"label":"ground"},{"weight":70,"label":"fluid"},{"weight":68,"label":"induce"},{"weight":66,"label":"deep"},{"weight":60,"label":"motion"},{"weight":57,"label":"depth"},{"weight":55,"label":"slip"},{"weight":53,"label":"deformation"},{"weight":51,"label":"source"},{"weight":50,"label":"field"},{"weight":49,"label":"seismicity"},{"weight":49,"label":"structure"},{"weight":48,"label":"attenuation"},{"weight":48,"label":"fracture"},{"weight":46,"label":"hazard"},{"weight":46,"label":"result"},{"weight":39,"label":"tectonic"},{"weight":39,"label":"injection"}],"subTopicId":216},{"conceptId":1,"clusterId":0,"hexCoordinates":{"x":-0.8660254037844386,"y":1.5},"labels":[{"weight":289,"label":"fault"},{"weight":144,"label":"formation"},{"weight":135,"label":"thrust"},{"weight":131,"label":"basin"},{"weight":79,"label":"fold"},{"weight":69,"label":"fluid"},{"weight":66,"label":"form"},{"weight":64,"label":"outcrop"},{"weight":62,"label":"sandstone"},{"weight":60,"label":"salt"},{"weight":59,"label":"rock"},{"weight":57,"label":"system"},{"weight":56,"label":"carbonate"},{"weight":51,"label":"dolostone"},{"weight":47,"label":"strike"},{"weight":47,"label":"deposit"},{"weight":46,"label":"deformation"},{"weight":46,"label":"associate"},{"weight":45,"label":"early"},{"weight":44,"label":"dolomitization"},{"weight":44,"label":"distribution"},{"weight":44,"label":"lower"},{"weight":43,"label":"folding"},{"weight":42,"label":"displacement"},{"weight":40,"label":"facy"}],"subTopicId":330},{"conceptId":10,"clusterId":0,"hexCoordinates":{"x":-3.4641016151377544,"y":0},"labels":[{"weight":117,"label":"infant"},{"weight":77,"label":"neonatal"},{"weight":60,"label":"interpretation"},{"weight":36,"label":"image"},{"weight":29,"label":"fault"},{"weight":26,"label":"neonate"},{"weight":25,"label":"interpreter"},{"weight":23,"label":"measurement"},{"weight":22,"label":"result"},{"weight":21,"label":"iaq"},{"weight":21,"label":"range"},{"weight":20,"label":"quality"},{"weight":17,"label":"vft"},{"weight":16,"label":"catch"},{"weight":16,"label":"seismic"},{"weight":16,"label":"low"},{"weight":13,"label":"intubation"},{"weight":13,"label":"month"},{"weight":13,"label":"depth"},{"weight":13,"label":"assessment"},{"weight":13,"label":"uncertainty"},{"weight":12,"label":"cerebroplacental"},{"weight":12,"label":"bronchiolitis"},{"weight":12,"label":"preterm"},{"weight":12,"label":"continuity"}],"subTopicId":890},{"conceptId":6,"clusterId":0,"hexCoordinates":{"x":2.598076211353316,"y":1.5},"labels":[{"weight":254,"label":"mine"},{"weight":198,"label":"coal"},{"weight":191,"label":"deposit"},{"weight":173,"label":"mining"},{"weight":145,"label":"mineral"},{"weight":129,"label":"gold"},{"weight":120,"label":"metal"},{"weight":108,"label":"iron"},{"weight":102,"label":"element"},{"weight":95,"label":"pyrite"},{"weight":89,"label":"shale"},{"weight":75,"label":"formation"},{"weight":64,"label":"rock"},{"weight":61,"label":"source"},{"weight":53,"label":"high"},{"weight":51,"label":"rich"},{"weight":50,"label":"mineralisation"},{"weight":50,"label":"ore"},{"weight":50,"label":"trace"},{"weight":48,"label":"enrichment"},{"weight":44,"label":"mineralization"},{"weight":44,"label":"resource"},{"weight":42,"label":"include"},{"weight":41,"label":"host"},{"weight":41,"label":"lead"}],"subTopicId":529},{"conceptId":8,"clusterId":0,"hexCoordinates":{"x":2.598076211353316,"y":-1.5},"labels":[{"weight":646,"label":"isotope"},{"weight":361,"label":"isotopic"},{"weight":282,"label":"stable"},{"weight":255,"label":"composition"},{"weight":202,"label":"water"},{"weight":188,"label":"ratio"},{"weight":153,"label":"source"},{"weight":133,"label":"sample"},{"weight":115,"label":"fractionation"},{"weight":111,"label":"oxygen"},{"weight":94,"label":"signature"},{"weight":82,"label":"high"},{"weight":64,"label":"range"},{"weight":60,"label":"tracer"},{"weight":57,"label":"mix"},{"weight":54,"label":"trace"},{"weight":50,"label":"carbon"},{"weight":43,"label":"deplete"},{"weight":42,"label":"radiogenic"},{"weight":42,"label":"mantle"},{"weight":39,"label":"process"},{"weight":38,"label":"bulk"},{"weight":38,"label":"variation"},{"weight":37,"label":"concentration"},{"weight":37,"label":"estimate"}],"subTopicId":632},{"conceptId":-1,"clusterId":-1,"hexCoordinates":{"x":6.06217782649107,"y":3},"labels":[{"weight":2500,"label":"Unclassified"},{"weight":0,"label":""},{"weight":0,"label":""},{"weight":0,"label":""},{"weight":0,"label":""},{"weight":0,"label":""},{"weight":0,"label":""},{"weight":0,"label":""},{"weight":0,"label":""},{"weight":0,"label":""},{"weight":0,"label":""}],"subTopicId":null},{"conceptId":7,"clusterId":0,"hexCoordinates":{"x":0,"y":3},"labels":[{"weight":556,"label":"impact"},{"weight":126,"label":"crater"},{"weight":94,"label":"target"},{"weight":85,"label":"rock"},{"weight":61,"label":"peak"},{"weight":57,"label":"shock"},{"weight":54,"label":"ring"},{"weight":49,"label":"structure"},{"weight":39,"label":"expedition"},{"weight":34,"label":"fragment"},{"weight":34,"label":"formation"},{"weight":32,"label":"chicxulub"},{"weight":32,"label":"boulder"},{"weight":32,"label":"asteroid"},{"weight":31,"label":"body"},{"weight":30,"label":"experiment"},{"weight":29,"label":"deformation"},{"weight":29,"label":"event"},{"weight":25,"label":"surface"},{"weight":24,"label":"large"},{"weight":22,"label":"shocked"},{"weight":22,"label":"diameter"},{"weight":20,"label":"rim"},{"weight":20,"label":"shape"},{"weight":20,"label":"density"}],"subTopicId":530}]}