{"linkageTable":[{"node2":3,"distance":0.43466632082354,"node1":2},{"node2":8,"distance":0.44204213581316,"node1":7},{"node2":10,"distance":0.4872304593486275,"node1":15},{"node2":12,"distance":0.48759935616145,"node1":6},{"node2":13,"distance":0.489446895140225,"node1":0},{"node2":16,"distance":0.49126387218057255,"node1":4},{"node2":11,"distance":0.49176006420987833,"node1":17},{"node2":18,"distance":0.4942457870482316,"node1":20},{"node2":9,"distance":0.49502627053296,"node1":19},{"node2":22,"distance":0.49792982397502333,"node1":23},{"node2":21,"distance":0.4985116181062075,"node1":1},{"node2":25,"distance":0.49973383221572404,"node1":24},{"node2":5,"distance":0.49989119841534885,"node1":26},{"node2":14,"distance":0.5,"node1":27}],"conceptsData":[{"conceptId":0,"clusterId":0,"hexCoordinates":{"x":2.598076211353316,"y":-1.5},"labels":[{"weight":218,"label":"campaign"},{"weight":111,"label":"media"},{"weight":84,"label":"transport"},{"weight":79,"label":"evidence"},{"weight":76,"label":"mass"},{"weight":67,"label":"tcp"},{"weight":57,"label":"protocol"},{"weight":53,"label":"impact"},{"weight":51,"label":"rtp"},{"weight":44,"label":"soc"},{"weight":41,"label":"arc"},{"weight":38,"label":"health"},{"weight":38,"label":"effective"},{"weight":37,"label":"udp"},{"weight":34,"label":"control"},{"weight":32,"label":"tobacco"},{"weight":32,"label":"message"},{"weight":31,"label":"review"},{"weight":30,"label":"behaviour"},{"weight":29,"label":"equity"},{"weight":29,"label":"effectiveness"},{"weight":29,"label":"study"},{"weight":27,"label":"real"},{"weight":27,"label":"target"},{"weight":27,"label":"reduce"}],"subTopicId":54},{"conceptId":7,"clusterId":0,"hexCoordinates":{"x":0,"y":0},"labels":[{"weight":356,"label":"tobacco"},{"weight":255,"label":"product"},{"weight":237,"label":"sale"},{"weight":197,"label":"outlet"},{"weight":187,"label":"display"},{"weight":180,"label":"retailer"},{"weight":173,"label":"retail"},{"weight":171,"label":"purchase"},{"weight":168,"label":"store"},{"weight":167,"label":"shop"},{"weight":110,"label":"density"},{"weight":94,"label":"ban"},{"weight":82,"label":"visibility"},{"weight":74,"label":"study"},{"weight":72,"label":"supermarket"},{"weight":68,"label":"small"},{"weight":66,"label":"brand"},{"weight":65,"label":"point"},{"weight":61,"label":"scotland"},{"weight":61,"label":"method"},{"weight":58,"label":"legislation"},{"weight":58,"label":"price"},{"weight":54,"label":"exposure"},{"weight":54,"label":"reduce"},{"weight":53,"label":"sell"}],"subTopicId":412},{"conceptId":3,"clusterId":0,"hexCoordinates":{"x":5.196152422706632,"y":3},"labels":[{"weight":125,"label":"las"},{"weight":101,"label":"los"},{"weight":82,"label":"para"},{"weight":80,"label":"del"},{"weight":71,"label":"como"},{"weight":66,"label":"por"},{"weight":65,"label":"una"},{"weight":55,"label":"con"},{"weight":34,"label":"este"},{"weight":33,"label":"sobre"},{"weight":32,"label":"entre"},{"weight":30,"label":"tica"},{"weight":23,"label":"sus"},{"weight":22,"label":"pol"},{"weight":18,"label":"uma"},{"weight":17,"label":"art"},{"weight":16,"label":"iacute"},{"weight":16,"label":"culo"},{"weight":16,"label":"tico"},{"weight":15,"label":"tanto"},{"weight":15,"label":"spanish"},{"weight":14,"label":"stica"},{"weight":14,"label":"oacute"},{"weight":14,"label":"fue"},{"weight":14,"label":"desde"}],"subTopicId":221},{"conceptId":8,"clusterId":0,"hexCoordinates":{"x":1.7320508075688772,"y":0},"labels":[{"weight":1075,"label":"smoking"},{"weight":1020,"label":"cigarette"},{"weight":692,"label":"tobacco"},{"weight":441,"label":"smoker"},{"weight":327,"label":"smoke"},{"weight":291,"label":"pack"},{"weight":195,"label":"health"},{"weight":189,"label":"packaging"},{"weight":119,"label":"warning"},{"weight":107,"label":"product"},{"weight":106,"label":"plain"},{"weight":100,"label":"cessation"},{"weight":100,"label":"standardised"},{"weight":96,"label":"free"},{"weight":94,"label":"conclusion"},{"weight":91,"label":"ban"},{"weight":87,"label":"quit"},{"weight":83,"label":"current"},{"weight":81,"label":"year"},{"weight":81,"label":"explore"},{"weight":80,"label":"survey"},{"weight":77,"label":"regular"},{"weight":77,"label":"perception"},{"weight":75,"label":"reduce"},{"weight":72,"label":"control"}],"subTopicId":435},{"conceptId":9,"clusterId":0,"hexCoordinates":{"x":4.330127018922193,"y":-1.5},"labels":[{"weight":411,"label":"intervention"},{"weight":281,"label":"man"},{"weight":236,"label":"message"},{"weight":223,"label":"text"},{"weight":206,"label":"study"},{"weight":185,"label":"alcohol"},{"weight":149,"label":"trial"},{"weight":144,"label":"high"},{"weight":140,"label":"group"},{"weight":133,"label":"unit"},{"weight":122,"label":"participant"},{"weight":120,"label":"method"},{"weight":113,"label":"reduce"},{"weight":103,"label":"drinking"},{"weight":100,"label":"recruit"},{"weight":100,"label":"outcome"},{"weight":100,"label":"deliver"},{"weight":97,"label":"disadvantaged"},{"weight":88,"label":"binge"},{"weight":82,"label":"risk"},{"weight":82,"label":"health"},{"weight":79,"label":"control"},{"weight":77,"label":"recruitment"},{"weight":77,"label":"follow"},{"weight":73,"label":"consumption"}],"subTopicId":549},{"conceptId":2,"clusterId":0,"hexCoordinates":{"x":3.4641016151377544,"y":3},"labels":[{"weight":46,"label":"rbf"},{"weight":41,"label":"hmgb"},{"weight":41,"label":"shoulder"},{"weight":33,"label":"omp"},{"weight":23,"label":"frozen"},{"weight":19,"label":"lego"},{"weight":18,"label":"ski"},{"weight":14,"label":"cotton"},{"weight":13,"label":"puppet"},{"weight":12,"label":"opn"},{"weight":11,"label":"wipe"},{"weight":11,"label":"sdq"},{"weight":11,"label":"resort"},{"weight":10,"label":"millisecond"},{"weight":9,"label":"danger"},{"weight":9,"label":"capsule"},{"weight":8,"label":"bama"},{"weight":8,"label":"legoland"},{"weight":8,"label":"park"},{"weight":7,"label":"glove"},{"weight":7,"label":"barrel"},{"weight":6,"label":"ambergris"},{"weight":6,"label":"lqt"},{"weight":6,"label":"alarmin"},{"weight":6,"label":"png"}],"subTopicId":98},{"conceptId":12,"clusterId":0,"hexCoordinates":{"x":2.598076211353316,"y":1.5},"labels":[{"weight":130,"label":"herbal"},{"weight":101,"label":"medicine"},{"weight":93,"label":"article"},{"weight":69,"label":"newspaper"},{"weight":66,"label":"child"},{"weight":48,"label":"health"},{"weight":47,"label":"report"},{"weight":46,"label":"public"},{"weight":43,"label":"vehicle"},{"weight":38,"label":"smoke"},{"weight":35,"label":"legislation"},{"weight":34,"label":"herb"},{"weight":34,"label":"hand"},{"weight":31,"label":"media"},{"weight":30,"label":"advocate"},{"weight":30,"label":"harm"},{"weight":30,"label":"present"},{"weight":28,"label":"publish"},{"weight":28,"label":"issue"},{"weight":27,"label":"policy"},{"weight":25,"label":"content"},{"weight":25,"label":"debate"},{"weight":24,"label":"smoking"},{"weight":24,"label":"exposure"},{"weight":23,"label":"frequently"}],"subTopicId":814},{"conceptId":-1,"clusterId":-1,"hexCoordinates":{"x":9.526279441628825,"y":3},"labels":[{"weight":2500,"label":"Unclassified"},{"weight":0,"label":""},{"weight":0,"label":""},{"weight":0,"label":""},{"weight":0,"label":""},{"weight":0,"label":""},{"weight":0,"label":""},{"weight":0,"label":""},{"weight":0,"label":""},{"weight":0,"label":""},{"weight":0,"label":""}],"subTopicId":null},{"conceptId":14,"clusterId":0,"hexCoordinates":{"x":2.598076211353316,"y":-4.5},"labels":[{"weight":82,"label":"patent"},{"weight":62,"label":"van"},{"weight":62,"label":"der"},{"weight":36,"label":"nut"},{"weight":32,"label":"mpi"},{"weight":30,"label":"readability"},{"weight":27,"label":"aup"},{"weight":25,"label":"chew"},{"weight":19,"label":"cmd"},{"weight":17,"label":"library"},{"weight":16,"label":"glossinidius"},{"weight":16,"label":"waals"},{"weight":14,"label":"lgals"},{"weight":14,"label":"swl"},{"weight":14,"label":"galectin"},{"weight":10,"label":"areca"},{"weight":10,"label":"lankesteria"},{"weight":10,"label":"camel"},{"weight":10,"label":"waal"},{"weight":10,"label":"tube"},{"weight":10,"label":"dependency"},{"weight":10,"label":"session"},{"weight":9,"label":"bfi"},{"weight":9,"label":"park"},{"weight":9,"label":"phy"}],"subTopicId":933},{"conceptId":10,"clusterId":0,"hexCoordinates":{"x":4.330127018922193,"y":1.5},"labels":[{"weight":82,"label":"fiber"},{"weight":43,"label":"ppm"},{"weight":21,"label":"pasireotide"},{"weight":21,"label":"core"},{"weight":19,"label":"clc"},{"weight":19,"label":"lar"},{"weight":18,"label":"loop"},{"weight":15,"label":"dim"},{"weight":10,"label":"octreotide"},{"weight":10,"label":"spherulite"},{"weight":9,"label":"inventory"},{"weight":8,"label":"isf"},{"weight":8,"label":"ddao"},{"weight":8,"label":"bound"},{"weight":7,"label":"phytobentho"},{"weight":7,"label":"eri"},{"weight":7,"label":"aur"},{"weight":7,"label":"somatostatin"},{"weight":7,"label":"opa"},{"weight":7,"label":"lie"},{"weight":7,"label":"revise"},{"weight":7,"label":"meet"},{"weight":6,"label":"igf"},{"weight":6,"label":"itf"},{"weight":6,"label":"opaque"}],"subTopicId":779},{"conceptId":11,"clusterId":0,"hexCoordinates":{"x":6.06217782649107,"y":1.5},"labels":[{"weight":43,"label":"del"},{"weight":26,"label":"nell"},{"weight":23,"label":"backbone"},{"weight":17,"label":"pdm"},{"weight":17,"label":"video"},{"weight":16,"label":"della"},{"weight":15,"label":"cvv"},{"weight":13,"label":"yield"},{"weight":12,"label":"dinucleotide"},{"weight":11,"label":"shemilt"},{"weight":10,"label":"lukpq"},{"weight":9,"label":"dpm"},{"weight":9,"label":"scozia"},{"weight":9,"label":"isola"},{"weight":8,"label":"leukocidin"},{"weight":8,"label":"egg"},{"weight":7,"label":"dei"},{"weight":6,"label":"uncoat"},{"weight":6,"label":"anni"},{"weight":6,"label":"che"},{"weight":6,"label":"nel"},{"weight":6,"label":"delle"},{"weight":6,"label":"reverse"},{"weight":5,"label":"uncoating"},{"weight":5,"label":"kriv"}],"subTopicId":794},{"conceptId":1,"clusterId":0,"hexCoordinates":{"x":1.7320508075688772,"y":3},"labels":[{"weight":876,"label":"exposure"},{"weight":223,"label":"smoke"},{"weight":127,"label":"rubber"},{"weight":120,"label":"free"},{"weight":120,"label":"expose"},{"weight":112,"label":"tobacco"},{"weight":110,"label":"smoking"},{"weight":92,"label":"outdoor"},{"weight":89,"label":"environmental"},{"weight":72,"label":"dust"},{"weight":62,"label":"insulator"},{"weight":58,"label":"level"},{"weight":55,"label":"legislation"},{"weight":53,"label":"health"},{"weight":52,"label":"reduce"},{"weight":51,"label":"risk"},{"weight":50,"label":"control"},{"weight":49,"label":"indoor"},{"weight":48,"label":"home"},{"weight":46,"label":"comprehensive"},{"weight":45,"label":"occupational"},{"weight":45,"label":"hand"},{"weight":44,"label":"respiratory"},{"weight":42,"label":"dry"},{"weight":42,"label":"assess"}],"subTopicId":61},{"conceptId":4,"clusterId":0,"hexCoordinates":{"x":0.8660254037844386,"y":-1.5},"labels":[{"weight":1316,"label":"smoking"},{"weight":541,"label":"smoker"},{"weight":502,"label":"cessation"},{"weight":310,"label":"quit"},{"weight":228,"label":"smoke"},{"weight":202,"label":"support"},{"weight":193,"label":"incentive"},{"weight":189,"label":"stop"},{"weight":183,"label":"woman"},{"weight":165,"label":"pregnant"},{"weight":162,"label":"pregnancy"},{"weight":139,"label":"cigarette"},{"weight":132,"label":"nicotine"},{"weight":111,"label":"abstinence"},{"weight":104,"label":"week"},{"weight":101,"label":"nrt"},{"weight":100,"label":"service"},{"weight":94,"label":"health"},{"weight":91,"label":"current"},{"weight":84,"label":"group"},{"weight":69,"label":"report"},{"weight":67,"label":"financial"},{"weight":66,"label":"sss"},{"weight":58,"label":"intervention"},{"weight":58,"label":"provide"}],"subTopicId":282},{"conceptId":5,"clusterId":0,"hexCoordinates":{"x":1.7320508075688772,"y":-3},"labels":[{"weight":68,"label":"indonesia"},{"weight":44,"label":"indonesian"},{"weight":42,"label":"cfa"},{"weight":27,"label":"dan"},{"weight":14,"label":"phloem"},{"weight":13,"label":"polyomavirus"},{"weight":12,"label":"besar"},{"weight":11,"label":"kera"},{"weight":11,"label":"yang"},{"weight":9,"label":"facility"},{"weight":8,"label":"madurese"},{"weight":8,"label":"penyakit"},{"weight":8,"label":"cinnamon"},{"weight":8,"label":"java"},{"weight":8,"label":"opal"},{"weight":8,"label":"max"},{"weight":8,"label":"lng"},{"weight":7,"label":"phytomona"},{"weight":7,"label":"fls"},{"weight":7,"label":"subadult"},{"weight":7,"label":"manusia"},{"weight":7,"label":"unload"},{"weight":6,"label":"hivst"},{"weight":6,"label":"malayo"},{"weight":6,"label":"maraviroc"}],"subTopicId":294},{"conceptId":13,"clusterId":0,"hexCoordinates":{"x":3.4641016151377544,"y":0},"labels":[{"weight":1403,"label":"alcohol"},{"weight":880,"label":"consumption"},{"weight":520,"label":"drinking"},{"weight":233,"label":"drink"},{"weight":143,"label":"health"},{"weight":142,"label":"drinker"},{"weight":105,"label":"ethanol"},{"weight":102,"label":"level"},{"weight":100,"label":"beer"},{"weight":100,"label":"associate"},{"weight":99,"label":"heavy"},{"weight":91,"label":"consume"},{"weight":90,"label":"behaviour"},{"weight":75,"label":"risk"},{"weight":70,"label":"harm"},{"weight":67,"label":"beverage"},{"weight":67,"label":"related"},{"weight":65,"label":"weekly"},{"weight":65,"label":"unit"},{"weight":61,"label":"week"},{"weight":53,"label":"limit"},{"weight":46,"label":"alcoholic"},{"weight":43,"label":"binge"},{"weight":42,"label":"adh"},{"weight":42,"label":"pattern"}],"subTopicId":919},{"conceptId":6,"clusterId":0,"hexCoordinates":{"x":0.8660254037844386,"y":1.5},"labels":[{"weight":1171,"label":"alcohol"},{"weight":283,"label":"consumption"},{"weight":159,"label":"substance"},{"weight":132,"label":"related"},{"weight":122,"label":"health"},{"weight":106,"label":"dependence"},{"weight":97,"label":"harm"},{"weight":90,"label":"drinker"},{"weight":88,"label":"mup"},{"weight":87,"label":"abi"},{"weight":84,"label":"misuse"},{"weight":83,"label":"drug"},{"weight":83,"label":"reduce"},{"weight":75,"label":"drinking"},{"weight":75,"label":"problem"},{"weight":65,"label":"public"},{"weight":64,"label":"minimum"},{"weight":61,"label":"associate"},{"weight":60,"label":"harmful"},{"weight":57,"label":"group"},{"weight":56,"label":"risk"},{"weight":56,"label":"policy"},{"weight":55,"label":"tobacco"},{"weight":53,"label":"unit"},{"weight":51,"label":"individual"}],"subTopicId":396}]}