[{"topicData":[{"numberOfDocuments":0.0,"label":"Heriot-Watt University"},{"numberOfDocuments":0.0,"label":"Robert Gordon University"},{"numberOfDocuments":0.0,"label":"Glasgow Caledonian University"},{"numberOfDocuments":0.0,"label":"Queen Margaret University"},{"numberOfDocuments":0.0,"label":"University of the Highlands and Islands"},{"numberOfDocuments":0.0,"label":"University of Dundee"},{"numberOfDocuments":0.0,"label":"Edinburgh Napier University"},{"numberOfDocuments":0.0,"label":"University of Stirling"},{"numberOfDocuments":0.0,"label":"Abertay University"},{"numberOfDocuments":0.0,"label":"University of Aberdeen"},{"numberOfDocuments":0.0,"label":"University of Edinburgh"},{"numberOfDocuments":0.0,"label":"University of the West of Scotland"},{"numberOfDocuments":0.0,"label":"University of St Andrews"},{"numberOfDocuments":0.0,"label":"University of Glasgow"},{"numberOfDocuments":0.0,"label":"University of Strathclyde"}],"conceptId":-1},{"topicData":[{"numberOfDocuments":13.261261955414444,"label":"Heriot-Watt University"},{"numberOfDocuments":5.289628236486143,"label":"Robert Gordon University"},{"numberOfDocuments":0.6508581144433692,"label":"Glasgow Caledonian University"},{"numberOfDocuments":1.669190267799089,"label":"Queen Margaret University"},{"numberOfDocuments":0.5180290738546186,"label":"University of the Highlands and Islands"},{"numberOfDocuments":4.63474169278965,"label":"University of Dundee"},{"numberOfDocuments":8.771988027581942,"label":"Edinburgh Napier University"},{"numberOfDocuments":8.237492970553559,"label":"University of Stirling"},{"numberOfDocuments":2.137123705014394,"label":"Abertay University"},{"numberOfDocuments":13.657570698094208,"label":"University of Aberdeen"},{"numberOfDocuments":60.36719938181827,"label":"University of Edinburgh"},{"numberOfDocuments":2.4124825375345456,"label":"University of the West of Scotland"},{"numberOfDocuments":11.257316228807731,"label":"University of St Andrews"},{"numberOfDocuments":22.785847331082717,"label":"University of Glasgow"},{"numberOfDocuments":18.315817355693166,"label":"University of Strathclyde"}],"conceptId":0},{"topicData":[{"numberOfDocuments":4.77112633763814,"label":"Heriot-Watt University"},{"numberOfDocuments":6.421908117705502,"label":"Robert Gordon University"},{"numberOfDocuments":2.399509825378513,"label":"Glasgow Caledonian University"},{"numberOfDocuments":4.066073792944424,"label":"Queen Margaret University"},{"numberOfDocuments":3.3374250266937993,"label":"University of the Highlands and Islands"},{"numberOfDocuments":7.460494954440239,"label":"University of Dundee"},{"numberOfDocuments":9.939850046126532,"label":"Edinburgh Napier University"},{"numberOfDocuments":13.930703107330288,"label":"University of Stirling"},{"numberOfDocuments":3.8173246994222585,"label":"Abertay University"},{"numberOfDocuments":9.870931096513974,"label":"University of Aberdeen"},{"numberOfDocuments":27.098501727173225,"label":"University of Edinburgh"},{"numberOfDocuments":4.782939669419762,"label":"University of the West of Scotland"},{"numberOfDocuments":4.608858826669045,"label":"University of St Andrews"},{"numberOfDocuments":24.615486650760793,"label":"University of Glasgow"},{"numberOfDocuments":29.77146031156858,"label":"University of Strathclyde"}],"conceptId":1},{"topicData":[{"numberOfDocuments":19.364745539770134,"label":"Heriot-Watt University"},{"numberOfDocuments":5.79967447327743,"label":"Robert Gordon University"},{"numberOfDocuments":2.3190382069281816,"label":"Glasgow Caledonian University"},{"numberOfDocuments":1.3502657960911029,"label":"Queen Margaret University"},{"numberOfDocuments":1.854128242290273,"label":"University of the Highlands and Islands"},{"numberOfDocuments":5.77100409182695,"label":"University of Dundee"},{"numberOfDocuments":15.210471762994695,"label":"Edinburgh Napier University"},{"numberOfDocuments":18.57681947604632,"label":"University of Stirling"},{"numberOfDocuments":4.0292517300014135,"label":"Abertay University"},{"numberOfDocuments":7.164523871435512,"label":"University of Aberdeen"},{"numberOfDocuments":112.22632217552166,"label":"University of Edinburgh"},{"numberOfDocuments":8.199413942344504,"label":"University of the West of Scotland"},{"numberOfDocuments":24.620888456986265,"label":"University of St Andrews"},{"numberOfDocuments":54.07132632746285,"label":"University of Glasgow"},{"numberOfDocuments":47.60647539686657,"label":"University of Strathclyde"}],"conceptId":2},{"topicData":[{"numberOfDocuments":29.682024127982384,"label":"Heriot-Watt University"},{"numberOfDocuments":7.887322331891041,"label":"Robert Gordon University"},{"numberOfDocuments":5.387835030739733,"label":"Glasgow Caledonian University"},{"numberOfDocuments":1.5262888901787108,"label":"Queen Margaret University"},{"numberOfDocuments":3.0596408106990296,"label":"University of the Highlands and Islands"},{"numberOfDocuments":12.688537756330804,"label":"University of Dundee"},{"numberOfDocuments":16.112805959603115,"label":"Edinburgh Napier University"},{"numberOfDocuments":7.483025768461065,"label":"University of Stirling"},{"numberOfDocuments":2.726042139913742,"label":"Abertay University"},{"numberOfDocuments":10.907843200225456,"label":"University of Aberdeen"},{"numberOfDocuments":46.935488100883994,"label":"University of Edinburgh"},{"numberOfDocuments":9.109765607152305,"label":"University of the West of Scotland"},{"numberOfDocuments":21.56133486410333,"label":"University of St Andrews"},{"numberOfDocuments":69.11046725474131,"label":"University of Glasgow"},{"numberOfDocuments":83.41932048701861,"label":"University of Strathclyde"}],"conceptId":3},{"topicData":[{"numberOfDocuments":3.059467650351705,"label":"Heriot-Watt University"},{"numberOfDocuments":0.49832927658096815,"label":"Robert Gordon University"},{"numberOfDocuments":0.07281160074135493,"label":"Glasgow Caledonian University"},{"numberOfDocuments":0.17569788286707633,"label":"Queen Margaret University"},{"numberOfDocuments":0.029585798816568046,"label":"University of the Highlands and Islands"},{"numberOfDocuments":1.9232189002999287,"label":"University of Dundee"},{"numberOfDocuments":14.504755043537331,"label":"Edinburgh Napier University"},{"numberOfDocuments":1.9682022058565556,"label":"University of Stirling"},{"numberOfDocuments":0.9682277110850465,"label":"Abertay University"},{"numberOfDocuments":1.485223428984822,"label":"University of Aberdeen"},{"numberOfDocuments":24.509768605729054,"label":"University of Edinburgh"},{"numberOfDocuments":1.8513487180376467,"label":"University of the West of Scotland"},{"numberOfDocuments":0.8829686371460319,"label":"University of St Andrews"},{"numberOfDocuments":4.389828702212185,"label":"University of Glasgow"},{"numberOfDocuments":7.288835923004161,"label":"University of Strathclyde"}],"conceptId":4},{"topicData":[{"numberOfDocuments":5.090046825034805,"label":"Heriot-Watt University"},{"numberOfDocuments":4.135167638508232,"label":"Robert Gordon University"},{"numberOfDocuments":3.71605383710273,"label":"Glasgow Caledonian University"},{"numberOfDocuments":0.46771990869963415,"label":"Queen Margaret University"},{"numberOfDocuments":0.28768173133245256,"label":"University of the Highlands and Islands"},{"numberOfDocuments":0.985977965630443,"label":"University of Dundee"},{"numberOfDocuments":22.835467794510876,"label":"Edinburgh Napier University"},{"numberOfDocuments":3.0463076913991287,"label":"University of Stirling"},{"numberOfDocuments":13.506534901418066,"label":"Abertay University"},{"numberOfDocuments":7.264528431776683,"label":"University of Aberdeen"},{"numberOfDocuments":22.486111050994207,"label":"University of Edinburgh"},{"numberOfDocuments":6.043931722920709,"label":"University of the West of Scotland"},{"numberOfDocuments":3.2343471661737695,"label":"University of St Andrews"},{"numberOfDocuments":24.734350797062575,"label":"University of Glasgow"},{"numberOfDocuments":20.631098672478284,"label":"University of Strathclyde"}],"conceptId":5},{"topicData":[{"numberOfDocuments":3.8672261152233247,"label":"Heriot-Watt University"},{"numberOfDocuments":1.0059899874561997,"label":"Robert Gordon University"},{"numberOfDocuments":0.9913873398935357,"label":"Glasgow Caledonian University"},{"numberOfDocuments":1.1888850060807037,"label":"Queen Margaret University"},{"numberOfDocuments":0.22450739553346016,"label":"University of the Highlands and Islands"},{"numberOfDocuments":1.8939038320236947,"label":"University of Dundee"},{"numberOfDocuments":2.8269973455784663,"label":"Edinburgh Napier University"},{"numberOfDocuments":4.932034780075723,"label":"University of Stirling"},{"numberOfDocuments":13.51640065006179,"label":"Abertay University"},{"numberOfDocuments":0.711320250105424,"label":"University of Aberdeen"},{"numberOfDocuments":13.288085379279432,"label":"University of Edinburgh"},{"numberOfDocuments":2.42759235770436,"label":"University of the West of Scotland"},{"numberOfDocuments":2.992740506130349,"label":"University of St Andrews"},{"numberOfDocuments":8.910695597153273,"label":"University of Glasgow"},{"numberOfDocuments":5.714646289999381,"label":"University of Strathclyde"}],"conceptId":6},{"topicData":[{"numberOfDocuments":13.051975706427308,"label":"Heriot-Watt University"},{"numberOfDocuments":0.19938165245735343,"label":"Robert Gordon University"},{"numberOfDocuments":0.01904761904761905,"label":"Glasgow Caledonian University"},{"numberOfDocuments":0.07032092116416633,"label":"Queen Margaret University"},{"numberOfDocuments":0.05520516506998056,"label":"University of the Highlands and Islands"},{"numberOfDocuments":0.24924999988,"label":"University of Dundee"},{"numberOfDocuments":3.0367810463488385,"label":"Edinburgh Napier University"},{"numberOfDocuments":0.28234679871442225,"label":"University of Stirling"},{"numberOfDocuments":0.3479094357455391,"label":"Abertay University"},{"numberOfDocuments":0.863549984626976,"label":"University of Aberdeen"},{"numberOfDocuments":10.781365548314776,"label":"University of Edinburgh"},{"numberOfDocuments":0.20017095585928876,"label":"University of the West of Scotland"},{"numberOfDocuments":3.3687269235418724,"label":"University of St Andrews"},{"numberOfDocuments":3.938581667006083,"label":"University of Glasgow"},{"numberOfDocuments":3.8011447838842547,"label":"University of Strathclyde"}],"conceptId":7},{"topicData":[{"numberOfDocuments":1.1705679995872238,"label":"Heriot-Watt University"},{"numberOfDocuments":1.6643078600886048,"label":"Robert Gordon University"},{"numberOfDocuments":2.131565069766257,"label":"Glasgow Caledonian University"},{"numberOfDocuments":0.27964980810269474,"label":"Queen Margaret University"},{"numberOfDocuments":0.14763103663974547,"label":"University of the Highlands and Islands"},{"numberOfDocuments":1.3304533155175413,"label":"University of Dundee"},{"numberOfDocuments":10.566520274071046,"label":"Edinburgh Napier University"},{"numberOfDocuments":3.8263920631821433,"label":"University of Stirling"},{"numberOfDocuments":0.9095477676367826,"label":"Abertay University"},{"numberOfDocuments":5.140696443373417,"label":"University of Aberdeen"},{"numberOfDocuments":26.66075062534577,"label":"University of Edinburgh"},{"numberOfDocuments":3.206569179598047,"label":"University of the West of Scotland"},{"numberOfDocuments":12.317582676922726,"label":"University of St Andrews"},{"numberOfDocuments":34.46401427660701,"label":"University of Glasgow"},{"numberOfDocuments":7.951617193431463,"label":"University of Strathclyde"}],"conceptId":8},{"topicData":[{"numberOfDocuments":18.43164632136336,"label":"Heriot-Watt University"},{"numberOfDocuments":8.696109667604748,"label":"Robert Gordon University"},{"numberOfDocuments":3.170792874537153,"label":"Glasgow Caledonian University"},{"numberOfDocuments":2.8227193632088103,"label":"Queen Margaret University"},{"numberOfDocuments":5.620503323410484,"label":"University of the Highlands and Islands"},{"numberOfDocuments":23.406500628103185,"label":"University of Dundee"},{"numberOfDocuments":22.03896328026351,"label":"Edinburgh Napier University"},{"numberOfDocuments":23.55439927534532,"label":"University of Stirling"},{"numberOfDocuments":4.600666973813485,"label":"Abertay University"},{"numberOfDocuments":17.019840681141694,"label":"University of Aberdeen"},{"numberOfDocuments":129.37801234949225,"label":"University of Edinburgh"},{"numberOfDocuments":5.054275363349362,"label":"University of the West of Scotland"},{"numberOfDocuments":35.48709958700369,"label":"University of St Andrews"},{"numberOfDocuments":67.5619350103624,"label":"University of Glasgow"},{"numberOfDocuments":34.44538512881771,"label":"University of Strathclyde"}],"conceptId":9},{"topicData":[{"numberOfDocuments":3.7666237554718918,"label":"Heriot-Watt University"},{"numberOfDocuments":3.626658317824595,"label":"Robert Gordon University"},{"numberOfDocuments":3.502432361854161,"label":"Glasgow Caledonian University"},{"numberOfDocuments":3.2269863015141915,"label":"Queen Margaret University"},{"numberOfDocuments":2.2641408496396838,"label":"University of the Highlands and Islands"},{"numberOfDocuments":5.346524181655591,"label":"University of Dundee"},{"numberOfDocuments":11.54341806705954,"label":"Edinburgh Napier University"},{"numberOfDocuments":10.238530574136592,"label":"University of Stirling"},{"numberOfDocuments":3.5561560043163363,"label":"Abertay University"},{"numberOfDocuments":5.727397239889441,"label":"University of Aberdeen"},{"numberOfDocuments":25.395426854169166,"label":"University of Edinburgh"},{"numberOfDocuments":4.184330083618651,"label":"University of the West of Scotland"},{"numberOfDocuments":7.791130394660067,"label":"University of St Andrews"},{"numberOfDocuments":22.49877311124083,"label":"University of Glasgow"},{"numberOfDocuments":21.427563283200747,"label":"University of Strathclyde"}],"conceptId":10},{"topicData":[{"numberOfDocuments":1.564859630654964,"label":"Heriot-Watt University"},{"numberOfDocuments":0.08772781376722034,"label":"Robert Gordon University"},{"numberOfDocuments":0.22532998114393465,"label":"Glasgow Caledonian University"},{"numberOfDocuments":0.05251295920667117,"label":"Queen Margaret University"},{"numberOfDocuments":0.10246256895193065,"label":"University of the Highlands and Islands"},{"numberOfDocuments":0.33741649000596485,"label":"University of Dundee"},{"numberOfDocuments":0.9586743090483769,"label":"Edinburgh Napier University"},{"numberOfDocuments":1.2104149292694713,"label":"University of Stirling"},{"numberOfDocuments":0.06759715380405035,"label":"Abertay University"},{"numberOfDocuments":0.5532304982902917,"label":"University of Aberdeen"},{"numberOfDocuments":26.357713621553295,"label":"University of Edinburgh"},{"numberOfDocuments":1.02876221001221,"label":"University of the West of Scotland"},{"numberOfDocuments":2.472378052488932,"label":"University of St Andrews"},{"numberOfDocuments":4.706422766014477,"label":"University of Glasgow"},{"numberOfDocuments":7.487923341300787,"label":"University of Strathclyde"}],"conceptId":11},{"topicData":[{"numberOfDocuments":9.470183800296246,"label":"Heriot-Watt University"},{"numberOfDocuments":1.1508141144975705,"label":"Robert Gordon University"},{"numberOfDocuments":0.3489752547402529,"label":"Glasgow Caledonian University"},{"numberOfDocuments":0.23307855685031564,"label":"Queen Margaret University"},{"numberOfDocuments":0.22041171995092468,"label":"University of the Highlands and Islands"},{"numberOfDocuments":0.30682151843698463,"label":"University of Dundee"},{"numberOfDocuments":4.45735367383428,"label":"Edinburgh Napier University"},{"numberOfDocuments":6.156541997993925,"label":"University of Stirling"},{"numberOfDocuments":2.220118338439767,"label":"Abertay University"},{"numberOfDocuments":1.5546797324245634,"label":"University of Aberdeen"},{"numberOfDocuments":62.299266500388725,"label":"University of Edinburgh"},{"numberOfDocuments":1.5057611033865101,"label":"University of the West of Scotland"},{"numberOfDocuments":11.421492204632774,"label":"University of St Andrews"},{"numberOfDocuments":32.595693103118045,"label":"University of Glasgow"},{"numberOfDocuments":8.635473284077213,"label":"University of Strathclyde"}],"conceptId":12},{"topicData":[{"numberOfDocuments":7.934006503339538,"label":"Heriot-Watt University"},{"numberOfDocuments":3.075389794992704,"label":"Robert Gordon University"},{"numberOfDocuments":1.6129761009242642,"label":"Glasgow Caledonian University"},{"numberOfDocuments":2.3528942585828205,"label":"Queen Margaret University"},{"numberOfDocuments":0.6167722402087327,"label":"University of the Highlands and Islands"},{"numberOfDocuments":7.594906470738107,"label":"University of Dundee"},{"numberOfDocuments":13.140336340648343,"label":"Edinburgh Napier University"},{"numberOfDocuments":3.744479979958794,"label":"University of Stirling"},{"numberOfDocuments":3.638731918088592,"label":"Abertay University"},{"numberOfDocuments":2.8383839966959834,"label":"University of Aberdeen"},{"numberOfDocuments":22.60149169759264,"label":"University of Edinburgh"},{"numberOfDocuments":2.2868821908701804,"label":"University of the West of Scotland"},{"numberOfDocuments":22.757274608778413,"label":"University of St Andrews"},{"numberOfDocuments":59.68916348082182,"label":"University of Glasgow"},{"numberOfDocuments":23.793886601528904,"label":"University of Strathclyde"}],"conceptId":13},{"topicData":[{"numberOfDocuments":2.097445106521134,"label":"Heriot-Watt University"},{"numberOfDocuments":0.9597594275019102,"label":"Robert Gordon University"},{"numberOfDocuments":1.9431119200001161,"label":"Glasgow Caledonian University"},{"numberOfDocuments":0.5318529866234116,"label":"Queen Margaret University"},{"numberOfDocuments":0.5604726110048494,"label":"University of the Highlands and Islands"},{"numberOfDocuments":1.6675595971439237,"label":"University of Dundee"},{"numberOfDocuments":1.4327733609826838,"label":"Edinburgh Napier University"},{"numberOfDocuments":2.0705892834210893,"label":"University of Stirling"},{"numberOfDocuments":0.37668447903535396,"label":"Abertay University"},{"numberOfDocuments":1.5674877441334785,"label":"University of Aberdeen"},{"numberOfDocuments":7.435265103818451,"label":"University of Edinburgh"},{"numberOfDocuments":2.2788610712140107,"label":"University of the West of Scotland"},{"numberOfDocuments":3.1459758329149596,"label":"University of St Andrews"},{"numberOfDocuments":6.483275742870467,"label":"University of Glasgow"},{"numberOfDocuments":10.147754172510293,"label":"University of Strathclyde"}],"conceptId":14},{"topicData":[{"numberOfDocuments":5.325443799797347,"label":"Heriot-Watt University"},{"numberOfDocuments":0.2389455782312925,"label":"Robert Gordon University"},{"numberOfDocuments":0.050612745098039216,"label":"Glasgow Caledonian University"},{"numberOfDocuments":0.31842322355752245,"label":"Queen Margaret University"},{"numberOfDocuments":0.35652494185449024,"label":"University of the Highlands and Islands"},{"numberOfDocuments":2.029155952745683,"label":"University of Dundee"},{"numberOfDocuments":1.0044408255015174,"label":"Edinburgh Napier University"},{"numberOfDocuments":0.37220088551528585,"label":"University of Stirling"},{"numberOfDocuments":0.10359031212689751,"label":"Abertay University"},{"numberOfDocuments":0.9773384014629696,"label":"University of Aberdeen"},{"numberOfDocuments":10.019392146119763,"label":"University of Edinburgh"},{"numberOfDocuments":0.41569696768172765,"label":"University of the West of Scotland"},{"numberOfDocuments":1.3263956543548754,"label":"University of St Andrews"},{"numberOfDocuments":3.272362047401132,"label":"University of Glasgow"},{"numberOfDocuments":1.0254642575609683,"label":"University of Strathclyde"}],"conceptId":15},{"topicData":[{"numberOfDocuments":4.399891801883057,"label":"Heriot-Watt University"},{"numberOfDocuments":1.698074305360162,"label":"Robert Gordon University"},{"numberOfDocuments":0.911761014840481,"label":"Glasgow Caledonian University"},{"numberOfDocuments":1.9160319753978947,"label":"Queen Margaret University"},{"numberOfDocuments":0.9997447005325155,"label":"University of the Highlands and Islands"},{"numberOfDocuments":7.911026313821625,"label":"University of Dundee"},{"numberOfDocuments":9.669664024430327,"label":"Edinburgh Napier University"},{"numberOfDocuments":5.9175503226809845,"label":"University of Stirling"},{"numberOfDocuments":0.7350548013206537,"label":"Abertay University"},{"numberOfDocuments":4.508493000417674,"label":"University of Aberdeen"},{"numberOfDocuments":36.42237817508504,"label":"University of Edinburgh"},{"numberOfDocuments":3.5604698408708892,"label":"University of the West of Scotland"},{"numberOfDocuments":14.287792307260341,"label":"University of St Andrews"},{"numberOfDocuments":23.664139796378247,"label":"University of Glasgow"},{"numberOfDocuments":22.81912347836297,"label":"University of Strathclyde"}],"conceptId":16},{"topicData":[{"numberOfDocuments":30.268638560261557,"label":"Heriot-Watt University"},{"numberOfDocuments":12.548559623924925,"label":"Robert Gordon University"},{"numberOfDocuments":6.131502345095828,"label":"Glasgow Caledonian University"},{"numberOfDocuments":7.240312636262982,"label":"Queen Margaret University"},{"numberOfDocuments":5.2899733925078785,"label":"University of the Highlands and Islands"},{"numberOfDocuments":17.916135476306366,"label":"University of Dundee"},{"numberOfDocuments":20.34393463300198,"label":"Edinburgh Napier University"},{"numberOfDocuments":25.76547516500322,"label":"University of Stirling"},{"numberOfDocuments":7.300821738783191,"label":"Abertay University"},{"numberOfDocuments":24.343641833534427,"label":"University of Aberdeen"},{"numberOfDocuments":112.32702843066754,"label":"University of Edinburgh"},{"numberOfDocuments":12.620424496077757,"label":"University of the West of Scotland"},{"numberOfDocuments":26.640914423468658,"label":"University of St Andrews"},{"numberOfDocuments":83.73801485827335,"label":"University of Glasgow"},{"numberOfDocuments":103.4552224828508,"label":"University of Strathclyde"}],"conceptId":17},{"topicData":[{"numberOfDocuments":1.967865013108352,"label":"Heriot-Watt University"},{"numberOfDocuments":0.7174480577502268,"label":"Robert Gordon University"},{"numberOfDocuments":1.0246186826463743,"label":"Glasgow Caledonian University"},{"numberOfDocuments":0.270501964453323,"label":"Queen Margaret University"},{"numberOfDocuments":0.08846048673776319,"label":"University of the Highlands and Islands"},{"numberOfDocuments":0.9413228947718871,"label":"University of Dundee"},{"numberOfDocuments":0.8655990498589056,"label":"Edinburgh Napier University"},{"numberOfDocuments":1.3892037055944269,"label":"University of Stirling"},{"numberOfDocuments":0.29615735574677743,"label":"Abertay University"},{"numberOfDocuments":0.6563674218325811,"label":"University of Aberdeen"},{"numberOfDocuments":21.5805235313588,"label":"University of Edinburgh"},{"numberOfDocuments":2.327501480848055,"label":"University of the West of Scotland"},{"numberOfDocuments":3.3705146425470778,"label":"University of St Andrews"},{"numberOfDocuments":5.26803834816754,"label":"University of Glasgow"},{"numberOfDocuments":3.796691446960493,"label":"University of Strathclyde"}],"conceptId":18},{"topicData":[{"numberOfDocuments":0.1148528099910794,"label":"Heriot-Watt University"},{"numberOfDocuments":0.8282359716382137,"label":"Robert Gordon University"},{"numberOfDocuments":0.8535253130288213,"label":"Glasgow Caledonian University"},{"numberOfDocuments":0.34630558616386387,"label":"Queen Margaret University"},{"numberOfDocuments":0.04148554148554148,"label":"University of the Highlands and Islands"},{"numberOfDocuments":0.22847545105123163,"label":"University of Dundee"},{"numberOfDocuments":5.202820322656743,"label":"Edinburgh Napier University"},{"numberOfDocuments":0.461454620687057,"label":"University of Stirling"},{"numberOfDocuments":1.9335349270515527,"label":"Abertay University"},{"numberOfDocuments":0.16363110392319022,"label":"University of Aberdeen"},{"numberOfDocuments":9.327473033439132,"label":"University of Edinburgh"},{"numberOfDocuments":1.4624232584215457,"label":"University of the West of Scotland"},{"numberOfDocuments":1.0167996103721508,"label":"University of St Andrews"},{"numberOfDocuments":1.6735574749836857,"label":"University of Glasgow"},{"numberOfDocuments":3.2034668467617156,"label":"University of Strathclyde"}],"conceptId":19},{"topicData":[{"numberOfDocuments":0.6464642384773489,"label":"Heriot-Watt University"},{"numberOfDocuments":0.7873605078275321,"label":"Robert Gordon University"},{"numberOfDocuments":0.025,"label":"Glasgow Caledonian University"},{"numberOfDocuments":0.2828696612686211,"label":"Queen Margaret University"},{"numberOfDocuments":0.1296546234772979,"label":"University of the Highlands and Islands"},{"numberOfDocuments":0.17461926961926963,"label":"University of Dundee"},{"numberOfDocuments":0.6167777634882818,"label":"Edinburgh Napier University"},{"numberOfDocuments":0.7445502902674676,"label":"University of Stirling"},{"numberOfDocuments":0.38903363202078456,"label":"Abertay University"},{"numberOfDocuments":0.46779540146078125,"label":"University of Aberdeen"},{"numberOfDocuments":15.879309496590869,"label":"University of Edinburgh"},{"numberOfDocuments":0.721547007755795,"label":"University of the West of Scotland"},{"numberOfDocuments":0.8234414452001344,"label":"University of St Andrews"},{"numberOfDocuments":3.675415113539381,"label":"University of Glasgow"},{"numberOfDocuments":1.8126125741511523,"label":"University of Strathclyde"}],"conceptId":20},{"topicData":[{"numberOfDocuments":0.9965125717871616,"label":"Heriot-Watt University"},{"numberOfDocuments":2.8586360884979123,"label":"Robert Gordon University"},{"numberOfDocuments":1.1660611847893105,"label":"Glasgow Caledonian University"},{"numberOfDocuments":3.3605666105846272,"label":"Queen Margaret University"},{"numberOfDocuments":1.2617418429781417,"label":"University of the Highlands and Islands"},{"numberOfDocuments":4.102262452490688,"label":"University of Dundee"},{"numberOfDocuments":4.6811317340211405,"label":"Edinburgh Napier University"},{"numberOfDocuments":6.348446363771948,"label":"University of Stirling"},{"numberOfDocuments":0.8295862031178306,"label":"Abertay University"},{"numberOfDocuments":4.325472293123042,"label":"University of Aberdeen"},{"numberOfDocuments":12.200294504659032,"label":"University of Edinburgh"},{"numberOfDocuments":1.5573283734802532,"label":"University of the West of Scotland"},{"numberOfDocuments":2.4100707154929197,"label":"University of St Andrews"},{"numberOfDocuments":10.137246492772146,"label":"University of Glasgow"},{"numberOfDocuments":10.291520546273956,"label":"University of Strathclyde"}],"conceptId":21},{"topicData":[{"numberOfDocuments":1.6949806781847756,"label":"Heriot-Watt University"},{"numberOfDocuments":0.8241288973815629,"label":"Robert Gordon University"},{"numberOfDocuments":0.40425865823478335,"label":"Glasgow Caledonian University"},{"numberOfDocuments":0.6091988218461278,"label":"Queen Margaret University"},{"numberOfDocuments":0.07407407407407407,"label":"University of the Highlands and Islands"},{"numberOfDocuments":1.2796407432117043,"label":"University of Dundee"},{"numberOfDocuments":1.081759539371531,"label":"Edinburgh Napier University"},{"numberOfDocuments":3.2453771714726236,"label":"University of Stirling"},{"numberOfDocuments":0.056179775280898875,"label":"Abertay University"},{"numberOfDocuments":0.7796235875010902,"label":"University of Aberdeen"},{"numberOfDocuments":2.784143804531353,"label":"University of Edinburgh"},{"numberOfDocuments":0.4280025259448029,"label":"University of the West of Scotland"},{"numberOfDocuments":0.3466378653057112,"label":"University of St Andrews"},{"numberOfDocuments":5.990028125581764,"label":"University of Glasgow"},{"numberOfDocuments":1.142478730702456,"label":"University of Strathclyde"}],"conceptId":22},{"topicData":[{"numberOfDocuments":1.9916958391311625,"label":"Heriot-Watt University"},{"numberOfDocuments":3.938175756286138,"label":"Robert Gordon University"},{"numberOfDocuments":0.34121321122384546,"label":"Glasgow Caledonian University"},{"numberOfDocuments":0.2130525539562611,"label":"Queen Margaret University"},{"numberOfDocuments":0.27847350798992254,"label":"University of the Highlands and Islands"},{"numberOfDocuments":1.1421203844036432,"label":"University of Dundee"},{"numberOfDocuments":2.0904457773603844,"label":"Edinburgh Napier University"},{"numberOfDocuments":4.117290780564994,"label":"University of Stirling"},{"numberOfDocuments":0.2673933551037023,"label":"Abertay University"},{"numberOfDocuments":1.8514421163319215,"label":"University of Aberdeen"},{"numberOfDocuments":10.723734865043143,"label":"University of Edinburgh"},{"numberOfDocuments":0.9570279414675165,"label":"University of the West of Scotland"},{"numberOfDocuments":1.3378160676944553,"label":"University of St Andrews"},{"numberOfDocuments":26.357931636021956,"label":"University of Glasgow"},{"numberOfDocuments":21.117207172198132,"label":"University of Strathclyde"}],"conceptId":23},{"topicData":[{"numberOfDocuments":1.8687885467048924,"label":"Heriot-Watt University"},{"numberOfDocuments":1.9644998546797732,"label":"Robert Gordon University"},{"numberOfDocuments":0.20374236789656977,"label":"Glasgow Caledonian University"},{"numberOfDocuments":1.1512386237100416,"label":"Queen Margaret University"},{"numberOfDocuments":1.1049002676853614,"label":"University of the Highlands and Islands"},{"numberOfDocuments":0.84317469768978,"label":"University of Dundee"},{"numberOfDocuments":2.5319513034369825,"label":"Edinburgh Napier University"},{"numberOfDocuments":4.924200098931483,"label":"University of Stirling"},{"numberOfDocuments":0.16963078753201297,"label":"Abertay University"},{"numberOfDocuments":1.7999007077047442,"label":"University of Aberdeen"},{"numberOfDocuments":17.90182155882388,"label":"University of Edinburgh"},{"numberOfDocuments":0.29604365757587736,"label":"University of the West of Scotland"},{"numberOfDocuments":5.092561462176682,"label":"University of St Andrews"},{"numberOfDocuments":7.697392918297066,"label":"University of Glasgow"},{"numberOfDocuments":7.154140053866548,"label":"University of Strathclyde"}],"conceptId":24},{"topicData":[{"numberOfDocuments":0.9750812164542174,"label":"Heriot-Watt University"},{"numberOfDocuments":7.671908061492711,"label":"Robert Gordon University"},{"numberOfDocuments":1.194146784587961,"label":"Glasgow Caledonian University"},{"numberOfDocuments":0.24850145467422627,"label":"Queen Margaret University"},{"numberOfDocuments":0.2570595002909881,"label":"University of the Highlands and Islands"},{"numberOfDocuments":1.263991091192639,"label":"University of Dundee"},{"numberOfDocuments":5.200610621342036,"label":"Edinburgh Napier University"},{"numberOfDocuments":1.2217873755405666,"label":"University of Stirling"},{"numberOfDocuments":0.8179478694456389,"label":"Abertay University"},{"numberOfDocuments":1.7964040284225056,"label":"University of Aberdeen"},{"numberOfDocuments":8.634961422836872,"label":"University of Edinburgh"},{"numberOfDocuments":4.039753714982383,"label":"University of the West of Scotland"},{"numberOfDocuments":3.2718868384390714,"label":"University of St Andrews"},{"numberOfDocuments":4.980974821892899,"label":"University of Glasgow"},{"numberOfDocuments":3.841959468774798,"label":"University of Strathclyde"}],"conceptId":25}]