{"linkageTable":[{"node2":9,"distance":0.453737274048655,"node1":2},{"node2":13,"distance":0.45586311858442,"node1":3},{"node2":11,"distance":0.465033405966025,"node1":10},{"node2":8,"distance":0.477019613927805,"node1":16},{"node2":14,"distance":0.481437119889835,"node1":0},{"node2":5,"distance":0.48191116968854497,"node1":4},{"node2":19,"distance":0.4836882342010958,"node1":20},{"node2":7,"distance":0.4867627808977225,"node1":17},{"node2":21,"distance":0.4898151730031733,"node1":23},{"node2":24,"distance":0.49195239242995,"node1":1},{"node2":18,"distance":0.4924537172504033,"node1":25},{"node2":26,"distance":0.4942354524773781,"node1":22},{"node2":15,"distance":0.495387598917345,"node1":6},{"node2":12,"distance":0.49614553725708466,"node1":27},{"node2":28,"distance":0.4976937576830593,"node1":29}],"conceptsData":[{"conceptId":3,"clusterId":0,"hexCoordinates":{"x":0,"y":0},"labels":[{"weight":1047,"label":"rna"},{"weight":387,"label":"transcription"},{"weight":361,"label":"mrna"},{"weight":360,"label":"splicing"},{"weight":347,"label":"gene"},{"weight":274,"label":"site"},{"weight":273,"label":"binding"},{"weight":265,"label":"transcript"},{"weight":234,"label":"expression"},{"weight":230,"label":"seq"},{"weight":218,"label":"protein"},{"weight":202,"label":"factor"},{"weight":200,"label":"promoter"},{"weight":165,"label":"show"},{"weight":149,"label":"transcriptional"},{"weight":145,"label":"pre"},{"weight":135,"label":"element"},{"weight":125,"label":"enhancer"},{"weight":122,"label":"bind"},{"weight":121,"label":"chromatin"},{"weight":120,"label":"region"},{"weight":118,"label":"sequencing"},{"weight":115,"label":"lncrna"},{"weight":106,"label":"identify"},{"weight":104,"label":"alternative"}],"subTopicId":237},{"conceptId":4,"clusterId":0,"hexCoordinates":{"x":-1.7320508075688772,"y":0},"labels":[{"weight":392,"label":"rhythm"},{"weight":363,"label":"clock"},{"weight":316,"label":"circadian"},{"weight":255,"label":"light"},{"weight":166,"label":"cycle"},{"weight":133,"label":"night"},{"weight":133,"label":"day"},{"weight":122,"label":"daily"},{"weight":120,"label":"time"},{"weight":119,"label":"gene"},{"weight":85,"label":"plant"},{"weight":83,"label":"timing"},{"weight":80,"label":"activity"},{"weight":74,"label":"photoperiod"},{"weight":72,"label":"dark"},{"weight":66,"label":"expression"},{"weight":63,"label":"rhythmic"},{"weight":58,"label":"seasonal"},{"weight":57,"label":"phase"},{"weight":55,"label":"diurnal"},{"weight":55,"label":"period"},{"weight":50,"label":"starch"},{"weight":47,"label":"biological"},{"weight":47,"label":"mechanism"},{"weight":46,"label":"component"}],"subTopicId":269},{"conceptId":15,"clusterId":0,"hexCoordinates":{"x":-3.4641016151377544,"y":3},"labels":[{"weight":184,"label":"vsg"},{"weight":121,"label":"skin"},{"weight":70,"label":"variation"},{"weight":66,"label":"tactile"},{"weight":56,"label":"antigenic"},{"weight":53,"label":"surface"},{"weight":50,"label":"socket"},{"weight":43,"label":"switching"},{"weight":37,"label":"prosthetic"},{"weight":34,"label":"variant"},{"weight":31,"label":"liner"},{"weight":29,"label":"glycoprotein"},{"weight":25,"label":"brucei"},{"weight":24,"label":"material"},{"weight":23,"label":"limb"},{"weight":21,"label":"trypanosome"},{"weight":21,"label":"coat"},{"weight":21,"label":"robotic"},{"weight":20,"label":"telomeric"},{"weight":20,"label":"wearable"},{"weight":20,"label":"switch"},{"weight":20,"label":"interface"},{"weight":19,"label":"diversity"},{"weight":17,"label":"expression"},{"weight":17,"label":"strategy"}],"subTopicId":908},{"conceptId":-1,"clusterId":-1,"hexCoordinates":{"x":6.06217782649107,"y":4.5},"labels":[{"weight":2500,"label":"Unclassified"},{"weight":0,"label":""},{"weight":0,"label":""},{"weight":0,"label":""},{"weight":0,"label":""},{"weight":0,"label":""},{"weight":0,"label":""},{"weight":0,"label":""},{"weight":0,"label":""},{"weight":0,"label":""},{"weight":0,"label":""}],"subTopicId":null},{"conceptId":13,"clusterId":0,"hexCoordinates":{"x":1.7320508075688772,"y":0},"labels":[{"weight":200,"label":"cap"},{"weight":171,"label":"gene"},{"weight":163,"label":"methylation"},{"weight":146,"label":"expression"},{"weight":145,"label":"histone"},{"weight":130,"label":"yap"},{"weight":129,"label":"mrna"},{"weight":124,"label":"transcription"},{"weight":124,"label":"dna"},{"weight":121,"label":"nuclear"},{"weight":112,"label":"taz"},{"weight":108,"label":"pml"},{"weight":97,"label":"cell"},{"weight":78,"label":"dnmt"},{"weight":73,"label":"methyltransferase"},{"weight":73,"label":"transcriptional"},{"weight":67,"label":"kdm"},{"weight":66,"label":"rna"},{"weight":61,"label":"rnmt"},{"weight":59,"label":"hdac"},{"weight":57,"label":"ram"},{"weight":57,"label":"associate"},{"weight":54,"label":"epigenetic"},{"weight":51,"label":"chromatin"},{"weight":51,"label":"export"}],"subTopicId":810},{"conceptId":12,"clusterId":0,"hexCoordinates":{"x":2.598076211353316,"y":1.5},"labels":[{"weight":403,"label":"nuclear"},{"weight":80,"label":"npc"},{"weight":79,"label":"nucleus"},{"weight":77,"label":"drosophila"},{"weight":67,"label":"ryr"},{"weight":65,"label":"envelope"},{"weight":61,"label":"tubule"},{"weight":55,"label":"lamin"},{"weight":49,"label":"insect"},{"weight":45,"label":"neuropeptide"},{"weight":45,"label":"cold"},{"weight":44,"label":"stress"},{"weight":41,"label":"knockdown"},{"weight":37,"label":"tolerance"},{"weight":36,"label":"organization"},{"weight":36,"label":"release"},{"weight":35,"label":"gene"},{"weight":34,"label":"lamina"},{"weight":34,"label":"net"},{"weight":30,"label":"translocation"},{"weight":30,"label":"specific"},{"weight":29,"label":"desiccation"},{"weight":28,"label":"cytoplasmic"},{"weight":27,"label":"nup"},{"weight":27,"label":"receptor"}],"subTopicId":788},{"conceptId":14,"clusterId":0,"hexCoordinates":{"x":0.8660254037844386,"y":4.5},"labels":[{"weight":386,"label":"chromatin"},{"weight":266,"label":"histone"},{"weight":175,"label":"chromosome"},{"weight":173,"label":"centromere"},{"weight":148,"label":"dna"},{"weight":147,"label":"cenp"},{"weight":120,"label":"epigenetic"},{"weight":116,"label":"heterochromatin"},{"weight":112,"label":"nucleosome"},{"weight":103,"label":"cell"},{"weight":82,"label":"modification"},{"weight":81,"label":"hac"},{"weight":78,"label":"prc"},{"weight":73,"label":"complex"},{"weight":68,"label":"assembly"},{"weight":66,"label":"mis"},{"weight":63,"label":"genome"},{"weight":59,"label":"kinetochore"},{"weight":59,"label":"transcription"},{"weight":56,"label":"centromeric"},{"weight":48,"label":"state"},{"weight":47,"label":"associate"},{"weight":47,"label":"protein"},{"weight":44,"label":"gene"},{"weight":43,"label":"acetylation"}],"subTopicId":843},{"conceptId":8,"clusterId":0,"hexCoordinates":{"x":0,"y":3},"labels":[{"weight":771,"label":"protein"},{"weight":710,"label":"structure"},{"weight":594,"label":"binding"},{"weight":544,"label":"domain"},{"weight":452,"label":"dna"},{"weight":376,"label":"bind"},{"weight":318,"label":"complex"},{"weight":308,"label":"interaction"},{"weight":244,"label":"structural"},{"weight":230,"label":"site"},{"weight":212,"label":"assembly"},{"weight":201,"label":"sequence"},{"weight":174,"label":"form"},{"weight":173,"label":"molecular"},{"weight":168,"label":"terminal"},{"weight":165,"label":"helix"},{"weight":164,"label":"reveal"},{"weight":145,"label":"rna"},{"weight":145,"label":"show"},{"weight":135,"label":"conformation"},{"weight":134,"label":"motif"},{"weight":130,"label":"crystal"},{"weight":127,"label":"residue"},{"weight":127,"label":"fold"},{"weight":124,"label":"loop"}],"subTopicId":578},{"conceptId":11,"clusterId":0,"hexCoordinates":{"x":-0.8660254037844386,"y":1.5},"labels":[{"weight":1134,"label":"expression"},{"weight":1089,"label":"cell"},{"weight":1022,"label":"protein"},{"weight":383,"label":"gene"},{"weight":343,"label":"level"},{"weight":337,"label":"increase"},{"weight":306,"label":"express"},{"weight":290,"label":"line"},{"weight":266,"label":"result"},{"weight":207,"label":"mrna"},{"weight":191,"label":"human"},{"weight":183,"label":"reduce"},{"weight":175,"label":"suggest"},{"weight":174,"label":"study"},{"weight":173,"label":"show"},{"weight":160,"label":"analysis"},{"weight":149,"label":"associate"},{"weight":138,"label":"western"},{"weight":138,"label":"identify"},{"weight":136,"label":"change"},{"weight":135,"label":"regulate"},{"weight":130,"label":"observe"},{"weight":129,"label":"assay"},{"weight":126,"label":"significantly"},{"weight":125,"label":"vitro"}],"subTopicId":756},{"conceptId":9,"clusterId":0,"hexCoordinates":{"x":-0.8660254037844386,"y":4.5},"labels":[{"weight":522,"label":"cycle"},{"weight":493,"label":"replication"},{"weight":465,"label":"cell"},{"weight":202,"label":"cdc"},{"weight":180,"label":"dna"},{"weight":177,"label":"origin"},{"weight":176,"label":"phase"},{"weight":149,"label":"division"},{"weight":112,"label":"mcm"},{"weight":111,"label":"rif"},{"weight":97,"label":"cdk"},{"weight":79,"label":"require"},{"weight":77,"label":"show"},{"weight":71,"label":"progression"},{"weight":68,"label":"life"},{"weight":67,"label":"mitotic"},{"weight":65,"label":"initiation"},{"weight":62,"label":"eukaryote"},{"weight":60,"label":"late"},{"weight":59,"label":"arrest"},{"weight":59,"label":"control"},{"weight":59,"label":"complex"},{"weight":56,"label":"cyclin"},{"weight":53,"label":"orc"},{"weight":50,"label":"mitosis"}],"subTopicId":672},{"conceptId":0,"clusterId":0,"hexCoordinates":{"x":1.7320508075688772,"y":3},"labels":[{"weight":294,"label":"microtubule"},{"weight":224,"label":"kinetochore"},{"weight":222,"label":"spindle"},{"weight":219,"label":"chromosome"},{"weight":159,"label":"mitotic"},{"weight":136,"label":"complex"},{"weight":126,"label":"cell"},{"weight":117,"label":"mitosis"},{"weight":111,"label":"kinase"},{"weight":93,"label":"segregation"},{"weight":91,"label":"aurora"},{"weight":90,"label":"assembly"},{"weight":88,"label":"rab"},{"weight":76,"label":"checkpoint"},{"weight":74,"label":"protein"},{"weight":63,"label":"sister"},{"weight":63,"label":"attachment"},{"weight":58,"label":"cpc"},{"weight":55,"label":"show"},{"weight":55,"label":"division"},{"weight":53,"label":"meiosis"},{"weight":52,"label":"centrosome"},{"weight":49,"label":"plk"},{"weight":49,"label":"localization"},{"weight":48,"label":"role"}],"subTopicId":37},{"conceptId":1,"clusterId":0,"hexCoordinates":{"x":0.8660254037844386,"y":1.5},"labels":[{"weight":337,"label":"translation"},{"weight":182,"label":"repeat"},{"weight":144,"label":"eif"},{"weight":142,"label":"mrna"},{"weight":119,"label":"ribosome"},{"weight":91,"label":"translational"},{"weight":74,"label":"expansion"},{"weight":51,"label":"initiation"},{"weight":41,"label":"synthesis"},{"weight":40,"label":"ribosomal"},{"weight":39,"label":"trna"},{"weight":36,"label":"ctg"},{"weight":34,"label":"codon"},{"weight":32,"label":"pabp"},{"weight":31,"label":"sequence"},{"weight":27,"label":"cag"},{"weight":27,"label":"translate"},{"weight":26,"label":"polysome"},{"weight":25,"label":"effect"},{"weight":23,"label":"eukaryotic"},{"weight":23,"label":"length"},{"weight":23,"label":"show"},{"weight":22,"label":"rate"},{"weight":21,"label":"rna"},{"weight":20,"label":"complex"}],"subTopicId":41},{"conceptId":2,"clusterId":0,"hexCoordinates":{"x":-1.7320508075688772,"y":3},"labels":[{"weight":1075,"label":"dna"},{"weight":485,"label":"repair"},{"weight":341,"label":"damage"},{"weight":321,"label":"recombination"},{"weight":223,"label":"replication"},{"weight":177,"label":"chromosome"},{"weight":154,"label":"strand"},{"weight":142,"label":"break"},{"weight":119,"label":"show"},{"weight":113,"label":"double"},{"weight":102,"label":"cell"},{"weight":97,"label":"genome"},{"weight":94,"label":"response"},{"weight":89,"label":"homologous"},{"weight":85,"label":"dsb"},{"weight":84,"label":"require"},{"weight":82,"label":"pathway"},{"weight":81,"label":"fork"},{"weight":81,"label":"yeast"},{"weight":79,"label":"pcna"},{"weight":72,"label":"result"},{"weight":71,"label":"chromatin"},{"weight":70,"label":"meiotic"},{"weight":70,"label":"rad"},{"weight":67,"label":"activity"}],"subTopicId":67},{"conceptId":6,"clusterId":0,"hexCoordinates":{"x":-2.598076211353316,"y":4.5},"labels":[{"weight":78,"label":"integrase"},{"weight":73,"label":"recombination"},{"weight":52,"label":"phage"},{"weight":52,"label":"dna"},{"weight":42,"label":"hrd"},{"weight":42,"label":"site"},{"weight":41,"label":"reaction"},{"weight":35,"label":"serine"},{"weight":31,"label":"rdf"},{"weight":23,"label":"khipus"},{"weight":23,"label":"specific"},{"weight":20,"label":"attb"},{"weight":20,"label":"synthetic"},{"weight":19,"label":"integration"},{"weight":18,"label":"attp"},{"weight":18,"label":"attl"},{"weight":18,"label":"recombinase"},{"weight":18,"label":"bacteriophage"},{"weight":16,"label":"attr"},{"weight":16,"label":"biology"},{"weight":16,"label":"reverse"},{"weight":16,"label":"directionality"},{"weight":15,"label":"genome"},{"weight":14,"label":"host"},{"weight":14,"label":"switch"}],"subTopicId":391},{"conceptId":5,"clusterId":0,"hexCoordinates":{"x":-0.8660254037844386,"y":-1.5},"labels":[{"weight":3124,"label":"gene"},{"weight":2257,"label":"expression"},{"weight":565,"label":"protein"},{"weight":505,"label":"analysis"},{"weight":503,"label":"identify"},{"weight":456,"label":"response"},{"weight":366,"label":"pathway"},{"weight":352,"label":"express"},{"weight":346,"label":"regulate"},{"weight":336,"label":"transcriptional"},{"weight":329,"label":"regulation"},{"weight":318,"label":"tissue"},{"weight":311,"label":"transcript"},{"weight":309,"label":"transcriptome"},{"weight":308,"label":"involve"},{"weight":297,"label":"level"},{"weight":288,"label":"rna"},{"weight":285,"label":"transcription"},{"weight":282,"label":"profile"},{"weight":276,"label":"specific"},{"weight":275,"label":"show"},{"weight":228,"label":"regulatory"},{"weight":210,"label":"factor"},{"weight":208,"label":"human"},{"weight":200,"label":"study"}],"subTopicId":309},{"conceptId":10,"clusterId":0,"hexCoordinates":{"x":-2.598076211353316,"y":1.5},"labels":[{"weight":711,"label":"mir"},{"weight":624,"label":"mirna"},{"weight":190,"label":"rna"},{"weight":187,"label":"microrna"},{"weight":85,"label":"target"},{"weight":85,"label":"level"},{"weight":77,"label":"gbm"},{"weight":64,"label":"identify"},{"weight":59,"label":"small"},{"weight":58,"label":"post"},{"weight":57,"label":"exosome"},{"weight":42,"label":"circulate"},{"weight":40,"label":"expression"},{"weight":40,"label":"code"},{"weight":33,"label":"dicer"},{"weight":33,"label":"tut"},{"weight":33,"label":"vesicle"},{"weight":31,"label":"mature"},{"weight":31,"label":"mouse"},{"weight":31,"label":"plasma"},{"weight":29,"label":"pri"},{"weight":29,"label":"transcriptional"},{"weight":27,"label":"ncrna"},{"weight":27,"label":"biomarker"},{"weight":26,"label":"mirnas"}],"subTopicId":745},{"conceptId":7,"clusterId":0,"hexCoordinates":{"x":0.8660254037844386,"y":-1.5},"labels":[{"weight":653,"label":"methylation"},{"weight":462,"label":"dna"},{"weight":220,"label":"cpg"},{"weight":204,"label":"epigenetic"},{"weight":109,"label":"associate"},{"weight":97,"label":"site"},{"weight":96,"label":"change"},{"weight":76,"label":"region"},{"weight":73,"label":"gene"},{"weight":72,"label":"disease"},{"weight":63,"label":"dnam"},{"weight":60,"label":"methylate"},{"weight":60,"label":"modification"},{"weight":59,"label":"mechanism"},{"weight":57,"label":"blood"},{"weight":50,"label":"epigenome"},{"weight":50,"label":"promoter"},{"weight":44,"label":"hmc"},{"weight":43,"label":"aria"},{"weight":43,"label":"pattern"},{"weight":42,"label":"difference"},{"weight":37,"label":"tet"},{"weight":36,"label":"hypermethylation"},{"weight":35,"label":"genome"},{"weight":34,"label":"altered"}],"subTopicId":552}]}