[{"topicData":[{"numberOfDocuments":0.0,"label":"Heriot-Watt University"},{"numberOfDocuments":0.0,"label":"Robert Gordon University"},{"numberOfDocuments":0.0,"label":"Glasgow Caledonian University"},{"numberOfDocuments":0.0,"label":"Queen Margaret University"},{"numberOfDocuments":0.0,"label":"University of the Highlands and Islands"},{"numberOfDocuments":0.0,"label":"University of Dundee"},{"numberOfDocuments":0.0,"label":"Edinburgh Napier University"},{"numberOfDocuments":0.0,"label":"University of Stirling"},{"numberOfDocuments":0.0,"label":"Abertay University"},{"numberOfDocuments":0.0,"label":"University of Aberdeen"},{"numberOfDocuments":0.0,"label":"University of Edinburgh"},{"numberOfDocuments":0.0,"label":"University of the West of Scotland"},{"numberOfDocuments":0.0,"label":"University of Glasgow"},{"numberOfDocuments":0.0,"label":"University of St Andrews"},{"numberOfDocuments":0.0,"label":"University of Strathclyde"}],"conceptId":-1},{"topicData":[{"numberOfDocuments":0.2451998757639855,"label":"Heriot-Watt University"},{"numberOfDocuments":0.06876456876456877,"label":"Robert Gordon University"},{"numberOfDocuments":0.025679012345679014,"label":"Glasgow Caledonian University"},{"numberOfDocuments":0.0,"label":"Queen Margaret University"},{"numberOfDocuments":0.016465494620834426,"label":"University of the Highlands and Islands"},{"numberOfDocuments":20.015081880254392,"label":"University of Dundee"},{"numberOfDocuments":0.6172315915290806,"label":"Edinburgh Napier University"},{"numberOfDocuments":0.13029742415764095,"label":"University of Stirling"},{"numberOfDocuments":0.0,"label":"Abertay University"},{"numberOfDocuments":1.2084440811838646,"label":"University of Aberdeen"},{"numberOfDocuments":40.55661531080154,"label":"University of Edinburgh"},{"numberOfDocuments":0.05637065637065637,"label":"University of the West of Scotland"},{"numberOfDocuments":6.195801604924955,"label":"University of Glasgow"},{"numberOfDocuments":0.6441979181527783,"label":"University of St Andrews"},{"numberOfDocuments":1.7453650171055002,"label":"University of Strathclyde"}],"conceptId":0},{"topicData":[{"numberOfDocuments":0.24049798966465633,"label":"Heriot-Watt University"},{"numberOfDocuments":0.0,"label":"Robert Gordon University"},{"numberOfDocuments":0.1750861079219288,"label":"Glasgow Caledonian University"},{"numberOfDocuments":0.035532994923857864,"label":"Queen Margaret University"},{"numberOfDocuments":0.007246376811594203,"label":"University of the Highlands and Islands"},{"numberOfDocuments":3.6696243971025573,"label":"University of Dundee"},{"numberOfDocuments":0.1935065572620801,"label":"Edinburgh Napier University"},{"numberOfDocuments":0.6602353523338265,"label":"University of Stirling"},{"numberOfDocuments":0.005917159763313609,"label":"Abertay University"},{"numberOfDocuments":2.5726648812574955,"label":"University of Aberdeen"},{"numberOfDocuments":10.207893065700059,"label":"University of Edinburgh"},{"numberOfDocuments":0.004807692307692308,"label":"University of the West of Scotland"},{"numberOfDocuments":5.35188002177569,"label":"University of Glasgow"},{"numberOfDocuments":1.4262331587086752,"label":"University of St Andrews"},{"numberOfDocuments":0.4586041161383918,"label":"University of Strathclyde"}],"conceptId":1},{"topicData":[{"numberOfDocuments":0.4731494160380072,"label":"Heriot-Watt University"},{"numberOfDocuments":0.9306854652186447,"label":"Robert Gordon University"},{"numberOfDocuments":0.1665684118591993,"label":"Glasgow Caledonian University"},{"numberOfDocuments":0.10802832523039377,"label":"Queen Margaret University"},{"numberOfDocuments":0.7883493142379634,"label":"University of the Highlands and Islands"},{"numberOfDocuments":27.30588870495694,"label":"University of Dundee"},{"numberOfDocuments":0.7132734438961005,"label":"Edinburgh Napier University"},{"numberOfDocuments":0.6408843672796801,"label":"University of Stirling"},{"numberOfDocuments":0.613062463062463,"label":"Abertay University"},{"numberOfDocuments":9.675313971195886,"label":"University of Aberdeen"},{"numberOfDocuments":34.149784437871006,"label":"University of Edinburgh"},{"numberOfDocuments":0.12839046687030753,"label":"University of the West of Scotland"},{"numberOfDocuments":15.940705031986163,"label":"University of Glasgow"},{"numberOfDocuments":10.330557778679884,"label":"University of St Andrews"},{"numberOfDocuments":1.785490267051479,"label":"University of Strathclyde"}],"conceptId":2},{"topicData":[{"numberOfDocuments":1.2201232420969919,"label":"Heriot-Watt University"},{"numberOfDocuments":0.09512282088792073,"label":"Robert Gordon University"},{"numberOfDocuments":0.13534441573668504,"label":"Glasgow Caledonian University"},{"numberOfDocuments":0.12519368711897447,"label":"Queen Margaret University"},{"numberOfDocuments":0.6210397922190284,"label":"University of the Highlands and Islands"},{"numberOfDocuments":20.498869620660553,"label":"University of Dundee"},{"numberOfDocuments":0.4179152299568784,"label":"Edinburgh Napier University"},{"numberOfDocuments":2.6508859127881594,"label":"University of Stirling"},{"numberOfDocuments":0.34762308840252554,"label":"Abertay University"},{"numberOfDocuments":4.037664979107574,"label":"University of Aberdeen"},{"numberOfDocuments":82.83941720818464,"label":"University of Edinburgh"},{"numberOfDocuments":0.6343400313586237,"label":"University of the West of Scotland"},{"numberOfDocuments":23.84648961429365,"label":"University of Glasgow"},{"numberOfDocuments":7.579669382047044,"label":"University of St Andrews"},{"numberOfDocuments":3.839201079645509,"label":"University of Strathclyde"}],"conceptId":3},{"topicData":[{"numberOfDocuments":0.5876182523958238,"label":"Heriot-Watt University"},{"numberOfDocuments":0.03114921141236931,"label":"Robert Gordon University"},{"numberOfDocuments":0.05866896067289193,"label":"Glasgow Caledonian University"},{"numberOfDocuments":0.5976764810122992,"label":"Queen Margaret University"},{"numberOfDocuments":2.3551198452064726,"label":"University of the Highlands and Islands"},{"numberOfDocuments":2.4840054204016586,"label":"University of Dundee"},{"numberOfDocuments":0.44942320779958755,"label":"Edinburgh Napier University"},{"numberOfDocuments":4.267248657508625,"label":"University of Stirling"},{"numberOfDocuments":0.661041676615979,"label":"Abertay University"},{"numberOfDocuments":4.182448265225704,"label":"University of Aberdeen"},{"numberOfDocuments":18.109851241670356,"label":"University of Edinburgh"},{"numberOfDocuments":0.2471431535563448,"label":"University of the West of Scotland"},{"numberOfDocuments":12.243103444747554,"label":"University of Glasgow"},{"numberOfDocuments":2.438250442031187,"label":"University of St Andrews"},{"numberOfDocuments":2.196123112115434,"label":"University of Strathclyde"}],"conceptId":4},{"topicData":[{"numberOfDocuments":3.4657112342176957,"label":"Heriot-Watt University"},{"numberOfDocuments":0.5686035018771944,"label":"Robert Gordon University"},{"numberOfDocuments":0.7798869524962154,"label":"Glasgow Caledonian University"},{"numberOfDocuments":0.38920507237997537,"label":"Queen Margaret University"},{"numberOfDocuments":3.6645165640669703,"label":"University of the Highlands and Islands"},{"numberOfDocuments":25.15790842559073,"label":"University of Dundee"},{"numberOfDocuments":0.7257504917170171,"label":"Edinburgh Napier University"},{"numberOfDocuments":12.811437294177765,"label":"University of Stirling"},{"numberOfDocuments":0.33544283448462686,"label":"Abertay University"},{"numberOfDocuments":17.705952264578578,"label":"University of Aberdeen"},{"numberOfDocuments":84.42222931596397,"label":"University of Edinburgh"},{"numberOfDocuments":1.9332459856915032,"label":"University of the West of Scotland"},{"numberOfDocuments":40.38514283260058,"label":"University of Glasgow"},{"numberOfDocuments":13.650738417364822,"label":"University of St Andrews"},{"numberOfDocuments":4.031063894205509,"label":"University of Strathclyde"}],"conceptId":5},{"topicData":[{"numberOfDocuments":0.017391304347826087,"label":"Heriot-Watt University"},{"numberOfDocuments":0.00684931506849315,"label":"Robert Gordon University"},{"numberOfDocuments":0.0,"label":"Glasgow Caledonian University"},{"numberOfDocuments":0.0,"label":"Queen Margaret University"},{"numberOfDocuments":0.0,"label":"University of the Highlands and Islands"},{"numberOfDocuments":0.1879637211312436,"label":"University of Dundee"},{"numberOfDocuments":0.2414166072327572,"label":"Edinburgh Napier University"},{"numberOfDocuments":0.13364333075002152,"label":"University of Stirling"},{"numberOfDocuments":0.027777777777777776,"label":"Abertay University"},{"numberOfDocuments":1.0405861301641364,"label":"University of Aberdeen"},{"numberOfDocuments":2.896678240778952,"label":"University of Edinburgh"},{"numberOfDocuments":0.15148574893875075,"label":"University of the West of Scotland"},{"numberOfDocuments":7.477082938290863,"label":"University of Glasgow"},{"numberOfDocuments":2.0122043236987937,"label":"University of St Andrews"},{"numberOfDocuments":1.003168396805695,"label":"University of Strathclyde"}],"conceptId":6},{"topicData":[{"numberOfDocuments":0.186628479756548,"label":"Heriot-Watt University"},{"numberOfDocuments":0.3695053338116916,"label":"Robert Gordon University"},{"numberOfDocuments":0.03394794967828676,"label":"Glasgow Caledonian University"},{"numberOfDocuments":0.005319148936170213,"label":"Queen Margaret University"},{"numberOfDocuments":0.0,"label":"University of the Highlands and Islands"},{"numberOfDocuments":2.4624188713516304,"label":"University of Dundee"},{"numberOfDocuments":0.025259381141734084,"label":"Edinburgh Napier University"},{"numberOfDocuments":0.42944984455061397,"label":"University of Stirling"},{"numberOfDocuments":0.024614919963757174,"label":"Abertay University"},{"numberOfDocuments":4.056357186459322,"label":"University of Aberdeen"},{"numberOfDocuments":26.20700233432496,"label":"University of Edinburgh"},{"numberOfDocuments":0.484589983489268,"label":"University of the West of Scotland"},{"numberOfDocuments":5.696937231747895,"label":"University of Glasgow"},{"numberOfDocuments":2.3379810383728503,"label":"University of St Andrews"},{"numberOfDocuments":1.0234546569905274,"label":"University of Strathclyde"}],"conceptId":7},{"topicData":[{"numberOfDocuments":1.8612494757595905,"label":"Heriot-Watt University"},{"numberOfDocuments":0.3791194965011302,"label":"Robert Gordon University"},{"numberOfDocuments":0.334036605053333,"label":"Glasgow Caledonian University"},{"numberOfDocuments":0.29597063001617807,"label":"Queen Margaret University"},{"numberOfDocuments":1.0046686386521646,"label":"University of the Highlands and Islands"},{"numberOfDocuments":44.106918438378614,"label":"University of Dundee"},{"numberOfDocuments":0.5642209560169439,"label":"Edinburgh Napier University"},{"numberOfDocuments":1.8767018309585817,"label":"University of Stirling"},{"numberOfDocuments":0.11796134488142462,"label":"Abertay University"},{"numberOfDocuments":7.915838704905053,"label":"University of Aberdeen"},{"numberOfDocuments":65.06114200214331,"label":"University of Edinburgh"},{"numberOfDocuments":1.3178991268858267,"label":"University of the West of Scotland"},{"numberOfDocuments":46.36391219760616,"label":"University of Glasgow"},{"numberOfDocuments":27.897051206719635,"label":"University of St Andrews"},{"numberOfDocuments":16.141027556099214,"label":"University of Strathclyde"}],"conceptId":8},{"topicData":[{"numberOfDocuments":0.7888786545379125,"label":"Heriot-Watt University"},{"numberOfDocuments":0.06779167350607454,"label":"Robert Gordon University"},{"numberOfDocuments":0.0849827280280623,"label":"Glasgow Caledonian University"},{"numberOfDocuments":0.27812199987261277,"label":"Queen Margaret University"},{"numberOfDocuments":0.9031672963976408,"label":"University of the Highlands and Islands"},{"numberOfDocuments":21.904429226635806,"label":"University of Dundee"},{"numberOfDocuments":0.6843405978901369,"label":"Edinburgh Napier University"},{"numberOfDocuments":1.1091915388993328,"label":"University of Stirling"},{"numberOfDocuments":0.188159892582661,"label":"Abertay University"},{"numberOfDocuments":4.459195539276708,"label":"University of Aberdeen"},{"numberOfDocuments":21.15830649745017,"label":"University of Edinburgh"},{"numberOfDocuments":0.19031426251987996,"label":"University of the West of Scotland"},{"numberOfDocuments":12.050872446095603,"label":"University of Glasgow"},{"numberOfDocuments":2.780773808439607,"label":"University of St Andrews"},{"numberOfDocuments":2.6034714902806653,"label":"University of Strathclyde"}],"conceptId":9},{"topicData":[{"numberOfDocuments":0.08465682065257847,"label":"Heriot-Watt University"},{"numberOfDocuments":0.0,"label":"Robert Gordon University"},{"numberOfDocuments":0.08172720533728688,"label":"Glasgow Caledonian University"},{"numberOfDocuments":0.0,"label":"Queen Margaret University"},{"numberOfDocuments":0.010464373202683992,"label":"University of the Highlands and Islands"},{"numberOfDocuments":2.4609973654667976,"label":"University of Dundee"},{"numberOfDocuments":0.014705882352941176,"label":"Edinburgh Napier University"},{"numberOfDocuments":1.0250839989286236,"label":"University of Stirling"},{"numberOfDocuments":0.002127659574468085,"label":"Abertay University"},{"numberOfDocuments":0.47259720712920084,"label":"University of Aberdeen"},{"numberOfDocuments":18.50843179060726,"label":"University of Edinburgh"},{"numberOfDocuments":0.02877981470530258,"label":"University of the West of Scotland"},{"numberOfDocuments":11.021782364949134,"label":"University of Glasgow"},{"numberOfDocuments":0.449685169812056,"label":"University of St Andrews"},{"numberOfDocuments":0.6723787589217981,"label":"University of Strathclyde"}],"conceptId":10},{"topicData":[{"numberOfDocuments":1.5632067385889123,"label":"Heriot-Watt University"},{"numberOfDocuments":1.0137105159166013,"label":"Robert Gordon University"},{"numberOfDocuments":1.5425989271316318,"label":"Glasgow Caledonian University"},{"numberOfDocuments":0.785470706402044,"label":"Queen Margaret University"},{"numberOfDocuments":1.3432772243225675,"label":"University of the Highlands and Islands"},{"numberOfDocuments":23.453014342988094,"label":"University of Dundee"},{"numberOfDocuments":2.3225552333299975,"label":"Edinburgh Napier University"},{"numberOfDocuments":5.319650954952715,"label":"University of Stirling"},{"numberOfDocuments":0.458918287441911,"label":"Abertay University"},{"numberOfDocuments":11.039620396453191,"label":"University of Aberdeen"},{"numberOfDocuments":47.00002878422347,"label":"University of Edinburgh"},{"numberOfDocuments":1.6620710996516854,"label":"University of the West of Scotland"},{"numberOfDocuments":35.299844447561846,"label":"University of Glasgow"},{"numberOfDocuments":9.487838489676134,"label":"University of St Andrews"},{"numberOfDocuments":9.128632563076643,"label":"University of Strathclyde"}],"conceptId":11},{"topicData":[{"numberOfDocuments":0.3360242228996362,"label":"Heriot-Watt University"},{"numberOfDocuments":0.09381692440287315,"label":"Robert Gordon University"},{"numberOfDocuments":0.04794520547945205,"label":"Glasgow Caledonian University"},{"numberOfDocuments":0.0,"label":"Queen Margaret University"},{"numberOfDocuments":0.27709128028450614,"label":"University of the Highlands and Islands"},{"numberOfDocuments":3.421485115805141,"label":"University of Dundee"},{"numberOfDocuments":0.0863622226829774,"label":"Edinburgh Napier University"},{"numberOfDocuments":0.4544695911049601,"label":"University of Stirling"},{"numberOfDocuments":0.11791729195444821,"label":"Abertay University"},{"numberOfDocuments":0.8899470391940615,"label":"University of Aberdeen"},{"numberOfDocuments":10.196676966430434,"label":"University of Edinburgh"},{"numberOfDocuments":0.2252046941058448,"label":"University of the West of Scotland"},{"numberOfDocuments":9.450835978980402,"label":"University of Glasgow"},{"numberOfDocuments":2.401198707577772,"label":"University of St Andrews"},{"numberOfDocuments":0.9402499371750327,"label":"University of Strathclyde"}],"conceptId":12},{"topicData":[{"numberOfDocuments":0.8704834623328614,"label":"Heriot-Watt University"},{"numberOfDocuments":0.10126400003177875,"label":"Robert Gordon University"},{"numberOfDocuments":0.3575251040933951,"label":"Glasgow Caledonian University"},{"numberOfDocuments":0.07729478437847598,"label":"Queen Margaret University"},{"numberOfDocuments":0.0961877271671202,"label":"University of the Highlands and Islands"},{"numberOfDocuments":14.960195013472367,"label":"University of Dundee"},{"numberOfDocuments":0.11948540583172511,"label":"Edinburgh Napier University"},{"numberOfDocuments":0.9962530045698053,"label":"University of Stirling"},{"numberOfDocuments":0.16616241325875108,"label":"Abertay University"},{"numberOfDocuments":4.638420431728595,"label":"University of Aberdeen"},{"numberOfDocuments":19.881205122664994,"label":"University of Edinburgh"},{"numberOfDocuments":1.0514204953855533,"label":"University of the West of Scotland"},{"numberOfDocuments":14.144595109721054,"label":"University of Glasgow"},{"numberOfDocuments":2.9684492746974738,"label":"University of St Andrews"},{"numberOfDocuments":0.9380281462580955,"label":"University of Strathclyde"}],"conceptId":13},{"topicData":[{"numberOfDocuments":0.5261922997023616,"label":"Heriot-Watt University"},{"numberOfDocuments":0.010309278350515464,"label":"Robert Gordon University"},{"numberOfDocuments":0.008771929824561403,"label":"Glasgow Caledonian University"},{"numberOfDocuments":0.0,"label":"Queen Margaret University"},{"numberOfDocuments":0.005291005291005291,"label":"University of the Highlands and Islands"},{"numberOfDocuments":7.867213171226222,"label":"University of Dundee"},{"numberOfDocuments":0.2836147592245153,"label":"Edinburgh Napier University"},{"numberOfDocuments":0.25050325948346097,"label":"University of Stirling"},{"numberOfDocuments":0.021739130434782608,"label":"Abertay University"},{"numberOfDocuments":0.5894415143298872,"label":"University of Aberdeen"},{"numberOfDocuments":41.10533435791939,"label":"University of Edinburgh"},{"numberOfDocuments":0.13030998851894374,"label":"University of the West of Scotland"},{"numberOfDocuments":3.151955191871757,"label":"University of Glasgow"},{"numberOfDocuments":1.4685965504601557,"label":"University of St Andrews"},{"numberOfDocuments":0.7558667257660061,"label":"University of Strathclyde"}],"conceptId":14},{"topicData":[{"numberOfDocuments":0.26475802481279875,"label":"Heriot-Watt University"},{"numberOfDocuments":0.0,"label":"Robert Gordon University"},{"numberOfDocuments":0.0,"label":"Glasgow Caledonian University"},{"numberOfDocuments":0.009828349944629014,"label":"Queen Margaret University"},{"numberOfDocuments":0.2488147242879678,"label":"University of the Highlands and Islands"},{"numberOfDocuments":3.2766677770365575,"label":"University of Dundee"},{"numberOfDocuments":0.009259259259259259,"label":"Edinburgh Napier University"},{"numberOfDocuments":0.0,"label":"University of Stirling"},{"numberOfDocuments":0.0,"label":"Abertay University"},{"numberOfDocuments":0.073003848003848,"label":"University of Aberdeen"},{"numberOfDocuments":2.301822824954208,"label":"University of Edinburgh"},{"numberOfDocuments":0.9212731751286728,"label":"University of the West of Scotland"},{"numberOfDocuments":5.660747709706319,"label":"University of Glasgow"},{"numberOfDocuments":0.2819077780143354,"label":"University of St Andrews"},{"numberOfDocuments":3.4017777025337415,"label":"University of Strathclyde"}],"conceptId":15}]