{"linkageTable":[{"node2":16,"distance":0.411457554582015,"node1":8},{"node2":9,"distance":0.45103775109227,"node1":6},{"node2":15,"distance":0.46382300395701,"node1":5},{"node2":7,"distance":0.469277522509625,"node1":0},{"node2":14,"distance":0.47765357136033,"node1":11},{"node2":17,"distance":0.47821797273726874,"node1":20},{"node2":13,"distance":0.4792143029846425,"node1":18},{"node2":10,"distance":0.479346946697155,"node1":1},{"node2":19,"distance":0.48190677761104,"node1":2},{"node2":25,"distance":0.4859908197163079,"node1":22},{"node2":21,"distance":0.4863836093059508,"node1":23},{"node2":4,"distance":0.48933331979081285,"node1":26},{"node2":3,"distance":0.4898251244138631,"node1":28},{"node2":27,"distance":0.4914076399065414,"node1":29},{"node2":24,"distance":0.4961751619872051,"node1":30},{"node2":12,"distance":0.4976410069352574,"node1":31}],"conceptsData":[{"conceptId":10,"clusterId":0,"hexCoordinates":{"x":3.4641016151377544,"y":3},"labels":[{"weight":559,"label":"problem"},{"weight":522,"label":"algorithm"},{"weight":346,"label":"heuristic"},{"weight":219,"label":"solution"},{"weight":163,"label":"solve"},{"weight":148,"label":"set"},{"weight":140,"label":"search"},{"weight":125,"label":"selection"},{"weight":97,"label":"approach"},{"weight":92,"label":"show"},{"weight":88,"label":"result"},{"weight":86,"label":"hyper"},{"weight":85,"label":"instance"},{"weight":85,"label":"genetic"},{"weight":84,"label":"base"},{"weight":72,"label":"evolutionary"},{"weight":70,"label":"performance"},{"weight":69,"label":"domain"},{"weight":68,"label":"function"},{"weight":68,"label":"paper"},{"weight":62,"label":"optimisation"},{"weight":60,"label":"benchmark"},{"weight":60,"label":"structure"},{"weight":59,"label":"algorithmic"},{"weight":58,"label":"optimization"}],"subTopicId":522},{"conceptId":1,"clusterId":0,"hexCoordinates":{"x":5.196152422706632,"y":3},"labels":[{"weight":365,"label":"algorithm"},{"weight":116,"label":"optimization"},{"weight":106,"label":"propose"},{"weight":80,"label":"search"},{"weight":76,"label":"evolutionary"},{"weight":74,"label":"base"},{"weight":68,"label":"strategy"},{"weight":58,"label":"local"},{"weight":53,"label":"problem"},{"weight":52,"label":"paper"},{"weight":50,"label":"exploration"},{"weight":50,"label":"hybrid"},{"weight":47,"label":"parameter"},{"weight":43,"label":"benchmark"},{"weight":43,"label":"adaptive"},{"weight":41,"label":"optimize"},{"weight":39,"label":"inspire"},{"weight":39,"label":"global"},{"weight":38,"label":"performance"},{"weight":37,"label":"diversity"},{"weight":36,"label":"exploitation"},{"weight":35,"label":"function"},{"weight":34,"label":"evolution"},{"weight":28,"label":"convergence"},{"weight":28,"label":"adapt"}],"subTopicId":141},{"conceptId":8,"clusterId":0,"hexCoordinates":{"x":0,"y":0},"labels":[{"weight":324,"label":"speech"},{"weight":215,"label":"feature"},{"weight":185,"label":"model"},{"weight":168,"label":"synthesis"},{"weight":158,"label":"acoustic"},{"weight":96,"label":"system"},{"weight":87,"label":"dnn"},{"weight":86,"label":"waveform"},{"weight":82,"label":"propose"},{"weight":78,"label":"base"},{"weight":65,"label":"parametric"},{"weight":64,"label":"spectral"},{"weight":62,"label":"generate"},{"weight":56,"label":"quality"},{"weight":55,"label":"vocoder"},{"weight":55,"label":"paper"},{"weight":51,"label":"text"},{"weight":50,"label":"unit"},{"weight":50,"label":"statistical"},{"weight":45,"label":"synthetic"},{"weight":44,"label":"filter"},{"weight":41,"label":"test"},{"weight":41,"label":"complex"},{"weight":40,"label":"glottal"},{"weight":40,"label":"generation"}],"subTopicId":473},{"conceptId":5,"clusterId":0,"hexCoordinates":{"x":4.330127018922193,"y":-1.5},"labels":[{"weight":281,"label":"inf"},{"weight":105,"label":"imaging"},{"weight":90,"label":"sparsity"},{"weight":83,"label":"reconstruction"},{"weight":80,"label":"image"},{"weight":70,"label":"problem"},{"weight":67,"label":"radio"},{"weight":65,"label":"prior"},{"weight":64,"label":"eit"},{"weight":55,"label":"convex"},{"weight":54,"label":"sparse"},{"weight":53,"label":"algorithm"},{"weight":45,"label":"sense"},{"weight":42,"label":"regularization"},{"weight":40,"label":"structure"},{"weight":39,"label":"data"},{"weight":38,"label":"solve"},{"weight":36,"label":"measurement"},{"weight":32,"label":"interferometric"},{"weight":31,"label":"quality"},{"weight":30,"label":"compressive"},{"weight":30,"label":"inverse"},{"weight":25,"label":"leverage"},{"weight":25,"label":"work"},{"weight":24,"label":"minimization"}],"subTopicId":353},{"conceptId":3,"clusterId":0,"hexCoordinates":{"x":4.330127018922193,"y":1.5},"labels":[{"weight":601,"label":"radar"},{"weight":216,"label":"sar"},{"weight":188,"label":"target"},{"weight":166,"label":"data"},{"weight":142,"label":"detection"},{"weight":130,"label":"doppler"},{"weight":127,"label":"gpr"},{"weight":123,"label":"micro"},{"weight":119,"label":"system"},{"weight":103,"label":"aperture"},{"weight":91,"label":"signature"},{"weight":88,"label":"classification"},{"weight":74,"label":"band"},{"weight":69,"label":"real"},{"weight":69,"label":"paper"},{"weight":67,"label":"show"},{"weight":66,"label":"synthetic"},{"weight":64,"label":"polarimetric"},{"weight":58,"label":"feature"},{"weight":58,"label":"ground"},{"weight":56,"label":"result"},{"weight":55,"label":"iceberg"},{"weight":53,"label":"algorithm"},{"weight":52,"label":"angle"},{"weight":50,"label":"time"}],"subTopicId":208},{"conceptId":16,"clusterId":0,"hexCoordinates":{"x":1.7320508075688772,"y":0},"labels":[{"weight":1549,"label":"network"},{"weight":1013,"label":"neural"},{"weight":576,"label":"deep"},{"weight":558,"label":"model"},{"weight":464,"label":"learn"},{"weight":426,"label":"training"},{"weight":370,"label":"learning"},{"weight":366,"label":"train"},{"weight":323,"label":"input"},{"weight":258,"label":"propose"},{"weight":237,"label":"data"},{"weight":234,"label":"layer"},{"weight":230,"label":"architecture"},{"weight":219,"label":"cnn"},{"weight":203,"label":"convolutional"},{"weight":186,"label":"base"},{"weight":172,"label":"task"},{"weight":167,"label":"artificial"},{"weight":163,"label":"rnn"},{"weight":163,"label":"ann"},{"weight":157,"label":"approach"},{"weight":156,"label":"feature"},{"weight":153,"label":"method"},{"weight":144,"label":"result"},{"weight":139,"label":"show"}],"subTopicId":925},{"conceptId":14,"clusterId":0,"hexCoordinates":{"x":0.8660254037844386,"y":4.5},"labels":[{"weight":274,"label":"sentiment"},{"weight":113,"label":"analysis"},{"weight":93,"label":"opinion"},{"weight":87,"label":"polarity"},{"weight":70,"label":"acceptability"},{"weight":70,"label":"product"},{"weight":62,"label":"swt"},{"weight":55,"label":"public"},{"weight":52,"label":"aspect"},{"weight":44,"label":"concept"},{"weight":40,"label":"attitude"},{"weight":34,"label":"knowledge"},{"weight":24,"label":"cpe"},{"weight":23,"label":"survey"},{"weight":23,"label":"level"},{"weight":22,"label":"respondent"},{"weight":21,"label":"acceptable"},{"weight":20,"label":"tsv"},{"weight":20,"label":"review"},{"weight":19,"label":"information"},{"weight":19,"label":"perspective"},{"weight":19,"label":"important"},{"weight":17,"label":"ugd"},{"weight":17,"label":"lexicon"},{"weight":16,"label":"people"}],"subTopicId":733},{"conceptId":9,"clusterId":0,"hexCoordinates":{"x":-0.8660254037844386,"y":1.5},"labels":[{"weight":893,"label":"translation"},{"weight":462,"label":"system"},{"weight":331,"label":"model"},{"weight":314,"label":"language"},{"weight":313,"label":"task"},{"weight":255,"label":"machine"},{"weight":226,"label":"english"},{"weight":220,"label":"word"},{"weight":188,"label":"data"},{"weight":160,"label":"neural"},{"weight":160,"label":"base"},{"weight":145,"label":"training"},{"weight":144,"label":"domain"},{"weight":126,"label":"evaluation"},{"weight":120,"label":"german"},{"weight":119,"label":"translate"},{"weight":112,"label":"text"},{"weight":109,"label":"source"},{"weight":102,"label":"paper"},{"weight":97,"label":"target"},{"weight":89,"label":"quality"},{"weight":88,"label":"bleu"},{"weight":88,"label":"show"},{"weight":87,"label":"automatic"},{"weight":85,"label":"output"}],"subTopicId":497},{"conceptId":11,"clusterId":0,"hexCoordinates":{"x":1.7320508075688772,"y":3},"labels":[{"weight":705,"label":"feature"},{"weight":297,"label":"domain"},{"weight":222,"label":"model"},{"weight":222,"label":"learn"},{"weight":196,"label":"propose"},{"weight":182,"label":"sketch"},{"weight":172,"label":"level"},{"weight":164,"label":"task"},{"weight":159,"label":"recognition"},{"weight":151,"label":"base"},{"weight":147,"label":"multimodal"},{"weight":146,"label":"performance"},{"weight":135,"label":"dataset"},{"weight":129,"label":"classification"},{"weight":125,"label":"modality"},{"weight":119,"label":"representation"},{"weight":113,"label":"set"},{"weight":111,"label":"learning"},{"weight":109,"label":"analysis"},{"weight":104,"label":"category"},{"weight":104,"label":"human"},{"weight":102,"label":"classifier"},{"weight":100,"label":"similarity"},{"weight":98,"label":"video"},{"weight":96,"label":"art"}],"subTopicId":614},{"conceptId":12,"clusterId":0,"hexCoordinates":{"x":1.7320508075688772,"y":-3},"labels":[{"weight":464,"label":"video"},{"weight":199,"label":"brain"},{"weight":144,"label":"image"},{"weight":66,"label":"multimedia"},{"weight":62,"label":"atlas"},{"weight":61,"label":"base"},{"weight":59,"label":"quality"},{"weight":57,"label":"compression"},{"weight":46,"label":"code"},{"weight":45,"label":"robustness"},{"weight":44,"label":"content"},{"weight":39,"label":"mri"},{"weight":36,"label":"squid"},{"weight":36,"label":"atla"},{"weight":34,"label":"normal"},{"weight":34,"label":"subject"},{"weight":32,"label":"generate"},{"weight":31,"label":"neuroscience"},{"weight":29,"label":"recording"},{"weight":28,"label":"watermark"},{"weight":28,"label":"visual"},{"weight":26,"label":"stream"},{"weight":25,"label":"watermarking"},{"weight":25,"label":"parametric"},{"weight":24,"label":"jpeg"}],"subTopicId":665},{"conceptId":13,"clusterId":0,"hexCoordinates":{"x":0,"y":3},"labels":[{"weight":601,"label":"image"},{"weight":241,"label":"base"},{"weight":240,"label":"task"},{"weight":240,"label":"approach"},{"weight":239,"label":"annotation"},{"weight":215,"label":"dataset"},{"weight":210,"label":"video"},{"weight":207,"label":"object"},{"weight":203,"label":"text"},{"weight":201,"label":"automatic"},{"weight":178,"label":"human"},{"weight":177,"label":"method"},{"weight":167,"label":"visual"},{"weight":164,"label":"manual"},{"weight":151,"label":"show"},{"weight":149,"label":"document"},{"weight":142,"label":"propose"},{"weight":140,"label":"representation"},{"weight":140,"label":"label"},{"weight":139,"label":"content"},{"weight":135,"label":"learn"},{"weight":131,"label":"category"},{"weight":130,"label":"description"},{"weight":128,"label":"paper"},{"weight":126,"label":"set"}],"subTopicId":721},{"conceptId":0,"clusterId":0,"hexCoordinates":{"x":0.8660254037844386,"y":-1.5},"labels":[{"weight":748,"label":"classification"},{"weight":414,"label":"classifier"},{"weight":409,"label":"class"},{"weight":407,"label":"feature"},{"weight":332,"label":"data"},{"weight":306,"label":"propose"},{"weight":305,"label":"method"},{"weight":288,"label":"dataset"},{"weight":238,"label":"label"},{"weight":238,"label":"base"},{"weight":219,"label":"performance"},{"weight":215,"label":"learn"},{"weight":212,"label":"segmentation"},{"weight":191,"label":"accuracy"},{"weight":182,"label":"algorithm"},{"weight":182,"label":"learning"},{"weight":169,"label":"machine"},{"weight":158,"label":"classify"},{"weight":147,"label":"approach"},{"weight":138,"label":"result"},{"weight":125,"label":"training"},{"weight":118,"label":"image"},{"weight":116,"label":"random"},{"weight":116,"label":"sample"},{"weight":112,"label":"train"}],"subTopicId":130},{"conceptId":4,"clusterId":0,"hexCoordinates":{"x":2.598076211353316,"y":1.5},"labels":[{"weight":1213,"label":"data"},{"weight":959,"label":"machine"},{"weight":703,"label":"algorithm"},{"weight":535,"label":"learning"},{"weight":352,"label":"technique"},{"weight":295,"label":"learn"},{"weight":271,"label":"feature"},{"weight":257,"label":"clustering"},{"weight":255,"label":"base"},{"weight":252,"label":"method"},{"weight":221,"label":"classification"},{"weight":217,"label":"support"},{"weight":202,"label":"approach"},{"weight":199,"label":"human"},{"weight":198,"label":"dataset"},{"weight":182,"label":"analysis"},{"weight":175,"label":"accuracy"},{"weight":173,"label":"processing"},{"weight":168,"label":"apply"},{"weight":165,"label":"identify"},{"weight":160,"label":"analytic"},{"weight":156,"label":"vector"},{"weight":154,"label":"cluster"},{"weight":141,"label":"automate"},{"weight":137,"label":"big"}],"subTopicId":298},{"conceptId":-1,"clusterId":-1,"hexCoordinates":{"x":8.660254037844386,"y":4.5},"labels":[{"weight":2500,"label":"Unclassified"},{"weight":0,"label":""},{"weight":0,"label":""},{"weight":0,"label":""},{"weight":0,"label":""},{"weight":0,"label":""},{"weight":0,"label":""},{"weight":0,"label":""},{"weight":0,"label":""},{"weight":0,"label":""},{"weight":0,"label":""}],"subTopicId":null},{"conceptId":7,"clusterId":0,"hexCoordinates":{"x":2.598076211353316,"y":-1.5},"labels":[{"weight":761,"label":"image"},{"weight":396,"label":"propose"},{"weight":371,"label":"classification"},{"weight":369,"label":"feature"},{"weight":339,"label":"method"},{"weight":251,"label":"base"},{"weight":219,"label":"detection"},{"weight":215,"label":"spatial"},{"weight":212,"label":"spectral"},{"weight":192,"label":"hyperspectral"},{"weight":175,"label":"result"},{"weight":167,"label":"algorithm"},{"weight":166,"label":"data"},{"weight":158,"label":"accuracy"},{"weight":152,"label":"hsi"},{"weight":145,"label":"pixel"},{"weight":138,"label":"paper"},{"weight":133,"label":"region"},{"weight":129,"label":"sense"},{"weight":128,"label":"information"},{"weight":114,"label":"high"},{"weight":111,"label":"extract"},{"weight":110,"label":"descriptor"},{"weight":109,"label":"map"},{"weight":106,"label":"remote"}],"subTopicId":468},{"conceptId":2,"clusterId":0,"hexCoordinates":{"x":5.196152422706632,"y":0},"labels":[{"weight":2046,"label":"image"},{"weight":278,"label":"method"},{"weight":255,"label":"reconstruction"},{"weight":227,"label":"technique"},{"weight":225,"label":"imaging"},{"weight":200,"label":"analysis"},{"weight":168,"label":"segmentation"},{"weight":148,"label":"base"},{"weight":146,"label":"tomography"},{"weight":136,"label":"algorithm"},{"weight":134,"label":"result"},{"weight":121,"label":"acquire"},{"weight":110,"label":"digital"},{"weight":109,"label":"contrast"},{"weight":107,"label":"map"},{"weight":106,"label":"scan"},{"weight":104,"label":"feature"},{"weight":103,"label":"propose"},{"weight":103,"label":"data"},{"weight":101,"label":"dimensional"},{"weight":100,"label":"shape"},{"weight":96,"label":"registration"},{"weight":91,"label":"apply"},{"weight":90,"label":"acquisition"},{"weight":86,"label":"texture"}],"subTopicId":174},{"conceptId":6,"clusterId":0,"hexCoordinates":{"x":0.8660254037844386,"y":1.5},"labels":[{"weight":305,"label":"semantic"},{"weight":280,"label":"language"},{"weight":258,"label":"model"},{"weight":253,"label":"sentence"},{"weight":219,"label":"text"},{"weight":190,"label":"dependency"},{"weight":181,"label":"structure"},{"weight":181,"label":"base"},{"weight":161,"label":"task"},{"weight":155,"label":"grammar"},{"weight":149,"label":"natural"},{"weight":147,"label":"word"},{"weight":131,"label":"syntactic"},{"weight":131,"label":"representation"},{"weight":130,"label":"show"},{"weight":127,"label":"parser"},{"weight":111,"label":"corpus"},{"weight":103,"label":"approach"},{"weight":102,"label":"english"},{"weight":101,"label":"parsing"},{"weight":98,"label":"discourse"},{"weight":94,"label":"tree"},{"weight":93,"label":"question"},{"weight":82,"label":"parse"},{"weight":76,"label":"sequence"}],"subTopicId":419},{"conceptId":15,"clusterId":0,"hexCoordinates":{"x":3.4641016151377544,"y":0},"labels":[{"weight":2344,"label":"method"},{"weight":1419,"label":"propose"},{"weight":1375,"label":"approach"},{"weight":1318,"label":"performance"},{"weight":1256,"label":"base"},{"weight":980,"label":"time"},{"weight":896,"label":"technique"},{"weight":877,"label":"improve"},{"weight":796,"label":"state"},{"weight":795,"label":"show"},{"weight":747,"label":"real"},{"weight":731,"label":"result"},{"weight":638,"label":"compare"},{"weight":622,"label":"number"},{"weight":617,"label":"demonstrate"},{"weight":580,"label":"data"},{"weight":545,"label":"algorithm"},{"weight":542,"label":"order"},{"weight":526,"label":"set"},{"weight":504,"label":"achieve"},{"weight":501,"label":"large"},{"weight":476,"label":"paper"},{"weight":469,"label":"strategy"},{"weight":442,"label":"experiment"},{"weight":433,"label":"problem"}],"subTopicId":904}]}