{"linkageTable":[{"node2":1,"distance":0.452936244357615,"node1":0},{"node2":10,"distance":0.455888565843465,"node1":3},{"node2":15,"distance":0.4571122513935,"node1":2},{"node2":17,"distance":0.460035109866135,"node1":4},{"node2":13,"distance":0.47110021846723,"node1":8},{"node2":14,"distance":0.472599926479505,"node1":7},{"node2":16,"distance":0.47507492617269254,"node1":20},{"node2":11,"distance":0.47824952336782,"node1":5},{"node2":6,"distance":0.47883422054363,"node1":21},{"node2":24,"distance":0.4789408141366688,"node1":23},{"node2":18,"distance":0.4821601997808025,"node1":22},{"node2":25,"distance":0.48420481472008925,"node1":30},{"node2":28,"distance":0.48670774038336756,"node1":31},{"node2":29,"distance":0.48961887007446264,"node1":32},{"node2":33,"distance":0.49258359071384283,"node1":26},{"node2":19,"distance":0.49389257218779964,"node1":34},{"node2":9,"distance":0.49455068489772747,"node1":35},{"node2":12,"distance":0.49503648583893434,"node1":36},{"node2":27,"distance":0.49697169245431017,"node1":37}],"conceptsData":[{"conceptId":2,"clusterId":0,"hexCoordinates":{"x":0,"y":0},"labels":[{"weight":594,"label":"flow"},{"weight":340,"label":"shock"},{"weight":302,"label":"surface"},{"weight":191,"label":"pressure"},{"weight":177,"label":"wall"},{"weight":150,"label":"cavity"},{"weight":147,"label":"jet"},{"weight":146,"label":"roughness"},{"weight":130,"label":"layer"},{"weight":128,"label":"vortex"},{"weight":102,"label":"high"},{"weight":101,"label":"number"},{"weight":99,"label":"study"},{"weight":89,"label":"boundary"},{"weight":87,"label":"length"},{"weight":84,"label":"structure"},{"weight":78,"label":"ratio"},{"weight":74,"label":"drag"},{"weight":73,"label":"velocity"},{"weight":71,"label":"investigate"},{"weight":68,"label":"height"},{"weight":68,"label":"speed"},{"weight":67,"label":"rough"},{"weight":67,"label":"channel"},{"weight":67,"label":"effect"}],"subTopicId":160},{"conceptId":12,"clusterId":0,"hexCoordinates":{"x":3.4641016151377544,"y":3},"labels":[{"weight":3502,"label":"rate"},{"weight":1875,"label":"growth"},{"weight":799,"label":"time"},{"weight":511,"label":"fast"},{"weight":500,"label":"increase"},{"weight":495,"label":"slow"},{"weight":425,"label":"low"},{"weight":395,"label":"high"},{"weight":275,"label":"process"},{"weight":255,"label":"faster"},{"weight":255,"label":"rapid"},{"weight":248,"label":"grow"},{"weight":191,"label":"average"},{"weight":188,"label":"lower"},{"weight":180,"label":"lead"},{"weight":177,"label":"initial"},{"weight":177,"label":"decrease"},{"weight":169,"label":"diffusion"},{"weight":165,"label":"slower"},{"weight":153,"label":"accumulation"},{"weight":146,"label":"suggest"},{"weight":140,"label":"occur"},{"weight":134,"label":"accelerate"},{"weight":132,"label":"transition"},{"weight":127,"label":"stage"}],"subTopicId":800},{"conceptId":3,"clusterId":0,"hexCoordinates":{"x":2.598076211353316,"y":1.5},"labels":[{"weight":1113,"label":"simulation"},{"weight":564,"label":"model"},{"weight":461,"label":"method"},{"weight":379,"label":"computational"},{"weight":374,"label":"flow"},{"weight":341,"label":"dynamics"},{"weight":320,"label":"fluid"},{"weight":252,"label":"cfd"},{"weight":242,"label":"result"},{"weight":235,"label":"numerical"},{"weight":177,"label":"present"},{"weight":170,"label":"hybrid"},{"weight":155,"label":"monte"},{"weight":153,"label":"carlo"},{"weight":142,"label":"high"},{"weight":138,"label":"compare"},{"weight":137,"label":"code"},{"weight":129,"label":"simulate"},{"weight":126,"label":"work"},{"weight":124,"label":"solver"},{"weight":123,"label":"molecular"},{"weight":118,"label":"modelling"},{"weight":117,"label":"case"},{"weight":113,"label":"gas"},{"weight":109,"label":"order"}],"subTopicId":210},{"conceptId":-1,"clusterId":-1,"hexCoordinates":{"x":7.794228634059947,"y":6},"labels":[{"weight":2500,"label":"Unclassified"},{"weight":0,"label":""},{"weight":0,"label":""},{"weight":0,"label":""},{"weight":0,"label":""},{"weight":0,"label":""},{"weight":0,"label":""},{"weight":0,"label":""},{"weight":0,"label":""},{"weight":0,"label":""},{"weight":0,"label":""}],"subTopicId":null},{"conceptId":8,"clusterId":0,"hexCoordinates":{"x":-1.7320508075688772,"y":0},"labels":[{"weight":535,"label":"contact"},{"weight":288,"label":"angle"},{"weight":238,"label":"surface"},{"weight":221,"label":"pressure"},{"weight":173,"label":"phase"},{"weight":112,"label":"tension"},{"weight":103,"label":"density"},{"weight":102,"label":"increase"},{"weight":99,"label":"liquid"},{"weight":93,"label":"effect"},{"weight":89,"label":"measure"},{"weight":81,"label":"temperature"},{"weight":80,"label":"line"},{"weight":78,"label":"investigate"},{"weight":76,"label":"equation"},{"weight":76,"label":"fluid"},{"weight":75,"label":"interface"},{"weight":75,"label":"high"},{"weight":73,"label":"mpa"},{"weight":63,"label":"ratio"},{"weight":62,"label":"wettability"},{"weight":61,"label":"work"},{"weight":60,"label":"state"},{"weight":59,"label":"capillary"},{"weight":58,"label":"range"}],"subTopicId":630},{"conceptId":9,"clusterId":0,"hexCoordinates":{"x":4.330127018922193,"y":1.5},"labels":[{"weight":404,"label":"flow"},{"weight":334,"label":"permeability"},{"weight":298,"label":"reservoir"},{"weight":293,"label":"scale"},{"weight":292,"label":"fracture"},{"weight":287,"label":"pore"},{"weight":195,"label":"model"},{"weight":177,"label":"rock"},{"weight":176,"label":"fluid"},{"weight":124,"label":"pressure"},{"weight":124,"label":"porous"},{"weight":115,"label":"network"},{"weight":102,"label":"simulation"},{"weight":100,"label":"porosity"},{"weight":95,"label":"distribution"},{"weight":91,"label":"saturation"},{"weight":91,"label":"matrix"},{"weight":77,"label":"process"},{"weight":75,"label":"hydraulic"},{"weight":75,"label":"sample"},{"weight":71,"label":"field"},{"weight":71,"label":"result"},{"weight":68,"label":"transport"},{"weight":67,"label":"parameter"},{"weight":65,"label":"gas"}],"subTopicId":634},{"conceptId":17,"clusterId":0,"hexCoordinates":{"x":-1.7320508075688772,"y":3},"labels":[{"weight":528,"label":"shear"},{"weight":323,"label":"force"},{"weight":291,"label":"stress"},{"weight":196,"label":"flow"},{"weight":186,"label":"fluid"},{"weight":173,"label":"increase"},{"weight":170,"label":"rate"},{"weight":166,"label":"viscosity"},{"weight":123,"label":"time"},{"weight":116,"label":"deformation"},{"weight":111,"label":"behaviour"},{"weight":110,"label":"show"},{"weight":104,"label":"contact"},{"weight":104,"label":"condition"},{"weight":97,"label":"low"},{"weight":93,"label":"pressure"},{"weight":85,"label":"rheological"},{"weight":83,"label":"newtonian"},{"weight":80,"label":"constant"},{"weight":80,"label":"strain"},{"weight":80,"label":"range"},{"weight":76,"label":"dynamic"},{"weight":75,"label":"viscoelastic"},{"weight":72,"label":"exhibit"},{"weight":72,"label":"particle"}],"subTopicId":959},{"conceptId":18,"clusterId":0,"hexCoordinates":{"x":0.8660254037844386,"y":-1.5},"labels":[{"weight":681,"label":"heat"},{"weight":615,"label":"thermal"},{"weight":371,"label":"transfer"},{"weight":330,"label":"temperature"},{"weight":209,"label":"number"},{"weight":194,"label":"wall"},{"weight":164,"label":"flow"},{"weight":145,"label":"convection"},{"weight":144,"label":"model"},{"weight":137,"label":"porous"},{"weight":128,"label":"flux"},{"weight":124,"label":"entropy"},{"weight":118,"label":"channel"},{"weight":117,"label":"effect"},{"weight":112,"label":"result"},{"weight":110,"label":"system"},{"weight":107,"label":"fluid"},{"weight":107,"label":"show"},{"weight":107,"label":"condition"},{"weight":104,"label":"conductivity"},{"weight":104,"label":"investigate"},{"weight":99,"label":"increase"},{"weight":98,"label":"phase"},{"weight":96,"label":"generation"},{"weight":95,"label":"tube"}],"subTopicId":981},{"conceptId":19,"clusterId":0,"hexCoordinates":{"x":-0.8660254037844386,"y":-1.5},"labels":[{"weight":837,"label":"layer"},{"weight":270,"label":"thickness"},{"weight":256,"label":"bubble"},{"weight":252,"label":"air"},{"weight":240,"label":"surface"},{"weight":208,"label":"discharge"},{"weight":153,"label":"thin"},{"weight":153,"label":"water"},{"weight":127,"label":"pressure"},{"weight":124,"label":"effect"},{"weight":118,"label":"density"},{"weight":108,"label":"liquid"},{"weight":103,"label":"electrical"},{"weight":102,"label":"current"},{"weight":99,"label":"increase"},{"weight":99,"label":"gap"},{"weight":92,"label":"breakdown"},{"weight":82,"label":"interface"},{"weight":81,"label":"voltage"},{"weight":80,"label":"plasma"},{"weight":72,"label":"electrode"},{"weight":71,"label":"investigate"},{"weight":69,"label":"reduce"},{"weight":64,"label":"observe"},{"weight":60,"label":"decrease"}],"subTopicId":996},{"conceptId":5,"clusterId":0,"hexCoordinates":{"x":1.7320508075688772,"y":6},"labels":[{"weight":175,"label":"sand"},{"weight":160,"label":"clay"},{"weight":101,"label":"bed"},{"weight":95,"label":"sediment"},{"weight":79,"label":"mud"},{"weight":59,"label":"rate"},{"weight":49,"label":"fas"},{"weight":45,"label":"cohesive"},{"weight":41,"label":"estuary"},{"weight":37,"label":"content"},{"weight":35,"label":"floc"},{"weight":33,"label":"concentration"},{"weight":33,"label":"result"},{"weight":30,"label":"suspension"},{"weight":30,"label":"column"},{"weight":28,"label":"sedimentation"},{"weight":28,"label":"pebble"},{"weight":26,"label":"size"},{"weight":26,"label":"process"},{"weight":25,"label":"kaolin"},{"weight":25,"label":"grain"},{"weight":24,"label":"shear"},{"weight":23,"label":"bedform"},{"weight":23,"label":"deposit"},{"weight":23,"label":"transport"}],"subTopicId":348},{"conceptId":16,"clusterId":0,"hexCoordinates":{"x":-0.8660254037844386,"y":4.5},"labels":[{"weight":939,"label":"wave"},{"weight":394,"label":"vortex"},{"weight":108,"label":"interaction"},{"weight":105,"label":"shear"},{"weight":92,"label":"water"},{"weight":87,"label":"vertical"},{"weight":83,"label":"break"},{"weight":80,"label":"internal"},{"weight":73,"label":"flow"},{"weight":68,"label":"vorticity"},{"weight":68,"label":"induce"},{"weight":64,"label":"horizontal"},{"weight":62,"label":"focus"},{"weight":61,"label":"surface"},{"weight":58,"label":"shallow"},{"weight":58,"label":"layer"},{"weight":54,"label":"rivulet"},{"weight":53,"label":"generate"},{"weight":51,"label":"lead"},{"weight":49,"label":"filament"},{"weight":49,"label":"stability"},{"weight":49,"label":"amplitude"},{"weight":49,"label":"mode"},{"weight":48,"label":"slope"},{"weight":48,"label":"pair"}],"subTopicId":839},{"conceptId":15,"clusterId":0,"hexCoordinates":{"x":1.7320508075688772,"y":0},"labels":[{"weight":1536,"label":"flow"},{"weight":478,"label":"velocity"},{"weight":464,"label":"fluid"},{"weight":393,"label":"force"},{"weight":305,"label":"turbulent"},{"weight":296,"label":"number"},{"weight":293,"label":"simulation"},{"weight":283,"label":"turbulence"},{"weight":243,"label":"numerical"},{"weight":230,"label":"result"},{"weight":224,"label":"model"},{"weight":214,"label":"scale"},{"weight":205,"label":"eddy"},{"weight":198,"label":"reynold"},{"weight":172,"label":"energy"},{"weight":166,"label":"wall"},{"weight":162,"label":"large"},{"weight":150,"label":"instability"},{"weight":150,"label":"boundary"},{"weight":146,"label":"find"},{"weight":143,"label":"motion"},{"weight":141,"label":"condition"},{"weight":140,"label":"particle"},{"weight":139,"label":"vortex"},{"weight":136,"label":"regime"}],"subTopicId":831},{"conceptId":13,"clusterId":0,"hexCoordinates":{"x":-2.598076211353316,"y":1.5},"labels":[{"weight":585,"label":"droplet"},{"weight":204,"label":"surface"},{"weight":200,"label":"liquid"},{"weight":182,"label":"drop"},{"weight":135,"label":"water"},{"weight":125,"label":"evaporation"},{"weight":92,"label":"emulsion"},{"weight":82,"label":"ring"},{"weight":77,"label":"tension"},{"weight":67,"label":"substrate"},{"weight":66,"label":"interfacial"},{"weight":66,"label":"microfluidic"},{"weight":60,"label":"interface"},{"weight":54,"label":"concentration"},{"weight":54,"label":"pattern"},{"weight":54,"label":"find"},{"weight":51,"label":"evaporate"},{"weight":50,"label":"deposit"},{"weight":45,"label":"formation"},{"weight":42,"label":"dynamics"},{"weight":40,"label":"contact"},{"weight":39,"label":"fluid"},{"weight":37,"label":"marangonus"},{"weight":36,"label":"breakup"},{"weight":35,"label":"pin"}],"subTopicId":807},{"conceptId":10,"clusterId":0,"hexCoordinates":{"x":0.8660254037844386,"y":1.5},"labels":[{"weight":486,"label":"flow"},{"weight":481,"label":"particle"},{"weight":262,"label":"gas"},{"weight":205,"label":"velocity"},{"weight":151,"label":"solid"},{"weight":120,"label":"boltzmann"},{"weight":103,"label":"regime"},{"weight":88,"label":"kinetic"},{"weight":87,"label":"slip"},{"weight":86,"label":"investigate"},{"weight":75,"label":"equation"},{"weight":75,"label":"collision"},{"weight":75,"label":"number"},{"weight":74,"label":"liquid"},{"weight":72,"label":"method"},{"weight":72,"label":"mass"},{"weight":71,"label":"sand"},{"weight":61,"label":"knudsen"},{"weight":61,"label":"rate"},{"weight":60,"label":"lattice"},{"weight":57,"label":"pattern"},{"weight":56,"label":"ratio"},{"weight":55,"label":"bed"},{"weight":54,"label":"fraction"},{"weight":53,"label":"find"}],"subTopicId":654},{"conceptId":11,"clusterId":0,"hexCoordinates":{"x":2.598076211353316,"y":4.5},"labels":[{"weight":624,"label":"depth"},{"weight":559,"label":"surface"},{"weight":549,"label":"zone"},{"weight":453,"label":"layer"},{"weight":348,"label":"fine"},{"weight":209,"label":"vertical"},{"weight":200,"label":"deep"},{"weight":187,"label":"grain"},{"weight":186,"label":"fraction"},{"weight":181,"label":"scale"},{"weight":179,"label":"profile"},{"weight":170,"label":"coarse"},{"weight":143,"label":"show"},{"weight":137,"label":"transport"},{"weight":131,"label":"volume"},{"weight":127,"label":"aggregate"},{"weight":124,"label":"bottom"},{"weight":124,"label":"result"},{"weight":119,"label":"top"},{"weight":109,"label":"form"},{"weight":107,"label":"grained"},{"weight":105,"label":"increase"},{"weight":100,"label":"depths"},{"weight":96,"label":"mixed"},{"weight":87,"label":"deeper"}],"subTopicId":753},{"conceptId":1,"clusterId":0,"hexCoordinates":{"x":0,"y":3},"labels":[{"weight":1254,"label":"wave"},{"weight":801,"label":"model"},{"weight":788,"label":"simulation"},{"weight":784,"label":"experimental"},{"weight":677,"label":"result"},{"weight":536,"label":"numerical"},{"weight":420,"label":"experiment"},{"weight":370,"label":"method"},{"weight":367,"label":"study"},{"weight":340,"label":"present"},{"weight":336,"label":"test"},{"weight":302,"label":"paper"},{"weight":300,"label":"condition"},{"weight":298,"label":"investigate"},{"weight":288,"label":"effect"},{"weight":266,"label":"base"},{"weight":244,"label":"response"},{"weight":234,"label":"compare"},{"weight":222,"label":"agreement"},{"weight":221,"label":"good"},{"weight":221,"label":"obtain"},{"weight":206,"label":"design"},{"weight":205,"label":"validate"},{"weight":196,"label":"parameter"},{"weight":195,"label":"time"}],"subTopicId":128},{"conceptId":7,"clusterId":0,"hexCoordinates":{"x":2.598076211353316,"y":-1.5},"labels":[{"weight":1318,"label":"equation"},{"weight":706,"label":"solution"},{"weight":532,"label":"model"},{"weight":381,"label":"problem"},{"weight":316,"label":"system"},{"weight":283,"label":"diffusion"},{"weight":268,"label":"result"},{"weight":253,"label":"derive"},{"weight":242,"label":"obtain"},{"weight":227,"label":"describe"},{"weight":217,"label":"present"},{"weight":215,"label":"numerical"},{"weight":209,"label":"boundary"},{"weight":204,"label":"form"},{"weight":198,"label":"linear"},{"weight":188,"label":"theory"},{"weight":188,"label":"differential"},{"weight":181,"label":"couple"},{"weight":177,"label":"show"},{"weight":174,"label":"solve"},{"weight":171,"label":"time"},{"weight":171,"label":"parameter"},{"weight":168,"label":"order"},{"weight":166,"label":"analytical"},{"weight":161,"label":"limit"}],"subTopicId":516},{"conceptId":4,"clusterId":0,"hexCoordinates":{"x":-0.8660254037844386,"y":1.5},"labels":[{"weight":952,"label":"scale"},{"weight":935,"label":"model"},{"weight":823,"label":"show"},{"weight":680,"label":"distribution"},{"weight":655,"label":"find"},{"weight":632,"label":"result"},{"weight":566,"label":"size"},{"weight":520,"label":"density"},{"weight":515,"label":"phase"},{"weight":512,"label":"simulation"},{"weight":504,"label":"order"},{"weight":495,"label":"large"},{"weight":488,"label":"particle"},{"weight":484,"label":"range"},{"weight":481,"label":"observe"},{"weight":468,"label":"length"},{"weight":456,"label":"increase"},{"weight":431,"label":"system"},{"weight":378,"label":"theory"},{"weight":378,"label":"shape"},{"weight":362,"label":"dynamics"},{"weight":362,"label":"effect"},{"weight":361,"label":"constant"},{"weight":348,"label":"study"},{"weight":331,"label":"structure"}],"subTopicId":313},{"conceptId":14,"clusterId":0,"hexCoordinates":{"x":3.4641016151377544,"y":0},"labels":[{"weight":819,"label":"method"},{"weight":699,"label":"element"},{"weight":537,"label":"model"},{"weight":513,"label":"finite"},{"weight":441,"label":"numerical"},{"weight":409,"label":"boundary"},{"weight":371,"label":"surface"},{"weight":344,"label":"shape"},{"weight":339,"label":"mesh"},{"weight":334,"label":"base"},{"weight":307,"label":"geometry"},{"weight":271,"label":"present"},{"weight":258,"label":"problem"},{"weight":256,"label":"scheme"},{"weight":246,"label":"formulation"},{"weight":231,"label":"approach"},{"weight":231,"label":"analysis"},{"weight":226,"label":"dimensional"},{"weight":209,"label":"equation"},{"weight":189,"label":"order"},{"weight":184,"label":"propose"},{"weight":179,"label":"solution"},{"weight":177,"label":"result"},{"weight":171,"label":"simulation"},{"weight":169,"label":"case"}],"subTopicId":812},{"conceptId":6,"clusterId":0,"hexCoordinates":{"x":1.7320508075688772,"y":3},"labels":[{"weight":1789,"label":"flow"},{"weight":198,"label":"rate"},{"weight":186,"label":"fluid"},{"weight":151,"label":"water"},{"weight":150,"label":"pressure"},{"weight":88,"label":"regime"},{"weight":84,"label":"distribution"},{"weight":70,"label":"pipe"},{"weight":69,"label":"condition"},{"weight":62,"label":"result"},{"weight":61,"label":"system"},{"weight":56,"label":"gas"},{"weight":55,"label":"tube"},{"weight":55,"label":"string"},{"weight":53,"label":"change"},{"weight":51,"label":"gradient"},{"weight":49,"label":"nanotube"},{"weight":48,"label":"velocity"},{"weight":42,"label":"ratio"},{"weight":41,"label":"hydraulic"},{"weight":41,"label":"diameter"},{"weight":38,"label":"cfd"},{"weight":38,"label":"reservoir"},{"weight":38,"label":"membrane"},{"weight":37,"label":"performance"}],"subTopicId":420},{"conceptId":0,"clusterId":0,"hexCoordinates":{"x":0.8660254037844386,"y":4.5},"labels":[{"weight":448,"label":"current"},{"weight":418,"label":"flow"},{"weight":401,"label":"tidal"},{"weight":330,"label":"velocity"},{"weight":224,"label":"turbine"},{"weight":167,"label":"water"},{"weight":161,"label":"horizontal"},{"weight":157,"label":"channel"},{"weight":147,"label":"condition"},{"weight":146,"label":"cavitation"},{"weight":139,"label":"hydrodynamic"},{"weight":139,"label":"measurement"},{"weight":132,"label":"scale"},{"weight":130,"label":"array"},{"weight":98,"label":"wake"},{"weight":97,"label":"turbulence"},{"weight":93,"label":"speed"},{"weight":90,"label":"vertical"},{"weight":88,"label":"wave"},{"weight":84,"label":"blade"},{"weight":77,"label":"model"},{"weight":71,"label":"tide"},{"weight":67,"label":"power"},{"weight":66,"label":"investigate"},{"weight":65,"label":"energy"}],"subTopicId":96}]}