[{"topicData":[{"numberOfDocuments":0.0,"label":"Heriot-Watt University"},{"numberOfDocuments":0.0,"label":"Robert Gordon University"},{"numberOfDocuments":0.0,"label":"Glasgow Caledonian University"},{"numberOfDocuments":0.0,"label":"Queen Margaret University"},{"numberOfDocuments":0.0,"label":"University of Dundee"},{"numberOfDocuments":0.0,"label":"University of the Highlands and Islands"},{"numberOfDocuments":0.0,"label":"Edinburgh Napier University"},{"numberOfDocuments":0.0,"label":"University of Stirling"},{"numberOfDocuments":0.0,"label":"Abertay University"},{"numberOfDocuments":0.0,"label":"University of Aberdeen"},{"numberOfDocuments":0.0,"label":"University of Edinburgh"},{"numberOfDocuments":0.0,"label":"University of the West of Scotland"},{"numberOfDocuments":0.0,"label":"University of Glasgow"},{"numberOfDocuments":0.0,"label":"University of St Andrews"},{"numberOfDocuments":0.0,"label":"University of Strathclyde"}],"conceptId":-1},{"topicData":[{"numberOfDocuments":2.0614216087426644,"label":"Heriot-Watt University"},{"numberOfDocuments":0.44091876167306965,"label":"Robert Gordon University"},{"numberOfDocuments":0.273543095274844,"label":"Glasgow Caledonian University"},{"numberOfDocuments":0.036338233340567766,"label":"Queen Margaret University"},{"numberOfDocuments":0.931669663833059,"label":"University of Dundee"},{"numberOfDocuments":0.051666666666666666,"label":"University of the Highlands and Islands"},{"numberOfDocuments":0.741897056159306,"label":"Edinburgh Napier University"},{"numberOfDocuments":0.15879443061646453,"label":"University of Stirling"},{"numberOfDocuments":0.03125,"label":"Abertay University"},{"numberOfDocuments":0.572125694674012,"label":"University of Aberdeen"},{"numberOfDocuments":3.0252031363254726,"label":"University of Edinburgh"},{"numberOfDocuments":0.2640751484926115,"label":"University of the West of Scotland"},{"numberOfDocuments":23.00061609062066,"label":"University of Glasgow"},{"numberOfDocuments":7.030653676874758,"label":"University of St Andrews"},{"numberOfDocuments":79.6196715841325,"label":"University of Strathclyde"}],"conceptId":0},{"topicData":[{"numberOfDocuments":35.51753112607473,"label":"Heriot-Watt University"},{"numberOfDocuments":0.3937704399653209,"label":"Robert Gordon University"},{"numberOfDocuments":0.024181047163973176,"label":"Glasgow Caledonian University"},{"numberOfDocuments":0.04362809445465652,"label":"Queen Margaret University"},{"numberOfDocuments":0.633832170703001,"label":"University of Dundee"},{"numberOfDocuments":0.19313208543344795,"label":"University of the Highlands and Islands"},{"numberOfDocuments":0.3227391324429387,"label":"Edinburgh Napier University"},{"numberOfDocuments":0.37092815979470856,"label":"University of Stirling"},{"numberOfDocuments":0.051250000000000004,"label":"Abertay University"},{"numberOfDocuments":0.8454631451051745,"label":"University of Aberdeen"},{"numberOfDocuments":6.42394901992426,"label":"University of Edinburgh"},{"numberOfDocuments":0.15320987892849114,"label":"University of the West of Scotland"},{"numberOfDocuments":47.004702292262195,"label":"University of Glasgow"},{"numberOfDocuments":24.230431527436274,"label":"University of St Andrews"},{"numberOfDocuments":30.134356626358283,"label":"University of Strathclyde"}],"conceptId":1},{"topicData":[{"numberOfDocuments":7.620060392066478,"label":"Heriot-Watt University"},{"numberOfDocuments":0.3605702227144191,"label":"Robert Gordon University"},{"numberOfDocuments":0.42538483399066745,"label":"Glasgow Caledonian University"},{"numberOfDocuments":0.1053673902757173,"label":"Queen Margaret University"},{"numberOfDocuments":13.936397973609738,"label":"University of Dundee"},{"numberOfDocuments":1.1114047248110146,"label":"University of the Highlands and Islands"},{"numberOfDocuments":0.6361167244399861,"label":"Edinburgh Napier University"},{"numberOfDocuments":1.395487305856082,"label":"University of Stirling"},{"numberOfDocuments":0.9879925939788358,"label":"Abertay University"},{"numberOfDocuments":3.5899226461910434,"label":"University of Aberdeen"},{"numberOfDocuments":30.959864318404453,"label":"University of Edinburgh"},{"numberOfDocuments":0.8195839195364788,"label":"University of the West of Scotland"},{"numberOfDocuments":35.99059865497945,"label":"University of Glasgow"},{"numberOfDocuments":21.682427802559584,"label":"University of St Andrews"},{"numberOfDocuments":25.775344256830884,"label":"University of Strathclyde"}],"conceptId":2},{"topicData":[{"numberOfDocuments":13.609462938007006,"label":"Heriot-Watt University"},{"numberOfDocuments":4.71871713850863,"label":"Robert Gordon University"},{"numberOfDocuments":1.305294247375783,"label":"Glasgow Caledonian University"},{"numberOfDocuments":0.13067634129667788,"label":"Queen Margaret University"},{"numberOfDocuments":4.233887954720675,"label":"University of Dundee"},{"numberOfDocuments":0.41386407133305464,"label":"University of the Highlands and Islands"},{"numberOfDocuments":2.3834242312988496,"label":"Edinburgh Napier University"},{"numberOfDocuments":1.1311125649051867,"label":"University of Stirling"},{"numberOfDocuments":0.09896911048607927,"label":"Abertay University"},{"numberOfDocuments":2.2269368258798803,"label":"University of Aberdeen"},{"numberOfDocuments":18.985482993123195,"label":"University of Edinburgh"},{"numberOfDocuments":0.9544187195386891,"label":"University of the West of Scotland"},{"numberOfDocuments":45.940802355327186,"label":"University of Glasgow"},{"numberOfDocuments":5.688595723054859,"label":"University of St Andrews"},{"numberOfDocuments":38.04180186131271,"label":"University of Strathclyde"}],"conceptId":3},{"topicData":[{"numberOfDocuments":20.56380474904277,"label":"Heriot-Watt University"},{"numberOfDocuments":0.5029076015886562,"label":"Robert Gordon University"},{"numberOfDocuments":0.015268065268065269,"label":"Glasgow Caledonian University"},{"numberOfDocuments":0.18447770014986176,"label":"Queen Margaret University"},{"numberOfDocuments":1.8865166218653902,"label":"University of Dundee"},{"numberOfDocuments":0.06786258589495636,"label":"University of the Highlands and Islands"},{"numberOfDocuments":1.170474442143522,"label":"Edinburgh Napier University"},{"numberOfDocuments":0.3702856950799239,"label":"University of Stirling"},{"numberOfDocuments":0.0136986301369863,"label":"Abertay University"},{"numberOfDocuments":0.8524956457859116,"label":"University of Aberdeen"},{"numberOfDocuments":3.5533415531537,"label":"University of Edinburgh"},{"numberOfDocuments":1.6017636296419593,"label":"University of the West of Scotland"},{"numberOfDocuments":23.09774124266112,"label":"University of Glasgow"},{"numberOfDocuments":21.391111689759242,"label":"University of St Andrews"},{"numberOfDocuments":14.979165616495344,"label":"University of Strathclyde"}],"conceptId":4},{"topicData":[{"numberOfDocuments":3.2619175805313536,"label":"Heriot-Watt University"},{"numberOfDocuments":1.2224583884719644,"label":"Robert Gordon University"},{"numberOfDocuments":1.0741480871038833,"label":"Glasgow Caledonian University"},{"numberOfDocuments":0.18528599354563344,"label":"Queen Margaret University"},{"numberOfDocuments":1.0665334797278174,"label":"University of Dundee"},{"numberOfDocuments":0.7380969791982778,"label":"University of the Highlands and Islands"},{"numberOfDocuments":1.2517009857720713,"label":"Edinburgh Napier University"},{"numberOfDocuments":1.7979739170305595,"label":"University of Stirling"},{"numberOfDocuments":0.1802087566167666,"label":"Abertay University"},{"numberOfDocuments":1.1054936638981645,"label":"University of Aberdeen"},{"numberOfDocuments":12.613603930031067,"label":"University of Edinburgh"},{"numberOfDocuments":0.16433542268743054,"label":"University of the West of Scotland"},{"numberOfDocuments":31.201943311920235,"label":"University of Glasgow"},{"numberOfDocuments":49.85510323628045,"label":"University of St Andrews"},{"numberOfDocuments":44.60037920790504,"label":"University of Strathclyde"}],"conceptId":5},{"topicData":[{"numberOfDocuments":32.26062563303181,"label":"Heriot-Watt University"},{"numberOfDocuments":1.1829983768185732,"label":"Robert Gordon University"},{"numberOfDocuments":0.08532568880394968,"label":"Glasgow Caledonian University"},{"numberOfDocuments":0.10351660242104552,"label":"Queen Margaret University"},{"numberOfDocuments":5.862871972713078,"label":"University of Dundee"},{"numberOfDocuments":0.40828690709428656,"label":"University of the Highlands and Islands"},{"numberOfDocuments":0.33610520665620713,"label":"Edinburgh Napier University"},{"numberOfDocuments":0.7235197195868797,"label":"University of Stirling"},{"numberOfDocuments":0.4328544745503796,"label":"Abertay University"},{"numberOfDocuments":1.7090888950206433,"label":"University of Aberdeen"},{"numberOfDocuments":5.882737197142718,"label":"University of Edinburgh"},{"numberOfDocuments":0.5657379869470178,"label":"University of the West of Scotland"},{"numberOfDocuments":40.62284913648173,"label":"University of Glasgow"},{"numberOfDocuments":29.42016678642273,"label":"University of St Andrews"},{"numberOfDocuments":77.1636469184565,"label":"University of Strathclyde"}],"conceptId":6},{"topicData":[{"numberOfDocuments":8.787550129824336,"label":"Heriot-Watt University"},{"numberOfDocuments":0.6119256656705839,"label":"Robert Gordon University"},{"numberOfDocuments":0.0932952182952183,"label":"Glasgow Caledonian University"},{"numberOfDocuments":0.09054389444432988,"label":"Queen Margaret University"},{"numberOfDocuments":5.183110788286107,"label":"University of Dundee"},{"numberOfDocuments":0.5094747093578426,"label":"University of the Highlands and Islands"},{"numberOfDocuments":1.083108923442399,"label":"Edinburgh Napier University"},{"numberOfDocuments":1.2287162037831019,"label":"University of Stirling"},{"numberOfDocuments":0.9343108764183525,"label":"Abertay University"},{"numberOfDocuments":2.0674021824009663,"label":"University of Aberdeen"},{"numberOfDocuments":9.837257985005142,"label":"University of Edinburgh"},{"numberOfDocuments":3.9099627317995727,"label":"University of the West of Scotland"},{"numberOfDocuments":17.20279126285392,"label":"University of Glasgow"},{"numberOfDocuments":2.748301270544207,"label":"University of St Andrews"},{"numberOfDocuments":35.202190883122576,"label":"University of Strathclyde"}],"conceptId":7},{"topicData":[{"numberOfDocuments":29.806920529663593,"label":"Heriot-Watt University"},{"numberOfDocuments":0.38924192641827066,"label":"Robert Gordon University"},{"numberOfDocuments":0.23272059475286228,"label":"Glasgow Caledonian University"},{"numberOfDocuments":0.22540542705709063,"label":"Queen Margaret University"},{"numberOfDocuments":7.829373224674939,"label":"University of Dundee"},{"numberOfDocuments":0.25426484307701,"label":"University of the Highlands and Islands"},{"numberOfDocuments":0.624661847011383,"label":"Edinburgh Napier University"},{"numberOfDocuments":1.86534075082893,"label":"University of Stirling"},{"numberOfDocuments":0.04643206256109482,"label":"Abertay University"},{"numberOfDocuments":0.5047095294596079,"label":"University of Aberdeen"},{"numberOfDocuments":36.739647160013995,"label":"University of Edinburgh"},{"numberOfDocuments":0.3583832685975956,"label":"University of the West of Scotland"},{"numberOfDocuments":32.39667566289344,"label":"University of Glasgow"},{"numberOfDocuments":4.648302017087161,"label":"University of St Andrews"},{"numberOfDocuments":19.47826812034647,"label":"University of Strathclyde"}],"conceptId":8},{"topicData":[{"numberOfDocuments":43.264450751186324,"label":"Heriot-Watt University"},{"numberOfDocuments":3.1555634953192873,"label":"Robert Gordon University"},{"numberOfDocuments":1.5368237918949572,"label":"Glasgow Caledonian University"},{"numberOfDocuments":0.1981082504830066,"label":"Queen Margaret University"},{"numberOfDocuments":3.0607916197369653,"label":"University of Dundee"},{"numberOfDocuments":0.25797851894601515,"label":"University of the Highlands and Islands"},{"numberOfDocuments":7.794543591640806,"label":"Edinburgh Napier University"},{"numberOfDocuments":0.8797007789543344,"label":"University of Stirling"},{"numberOfDocuments":0.18978209525143191,"label":"Abertay University"},{"numberOfDocuments":4.910085518880593,"label":"University of Aberdeen"},{"numberOfDocuments":8.299129454922912,"label":"University of Edinburgh"},{"numberOfDocuments":1.0121661772531108,"label":"University of the West of Scotland"},{"numberOfDocuments":113.3739557734536,"label":"University of Glasgow"},{"numberOfDocuments":48.85074647057341,"label":"University of St Andrews"},{"numberOfDocuments":60.93915074134768,"label":"University of Strathclyde"}],"conceptId":9},{"topicData":[{"numberOfDocuments":11.514244447669059,"label":"Heriot-Watt University"},{"numberOfDocuments":1.2288228505705219,"label":"Robert Gordon University"},{"numberOfDocuments":1.5494687567604846,"label":"Glasgow Caledonian University"},{"numberOfDocuments":0.019070058818055444,"label":"Queen Margaret University"},{"numberOfDocuments":4.919588529966973,"label":"University of Dundee"},{"numberOfDocuments":0.6436590262173518,"label":"University of the Highlands and Islands"},{"numberOfDocuments":0.10459706552948837,"label":"Edinburgh Napier University"},{"numberOfDocuments":1.3137271716562409,"label":"University of Stirling"},{"numberOfDocuments":0.4639835951122636,"label":"Abertay University"},{"numberOfDocuments":3.436922681212955,"label":"University of Aberdeen"},{"numberOfDocuments":10.066698019113042,"label":"University of Edinburgh"},{"numberOfDocuments":0.405586711636435,"label":"University of the West of Scotland"},{"numberOfDocuments":32.18009872414585,"label":"University of Glasgow"},{"numberOfDocuments":12.04899257423146,"label":"University of St Andrews"},{"numberOfDocuments":24.800912359366464,"label":"University of Strathclyde"}],"conceptId":10},{"topicData":[{"numberOfDocuments":21.298589473905043,"label":"Heriot-Watt University"},{"numberOfDocuments":0.5809978830851523,"label":"Robert Gordon University"},{"numberOfDocuments":1.0117624162166585,"label":"Glasgow Caledonian University"},{"numberOfDocuments":0.6569459754181697,"label":"Queen Margaret University"},{"numberOfDocuments":6.4380208945044455,"label":"University of Dundee"},{"numberOfDocuments":0.7230350862710534,"label":"University of the Highlands and Islands"},{"numberOfDocuments":3.4082535714265765,"label":"Edinburgh Napier University"},{"numberOfDocuments":3.652297458102635,"label":"University of Stirling"},{"numberOfDocuments":0.5082206277806035,"label":"Abertay University"},{"numberOfDocuments":5.061393682223586,"label":"University of Aberdeen"},{"numberOfDocuments":36.568411012683306,"label":"University of Edinburgh"},{"numberOfDocuments":1.6245796886392792,"label":"University of the West of Scotland"},{"numberOfDocuments":46.91567632673943,"label":"University of Glasgow"},{"numberOfDocuments":15.658171826016833,"label":"University of St Andrews"},{"numberOfDocuments":30.977059444458877,"label":"University of Strathclyde"}],"conceptId":11},{"topicData":[{"numberOfDocuments":9.41660893208831,"label":"Heriot-Watt University"},{"numberOfDocuments":0.7445945452227288,"label":"Robert Gordon University"},{"numberOfDocuments":0.02332285115303983,"label":"Glasgow Caledonian University"},{"numberOfDocuments":0.034398976982097186,"label":"Queen Margaret University"},{"numberOfDocuments":5.8649369848841815,"label":"University of Dundee"},{"numberOfDocuments":0.3706097516311686,"label":"University of the Highlands and Islands"},{"numberOfDocuments":0.36364206544395417,"label":"Edinburgh Napier University"},{"numberOfDocuments":0.35697368106149224,"label":"University of Stirling"},{"numberOfDocuments":0.016936572199730094,"label":"Abertay University"},{"numberOfDocuments":1.0067525675601485,"label":"University of Aberdeen"},{"numberOfDocuments":20.919190216750867,"label":"University of Edinburgh"},{"numberOfDocuments":1.192743085111983,"label":"University of the West of Scotland"},{"numberOfDocuments":11.98905246627987,"label":"University of Glasgow"},{"numberOfDocuments":5.1258535168618,"label":"University of St Andrews"},{"numberOfDocuments":17.625661827560446,"label":"University of Strathclyde"}],"conceptId":12},{"topicData":[{"numberOfDocuments":53.41075311304156,"label":"Heriot-Watt University"},{"numberOfDocuments":0.4691751830414682,"label":"Robert Gordon University"},{"numberOfDocuments":0.8098182006675365,"label":"Glasgow Caledonian University"},{"numberOfDocuments":0.09622220897200216,"label":"Queen Margaret University"},{"numberOfDocuments":0.37808970110524037,"label":"University of Dundee"},{"numberOfDocuments":0.061852453685042066,"label":"University of the Highlands and Islands"},{"numberOfDocuments":25.784687789570025,"label":"Edinburgh Napier University"},{"numberOfDocuments":0.7290451844963064,"label":"University of Stirling"},{"numberOfDocuments":0.06057241502306711,"label":"Abertay University"},{"numberOfDocuments":0.5092337470128285,"label":"University of Aberdeen"},{"numberOfDocuments":11.377105564187854,"label":"University of Edinburgh"},{"numberOfDocuments":2.1303150462645486,"label":"University of the West of Scotland"},{"numberOfDocuments":45.41319884011425,"label":"University of Glasgow"},{"numberOfDocuments":4.875169378342616,"label":"University of St Andrews"},{"numberOfDocuments":13.92871920406188,"label":"University of Strathclyde"}],"conceptId":13}]