[{"topicData":[{"numberOfDocuments":0.0,"label":"Robert Gordon University"},{"numberOfDocuments":0.0,"label":"Heriot-Watt University"},{"numberOfDocuments":0.0,"label":"Glasgow Caledonian University"},{"numberOfDocuments":0.0,"label":"Queen Margaret University"},{"numberOfDocuments":0.0,"label":"University of Dundee"},{"numberOfDocuments":0.0,"label":"University of the Highlands and Islands"},{"numberOfDocuments":0.0,"label":"Edinburgh Napier University"},{"numberOfDocuments":0.0,"label":"University of Stirling"},{"numberOfDocuments":0.0,"label":"Abertay University"},{"numberOfDocuments":0.0,"label":"University of Aberdeen"},{"numberOfDocuments":0.0,"label":"University of Edinburgh"},{"numberOfDocuments":0.0,"label":"University of the West of Scotland"},{"numberOfDocuments":0.0,"label":"University of Glasgow"},{"numberOfDocuments":0.0,"label":"University of St Andrews"},{"numberOfDocuments":0.0,"label":"University of Strathclyde"}],"conceptId":-1},{"topicData":[{"numberOfDocuments":18.957608197772743,"label":"Robert Gordon University"},{"numberOfDocuments":5.347960009814655,"label":"Heriot-Watt University"},{"numberOfDocuments":6.214178992961155,"label":"Glasgow Caledonian University"},{"numberOfDocuments":8.570123316533353,"label":"Queen Margaret University"},{"numberOfDocuments":12.691280730972133,"label":"University of Dundee"},{"numberOfDocuments":3.530733004842637,"label":"University of the Highlands and Islands"},{"numberOfDocuments":8.399873961932675,"label":"Edinburgh Napier University"},{"numberOfDocuments":36.01915436241991,"label":"University of Stirling"},{"numberOfDocuments":2.874542141164847,"label":"Abertay University"},{"numberOfDocuments":15.560326907639917,"label":"University of Aberdeen"},{"numberOfDocuments":56.78887013169181,"label":"University of Edinburgh"},{"numberOfDocuments":5.244177864891941,"label":"University of the West of Scotland"},{"numberOfDocuments":37.775995144659404,"label":"University of Glasgow"},{"numberOfDocuments":13.424396263150552,"label":"University of St Andrews"},{"numberOfDocuments":47.80207162636577,"label":"University of Strathclyde"}],"conceptId":0},{"topicData":[{"numberOfDocuments":6.5443709576826326,"label":"Robert Gordon University"},{"numberOfDocuments":3.3911120082417003,"label":"Heriot-Watt University"},{"numberOfDocuments":2.9520558248275885,"label":"Glasgow Caledonian University"},{"numberOfDocuments":4.932891604825571,"label":"Queen Margaret University"},{"numberOfDocuments":5.7338247031866505,"label":"University of Dundee"},{"numberOfDocuments":2.8645834182285634,"label":"University of the Highlands and Islands"},{"numberOfDocuments":3.934315582664086,"label":"Edinburgh Napier University"},{"numberOfDocuments":17.05094361273716,"label":"University of Stirling"},{"numberOfDocuments":1.4406030314213787,"label":"Abertay University"},{"numberOfDocuments":11.110910189806361,"label":"University of Aberdeen"},{"numberOfDocuments":41.40676580936622,"label":"University of Edinburgh"},{"numberOfDocuments":2.615241678516811,"label":"University of the West of Scotland"},{"numberOfDocuments":31.635524283795693,"label":"University of Glasgow"},{"numberOfDocuments":11.873516833678853,"label":"University of St Andrews"},{"numberOfDocuments":43.971582189728785,"label":"University of Strathclyde"}],"conceptId":1},{"topicData":[{"numberOfDocuments":1.4437188391489968,"label":"Robert Gordon University"},{"numberOfDocuments":0.7866056628152666,"label":"Heriot-Watt University"},{"numberOfDocuments":0.5299901908559778,"label":"Glasgow Caledonian University"},{"numberOfDocuments":1.513756180378765,"label":"Queen Margaret University"},{"numberOfDocuments":4.093863025059982,"label":"University of Dundee"},{"numberOfDocuments":0.30038375593512445,"label":"University of the Highlands and Islands"},{"numberOfDocuments":1.2496898740528188,"label":"Edinburgh Napier University"},{"numberOfDocuments":7.418725418258086,"label":"University of Stirling"},{"numberOfDocuments":1.3423884739344383,"label":"Abertay University"},{"numberOfDocuments":3.7273636325829393,"label":"University of Aberdeen"},{"numberOfDocuments":26.906885851919366,"label":"University of Edinburgh"},{"numberOfDocuments":1.1509076038896502,"label":"University of the West of Scotland"},{"numberOfDocuments":19.142788634182594,"label":"University of Glasgow"},{"numberOfDocuments":23.77218662984106,"label":"University of St Andrews"},{"numberOfDocuments":7.027524837354622,"label":"University of Strathclyde"}],"conceptId":2},{"topicData":[{"numberOfDocuments":0.827807156464365,"label":"Robert Gordon University"},{"numberOfDocuments":0.16877881521337765,"label":"Heriot-Watt University"},{"numberOfDocuments":1.513116523455773,"label":"Glasgow Caledonian University"},{"numberOfDocuments":0.8092157681797685,"label":"Queen Margaret University"},{"numberOfDocuments":1.9262464557453927,"label":"University of Dundee"},{"numberOfDocuments":0.010416666666666666,"label":"University of the Highlands and Islands"},{"numberOfDocuments":4.455234063196822,"label":"Edinburgh Napier University"},{"numberOfDocuments":13.518628038522822,"label":"University of Stirling"},{"numberOfDocuments":0.2290813682868426,"label":"Abertay University"},{"numberOfDocuments":1.375838764070706,"label":"University of Aberdeen"},{"numberOfDocuments":7.049181923187198,"label":"University of Edinburgh"},{"numberOfDocuments":1.785153579287083,"label":"University of the West of Scotland"},{"numberOfDocuments":10.12190261799185,"label":"University of Glasgow"},{"numberOfDocuments":1.0899606004887685,"label":"University of St Andrews"},{"numberOfDocuments":14.672822302422535,"label":"University of Strathclyde"}],"conceptId":3},{"topicData":[{"numberOfDocuments":10.562532282488268,"label":"Robert Gordon University"},{"numberOfDocuments":1.1029087029783868,"label":"Heriot-Watt University"},{"numberOfDocuments":1.9308599350553284,"label":"Glasgow Caledonian University"},{"numberOfDocuments":6.654261473071674,"label":"Queen Margaret University"},{"numberOfDocuments":9.21445827382878,"label":"University of Dundee"},{"numberOfDocuments":0.7480918667125169,"label":"University of the Highlands and Islands"},{"numberOfDocuments":2.8033587214705635,"label":"Edinburgh Napier University"},{"numberOfDocuments":33.536450043473245,"label":"University of Stirling"},{"numberOfDocuments":2.247096277900054,"label":"Abertay University"},{"numberOfDocuments":7.7425086416780315,"label":"University of Aberdeen"},{"numberOfDocuments":53.165132377728575,"label":"University of Edinburgh"},{"numberOfDocuments":4.025973127978515,"label":"University of the West of Scotland"},{"numberOfDocuments":46.6165127861225,"label":"University of Glasgow"},{"numberOfDocuments":16.80172377746254,"label":"University of St Andrews"},{"numberOfDocuments":39.607292628011024,"label":"University of Strathclyde"}],"conceptId":4},{"topicData":[{"numberOfDocuments":0.7281936470875536,"label":"Robert Gordon University"},{"numberOfDocuments":0.4330941852811026,"label":"Heriot-Watt University"},{"numberOfDocuments":1.2636972314346,"label":"Glasgow Caledonian University"},{"numberOfDocuments":0.6046876640232628,"label":"Queen Margaret University"},{"numberOfDocuments":4.962740005383023,"label":"University of Dundee"},{"numberOfDocuments":0.28754650869234305,"label":"University of the Highlands and Islands"},{"numberOfDocuments":3.26325986386658,"label":"Edinburgh Napier University"},{"numberOfDocuments":5.064347258340828,"label":"University of Stirling"},{"numberOfDocuments":2.27152353189834,"label":"Abertay University"},{"numberOfDocuments":1.0966744885900224,"label":"University of Aberdeen"},{"numberOfDocuments":6.3451406046132135,"label":"University of Edinburgh"},{"numberOfDocuments":1.1443230002299105,"label":"University of the West of Scotland"},{"numberOfDocuments":2.0891115984931363,"label":"University of Glasgow"},{"numberOfDocuments":0.6252843112759159,"label":"University of St Andrews"},{"numberOfDocuments":2.1778370528378748,"label":"University of Strathclyde"}],"conceptId":5},{"topicData":[{"numberOfDocuments":15.552695822599302,"label":"Robert Gordon University"},{"numberOfDocuments":1.9267951060048392,"label":"Heriot-Watt University"},{"numberOfDocuments":2.279567612178936,"label":"Glasgow Caledonian University"},{"numberOfDocuments":2.448084838650415,"label":"Queen Margaret University"},{"numberOfDocuments":7.891381310821182,"label":"University of Dundee"},{"numberOfDocuments":1.1585266103366634,"label":"University of the Highlands and Islands"},{"numberOfDocuments":3.373672346812472,"label":"Edinburgh Napier University"},{"numberOfDocuments":25.999023794175276,"label":"University of Stirling"},{"numberOfDocuments":1.7755400899231595,"label":"Abertay University"},{"numberOfDocuments":9.650382674600824,"label":"University of Aberdeen"},{"numberOfDocuments":38.48573715288625,"label":"University of Edinburgh"},{"numberOfDocuments":0.9354998715271624,"label":"University of the West of Scotland"},{"numberOfDocuments":26.096184877522383,"label":"University of Glasgow"},{"numberOfDocuments":5.621932244169119,"label":"University of St Andrews"},{"numberOfDocuments":31.34706115246054,"label":"University of Strathclyde"}],"conceptId":6},{"topicData":[{"numberOfDocuments":3.7691064578863993,"label":"Robert Gordon University"},{"numberOfDocuments":3.6727298830367427,"label":"Heriot-Watt University"},{"numberOfDocuments":2.0011300189999472,"label":"Glasgow Caledonian University"},{"numberOfDocuments":4.768054007957062,"label":"Queen Margaret University"},{"numberOfDocuments":6.449930961123245,"label":"University of Dundee"},{"numberOfDocuments":2.179184152915041,"label":"University of the Highlands and Islands"},{"numberOfDocuments":5.823167059131993,"label":"Edinburgh Napier University"},{"numberOfDocuments":29.09796512620631,"label":"University of Stirling"},{"numberOfDocuments":0.7064628469665011,"label":"Abertay University"},{"numberOfDocuments":4.526493850699877,"label":"University of Aberdeen"},{"numberOfDocuments":37.66985817073818,"label":"University of Edinburgh"},{"numberOfDocuments":3.8470554441073226,"label":"University of the West of Scotland"},{"numberOfDocuments":29.40548013662646,"label":"University of Glasgow"},{"numberOfDocuments":9.792923970260413,"label":"University of St Andrews"},{"numberOfDocuments":28.773431196327966,"label":"University of Strathclyde"}],"conceptId":7},{"topicData":[{"numberOfDocuments":21.788462420108022,"label":"Robert Gordon University"},{"numberOfDocuments":5.49436660817197,"label":"Heriot-Watt University"},{"numberOfDocuments":2.371072232175292,"label":"Glasgow Caledonian University"},{"numberOfDocuments":3.84656642285357,"label":"Queen Margaret University"},{"numberOfDocuments":16.871416652915578,"label":"University of Dundee"},{"numberOfDocuments":1.8467857437739013,"label":"University of the Highlands and Islands"},{"numberOfDocuments":13.347580005576035,"label":"Edinburgh Napier University"},{"numberOfDocuments":36.38232323352227,"label":"University of Stirling"},{"numberOfDocuments":6.993233313729723,"label":"Abertay University"},{"numberOfDocuments":18.084882408600574,"label":"University of Aberdeen"},{"numberOfDocuments":64.4466457152424,"label":"University of Edinburgh"},{"numberOfDocuments":4.989972769607707,"label":"University of the West of Scotland"},{"numberOfDocuments":45.649520785341906,"label":"University of Glasgow"},{"numberOfDocuments":16.220455533306676,"label":"University of St Andrews"},{"numberOfDocuments":46.27273994243986,"label":"University of Strathclyde"}],"conceptId":8},{"topicData":[{"numberOfDocuments":0.5954403174556274,"label":"Robert Gordon University"},{"numberOfDocuments":1.0223355199348507,"label":"Heriot-Watt University"},{"numberOfDocuments":0.13514013883951817,"label":"Glasgow Caledonian University"},{"numberOfDocuments":0.27173941632322884,"label":"Queen Margaret University"},{"numberOfDocuments":1.2608740951126958,"label":"University of Dundee"},{"numberOfDocuments":0.04401845212226568,"label":"University of the Highlands and Islands"},{"numberOfDocuments":0.6722157015858694,"label":"Edinburgh Napier University"},{"numberOfDocuments":3.6163402055281573,"label":"University of Stirling"},{"numberOfDocuments":0.14605065392466968,"label":"Abertay University"},{"numberOfDocuments":1.8258333469198076,"label":"University of Aberdeen"},{"numberOfDocuments":6.954925212880501,"label":"University of Edinburgh"},{"numberOfDocuments":0.02534699119139347,"label":"University of the West of Scotland"},{"numberOfDocuments":4.430574624423868,"label":"University of Glasgow"},{"numberOfDocuments":2.819551109339101,"label":"University of St Andrews"},{"numberOfDocuments":4.72774312919534,"label":"University of Strathclyde"}],"conceptId":9},{"topicData":[{"numberOfDocuments":0.8764278018301834,"label":"Robert Gordon University"},{"numberOfDocuments":0.9926233820792472,"label":"Heriot-Watt University"},{"numberOfDocuments":0.8342938147440098,"label":"Glasgow Caledonian University"},{"numberOfDocuments":2.5969594891563323,"label":"Queen Margaret University"},{"numberOfDocuments":2.0149240445170555,"label":"University of Dundee"},{"numberOfDocuments":3.12267148634383,"label":"University of the Highlands and Islands"},{"numberOfDocuments":0.43991254373122995,"label":"Edinburgh Napier University"},{"numberOfDocuments":9.81398456879969,"label":"University of Stirling"},{"numberOfDocuments":0.7908409285385964,"label":"Abertay University"},{"numberOfDocuments":6.343736965169725,"label":"University of Aberdeen"},{"numberOfDocuments":14.508740170296122,"label":"University of Edinburgh"},{"numberOfDocuments":0.9464280011086059,"label":"University of the West of Scotland"},{"numberOfDocuments":9.699911025714027,"label":"University of Glasgow"},{"numberOfDocuments":6.282790454049179,"label":"University of St Andrews"},{"numberOfDocuments":5.5890982302344066,"label":"University of Strathclyde"}],"conceptId":10},{"topicData":[{"numberOfDocuments":2.438894650004597,"label":"Robert Gordon University"},{"numberOfDocuments":0.6952747264874959,"label":"Heriot-Watt University"},{"numberOfDocuments":0.3345476068000979,"label":"Glasgow Caledonian University"},{"numberOfDocuments":0.831184053501109,"label":"Queen Margaret University"},{"numberOfDocuments":6.204229642154335,"label":"University of Dundee"},{"numberOfDocuments":1.234515678576603,"label":"University of the Highlands and Islands"},{"numberOfDocuments":1.78772208983334,"label":"Edinburgh Napier University"},{"numberOfDocuments":22.2949157676579,"label":"University of Stirling"},{"numberOfDocuments":0.5170246635080199,"label":"Abertay University"},{"numberOfDocuments":3.2332871791231783,"label":"University of Aberdeen"},{"numberOfDocuments":22.521567400836688,"label":"University of Edinburgh"},{"numberOfDocuments":0.5868574744249349,"label":"University of the West of Scotland"},{"numberOfDocuments":10.397998256814398,"label":"University of Glasgow"},{"numberOfDocuments":6.012948452759244,"label":"University of St Andrews"},{"numberOfDocuments":20.323128195510247,"label":"University of Strathclyde"}],"conceptId":11},{"topicData":[{"numberOfDocuments":0.4750428972916274,"label":"Robert Gordon University"},{"numberOfDocuments":1.0498127249460876,"label":"Heriot-Watt University"},{"numberOfDocuments":0.27445066390299655,"label":"Glasgow Caledonian University"},{"numberOfDocuments":0.45271409334252133,"label":"Queen Margaret University"},{"numberOfDocuments":0.6797529300860492,"label":"University of Dundee"},{"numberOfDocuments":0.09141614607089393,"label":"University of the Highlands and Islands"},{"numberOfDocuments":0.7920957321258426,"label":"Edinburgh Napier University"},{"numberOfDocuments":3.203407177981521,"label":"University of Stirling"},{"numberOfDocuments":0.04887743044365667,"label":"Abertay University"},{"numberOfDocuments":0.3681972598721143,"label":"University of Aberdeen"},{"numberOfDocuments":5.293777699487767,"label":"University of Edinburgh"},{"numberOfDocuments":0.10606620411653042,"label":"University of the West of Scotland"},{"numberOfDocuments":2.347951833287402,"label":"University of Glasgow"},{"numberOfDocuments":1.001621550169891,"label":"University of St Andrews"},{"numberOfDocuments":1.2188772138637027,"label":"University of Strathclyde"}],"conceptId":12},{"topicData":[{"numberOfDocuments":5.703887197946291,"label":"Robert Gordon University"},{"numberOfDocuments":4.998750442800528,"label":"Heriot-Watt University"},{"numberOfDocuments":2.261202964968133,"label":"Glasgow Caledonian University"},{"numberOfDocuments":3.5594532725886237,"label":"Queen Margaret University"},{"numberOfDocuments":6.338688460324152,"label":"University of Dundee"},{"numberOfDocuments":2.16931911110282,"label":"University of the Highlands and Islands"},{"numberOfDocuments":3.7365657443763176,"label":"Edinburgh Napier University"},{"numberOfDocuments":20.804311657399456,"label":"University of Stirling"},{"numberOfDocuments":3.2588702416236486,"label":"Abertay University"},{"numberOfDocuments":11.50899385710508,"label":"University of Aberdeen"},{"numberOfDocuments":44.919131177581505,"label":"University of Edinburgh"},{"numberOfDocuments":2.4864777229290613,"label":"University of the West of Scotland"},{"numberOfDocuments":32.686636496113096,"label":"University of Glasgow"},{"numberOfDocuments":20.018808924046677,"label":"University of St Andrews"},{"numberOfDocuments":20.1121662054819,"label":"University of Strathclyde"}],"conceptId":13},{"topicData":[{"numberOfDocuments":1.65233757179822,"label":"Robert Gordon University"},{"numberOfDocuments":0.8522644570870141,"label":"Heriot-Watt University"},{"numberOfDocuments":0.43571966388765754,"label":"Glasgow Caledonian University"},{"numberOfDocuments":2.1206855087851695,"label":"Queen Margaret University"},{"numberOfDocuments":0.9893515778359288,"label":"University of Dundee"},{"numberOfDocuments":0.5084156541174962,"label":"University of the Highlands and Islands"},{"numberOfDocuments":1.2786208564263302,"label":"Edinburgh Napier University"},{"numberOfDocuments":7.255907595150964,"label":"University of Stirling"},{"numberOfDocuments":0.3160150350968516,"label":"Abertay University"},{"numberOfDocuments":2.8543298898432634,"label":"University of Aberdeen"},{"numberOfDocuments":11.134558060337362,"label":"University of Edinburgh"},{"numberOfDocuments":0.11926691729323308,"label":"University of the West of Scotland"},{"numberOfDocuments":10.858953416548632,"label":"University of Glasgow"},{"numberOfDocuments":6.2002855042395035,"label":"University of St Andrews"},{"numberOfDocuments":4.686159866150318,"label":"University of Strathclyde"}],"conceptId":14},{"topicData":[{"numberOfDocuments":3.4800315378275894,"label":"Robert Gordon University"},{"numberOfDocuments":0.6014346094311304,"label":"Heriot-Watt University"},{"numberOfDocuments":1.7279813319408732,"label":"Glasgow Caledonian University"},{"numberOfDocuments":4.8848674298346255,"label":"Queen Margaret University"},{"numberOfDocuments":1.6073173801666634,"label":"University of Dundee"},{"numberOfDocuments":0.7167376418629331,"label":"University of the Highlands and Islands"},{"numberOfDocuments":1.4874676370276774,"label":"Edinburgh Napier University"},{"numberOfDocuments":9.348689916587803,"label":"University of Stirling"},{"numberOfDocuments":1.8007463641105754,"label":"Abertay University"},{"numberOfDocuments":4.3928423071642895,"label":"University of Aberdeen"},{"numberOfDocuments":12.720913524581016,"label":"University of Edinburgh"},{"numberOfDocuments":2.7845489375622567,"label":"University of the West of Scotland"},{"numberOfDocuments":15.574559605913771,"label":"University of Glasgow"},{"numberOfDocuments":8.646029734500672,"label":"University of St Andrews"},{"numberOfDocuments":6.9802474339907885,"label":"University of Strathclyde"}],"conceptId":15},{"topicData":[{"numberOfDocuments":5.761978324592329,"label":"Robert Gordon University"},{"numberOfDocuments":1.20459506232311,"label":"Heriot-Watt University"},{"numberOfDocuments":1.368395478809703,"label":"Glasgow Caledonian University"},{"numberOfDocuments":5.890653732661603,"label":"Queen Margaret University"},{"numberOfDocuments":6.788066416875051,"label":"University of Dundee"},{"numberOfDocuments":1.7550651629182412,"label":"University of the Highlands and Islands"},{"numberOfDocuments":3.333881113638854,"label":"Edinburgh Napier University"},{"numberOfDocuments":34.192806049325746,"label":"University of Stirling"},{"numberOfDocuments":1.1537448570010802,"label":"Abertay University"},{"numberOfDocuments":5.695814739039864,"label":"University of Aberdeen"},{"numberOfDocuments":75.44641440233613,"label":"University of Edinburgh"},{"numberOfDocuments":5.012162520457615,"label":"University of the West of Scotland"},{"numberOfDocuments":22.942337479609446,"label":"University of Glasgow"},{"numberOfDocuments":5.792324090257596,"label":"University of St Andrews"},{"numberOfDocuments":38.4382060640754,"label":"University of Strathclyde"}],"conceptId":16},{"topicData":[{"numberOfDocuments":6.945266216491951,"label":"Robert Gordon University"},{"numberOfDocuments":2.079860555498142,"label":"Heriot-Watt University"},{"numberOfDocuments":2.6790629710946834,"label":"Glasgow Caledonian University"},{"numberOfDocuments":4.793963513428847,"label":"Queen Margaret University"},{"numberOfDocuments":6.874571418164162,"label":"University of Dundee"},{"numberOfDocuments":1.8232687692897742,"label":"University of the Highlands and Islands"},{"numberOfDocuments":5.142248908873424,"label":"Edinburgh Napier University"},{"numberOfDocuments":12.836925466428529,"label":"University of Stirling"},{"numberOfDocuments":2.8111529872509737,"label":"Abertay University"},{"numberOfDocuments":5.106056168780404,"label":"University of Aberdeen"},{"numberOfDocuments":34.290729117004844,"label":"University of Edinburgh"},{"numberOfDocuments":2.7908049466572193,"label":"University of the West of Scotland"},{"numberOfDocuments":23.6992221224776,"label":"University of Glasgow"},{"numberOfDocuments":11.484849426492342,"label":"University of St Andrews"},{"numberOfDocuments":17.482475172392604,"label":"University of Strathclyde"}],"conceptId":17},{"topicData":[{"numberOfDocuments":0.4820857752941711,"label":"Robert Gordon University"},{"numberOfDocuments":0.047058823529411764,"label":"Heriot-Watt University"},{"numberOfDocuments":0.4269472665699081,"label":"Glasgow Caledonian University"},{"numberOfDocuments":0.10829855645862538,"label":"Queen Margaret University"},{"numberOfDocuments":1.2146797934184324,"label":"University of Dundee"},{"numberOfDocuments":0.04864592823619937,"label":"University of the Highlands and Islands"},{"numberOfDocuments":2.294544601539675,"label":"Edinburgh Napier University"},{"numberOfDocuments":0.9778765287240243,"label":"University of Stirling"},{"numberOfDocuments":0.10476190476190478,"label":"Abertay University"},{"numberOfDocuments":0.07871167106178978,"label":"University of Aberdeen"},{"numberOfDocuments":4.131565043019804,"label":"University of Edinburgh"},{"numberOfDocuments":1.2815854685755916,"label":"University of the West of Scotland"},{"numberOfDocuments":7.287263836008574,"label":"University of Glasgow"},{"numberOfDocuments":2.9838638900450745,"label":"University of St Andrews"},{"numberOfDocuments":1.5322964072413088,"label":"University of Strathclyde"}],"conceptId":18}]