{"linkageTable":[{"node2":11,"distance":0.42788169774361,"node1":1},{"node2":17,"distance":0.460379150341085,"node1":14},{"node2":5,"distance":0.46141255824087,"node1":18},{"node2":15,"distance":0.46494144762351,"node1":13},{"node2":7,"distance":0.47093844343189,"node1":3},{"node2":19,"distance":0.4761711995580275,"node1":6},{"node2":4,"distance":0.4843938448660475,"node1":22},{"node2":12,"distance":0.48511876836927836,"node1":20},{"node2":21,"distance":0.4887713050813975,"node1":2},{"node2":23,"distance":0.48881641318382774,"node1":24},{"node2":26,"distance":0.4910609495837291,"node1":25},{"node2":10,"distance":0.49289277925231917,"node1":27},{"node2":29,"distance":0.4935411049009154,"node1":28},{"node2":9,"distance":0.49535537269926133,"node1":30},{"node2":31,"distance":0.49698706823716166,"node1":0},{"node2":16,"distance":0.4976137282200769,"node1":32},{"node2":8,"distance":0.4996415384718491,"node1":33}],"conceptsData":[{"conceptId":11,"clusterId":0,"hexCoordinates":{"x":-3.4641016151377544,"y":3},"labels":[{"weight":1137,"label":"electron"},{"weight":844,"label":"microscopy"},{"weight":627,"label":"ray"},{"weight":562,"label":"scanning"},{"weight":418,"label":"spectroscopy"},{"weight":385,"label":"structure"},{"weight":370,"label":"diffraction"},{"weight":328,"label":"transmission"},{"weight":325,"label":"surface"},{"weight":324,"label":"sem"},{"weight":313,"label":"show"},{"weight":295,"label":"technique"},{"weight":294,"label":"sample"},{"weight":277,"label":"analysis"},{"weight":260,"label":"film"},{"weight":246,"label":"energy"},{"weight":202,"label":"study"},{"weight":197,"label":"high"},{"weight":192,"label":"property"},{"weight":187,"label":"morphology"},{"weight":186,"label":"reveal"},{"weight":181,"label":"atomic"},{"weight":181,"label":"phase"},{"weight":163,"label":"layer"},{"weight":155,"label":"material"}],"subTopicId":700},{"conceptId":0,"clusterId":0,"hexCoordinates":{"x":-5.196152422706632,"y":3},"labels":[{"weight":225,"label":"edge"},{"weight":117,"label":"coating"},{"weight":73,"label":"spray"},{"weight":62,"label":"wear"},{"weight":62,"label":"lead"},{"weight":60,"label":"hvof"},{"weight":57,"label":"tubercle"},{"weight":54,"label":"sail"},{"weight":50,"label":"trail"},{"weight":48,"label":"ray"},{"weight":44,"label":"test"},{"weight":40,"label":"shadow"},{"weight":38,"label":"lev"},{"weight":36,"label":"lift"},{"weight":33,"label":"performance"},{"weight":31,"label":"leading"},{"weight":30,"label":"ball"},{"weight":29,"label":"visibility"},{"weight":29,"label":"particle"},{"weight":26,"label":"slide"},{"weight":25,"label":"implant"},{"weight":25,"label":"high"},{"weight":24,"label":"result"},{"weight":22,"label":"velocity"},{"weight":22,"label":"debris"}],"subTopicId":42},{"conceptId":16,"clusterId":0,"hexCoordinates":{"x":1.7320508075688772,"y":3},"labels":[{"weight":227,"label":"battery"},{"weight":102,"label":"charge"},{"weight":98,"label":"lithium"},{"weight":70,"label":"state"},{"weight":65,"label":"ion"},{"weight":55,"label":"discharge"},{"weight":52,"label":"pack"},{"weight":43,"label":"voltage"},{"weight":42,"label":"power"},{"weight":41,"label":"capacity"},{"weight":37,"label":"work"},{"weight":33,"label":"owc"},{"weight":31,"label":"estimation"},{"weight":28,"label":"chamber"},{"weight":24,"label":"soc"},{"weight":24,"label":"realize"},{"weight":23,"label":"equivalent"},{"weight":23,"label":"circuit"},{"weight":23,"label":"improve"},{"weight":22,"label":"experimental"},{"weight":21,"label":"filter"},{"weight":21,"label":"model"},{"weight":21,"label":"cell"},{"weight":20,"label":"characteristic"},{"weight":19,"label":"management"}],"subTopicId":853},{"conceptId":10,"clusterId":0,"hexCoordinates":{"x":-1.7320508075688772,"y":0},"labels":[{"weight":559,"label":"membrane"},{"weight":395,"label":"gas"},{"weight":351,"label":"catalyst"},{"weight":195,"label":"surface"},{"weight":195,"label":"support"},{"weight":169,"label":"selectivity"},{"weight":163,"label":"temperature"},{"weight":139,"label":"silica"},{"weight":132,"label":"reaction"},{"weight":122,"label":"hydrogen"},{"weight":121,"label":"pressure"},{"weight":117,"label":"catalytic"},{"weight":114,"label":"show"},{"weight":110,"label":"mol"},{"weight":101,"label":"higher"},{"weight":98,"label":"increase"},{"weight":91,"label":"separation"},{"weight":91,"label":"nitrogen"},{"weight":88,"label":"rate"},{"weight":87,"label":"obtain"},{"weight":76,"label":"carbon"},{"weight":75,"label":"selective"},{"weight":75,"label":"phase"},{"weight":75,"label":"process"},{"weight":74,"label":"hydrogenation"}],"subTopicId":620},{"conceptId":14,"clusterId":0,"hexCoordinates":{"x":0,"y":0},"labels":[{"weight":373,"label":"material"},{"weight":223,"label":"conductivity"},{"weight":200,"label":"oxide"},{"weight":150,"label":"high"},{"weight":145,"label":"ion"},{"weight":135,"label":"solid"},{"weight":132,"label":"phase"},{"weight":130,"label":"temperature"},{"weight":116,"label":"metal"},{"weight":113,"label":"perovskite"},{"weight":109,"label":"structure"},{"weight":99,"label":"stability"},{"weight":98,"label":"property"},{"weight":91,"label":"synthesis"},{"weight":91,"label":"thermal"},{"weight":90,"label":"lithium"},{"weight":80,"label":"state"},{"weight":78,"label":"prepare"},{"weight":78,"label":"electrical"},{"weight":77,"label":"performance"},{"weight":74,"label":"electrolyte"},{"weight":72,"label":"composition"},{"weight":71,"label":"nus"},{"weight":71,"label":"oxygen"},{"weight":69,"label":"composite"}],"subTopicId":835},{"conceptId":8,"clusterId":0,"hexCoordinates":{"x":-0.8660254037844386,"y":-1.5},"labels":[{"weight":55,"label":"detergent"},{"weight":36,"label":"spray"},{"weight":30,"label":"wall"},{"weight":29,"label":"deposit"},{"weight":29,"label":"disease"},{"weight":29,"label":"energy"},{"weight":28,"label":"forest"},{"weight":28,"label":"solution"},{"weight":26,"label":"swirl"},{"weight":26,"label":"particle"},{"weight":25,"label":"dryer"},{"weight":25,"label":"dry"},{"weight":25,"label":"effect"},{"weight":24,"label":"timber"},{"weight":24,"label":"san"},{"weight":24,"label":"benefit"},{"weight":24,"label":"method"},{"weight":23,"label":"synthesis"},{"weight":22,"label":"granule"},{"weight":22,"label":"solid"},{"weight":22,"label":"type"},{"weight":21,"label":"nozzle"},{"weight":19,"label":"snse"},{"weight":19,"label":"rotation"},{"weight":18,"label":"ded"}],"subTopicId":487},{"conceptId":17,"clusterId":0,"hexCoordinates":{"x":1.7320508075688772,"y":0},"labels":[{"weight":207,"label":"cell"},{"weight":151,"label":"fuel"},{"weight":146,"label":"anode"},{"weight":112,"label":"oxide"},{"weight":111,"label":"sofc"},{"weight":99,"label":"performance"},{"weight":95,"label":"solid"},{"weight":94,"label":"cathode"},{"weight":93,"label":"nus"},{"weight":93,"label":"temperature"},{"weight":83,"label":"ferroelectric"},{"weight":80,"label":"ceramic"},{"weight":78,"label":"ysz"},{"weight":71,"label":"material"},{"weight":68,"label":"electrolyte"},{"weight":66,"label":"dielectric"},{"weight":58,"label":"high"},{"weight":55,"label":"electrode"},{"weight":51,"label":"density"},{"weight":50,"label":"carbon"},{"weight":42,"label":"zirconia"},{"weight":41,"label":"stability"},{"weight":39,"label":"power"},{"weight":38,"label":"stabilize"},{"weight":38,"label":"polarization"}],"subTopicId":945},{"conceptId":2,"clusterId":0,"hexCoordinates":{"x":-3.4641016151377544,"y":0},"labels":[{"weight":104,"label":"domain"},{"weight":69,"label":"pillar"},{"weight":52,"label":"electrode"},{"weight":51,"label":"electrical"},{"weight":42,"label":"field"},{"weight":41,"label":"dep"},{"weight":40,"label":"array"},{"weight":39,"label":"ferroelectric"},{"weight":36,"label":"wall"},{"weight":34,"label":"stimulation"},{"weight":33,"label":"polarization"},{"weight":33,"label":"photovoltaic"},{"weight":32,"label":"film"},{"weight":30,"label":"structure"},{"weight":25,"label":"ert"},{"weight":25,"label":"implant"},{"weight":25,"label":"electric"},{"weight":23,"label":"pixel"},{"weight":22,"label":"pattern"},{"weight":21,"label":"subretinal"},{"weight":20,"label":"conductive"},{"weight":20,"label":"prosthetic"},{"weight":19,"label":"nanopillar"},{"weight":19,"label":"resistivity"},{"weight":19,"label":"soft"}],"subTopicId":303},{"conceptId":15,"clusterId":0,"hexCoordinates":{"x":-2.598076211353316,"y":1.5},"labels":[{"weight":478,"label":"substrate"},{"weight":371,"label":"layer"},{"weight":278,"label":"device"},{"weight":244,"label":"process"},{"weight":237,"label":"flexible"},{"weight":225,"label":"fabrication"},{"weight":221,"label":"material"},{"weight":213,"label":"printing"},{"weight":205,"label":"film"},{"weight":205,"label":"application"},{"weight":201,"label":"method"},{"weight":195,"label":"print"},{"weight":189,"label":"structure"},{"weight":181,"label":"fabricate"},{"weight":176,"label":"demonstrate"},{"weight":166,"label":"thin"},{"weight":166,"label":"micro"},{"weight":163,"label":"base"},{"weight":154,"label":"high"},{"weight":148,"label":"transfer"},{"weight":143,"label":"graphene"},{"weight":125,"label":"pattern"},{"weight":121,"label":"technique"},{"weight":121,"label":"present"},{"weight":108,"label":"polymer"}],"subTopicId":841},{"conceptId":13,"clusterId":0,"hexCoordinates":{"x":-4.330127018922193,"y":1.5},"labels":[{"weight":92,"label":"pin"},{"weight":69,"label":"copper"},{"weight":42,"label":"pattern"},{"weight":29,"label":"mesh"},{"weight":27,"label":"ocp"},{"weight":26,"label":"subject"},{"weight":13,"label":"lock"},{"weight":11,"label":"guess"},{"weight":10,"label":"polyflex"},{"weight":10,"label":"electroless"},{"weight":10,"label":"scb"},{"weight":9,"label":"demonstrator"},{"weight":8,"label":"strigolactone"},{"weight":8,"label":"mco"},{"weight":8,"label":"dms"},{"weight":8,"label":"mdd"},{"weight":7,"label":"mdda"},{"weight":7,"label":"cover"},{"weight":6,"label":"cklund"},{"weight":6,"label":"froidure"},{"weight":6,"label":"copb"},{"weight":6,"label":"reasonable"},{"weight":6,"label":"apparently"},{"weight":6,"label":"situ"},{"weight":6,"label":"selective"}],"subTopicId":772},{"conceptId":-1,"clusterId":-1,"hexCoordinates":{"x":5.196152422706632,"y":4.5},"labels":[{"weight":2500,"label":"Unclassified"},{"weight":0,"label":""},{"weight":0,"label":""},{"weight":0,"label":""},{"weight":0,"label":""},{"weight":0,"label":""},{"weight":0,"label":""},{"weight":0,"label":""},{"weight":0,"label":""},{"weight":0,"label":""},{"weight":0,"label":""}],"subTopicId":null},{"conceptId":9,"clusterId":0,"hexCoordinates":{"x":-0.8660254037844386,"y":4.5},"labels":[{"weight":254,"label":"dye"},{"weight":196,"label":"cell"},{"weight":177,"label":"lignin"},{"weight":162,"label":"organic"},{"weight":159,"label":"solar"},{"weight":156,"label":"conversion"},{"weight":153,"label":"efficiency"},{"weight":140,"label":"donor"},{"weight":138,"label":"acceptor"},{"weight":118,"label":"blend"},{"weight":110,"label":"device"},{"weight":104,"label":"material"},{"weight":100,"label":"polymer"},{"weight":96,"label":"show"},{"weight":93,"label":"base"},{"weight":92,"label":"unit"},{"weight":91,"label":"electron"},{"weight":87,"label":"fullerene"},{"weight":77,"label":"property"},{"weight":76,"label":"absorption"},{"weight":76,"label":"hole"},{"weight":75,"label":"charge"},{"weight":72,"label":"photovoltaic"},{"weight":71,"label":"dssc"},{"weight":70,"label":"high"}],"subTopicId":533},{"conceptId":1,"clusterId":0,"hexCoordinates":{"x":-1.7320508075688772,"y":3},"labels":[{"weight":175,"label":"gan"},{"weight":115,"label":"growth"},{"weight":108,"label":"sam"},{"weight":99,"label":"dislocation"},{"weight":91,"label":"grow"},{"weight":74,"label":"nanorod"},{"weight":70,"label":"layer"},{"weight":66,"label":"plane"},{"weight":57,"label":"emission"},{"weight":56,"label":"defect"},{"weight":54,"label":"aln"},{"weight":50,"label":"ingan"},{"weight":50,"label":"substrate"},{"weight":49,"label":"facet"},{"weight":46,"label":"template"},{"weight":46,"label":"structure"},{"weight":38,"label":"cathodoluminescence"},{"weight":38,"label":"polar"},{"weight":36,"label":"shell"},{"weight":33,"label":"core"},{"weight":33,"label":"sample"},{"weight":31,"label":"thread"},{"weight":31,"label":"strain"},{"weight":30,"label":"condition"},{"weight":28,"label":"mqw"}],"subTopicId":87},{"conceptId":3,"clusterId":0,"hexCoordinates":{"x":0.8660254037844386,"y":1.5},"labels":[{"weight":309,"label":"electrode"},{"weight":282,"label":"electrochemical"},{"weight":249,"label":"cell"},{"weight":200,"label":"fuel"},{"weight":180,"label":"electrolyte"},{"weight":170,"label":"carbon"},{"weight":167,"label":"hydrogen"},{"weight":125,"label":"reaction"},{"weight":114,"label":"material"},{"weight":113,"label":"current"},{"weight":100,"label":"high"},{"weight":100,"label":"show"},{"weight":95,"label":"potential"},{"weight":90,"label":"energy"},{"weight":85,"label":"density"},{"weight":78,"label":"battery"},{"weight":64,"label":"mfc"},{"weight":64,"label":"anode"},{"weight":64,"label":"performance"},{"weight":63,"label":"surface"},{"weight":62,"label":"oxidation"},{"weight":62,"label":"cyclic"},{"weight":62,"label":"metal"},{"weight":59,"label":"reduction"},{"weight":57,"label":"voltammetry"}],"subTopicId":397},{"conceptId":4,"clusterId":0,"hexCoordinates":{"x":0,"y":3},"labels":[{"weight":475,"label":"coating"},{"weight":83,"label":"coated"},{"weight":69,"label":"corrosion"},{"weight":69,"label":"surface"},{"weight":58,"label":"show"},{"weight":58,"label":"layer"},{"weight":56,"label":"base"},{"weight":54,"label":"coat"},{"weight":51,"label":"test"},{"weight":48,"label":"graphene"},{"weight":47,"label":"resistance"},{"weight":45,"label":"composite"},{"weight":43,"label":"substrate"},{"weight":38,"label":"deposition"},{"weight":38,"label":"performance"},{"weight":36,"label":"tio"},{"weight":36,"label":"property"},{"weight":35,"label":"improve"},{"weight":34,"label":"ptfe"},{"weight":34,"label":"compare"},{"weight":33,"label":"potential"},{"weight":32,"label":"deposit"},{"weight":32,"label":"additive"},{"weight":30,"label":"uncoated"},{"weight":29,"label":"excellent"}],"subTopicId":425},{"conceptId":6,"clusterId":0,"hexCoordinates":{"x":0.8660254037844386,"y":-1.5},"labels":[{"weight":534,"label":"phase"},{"weight":477,"label":"pressure"},{"weight":432,"label":"transition"},{"weight":378,"label":"temperature"},{"weight":306,"label":"high"},{"weight":305,"label":"structure"},{"weight":236,"label":"order"},{"weight":232,"label":"gpa"},{"weight":213,"label":"diffraction"},{"weight":210,"label":"crystal"},{"weight":200,"label":"magnetic"},{"weight":177,"label":"structural"},{"weight":141,"label":"ray"},{"weight":139,"label":"observe"},{"weight":106,"label":"show"},{"weight":103,"label":"neutron"},{"weight":94,"label":"site"},{"weight":92,"label":"cell"},{"weight":86,"label":"increase"},{"weight":84,"label":"perovskite"},{"weight":83,"label":"metal"},{"weight":80,"label":"low"},{"weight":80,"label":"range"},{"weight":77,"label":"symmetry"},{"weight":76,"label":"property"}],"subTopicId":462},{"conceptId":12,"clusterId":0,"hexCoordinates":{"x":-4.330127018922193,"y":4.5},"labels":[{"weight":567,"label":"device"},{"weight":338,"label":"gate"},{"weight":275,"label":"current"},{"weight":251,"label":"voltage"},{"weight":241,"label":"transistor"},{"weight":203,"label":"charge"},{"weight":180,"label":"effect"},{"weight":174,"label":"quantum"},{"weight":170,"label":"simulation"},{"weight":162,"label":"electron"},{"weight":157,"label":"base"},{"weight":130,"label":"performance"},{"weight":129,"label":"carrier"},{"weight":126,"label":"channel"},{"weight":116,"label":"temperature"},{"weight":113,"label":"nanowire"},{"weight":107,"label":"mobility"},{"weight":106,"label":"characteristic"},{"weight":105,"label":"silicon"},{"weight":105,"label":"barrier"},{"weight":101,"label":"diode"},{"weight":100,"label":"field"},{"weight":99,"label":"transport"},{"weight":92,"label":"semiconductor"},{"weight":87,"label":"layer"}],"subTopicId":760},{"conceptId":7,"clusterId":0,"hexCoordinates":{"x":-0.8660254037844386,"y":1.5},"labels":[{"weight":271,"label":"tio"},{"weight":179,"label":"photocatalytic"},{"weight":161,"label":"activity"},{"weight":157,"label":"light"},{"weight":151,"label":"nanoparticle"},{"weight":144,"label":"surface"},{"weight":114,"label":"oxidation"},{"weight":105,"label":"method"},{"weight":99,"label":"irradiation"},{"weight":95,"label":"metal"},{"weight":89,"label":"photocatalyst"},{"weight":86,"label":"zno"},{"weight":86,"label":"visible"},{"weight":85,"label":"gold"},{"weight":84,"label":"enhance"},{"weight":84,"label":"base"},{"weight":81,"label":"catalyst"},{"weight":79,"label":"oxide"},{"weight":72,"label":"concentration"},{"weight":72,"label":"performance"},{"weight":71,"label":"effect"},{"weight":68,"label":"acid"},{"weight":67,"label":"efficiency"},{"weight":64,"label":"degradation"},{"weight":63,"label":"water"}],"subTopicId":484},{"conceptId":5,"clusterId":0,"hexCoordinates":{"x":-2.598076211353316,"y":4.5},"labels":[{"weight":655,"label":"film"},{"weight":333,"label":"temperature"},{"weight":268,"label":"thin"},{"weight":237,"label":"absorption"},{"weight":209,"label":"coating"},{"weight":204,"label":"layer"},{"weight":190,"label":"property"},{"weight":188,"label":"material"},{"weight":186,"label":"optical"},{"weight":145,"label":"increase"},{"weight":133,"label":"thermal"},{"weight":131,"label":"band"},{"weight":126,"label":"deposition"},{"weight":123,"label":"low"},{"weight":122,"label":"measurement"},{"weight":118,"label":"silicon"},{"weight":110,"label":"substrate"},{"weight":106,"label":"amorphous"},{"weight":102,"label":"high"},{"weight":101,"label":"show"},{"weight":91,"label":"loss"},{"weight":87,"label":"thickness"},{"weight":85,"label":"sputter"},{"weight":85,"label":"deposit"},{"weight":78,"label":"range"}],"subTopicId":452}]}