[{"topicData":[{"numberOfDocuments":0.0,"label":"Heriot-Watt University"},{"numberOfDocuments":0.0,"label":"Robert Gordon University"},{"numberOfDocuments":0.0,"label":"Glasgow Caledonian University"},{"numberOfDocuments":0.0,"label":"Queen Margaret University"},{"numberOfDocuments":0.0,"label":"University of the Highlands and Islands"},{"numberOfDocuments":0.0,"label":"University of Dundee"},{"numberOfDocuments":0.0,"label":"Edinburgh Napier University"},{"numberOfDocuments":0.0,"label":"University of Stirling"},{"numberOfDocuments":0.0,"label":"Abertay University"},{"numberOfDocuments":0.0,"label":"University of Aberdeen"},{"numberOfDocuments":0.0,"label":"University of Edinburgh"},{"numberOfDocuments":0.0,"label":"University of the West of Scotland"},{"numberOfDocuments":0.0,"label":"University of Glasgow"},{"numberOfDocuments":0.0,"label":"University of St Andrews"},{"numberOfDocuments":0.0,"label":"University of Strathclyde"}],"conceptId":-1},{"topicData":[{"numberOfDocuments":0.5986931957504527,"label":"Heriot-Watt University"},{"numberOfDocuments":0.17565148570024142,"label":"Robert Gordon University"},{"numberOfDocuments":0.11970855807705072,"label":"Glasgow Caledonian University"},{"numberOfDocuments":0.4441006786950179,"label":"Queen Margaret University"},{"numberOfDocuments":0.24543169351521268,"label":"University of the Highlands and Islands"},{"numberOfDocuments":0.9091678009934484,"label":"University of Dundee"},{"numberOfDocuments":1.1088632704585744,"label":"Edinburgh Napier University"},{"numberOfDocuments":2.1122650872327444,"label":"University of Stirling"},{"numberOfDocuments":0.047244094488188976,"label":"Abertay University"},{"numberOfDocuments":0.4506689120634365,"label":"University of Aberdeen"},{"numberOfDocuments":4.506937436194577,"label":"University of Edinburgh"},{"numberOfDocuments":0.3451521516369689,"label":"University of the West of Scotland"},{"numberOfDocuments":6.789300164669488,"label":"University of Glasgow"},{"numberOfDocuments":1.9886557112422507,"label":"University of St Andrews"},{"numberOfDocuments":10.84974625012757,"label":"University of Strathclyde"}],"conceptId":0},{"topicData":[{"numberOfDocuments":0.3217527527105614,"label":"Heriot-Watt University"},{"numberOfDocuments":0.0,"label":"Robert Gordon University"},{"numberOfDocuments":0.6453476203162116,"label":"Glasgow Caledonian University"},{"numberOfDocuments":0.8296646689337177,"label":"Queen Margaret University"},{"numberOfDocuments":0.06650388997317075,"label":"University of the Highlands and Islands"},{"numberOfDocuments":1.1841083116394426,"label":"University of Dundee"},{"numberOfDocuments":0.15046515072048508,"label":"Edinburgh Napier University"},{"numberOfDocuments":2.215614822363782,"label":"University of Stirling"},{"numberOfDocuments":0.7353623750641461,"label":"Abertay University"},{"numberOfDocuments":0.9835178416279925,"label":"University of Aberdeen"},{"numberOfDocuments":2.393712261817918,"label":"University of Edinburgh"},{"numberOfDocuments":0.5054856284471945,"label":"University of the West of Scotland"},{"numberOfDocuments":1.8492283368899851,"label":"University of Glasgow"},{"numberOfDocuments":0.7420334331965432,"label":"University of St Andrews"},{"numberOfDocuments":8.120935327355774,"label":"University of Strathclyde"}],"conceptId":1},{"topicData":[{"numberOfDocuments":0.36220896061266705,"label":"Heriot-Watt University"},{"numberOfDocuments":2.8852166776546238,"label":"Robert Gordon University"},{"numberOfDocuments":0.4022006874589241,"label":"Glasgow Caledonian University"},{"numberOfDocuments":1.7437427175359896,"label":"Queen Margaret University"},{"numberOfDocuments":2.506585241838038,"label":"University of the Highlands and Islands"},{"numberOfDocuments":0.6462651916020343,"label":"University of Dundee"},{"numberOfDocuments":1.1954138734797346,"label":"Edinburgh Napier University"},{"numberOfDocuments":2.667275516569435,"label":"University of Stirling"},{"numberOfDocuments":2.3514423674806366,"label":"Abertay University"},{"numberOfDocuments":5.880335843273048,"label":"University of Aberdeen"},{"numberOfDocuments":6.405998985992335,"label":"University of Edinburgh"},{"numberOfDocuments":0.7484795621916682,"label":"University of the West of Scotland"},{"numberOfDocuments":6.317343961879975,"label":"University of Glasgow"},{"numberOfDocuments":1.2194742717282983,"label":"University of St Andrews"},{"numberOfDocuments":1.010191089065221,"label":"University of Strathclyde"}],"conceptId":2},{"topicData":[{"numberOfDocuments":0.4549110787231853,"label":"Heriot-Watt University"},{"numberOfDocuments":0.5457484326018809,"label":"Robert Gordon University"},{"numberOfDocuments":0.2637334887334888,"label":"Glasgow Caledonian University"},{"numberOfDocuments":4.041966776467425,"label":"Queen Margaret University"},{"numberOfDocuments":0.03876815506308565,"label":"University of the Highlands and Islands"},{"numberOfDocuments":0.540150613324057,"label":"University of Dundee"},{"numberOfDocuments":0.39785973070856795,"label":"Edinburgh Napier University"},{"numberOfDocuments":2.0515949075893567,"label":"University of Stirling"},{"numberOfDocuments":0.00909090909090909,"label":"Abertay University"},{"numberOfDocuments":1.8678876347319937,"label":"University of Aberdeen"},{"numberOfDocuments":7.83910673593009,"label":"University of Edinburgh"},{"numberOfDocuments":0.29318502175645034,"label":"University of the West of Scotland"},{"numberOfDocuments":5.141690739988006,"label":"University of Glasgow"},{"numberOfDocuments":0.47043424317617866,"label":"University of St Andrews"},{"numberOfDocuments":7.35588696444477,"label":"University of Strathclyde"}],"conceptId":3},{"topicData":[{"numberOfDocuments":11.222539130491025,"label":"Heriot-Watt University"},{"numberOfDocuments":1.4709167757611925,"label":"Robert Gordon University"},{"numberOfDocuments":0.9995642731662174,"label":"Glasgow Caledonian University"},{"numberOfDocuments":0.6676902771408858,"label":"Queen Margaret University"},{"numberOfDocuments":4.530970157465241,"label":"University of the Highlands and Islands"},{"numberOfDocuments":7.285458309525982,"label":"University of Dundee"},{"numberOfDocuments":1.3407038235190167,"label":"Edinburgh Napier University"},{"numberOfDocuments":10.457097597014995,"label":"University of Stirling"},{"numberOfDocuments":0.4550129884623299,"label":"Abertay University"},{"numberOfDocuments":17.15920898957543,"label":"University of Aberdeen"},{"numberOfDocuments":26.198104784536145,"label":"University of Edinburgh"},{"numberOfDocuments":0.8187824223973529,"label":"University of the West of Scotland"},{"numberOfDocuments":11.575672836006268,"label":"University of Glasgow"},{"numberOfDocuments":4.4266190618327546,"label":"University of St Andrews"},{"numberOfDocuments":5.897245478215275,"label":"University of Strathclyde"}],"conceptId":4},{"topicData":[{"numberOfDocuments":3.5640217448229974,"label":"Heriot-Watt University"},{"numberOfDocuments":2.358138477204494,"label":"Robert Gordon University"},{"numberOfDocuments":1.6747463718737785,"label":"Glasgow Caledonian University"},{"numberOfDocuments":1.5878924082105716,"label":"Queen Margaret University"},{"numberOfDocuments":0.5388949104041139,"label":"University of the Highlands and Islands"},{"numberOfDocuments":2.798120362209359,"label":"University of Dundee"},{"numberOfDocuments":5.639720476874223,"label":"Edinburgh Napier University"},{"numberOfDocuments":5.62976862174555,"label":"University of Stirling"},{"numberOfDocuments":1.6239044365416988,"label":"Abertay University"},{"numberOfDocuments":4.500745512245108,"label":"University of Aberdeen"},{"numberOfDocuments":18.731575276892638,"label":"University of Edinburgh"},{"numberOfDocuments":3.7190513240981766,"label":"University of the West of Scotland"},{"numberOfDocuments":29.663839443234664,"label":"University of Glasgow"},{"numberOfDocuments":4.692276230920056,"label":"University of St Andrews"},{"numberOfDocuments":8.868352698756425,"label":"University of Strathclyde"}],"conceptId":5},{"topicData":[{"numberOfDocuments":4.991497717554318,"label":"Heriot-Watt University"},{"numberOfDocuments":8.733117895196715,"label":"Robert Gordon University"},{"numberOfDocuments":2.323204518391042,"label":"Glasgow Caledonian University"},{"numberOfDocuments":4.958976946452573,"label":"Queen Margaret University"},{"numberOfDocuments":7.2712493604301285,"label":"University of the Highlands and Islands"},{"numberOfDocuments":6.403142866897994,"label":"University of Dundee"},{"numberOfDocuments":6.201728840694527,"label":"Edinburgh Napier University"},{"numberOfDocuments":11.861847075203732,"label":"University of Stirling"},{"numberOfDocuments":1.032673338504879,"label":"Abertay University"},{"numberOfDocuments":6.707228984126673,"label":"University of Aberdeen"},{"numberOfDocuments":29.686068808276172,"label":"University of Edinburgh"},{"numberOfDocuments":3.552725086678805,"label":"University of the West of Scotland"},{"numberOfDocuments":21.214991406433295,"label":"University of Glasgow"},{"numberOfDocuments":7.113163057177438,"label":"University of St Andrews"},{"numberOfDocuments":20.099165536259193,"label":"University of Strathclyde"}],"conceptId":6},{"topicData":[{"numberOfDocuments":0.6008532967250765,"label":"Heriot-Watt University"},{"numberOfDocuments":2.6511570461755882,"label":"Robert Gordon University"},{"numberOfDocuments":0.6089702218728608,"label":"Glasgow Caledonian University"},{"numberOfDocuments":1.1795737071733432,"label":"Queen Margaret University"},{"numberOfDocuments":0.742330677139883,"label":"University of the Highlands and Islands"},{"numberOfDocuments":2.3594920039687635,"label":"University of Dundee"},{"numberOfDocuments":1.3704227092607097,"label":"Edinburgh Napier University"},{"numberOfDocuments":6.82174059791183,"label":"University of Stirling"},{"numberOfDocuments":0.30582658587882044,"label":"Abertay University"},{"numberOfDocuments":3.330970726015937,"label":"University of Aberdeen"},{"numberOfDocuments":16.13955449158291,"label":"University of Edinburgh"},{"numberOfDocuments":1.2999805191721931,"label":"University of the West of Scotland"},{"numberOfDocuments":12.574816649908048,"label":"University of Glasgow"},{"numberOfDocuments":4.335031152443228,"label":"University of St Andrews"},{"numberOfDocuments":5.69014118960531,"label":"University of Strathclyde"}],"conceptId":7},{"topicData":[{"numberOfDocuments":1.272459426268533,"label":"Heriot-Watt University"},{"numberOfDocuments":2.940071411707817,"label":"Robert Gordon University"},{"numberOfDocuments":1.5667472400256595,"label":"Glasgow Caledonian University"},{"numberOfDocuments":2.4685055983895925,"label":"Queen Margaret University"},{"numberOfDocuments":0.7456914961934061,"label":"University of the Highlands and Islands"},{"numberOfDocuments":3.349363433940794,"label":"University of Dundee"},{"numberOfDocuments":2.308501063910903,"label":"Edinburgh Napier University"},{"numberOfDocuments":9.005279988099716,"label":"University of Stirling"},{"numberOfDocuments":0.5194239740424137,"label":"Abertay University"},{"numberOfDocuments":3.990137673329926,"label":"University of Aberdeen"},{"numberOfDocuments":19.713609244834046,"label":"University of Edinburgh"},{"numberOfDocuments":1.4149777219191884,"label":"University of the West of Scotland"},{"numberOfDocuments":14.461100174395025,"label":"University of Glasgow"},{"numberOfDocuments":3.9430012975994417,"label":"University of St Andrews"},{"numberOfDocuments":8.210434116858186,"label":"University of Strathclyde"}],"conceptId":8},{"topicData":[{"numberOfDocuments":2.4161017560166873,"label":"Heriot-Watt University"},{"numberOfDocuments":1.8505737403275722,"label":"Robert Gordon University"},{"numberOfDocuments":0.11324068088773971,"label":"Glasgow Caledonian University"},{"numberOfDocuments":0.21397476276553223,"label":"Queen Margaret University"},{"numberOfDocuments":0.37078177727784023,"label":"University of the Highlands and Islands"},{"numberOfDocuments":1.0561386211020922,"label":"University of Dundee"},{"numberOfDocuments":0.14496541174358757,"label":"Edinburgh Napier University"},{"numberOfDocuments":5.610961033790844,"label":"University of Stirling"},{"numberOfDocuments":0.3711456671982988,"label":"Abertay University"},{"numberOfDocuments":0.4188822868300562,"label":"University of Aberdeen"},{"numberOfDocuments":4.933602073446848,"label":"University of Edinburgh"},{"numberOfDocuments":0.40786759360232644,"label":"University of the West of Scotland"},{"numberOfDocuments":3.7271786934318416,"label":"University of Glasgow"},{"numberOfDocuments":0.7324715290553492,"label":"University of St Andrews"},{"numberOfDocuments":1.7971204175556326,"label":"University of Strathclyde"}],"conceptId":9},{"topicData":[{"numberOfDocuments":13.228006743123988,"label":"Heriot-Watt University"},{"numberOfDocuments":12.950160098518893,"label":"Robert Gordon University"},{"numberOfDocuments":7.612499644600621,"label":"Glasgow Caledonian University"},{"numberOfDocuments":11.343869301566734,"label":"Queen Margaret University"},{"numberOfDocuments":15.578960542761196,"label":"University of the Highlands and Islands"},{"numberOfDocuments":22.979223294453192,"label":"University of Dundee"},{"numberOfDocuments":19.322911002049004,"label":"Edinburgh Napier University"},{"numberOfDocuments":40.93782183404213,"label":"University of Stirling"},{"numberOfDocuments":5.683066466383101,"label":"Abertay University"},{"numberOfDocuments":22.094542029195022,"label":"University of Aberdeen"},{"numberOfDocuments":55.781807347530155,"label":"University of Edinburgh"},{"numberOfDocuments":5.093036038456757,"label":"University of the West of Scotland"},{"numberOfDocuments":44.48945517551491,"label":"University of Glasgow"},{"numberOfDocuments":19.353292437975888,"label":"University of St Andrews"},{"numberOfDocuments":62.82427496198023,"label":"University of Strathclyde"}],"conceptId":10},{"topicData":[{"numberOfDocuments":1.3108221955358188,"label":"Heriot-Watt University"},{"numberOfDocuments":0.07350856371264779,"label":"Robert Gordon University"},{"numberOfDocuments":0.33745990628301886,"label":"Glasgow Caledonian University"},{"numberOfDocuments":0.1913862609290724,"label":"Queen Margaret University"},{"numberOfDocuments":0.46961058890382856,"label":"University of the Highlands and Islands"},{"numberOfDocuments":0.5138323869925774,"label":"University of Dundee"},{"numberOfDocuments":0.2302611179762407,"label":"Edinburgh Napier University"},{"numberOfDocuments":3.6810844778295313,"label":"University of Stirling"},{"numberOfDocuments":0.22511413727000265,"label":"Abertay University"},{"numberOfDocuments":4.991418406839361,"label":"University of Aberdeen"},{"numberOfDocuments":3.1191811911166982,"label":"University of Edinburgh"},{"numberOfDocuments":0.22886398406232514,"label":"University of the West of Scotland"},{"numberOfDocuments":4.284509245878721,"label":"University of Glasgow"},{"numberOfDocuments":0.9787791820861231,"label":"University of St Andrews"},{"numberOfDocuments":6.7382951055705025,"label":"University of Strathclyde"}],"conceptId":11},{"topicData":[{"numberOfDocuments":2.9031773492330895,"label":"Heriot-Watt University"},{"numberOfDocuments":2.793890943178015,"label":"Robert Gordon University"},{"numberOfDocuments":1.16015494498563,"label":"Glasgow Caledonian University"},{"numberOfDocuments":0.2571642116123014,"label":"Queen Margaret University"},{"numberOfDocuments":0.7547941499476079,"label":"University of the Highlands and Islands"},{"numberOfDocuments":1.1196838197419452,"label":"University of Dundee"},{"numberOfDocuments":3.450272701870809,"label":"Edinburgh Napier University"},{"numberOfDocuments":4.527111009619408,"label":"University of Stirling"},{"numberOfDocuments":0.6088467397093348,"label":"Abertay University"},{"numberOfDocuments":2.5257735966720745,"label":"University of Aberdeen"},{"numberOfDocuments":7.493915891385387,"label":"University of Edinburgh"},{"numberOfDocuments":1.0574042648211315,"label":"University of the West of Scotland"},{"numberOfDocuments":14.241410188562634,"label":"University of Glasgow"},{"numberOfDocuments":4.369926130194778,"label":"University of St Andrews"},{"numberOfDocuments":12.89304024170038,"label":"University of Strathclyde"}],"conceptId":12},{"topicData":[{"numberOfDocuments":2.3180440283897896,"label":"Heriot-Watt University"},{"numberOfDocuments":2.615204399716266,"label":"Robert Gordon University"},{"numberOfDocuments":1.8898236995855715,"label":"Glasgow Caledonian University"},{"numberOfDocuments":3.8668801858937383,"label":"Queen Margaret University"},{"numberOfDocuments":0.5762371528434374,"label":"University of the Highlands and Islands"},{"numberOfDocuments":3.5959320095617047,"label":"University of Dundee"},{"numberOfDocuments":2.2080816473868463,"label":"Edinburgh Napier University"},{"numberOfDocuments":14.032168170399075,"label":"University of Stirling"},{"numberOfDocuments":0.5485424727873408,"label":"Abertay University"},{"numberOfDocuments":4.506998771951834,"label":"University of Aberdeen"},{"numberOfDocuments":19.29545407555019,"label":"University of Edinburgh"},{"numberOfDocuments":1.1443754942914721,"label":"University of the West of Scotland"},{"numberOfDocuments":18.138621212898418,"label":"University of Glasgow"},{"numberOfDocuments":7.4667540524452685,"label":"University of St Andrews"},{"numberOfDocuments":12.503201172490437,"label":"University of Strathclyde"}],"conceptId":13},{"topicData":[{"numberOfDocuments":0.9676870077797577,"label":"Heriot-Watt University"},{"numberOfDocuments":0.558928121225147,"label":"Robert Gordon University"},{"numberOfDocuments":0.6973299740886207,"label":"Glasgow Caledonian University"},{"numberOfDocuments":1.1312478133484791,"label":"Queen Margaret University"},{"numberOfDocuments":1.7978299324065996,"label":"University of the Highlands and Islands"},{"numberOfDocuments":2.4241134688031813,"label":"University of Dundee"},{"numberOfDocuments":1.4941002107925994,"label":"Edinburgh Napier University"},{"numberOfDocuments":15.772314567474178,"label":"University of Stirling"},{"numberOfDocuments":0.6024940357434169,"label":"Abertay University"},{"numberOfDocuments":7.280320449586076,"label":"University of Aberdeen"},{"numberOfDocuments":13.766910661839418,"label":"University of Edinburgh"},{"numberOfDocuments":2.0169715731234055,"label":"University of the West of Scotland"},{"numberOfDocuments":5.943309137669987,"label":"University of Glasgow"},{"numberOfDocuments":3.4898536661839294,"label":"University of St Andrews"},{"numberOfDocuments":6.368750668196466,"label":"University of Strathclyde"}],"conceptId":14},{"topicData":[{"numberOfDocuments":2.9750658785148816,"label":"Heriot-Watt University"},{"numberOfDocuments":3.372830090901508,"label":"Robert Gordon University"},{"numberOfDocuments":4.3297127726150535,"label":"Glasgow Caledonian University"},{"numberOfDocuments":5.749212306690555,"label":"Queen Margaret University"},{"numberOfDocuments":1.3555261942726335,"label":"University of the Highlands and Islands"},{"numberOfDocuments":4.9042199357431375,"label":"University of Dundee"},{"numberOfDocuments":8.25321580080601,"label":"Edinburgh Napier University"},{"numberOfDocuments":14.246776712714691,"label":"University of Stirling"},{"numberOfDocuments":1.3720730124696514,"label":"Abertay University"},{"numberOfDocuments":5.453215559384249,"label":"University of Aberdeen"},{"numberOfDocuments":27.699596601254164,"label":"University of Edinburgh"},{"numberOfDocuments":2.6823282855802684,"label":"University of the West of Scotland"},{"numberOfDocuments":21.864014171594665,"label":"University of Glasgow"},{"numberOfDocuments":5.852993748046645,"label":"University of St Andrews"},{"numberOfDocuments":21.482338228205872,"label":"University of Strathclyde"}],"conceptId":15},{"topicData":[{"numberOfDocuments":0.5094311228162035,"label":"Heriot-Watt University"},{"numberOfDocuments":0.6982360899446844,"label":"Robert Gordon University"},{"numberOfDocuments":0.6570204003783631,"label":"Glasgow Caledonian University"},{"numberOfDocuments":18.353248013628132,"label":"Queen Margaret University"},{"numberOfDocuments":0.5491382608653678,"label":"University of the Highlands and Islands"},{"numberOfDocuments":1.6311832853585484,"label":"University of Dundee"},{"numberOfDocuments":1.127585281891289,"label":"Edinburgh Napier University"},{"numberOfDocuments":4.123454204897264,"label":"University of Stirling"},{"numberOfDocuments":0.04465084279325766,"label":"Abertay University"},{"numberOfDocuments":4.702642035522185,"label":"University of Aberdeen"},{"numberOfDocuments":16.150854167375677,"label":"University of Edinburgh"},{"numberOfDocuments":0.4859911893232231,"label":"University of the West of Scotland"},{"numberOfDocuments":10.804243510050355,"label":"University of Glasgow"},{"numberOfDocuments":5.173729031844047,"label":"University of St Andrews"},{"numberOfDocuments":6.8412816538778705,"label":"University of Strathclyde"}],"conceptId":16}]