[{"topicData":[{"numberOfDocuments":0.0,"label":"Heriot-Watt University"},{"numberOfDocuments":0.0,"label":"Robert Gordon University"},{"numberOfDocuments":0.0,"label":"Glasgow Caledonian University"},{"numberOfDocuments":0.0,"label":"Queen Margaret University"},{"numberOfDocuments":0.0,"label":"University of the Highlands and Islands"},{"numberOfDocuments":0.0,"label":"University of Dundee"},{"numberOfDocuments":0.0,"label":"Edinburgh Napier University"},{"numberOfDocuments":0.0,"label":"University of Stirling"},{"numberOfDocuments":0.0,"label":"Abertay University"},{"numberOfDocuments":0.0,"label":"University of Aberdeen"},{"numberOfDocuments":0.0,"label":"University of Edinburgh"},{"numberOfDocuments":0.0,"label":"University of the West of Scotland"},{"numberOfDocuments":0.0,"label":"University of Glasgow"},{"numberOfDocuments":0.0,"label":"University of St Andrews"},{"numberOfDocuments":0.0,"label":"University of Strathclyde"}],"conceptId":-1},{"topicData":[{"numberOfDocuments":4.129453105975241,"label":"Heriot-Watt University"},{"numberOfDocuments":0.06907519669885884,"label":"Robert Gordon University"},{"numberOfDocuments":0.027270472653457632,"label":"Glasgow Caledonian University"},{"numberOfDocuments":0.11014557028146937,"label":"Queen Margaret University"},{"numberOfDocuments":31.175014643469513,"label":"University of the Highlands and Islands"},{"numberOfDocuments":1.7313232462501045,"label":"University of Dundee"},{"numberOfDocuments":0.34018542967149,"label":"Edinburgh Napier University"},{"numberOfDocuments":2.9739565677462307,"label":"University of Stirling"},{"numberOfDocuments":0.0125,"label":"Abertay University"},{"numberOfDocuments":7.117128169204581,"label":"University of Aberdeen"},{"numberOfDocuments":35.80144112901073,"label":"University of Edinburgh"},{"numberOfDocuments":0.08312107601412436,"label":"University of the West of Scotland"},{"numberOfDocuments":7.045855745192502,"label":"University of Glasgow"},{"numberOfDocuments":32.379380077112515,"label":"University of St Andrews"},{"numberOfDocuments":3.159691330102362,"label":"University of Strathclyde"}],"conceptId":0},{"topicData":[{"numberOfDocuments":0.15010293448123713,"label":"Heriot-Watt University"},{"numberOfDocuments":0.07135874877810362,"label":"Robert Gordon University"},{"numberOfDocuments":0.140625,"label":"Glasgow Caledonian University"},{"numberOfDocuments":0.12149532710280372,"label":"Queen Margaret University"},{"numberOfDocuments":1.7684279943867804,"label":"University of the Highlands and Islands"},{"numberOfDocuments":0.6562064434207417,"label":"University of Dundee"},{"numberOfDocuments":0.2182311448724905,"label":"Edinburgh Napier University"},{"numberOfDocuments":1.1282712053193609,"label":"University of Stirling"},{"numberOfDocuments":0.012048192771084338,"label":"Abertay University"},{"numberOfDocuments":1.4938917413859478,"label":"University of Aberdeen"},{"numberOfDocuments":1.3414823084865366,"label":"University of Edinburgh"},{"numberOfDocuments":0.18789765804792202,"label":"University of the West of Scotland"},{"numberOfDocuments":0.8916392694558218,"label":"University of Glasgow"},{"numberOfDocuments":0.8268111636032578,"label":"University of St Andrews"},{"numberOfDocuments":1.2946432494031694,"label":"University of Strathclyde"}],"conceptId":1},{"topicData":[{"numberOfDocuments":6.4955806239016365,"label":"Heriot-Watt University"},{"numberOfDocuments":1.5301949424281356,"label":"Robert Gordon University"},{"numberOfDocuments":3.384428008301502,"label":"Glasgow Caledonian University"},{"numberOfDocuments":1.1974656936244228,"label":"Queen Margaret University"},{"numberOfDocuments":4.312664322789516,"label":"University of the Highlands and Islands"},{"numberOfDocuments":3.725342893060645,"label":"University of Dundee"},{"numberOfDocuments":4.118969072987693,"label":"Edinburgh Napier University"},{"numberOfDocuments":9.78843085730465,"label":"University of Stirling"},{"numberOfDocuments":1.734896523245816,"label":"Abertay University"},{"numberOfDocuments":7.894429416319448,"label":"University of Aberdeen"},{"numberOfDocuments":21.19724629758461,"label":"University of Edinburgh"},{"numberOfDocuments":2.0687121303729405,"label":"University of the West of Scotland"},{"numberOfDocuments":18.995709561607534,"label":"University of Glasgow"},{"numberOfDocuments":10.219487303226863,"label":"University of St Andrews"},{"numberOfDocuments":14.559904021876264,"label":"University of Strathclyde"}],"conceptId":2},{"topicData":[{"numberOfDocuments":16.11449193617091,"label":"Heriot-Watt University"},{"numberOfDocuments":7.015077913046723,"label":"Robert Gordon University"},{"numberOfDocuments":2.964065800229242,"label":"Glasgow Caledonian University"},{"numberOfDocuments":5.808819547653259,"label":"Queen Margaret University"},{"numberOfDocuments":18.27692318734182,"label":"University of the Highlands and Islands"},{"numberOfDocuments":18.61641512870379,"label":"University of Dundee"},{"numberOfDocuments":7.6248766222493,"label":"Edinburgh Napier University"},{"numberOfDocuments":41.05926546264987,"label":"University of Stirling"},{"numberOfDocuments":2.977537052231674,"label":"Abertay University"},{"numberOfDocuments":32.68505538324798,"label":"University of Aberdeen"},{"numberOfDocuments":93.5034003934233,"label":"University of Edinburgh"},{"numberOfDocuments":4.528701217525664,"label":"University of the West of Scotland"},{"numberOfDocuments":63.12044663537083,"label":"University of Glasgow"},{"numberOfDocuments":39.74821796549094,"label":"University of St Andrews"},{"numberOfDocuments":38.559580706969236,"label":"University of Strathclyde"}],"conceptId":3},{"topicData":[{"numberOfDocuments":7.904416164789254,"label":"Heriot-Watt University"},{"numberOfDocuments":3.2064571010314333,"label":"Robert Gordon University"},{"numberOfDocuments":1.0181227443862542,"label":"Glasgow Caledonian University"},{"numberOfDocuments":0.5731936060732702,"label":"Queen Margaret University"},{"numberOfDocuments":3.016181446907614,"label":"University of the Highlands and Islands"},{"numberOfDocuments":9.956653581254917,"label":"University of Dundee"},{"numberOfDocuments":2.052012163476577,"label":"Edinburgh Napier University"},{"numberOfDocuments":21.68919621364268,"label":"University of Stirling"},{"numberOfDocuments":3.1806188968893583,"label":"Abertay University"},{"numberOfDocuments":6.828635118305484,"label":"University of Aberdeen"},{"numberOfDocuments":11.316389640409374,"label":"University of Edinburgh"},{"numberOfDocuments":2.7131907940469313,"label":"University of the West of Scotland"},{"numberOfDocuments":18.8626268550322,"label":"University of Glasgow"},{"numberOfDocuments":5.840329054736971,"label":"University of St Andrews"},{"numberOfDocuments":11.292738521268385,"label":"University of Strathclyde"}],"conceptId":4},{"topicData":[{"numberOfDocuments":1.6377522222054202,"label":"Heriot-Watt University"},{"numberOfDocuments":0.42468180362316743,"label":"Robert Gordon University"},{"numberOfDocuments":0.041822147239875845,"label":"Glasgow Caledonian University"},{"numberOfDocuments":0.12664392640712935,"label":"Queen Margaret University"},{"numberOfDocuments":7.546321973498959,"label":"University of the Highlands and Islands"},{"numberOfDocuments":3.7701049802839974,"label":"University of Dundee"},{"numberOfDocuments":0.5647676626881631,"label":"Edinburgh Napier University"},{"numberOfDocuments":11.333882755101675,"label":"University of Stirling"},{"numberOfDocuments":0.41381341778771286,"label":"Abertay University"},{"numberOfDocuments":19.657289765591802,"label":"University of Aberdeen"},{"numberOfDocuments":34.809445926490305,"label":"University of Edinburgh"},{"numberOfDocuments":0.044792880536449864,"label":"University of the West of Scotland"},{"numberOfDocuments":37.35063129724767,"label":"University of Glasgow"},{"numberOfDocuments":14.9813508592378,"label":"University of St Andrews"},{"numberOfDocuments":2.096982518467809,"label":"University of Strathclyde"}],"conceptId":5},{"topicData":[{"numberOfDocuments":4.655804242298432,"label":"Heriot-Watt University"},{"numberOfDocuments":0.1702088162851348,"label":"Robert Gordon University"},{"numberOfDocuments":0.02803738317757009,"label":"Glasgow Caledonian University"},{"numberOfDocuments":0.19017148453502355,"label":"Queen Margaret University"},{"numberOfDocuments":1.369217501346836,"label":"University of the Highlands and Islands"},{"numberOfDocuments":0.35433746308947195,"label":"University of Dundee"},{"numberOfDocuments":0.24303585238783867,"label":"Edinburgh Napier University"},{"numberOfDocuments":11.532221653260597,"label":"University of Stirling"},{"numberOfDocuments":0.10161502737921951,"label":"Abertay University"},{"numberOfDocuments":9.28450749859711,"label":"University of Aberdeen"},{"numberOfDocuments":9.679713314157322,"label":"University of Edinburgh"},{"numberOfDocuments":0.21546776278749713,"label":"University of the West of Scotland"},{"numberOfDocuments":20.054364105659324,"label":"University of Glasgow"},{"numberOfDocuments":2.5264410799969674,"label":"University of St Andrews"},{"numberOfDocuments":1.5142909199449588,"label":"University of Strathclyde"}],"conceptId":6},{"topicData":[{"numberOfDocuments":1.6401576954450543,"label":"Heriot-Watt University"},{"numberOfDocuments":0.14718792825963026,"label":"Robert Gordon University"},{"numberOfDocuments":0.15786604361370715,"label":"Glasgow Caledonian University"},{"numberOfDocuments":0.16527001918710338,"label":"Queen Margaret University"},{"numberOfDocuments":0.8316058840010974,"label":"University of the Highlands and Islands"},{"numberOfDocuments":9.591515454074807,"label":"University of Dundee"},{"numberOfDocuments":0.3236070194895967,"label":"Edinburgh Napier University"},{"numberOfDocuments":4.155569604959689,"label":"University of Stirling"},{"numberOfDocuments":0.18967216516236124,"label":"Abertay University"},{"numberOfDocuments":8.083533461593639,"label":"University of Aberdeen"},{"numberOfDocuments":11.90562769911908,"label":"University of Edinburgh"},{"numberOfDocuments":0.11377953153061834,"label":"University of the West of Scotland"},{"numberOfDocuments":9.985665974747738,"label":"University of Glasgow"},{"numberOfDocuments":20.320218191540846,"label":"University of St Andrews"},{"numberOfDocuments":1.511844931313835,"label":"University of Strathclyde"}],"conceptId":7},{"topicData":[{"numberOfDocuments":0.16462660473042168,"label":"Heriot-Watt University"},{"numberOfDocuments":0.03542319749216301,"label":"Robert Gordon University"},{"numberOfDocuments":0.009345794392523364,"label":"Glasgow Caledonian University"},{"numberOfDocuments":0.07120288639981914,"label":"Queen Margaret University"},{"numberOfDocuments":1.248946140603302,"label":"University of the Highlands and Islands"},{"numberOfDocuments":0.2684939153734509,"label":"University of Dundee"},{"numberOfDocuments":0.02688172043010753,"label":"Edinburgh Napier University"},{"numberOfDocuments":2.1186356809854408,"label":"University of Stirling"},{"numberOfDocuments":0.07692307692307693,"label":"Abertay University"},{"numberOfDocuments":0.5845911783304532,"label":"University of Aberdeen"},{"numberOfDocuments":3.9787827410404444,"label":"University of Edinburgh"},{"numberOfDocuments":0.16655751111480738,"label":"University of the West of Scotland"},{"numberOfDocuments":5.293433393881403,"label":"University of Glasgow"},{"numberOfDocuments":2.3820213669540546,"label":"University of St Andrews"},{"numberOfDocuments":0.4799525653975434,"label":"University of Strathclyde"}],"conceptId":8},{"topicData":[{"numberOfDocuments":1.0642544342683737,"label":"Heriot-Watt University"},{"numberOfDocuments":0.0542111801242236,"label":"Robert Gordon University"},{"numberOfDocuments":0.17931235431235432,"label":"Glasgow Caledonian University"},{"numberOfDocuments":0.24121885130217285,"label":"Queen Margaret University"},{"numberOfDocuments":1.2068697255422802,"label":"University of the Highlands and Islands"},{"numberOfDocuments":0.9460001731157515,"label":"University of Dundee"},{"numberOfDocuments":0.3871480249053557,"label":"Edinburgh Napier University"},{"numberOfDocuments":0.4585147036524092,"label":"University of Stirling"},{"numberOfDocuments":0.06507261494022305,"label":"Abertay University"},{"numberOfDocuments":2.3420772185139134,"label":"University of Aberdeen"},{"numberOfDocuments":23.22418512119044,"label":"University of Edinburgh"},{"numberOfDocuments":0.43183234211271593,"label":"University of the West of Scotland"},{"numberOfDocuments":2.1763684339514127,"label":"University of Glasgow"},{"numberOfDocuments":3.834392512403365,"label":"University of St Andrews"},{"numberOfDocuments":1.8921473837423637,"label":"University of Strathclyde"}],"conceptId":9},{"topicData":[{"numberOfDocuments":10.64976923203708,"label":"Heriot-Watt University"},{"numberOfDocuments":2.6352766304298423,"label":"Robert Gordon University"},{"numberOfDocuments":0.9571746202291671,"label":"Glasgow Caledonian University"},{"numberOfDocuments":1.088476377588131,"label":"Queen Margaret University"},{"numberOfDocuments":27.931362917210766,"label":"University of the Highlands and Islands"},{"numberOfDocuments":6.515355482157063,"label":"University of Dundee"},{"numberOfDocuments":2.382608282094923,"label":"Edinburgh Napier University"},{"numberOfDocuments":19.34275113408768,"label":"University of Stirling"},{"numberOfDocuments":1.2173254657565258,"label":"Abertay University"},{"numberOfDocuments":20.352647138151067,"label":"University of Aberdeen"},{"numberOfDocuments":52.969324834002144,"label":"University of Edinburgh"},{"numberOfDocuments":1.2789535458610717,"label":"University of the West of Scotland"},{"numberOfDocuments":34.21259056609654,"label":"University of Glasgow"},{"numberOfDocuments":24.88706757572946,"label":"University of St Andrews"},{"numberOfDocuments":17.96845557769942,"label":"University of Strathclyde"}],"conceptId":10},{"topicData":[{"numberOfDocuments":1.3732629348871648,"label":"Heriot-Watt University"},{"numberOfDocuments":0.012578616352201259,"label":"Robert Gordon University"},{"numberOfDocuments":0.07386217386217386,"label":"Glasgow Caledonian University"},{"numberOfDocuments":0.0,"label":"Queen Margaret University"},{"numberOfDocuments":1.3526848537943192,"label":"University of the Highlands and Islands"},{"numberOfDocuments":1.0510618849475573,"label":"University of Dundee"},{"numberOfDocuments":0.08333333333333333,"label":"Edinburgh Napier University"},{"numberOfDocuments":8.660364645829949,"label":"University of Stirling"},{"numberOfDocuments":0.11554621848739495,"label":"Abertay University"},{"numberOfDocuments":0.9301003022182776,"label":"University of Aberdeen"},{"numberOfDocuments":1.67852960300125,"label":"University of Edinburgh"},{"numberOfDocuments":0.12577597840755736,"label":"University of the West of Scotland"},{"numberOfDocuments":3.747761408869517,"label":"University of Glasgow"},{"numberOfDocuments":1.2854199498751848,"label":"University of St Andrews"},{"numberOfDocuments":7.313636529664386,"label":"University of Strathclyde"}],"conceptId":11},{"topicData":[{"numberOfDocuments":4.5524255448210535,"label":"Heriot-Watt University"},{"numberOfDocuments":0.2827961658501956,"label":"Robert Gordon University"},{"numberOfDocuments":0.0594059405940594,"label":"Glasgow Caledonian University"},{"numberOfDocuments":0.024634110998406025,"label":"Queen Margaret University"},{"numberOfDocuments":0.48717205892930976,"label":"University of the Highlands and Islands"},{"numberOfDocuments":5.7185416150783706,"label":"University of Dundee"},{"numberOfDocuments":0.8933858606416818,"label":"Edinburgh Napier University"},{"numberOfDocuments":5.188384760527871,"label":"University of Stirling"},{"numberOfDocuments":0.3636234136234136,"label":"Abertay University"},{"numberOfDocuments":35.00648054007383,"label":"University of Aberdeen"},{"numberOfDocuments":5.996575432956256,"label":"University of Edinburgh"},{"numberOfDocuments":0.4800485063034735,"label":"University of the West of Scotland"},{"numberOfDocuments":6.622014646633416,"label":"University of Glasgow"},{"numberOfDocuments":4.010103363524478,"label":"University of St Andrews"},{"numberOfDocuments":5.306993957799184,"label":"University of Strathclyde"}],"conceptId":12},{"topicData":[{"numberOfDocuments":4.984286542011206,"label":"Heriot-Watt University"},{"numberOfDocuments":0.29971234375376354,"label":"Robert Gordon University"},{"numberOfDocuments":0.05737704918032787,"label":"Glasgow Caledonian University"},{"numberOfDocuments":0.018933640293186477,"label":"Queen Margaret University"},{"numberOfDocuments":3.0312150952721533,"label":"University of the Highlands and Islands"},{"numberOfDocuments":2.511680736893943,"label":"University of Dundee"},{"numberOfDocuments":0.2420962278286445,"label":"Edinburgh Napier University"},{"numberOfDocuments":2.4391066490317366,"label":"University of Stirling"},{"numberOfDocuments":0.19923747276688453,"label":"Abertay University"},{"numberOfDocuments":14.521601364077483,"label":"University of Aberdeen"},{"numberOfDocuments":11.377001944394946,"label":"University of Edinburgh"},{"numberOfDocuments":0.25190441459697166,"label":"University of the West of Scotland"},{"numberOfDocuments":14.16499515549813,"label":"University of Glasgow"},{"numberOfDocuments":3.701547918112843,"label":"University of St Andrews"},{"numberOfDocuments":1.8640817433148322,"label":"University of Strathclyde"}],"conceptId":13},{"topicData":[{"numberOfDocuments":1.0812357276542848,"label":"Heriot-Watt University"},{"numberOfDocuments":0.030927835051546393,"label":"Robert Gordon University"},{"numberOfDocuments":0.07024624918460534,"label":"Glasgow Caledonian University"},{"numberOfDocuments":0.09630681818181819,"label":"Queen Margaret University"},{"numberOfDocuments":0.7296427375758202,"label":"University of the Highlands and Islands"},{"numberOfDocuments":0.3487456710210328,"label":"University of Dundee"},{"numberOfDocuments":0.17028672580143167,"label":"Edinburgh Napier University"},{"numberOfDocuments":1.4667663910575353,"label":"University of Stirling"},{"numberOfDocuments":0.2943763730997774,"label":"Abertay University"},{"numberOfDocuments":3.3785612124101396,"label":"University of Aberdeen"},{"numberOfDocuments":9.995203412063486,"label":"University of Edinburgh"},{"numberOfDocuments":0.10130718954248366,"label":"University of the West of Scotland"},{"numberOfDocuments":15.744958178670258,"label":"University of Glasgow"},{"numberOfDocuments":13.582856259621371,"label":"University of St Andrews"},{"numberOfDocuments":0.7386006855708117,"label":"University of Strathclyde"}],"conceptId":14},{"topicData":[{"numberOfDocuments":3.1281982143265528,"label":"Heriot-Watt University"},{"numberOfDocuments":0.554017284468913,"label":"Robert Gordon University"},{"numberOfDocuments":0.4335468909140532,"label":"Glasgow Caledonian University"},{"numberOfDocuments":0.11036805375507736,"label":"Queen Margaret University"},{"numberOfDocuments":6.037808845621226,"label":"University of the Highlands and Islands"},{"numberOfDocuments":2.0949259001583127,"label":"University of Dundee"},{"numberOfDocuments":3.145863137954542,"label":"Edinburgh Napier University"},{"numberOfDocuments":5.909557300644275,"label":"University of Stirling"},{"numberOfDocuments":0.7769739710400151,"label":"Abertay University"},{"numberOfDocuments":5.509416279757808,"label":"University of Aberdeen"},{"numberOfDocuments":9.519664800928052,"label":"University of Edinburgh"},{"numberOfDocuments":0.4071783727909228,"label":"University of the West of Scotland"},{"numberOfDocuments":12.474326048618737,"label":"University of Glasgow"},{"numberOfDocuments":4.042595416891245,"label":"University of St Andrews"},{"numberOfDocuments":6.473423125478741,"label":"University of Strathclyde"}],"conceptId":15},{"topicData":[{"numberOfDocuments":2.2202701018889504,"label":"Heriot-Watt University"},{"numberOfDocuments":0.19610572357930323,"label":"Robert Gordon University"},{"numberOfDocuments":0.12112932604735883,"label":"Glasgow Caledonian University"},{"numberOfDocuments":0.05145182426374233,"label":"Queen Margaret University"},{"numberOfDocuments":1.2239495970408272,"label":"University of the Highlands and Islands"},{"numberOfDocuments":1.125501817740592,"label":"University of Dundee"},{"numberOfDocuments":0.17528735632183906,"label":"Edinburgh Napier University"},{"numberOfDocuments":3.5724792410304373,"label":"University of Stirling"},{"numberOfDocuments":0.02798010369750856,"label":"Abertay University"},{"numberOfDocuments":8.18831856796058,"label":"University of Aberdeen"},{"numberOfDocuments":11.605632754089761,"label":"University of Edinburgh"},{"numberOfDocuments":0.07065388938316829,"label":"University of the West of Scotland"},{"numberOfDocuments":11.108563432338558,"label":"University of Glasgow"},{"numberOfDocuments":12.447300282029618,"label":"University of St Andrews"},{"numberOfDocuments":0.7941907114389368,"label":"University of Strathclyde"}],"conceptId":16}]