{"linkageTable":[{"node2":13,"distance":0.431873333464065,"node1":12},{"node2":6,"distance":0.44771526489873,"node1":0},{"node2":17,"distance":0.454467852785745,"node1":1},{"node2":16,"distance":0.46880261822079,"node1":15},{"node2":5,"distance":0.47276935790738,"node1":2},{"node2":19,"distance":0.4755329554616837,"node1":20},{"node2":14,"distance":0.478081718439695,"node1":10},{"node2":22,"distance":0.484331171006845,"node1":11},{"node2":9,"distance":0.48573563969218,"node1":8},{"node2":4,"distance":0.4864163406310175,"node1":21},{"node2":3,"distance":0.48830671835102374,"node1":24},{"node2":25,"distance":0.4919009279335708,"node1":28},{"node2":26,"distance":0.492072689149385,"node1":23},{"node2":7,"distance":0.49382689339763,"node1":29},{"node2":27,"distance":0.49493795784754546,"node1":30},{"node2":18,"distance":0.4955584437384407,"node1":33},{"node2":31,"distance":0.4964658170457274,"node1":32},{"node2":34,"distance":0.4967162926311144,"node1":35}],"conceptsData":[{"conceptId":17,"clusterId":0,"hexCoordinates":{"x":-3.4641016151377544,"y":0},"labels":[{"weight":755,"label":"query"},{"weight":375,"label":"problem"},{"weight":296,"label":"show"},{"weight":273,"label":"class"},{"weight":265,"label":"answer"},{"weight":265,"label":"complexity"},{"weight":253,"label":"graph"},{"weight":250,"label":"set"},{"weight":227,"label":"database"},{"weight":210,"label":"constraint"},{"weight":194,"label":"give"},{"weight":166,"label":"result"},{"weight":153,"label":"rule"},{"weight":145,"label":"define"},{"weight":141,"label":"language"},{"weight":140,"label":"relation"},{"weight":137,"label":"view"},{"weight":135,"label":"study"},{"weight":122,"label":"tree"},{"weight":118,"label":"relational"},{"weight":116,"label":"bound"},{"weight":115,"label":"property"},{"weight":107,"label":"algorithm"},{"weight":97,"label":"provide"},{"weight":95,"label":"complete"}],"subTopicId":887},{"conceptId":4,"clusterId":0,"hexCoordinates":{"x":-1.7320508075688772,"y":0},"labels":[{"weight":226,"label":"distribution"},{"weight":169,"label":"algorithm"},{"weight":116,"label":"time"},{"weight":99,"label":"probability"},{"weight":94,"label":"log"},{"weight":87,"label":"circuit"},{"weight":84,"label":"polynomial"},{"weight":83,"label":"give"},{"weight":80,"label":"bound"},{"weight":80,"label":"size"},{"weight":71,"label":"lower"},{"weight":66,"label":"function"},{"weight":66,"label":"result"},{"weight":63,"label":"bind"},{"weight":58,"label":"threshold"},{"weight":58,"label":"sample"},{"weight":57,"label":"run"},{"weight":56,"label":"complexity"},{"weight":54,"label":"variable"},{"weight":54,"label":"distance"},{"weight":51,"label":"optimal"},{"weight":46,"label":"show"},{"weight":45,"label":"problem"},{"weight":44,"label":"formula"},{"weight":42,"label":"poisson"}],"subTopicId":407},{"conceptId":8,"clusterId":0,"hexCoordinates":{"x":-5.196152422706632,"y":0},"labels":[{"weight":882,"label":"quantum"},{"weight":314,"label":"state"},{"weight":257,"label":"classical"},{"weight":144,"label":"measurement"},{"weight":136,"label":"coherence"},{"weight":103,"label":"entanglement"},{"weight":97,"label":"correlation"},{"weight":85,"label":"mechanic"},{"weight":83,"label":"system"},{"weight":82,"label":"qubit"},{"weight":77,"label":"theory"},{"weight":75,"label":"show"},{"weight":68,"label":"information"},{"weight":56,"label":"measure"},{"weight":50,"label":"general"},{"weight":45,"label":"computation"},{"weight":44,"label":"probability"},{"weight":44,"label":"operator"},{"weight":44,"label":"local"},{"weight":42,"label":"resource"},{"weight":41,"label":"physics"},{"weight":37,"label":"witness"},{"weight":37,"label":"pure"},{"weight":37,"label":"give"},{"weight":37,"label":"case"}],"subTopicId":558},{"conceptId":1,"clusterId":0,"hexCoordinates":{"x":-2.598076211353316,"y":-1.5},"labels":[{"weight":599,"label":"graph"},{"weight":288,"label":"problem"},{"weight":179,"label":"algorithm"},{"weight":161,"label":"matching"},{"weight":152,"label":"vertex"},{"weight":119,"label":"match"},{"weight":114,"label":"give"},{"weight":104,"label":"edge"},{"weight":102,"label":"show"},{"weight":101,"label":"bound"},{"weight":99,"label":"subgraph"},{"weight":99,"label":"preference"},{"weight":92,"label":"instance"},{"weight":91,"label":"time"},{"weight":90,"label":"number"},{"weight":89,"label":"pattern"},{"weight":86,"label":"pair"},{"weight":86,"label":"case"},{"weight":85,"label":"find"},{"weight":82,"label":"stable"},{"weight":81,"label":"complete"},{"weight":79,"label":"list"},{"weight":69,"label":"maximum"},{"weight":68,"label":"query"},{"weight":61,"label":"real"}],"subTopicId":69},{"conceptId":9,"clusterId":0,"hexCoordinates":{"x":-4.330127018922193,"y":1.5},"labels":[{"weight":651,"label":"type"},{"weight":447,"label":"logic"},{"weight":384,"label":"system"},{"weight":338,"label":"semantics"},{"weight":336,"label":"language"},{"weight":276,"label":"formal"},{"weight":267,"label":"proof"},{"weight":236,"label":"model"},{"weight":229,"label":"calculus"},{"weight":220,"label":"theory"},{"weight":216,"label":"property"},{"weight":200,"label":"show"},{"weight":188,"label":"programming"},{"weight":185,"label":"session"},{"weight":175,"label":"define"},{"weight":174,"label":"program"},{"weight":165,"label":"paper"},{"weight":160,"label":"prove"},{"weight":158,"label":"give"},{"weight":155,"label":"order"},{"weight":154,"label":"process"},{"weight":140,"label":"base"},{"weight":140,"label":"present"},{"weight":133,"label":"definition"},{"weight":132,"label":"logical"}],"subTopicId":591},{"conceptId":12,"clusterId":0,"hexCoordinates":{"x":0,"y":0},"labels":[{"weight":540,"label":"algebra"},{"weight":414,"label":"category"},{"weight":194,"label":"module"},{"weight":168,"label":"finite"},{"weight":150,"label":"ring"},{"weight":140,"label":"show"},{"weight":139,"label":"group"},{"weight":137,"label":"result"},{"weight":117,"label":"prove"},{"weight":115,"label":"give"},{"weight":88,"label":"functor"},{"weight":83,"label":"space"},{"weight":79,"label":"hopf"},{"weight":77,"label":"dimension"},{"weight":66,"label":"structure"},{"weight":64,"label":"case"},{"weight":63,"label":"theory"},{"weight":60,"label":"algebraic"},{"weight":59,"label":"commutative"},{"weight":58,"label":"map"},{"weight":57,"label":"theorem"},{"weight":56,"label":"property"},{"weight":54,"label":"construction"},{"weight":53,"label":"monoid"},{"weight":53,"label":"extend"}],"subTopicId":705},{"conceptId":-1,"clusterId":-1,"hexCoordinates":{"x":6.06217782649107,"y":1.5},"labels":[{"weight":2500,"label":"Unclassified"},{"weight":0,"label":""},{"weight":0,"label":""},{"weight":0,"label":""},{"weight":0,"label":""},{"weight":0,"label":""},{"weight":0,"label":""},{"weight":0,"label":""},{"weight":0,"label":""},{"weight":0,"label":""},{"weight":0,"label":""}],"subTopicId":null},{"conceptId":13,"clusterId":0,"hexCoordinates":{"x":1.7320508075688772,"y":0},"labels":[{"weight":671,"label":"space"},{"weight":626,"label":"theory"},{"weight":338,"label":"show"},{"weight":276,"label":"dimensional"},{"weight":255,"label":"field"},{"weight":240,"label":"algebra"},{"weight":237,"label":"give"},{"weight":201,"label":"geometry"},{"weight":197,"label":"action"},{"weight":196,"label":"manifold"},{"weight":186,"label":"structure"},{"weight":168,"label":"construct"},{"weight":168,"label":"operator"},{"weight":165,"label":"quantum"},{"weight":164,"label":"point"},{"weight":162,"label":"invariant"},{"weight":156,"label":"gauge"},{"weight":149,"label":"metric"},{"weight":140,"label":"symmetry"},{"weight":137,"label":"geometric"},{"weight":131,"label":"associate"},{"weight":128,"label":"obtain"},{"weight":125,"label":"general"},{"weight":124,"label":"property"},{"weight":123,"label":"group"}],"subTopicId":713},{"conceptId":16,"clusterId":0,"hexCoordinates":{"x":-0.8660254037844386,"y":-4.5},"labels":[{"weight":693,"label":"function"},{"weight":575,"label":"method"},{"weight":532,"label":"problem"},{"weight":231,"label":"order"},{"weight":228,"label":"linear"},{"weight":206,"label":"gradient"},{"weight":195,"label":"solution"},{"weight":191,"label":"term"},{"weight":184,"label":"point"},{"weight":183,"label":"convergence"},{"weight":183,"label":"integral"},{"weight":183,"label":"coordinate"},{"weight":165,"label":"approximation"},{"weight":158,"label":"boundary"},{"weight":157,"label":"result"},{"weight":156,"label":"convex"},{"weight":155,"label":"expansion"},{"weight":152,"label":"obtain"},{"weight":150,"label":"algorithm"},{"weight":139,"label":"show"},{"weight":138,"label":"space"},{"weight":131,"label":"bound"},{"weight":130,"label":"case"},{"weight":129,"label":"derive"},{"weight":129,"label":"analysis"}],"subTopicId":885},{"conceptId":14,"clusterId":0,"hexCoordinates":{"x":-0.8660254037844386,"y":1.5},"labels":[{"weight":1255,"label":"problem"},{"weight":424,"label":"solve"},{"weight":395,"label":"optimization"},{"weight":354,"label":"algorithm"},{"weight":214,"label":"propose"},{"weight":206,"label":"solution"},{"weight":163,"label":"constraint"},{"weight":162,"label":"search"},{"weight":147,"label":"approach"},{"weight":139,"label":"local"},{"weight":126,"label":"programming"},{"weight":121,"label":"set"},{"weight":119,"label":"base"},{"weight":103,"label":"heuristic"},{"weight":102,"label":"result"},{"weight":101,"label":"integer"},{"weight":100,"label":"instance"},{"weight":98,"label":"optimal"},{"weight":95,"label":"global"},{"weight":93,"label":"computational"},{"weight":92,"label":"method"},{"weight":91,"label":"network"},{"weight":89,"label":"paper"},{"weight":88,"label":"landscape"},{"weight":87,"label":"swarm"}],"subTopicId":741},{"conceptId":15,"clusterId":0,"hexCoordinates":{"x":-1.7320508075688772,"y":-3},"labels":[{"weight":689,"label":"method"},{"weight":456,"label":"problem"},{"weight":393,"label":"matrix"},{"weight":279,"label":"time"},{"weight":232,"label":"solve"},{"weight":220,"label":"algorithm"},{"weight":184,"label":"system"},{"weight":177,"label":"solution"},{"weight":165,"label":"linear"},{"weight":153,"label":"iterative"},{"weight":144,"label":"computational"},{"weight":130,"label":"propose"},{"weight":127,"label":"result"},{"weight":126,"label":"show"},{"weight":124,"label":"iteration"},{"weight":120,"label":"numerical"},{"weight":114,"label":"base"},{"weight":113,"label":"large"},{"weight":112,"label":"equation"},{"weight":111,"label":"convergence"},{"weight":109,"label":"sparse"},{"weight":105,"label":"approach"},{"weight":96,"label":"number"},{"weight":96,"label":"block"},{"weight":93,"label":"solver"}],"subTopicId":767},{"conceptId":0,"clusterId":0,"hexCoordinates":{"x":0.8660254037844386,"y":-1.5},"labels":[{"weight":495,"label":"set"},{"weight":337,"label":"dimension"},{"weight":268,"label":"show"},{"weight":267,"label":"class"},{"weight":240,"label":"measure"},{"weight":236,"label":"result"},{"weight":231,"label":"give"},{"weight":200,"label":"function"},{"weight":193,"label":"permutation"},{"weight":184,"label":"prove"},{"weight":181,"label":"graph"},{"weight":178,"label":"finite"},{"weight":159,"label":"number"},{"weight":147,"label":"generate"},{"weight":145,"label":"order"},{"weight":142,"label":"semigroup"},{"weight":141,"label":"free"},{"weight":129,"label":"property"},{"weight":108,"label":"study"},{"weight":104,"label":"subgroup"},{"weight":101,"label":"group"},{"weight":98,"label":"point"},{"weight":97,"label":"paper"},{"weight":91,"label":"case"},{"weight":87,"label":"introduce"}],"subTopicId":28},{"conceptId":11,"clusterId":0,"hexCoordinates":{"x":-2.598076211353316,"y":-4.5},"labels":[{"weight":398,"label":"matrix"},{"weight":114,"label":"algorithm"},{"weight":91,"label":"polynomial"},{"weight":71,"label":"decomposition"},{"weight":66,"label":"eigenvalue"},{"weight":52,"label":"pevd"},{"weight":44,"label":"paper"},{"weight":40,"label":"broadband"},{"weight":39,"label":"demonstrate"},{"weight":37,"label":"factorization"},{"weight":37,"label":"tensor"},{"weight":37,"label":"rank"},{"weight":36,"label":"manet"},{"weight":35,"label":"covariance"},{"weight":33,"label":"parahermitian"},{"weight":32,"label":"smd"},{"weight":32,"label":"order"},{"weight":30,"label":"factorisation"},{"weight":29,"label":"show"},{"weight":28,"label":"extension"},{"weight":27,"label":"row"},{"weight":27,"label":"negative"},{"weight":26,"label":"parafac"},{"weight":25,"label":"synergy"},{"weight":25,"label":"shift"}],"subTopicId":668},{"conceptId":6,"clusterId":0,"hexCoordinates":{"x":2.598076211353316,"y":-1.5},"labels":[{"weight":9136,"label":"group"},{"weight":292,"label":"individual"},{"weight":289,"label":"compare"},{"weight":251,"label":"control"},{"weight":219,"label":"member"},{"weight":203,"label":"difference"},{"weight":202,"label":"similar"},{"weight":141,"label":"significantly"},{"weight":130,"label":"study"},{"weight":127,"label":"accord"},{"weight":101,"label":"divide"},{"weight":94,"label":"include"},{"weight":93,"label":"form"},{"weight":93,"label":"subject"},{"weight":92,"label":"subgroup"},{"weight":86,"label":"comparison"},{"weight":75,"label":"consist"},{"weight":72,"label":"common"},{"weight":71,"label":"membership"},{"weight":71,"label":"previous"},{"weight":68,"label":"find"},{"weight":67,"label":"comprise"},{"weight":66,"label":"characteristic"},{"weight":57,"label":"grouping"},{"weight":53,"label":"center"}],"subTopicId":486},{"conceptId":3,"clusterId":0,"hexCoordinates":{"x":-0.8660254037844386,"y":-1.5},"labels":[{"weight":187,"label":"threshold"},{"weight":114,"label":"trib"},{"weight":41,"label":"brace"},{"weight":35,"label":"leukaemia"},{"weight":31,"label":"jnd"},{"weight":31,"label":"snr"},{"weight":29,"label":"radical"},{"weight":28,"label":"level"},{"weight":26,"label":"resistive"},{"weight":25,"label":"isb"},{"weight":25,"label":"flash"},{"weight":24,"label":"ebp"},{"weight":23,"label":"adjustment"},{"weight":20,"label":"rram"},{"weight":19,"label":"pure"},{"weight":18,"label":"tone"},{"weight":17,"label":"aml"},{"weight":17,"label":"seat"},{"weight":16,"label":"rtn"},{"weight":16,"label":"left"},{"weight":16,"label":"hearing"},{"weight":15,"label":"atdc"},{"weight":15,"label":"acute"},{"weight":15,"label":"storage"},{"weight":15,"label":"random"}],"subTopicId":283},{"conceptId":2,"clusterId":0,"hexCoordinates":{"x":0.8660254037844386,"y":-4.5},"labels":[{"weight":131,"label":"equation"},{"weight":85,"label":"mathematical"},{"weight":72,"label":"mathematics"},{"weight":70,"label":"nonlinear"},{"weight":66,"label":"schr"},{"weight":60,"label":"solution"},{"weight":52,"label":"energy"},{"weight":47,"label":"dinger"},{"weight":47,"label":"cubic"},{"weight":46,"label":"prove"},{"weight":45,"label":"posedness"},{"weight":44,"label":"initial"},{"weight":39,"label":"data"},{"weight":38,"label":"soliton"},{"weight":38,"label":"space"},{"weight":36,"label":"global"},{"weight":35,"label":"ccm"},{"weight":35,"label":"critical"},{"weight":29,"label":"strip"},{"weight":27,"label":"form"},{"weight":26,"label":"frege"},{"weight":25,"label":"defocus"},{"weight":24,"label":"regularity"},{"weight":23,"label":"math"},{"weight":22,"label":"bru"}],"subTopicId":245},{"conceptId":5,"clusterId":0,"hexCoordinates":{"x":0,"y":-3},"labels":[{"weight":603,"label":"stochastic"},{"weight":534,"label":"time"},{"weight":416,"label":"equation"},{"weight":340,"label":"system"},{"weight":333,"label":"solution"},{"weight":328,"label":"condition"},{"weight":288,"label":"result"},{"weight":287,"label":"method"},{"weight":272,"label":"process"},{"weight":261,"label":"differential"},{"weight":242,"label":"approximation"},{"weight":231,"label":"show"},{"weight":216,"label":"stability"},{"weight":213,"label":"numerical"},{"weight":194,"label":"paper"},{"weight":187,"label":"function"},{"weight":177,"label":"convergence"},{"weight":177,"label":"give"},{"weight":174,"label":"approximate"},{"weight":172,"label":"discrete"},{"weight":167,"label":"state"},{"weight":161,"label":"study"},{"weight":155,"label":"continuous"},{"weight":147,"label":"linear"},{"weight":147,"label":"space"}],"subTopicId":472},{"conceptId":10,"clusterId":0,"hexCoordinates":{"x":-2.598076211353316,"y":1.5},"labels":[{"weight":1042,"label":"problem"},{"weight":805,"label":"algorithm"},{"weight":755,"label":"optimal"},{"weight":753,"label":"solution"},{"weight":575,"label":"objective"},{"weight":478,"label":"constraint"},{"weight":458,"label":"optimisation"},{"weight":442,"label":"optimization"},{"weight":393,"label":"approach"},{"weight":382,"label":"design"},{"weight":335,"label":"search"},{"weight":304,"label":"time"},{"weight":280,"label":"base"},{"weight":272,"label":"propose"},{"weight":234,"label":"multus"},{"weight":227,"label":"solve"},{"weight":215,"label":"paper"},{"weight":203,"label":"set"},{"weight":199,"label":"method"},{"weight":195,"label":"find"},{"weight":182,"label":"cost"},{"weight":181,"label":"multi"},{"weight":172,"label":"case"},{"weight":169,"label":"space"},{"weight":166,"label":"strategy"}],"subTopicId":667},{"conceptId":18,"clusterId":0,"hexCoordinates":{"x":-4.330127018922193,"y":-1.5},"labels":[{"weight":828,"label":"program"},{"weight":180,"label":"base"},{"weight":103,"label":"evaluation"},{"weight":70,"label":"test"},{"weight":68,"label":"criterion"},{"weight":52,"label":"termination"},{"weight":52,"label":"analysis"},{"weight":49,"label":"terminate"},{"weight":46,"label":"paper"},{"weight":44,"label":"penalty"},{"weight":41,"label":"center"},{"weight":40,"label":"work"},{"weight":39,"label":"rule"},{"weight":39,"label":"strategy"},{"weight":39,"label":"function"},{"weight":37,"label":"propose"},{"weight":35,"label":"technique"},{"weight":34,"label":"argument"},{"weight":34,"label":"term"},{"weight":34,"label":"identify"},{"weight":33,"label":"approach"},{"weight":32,"label":"perform"},{"weight":29,"label":"call"},{"weight":29,"label":"limited"},{"weight":28,"label":"ime"}],"subTopicId":985},{"conceptId":7,"clusterId":0,"hexCoordinates":{"x":1.7320508075688772,"y":-3},"labels":[{"weight":228,"label":"graph"},{"weight":172,"label":"word"},{"weight":115,"label":"letter"},{"weight":60,"label":"representable"},{"weight":58,"label":"number"},{"weight":41,"label":"pattern"},{"weight":35,"label":"length"},{"weight":35,"label":"result"},{"weight":34,"label":"permutation"},{"weight":32,"label":"exist"},{"weight":31,"label":"cycle"},{"weight":30,"label":"alternate"},{"weight":29,"label":"comic"},{"weight":28,"label":"alphabet"},{"weight":28,"label":"vertex"},{"weight":28,"label":"universal"},{"weight":26,"label":"show"},{"weight":24,"label":"chart"},{"weight":21,"label":"avoid"},{"weight":20,"label":"give"},{"weight":18,"label":"infographic"},{"weight":18,"label":"prm"},{"weight":18,"label":"orientation"},{"weight":17,"label":"symbol"},{"weight":17,"label":"regular"}],"subTopicId":505}]}