{"linkageTable":[{"node2":16,"distance":0.464450242864285,"node1":4},{"node2":8,"distance":0.468262342247265,"node1":6},{"node2":10,"distance":0.4690765570194,"node1":2},{"node2":1,"distance":0.47309604648355,"node1":0},{"node2":13,"distance":0.47362461847059,"node1":11},{"node2":7,"distance":0.48039091884808,"node1":19},{"node2":23,"distance":0.48227033567586003,"node1":20},{"node2":24,"distance":0.48529257382713165,"node1":22},{"node2":14,"distance":0.4859881954660225,"node1":21},{"node2":17,"distance":0.487407963132915,"node1":26},{"node2":25,"distance":0.4888104282125136,"node1":28},{"node2":15,"distance":0.49206333514507666,"node1":27},{"node2":30,"distance":0.4926013193153899,"node1":29},{"node2":5,"distance":0.49394295757965,"node1":3},{"node2":9,"distance":0.4966160169950658,"node1":31},{"node2":32,"distance":0.49691488064232936,"node1":33},{"node2":12,"distance":0.4982252956016068,"node1":34},{"node2":18,"distance":0.4988621216027947,"node1":35}],"conceptsData":[{"conceptId":6,"clusterId":0,"hexCoordinates":{"x":4.330127018922193,"y":-4.5},"labels":[{"weight":1030,"label":"law"},{"weight":411,"label":"court"},{"weight":379,"label":"legal"},{"weight":299,"label":"article"},{"weight":246,"label":"rights"},{"weight":226,"label":"dispute"},{"weight":224,"label":"rule"},{"weight":202,"label":"international"},{"weight":194,"label":"case"},{"weight":182,"label":"state"},{"weight":176,"label":"jurisdiction"},{"weight":168,"label":"contract"},{"weight":141,"label":"convention"},{"weight":137,"label":"party"},{"weight":134,"label":"arbitration"},{"weight":128,"label":"protection"},{"weight":124,"label":"principle"},{"weight":120,"label":"property"},{"weight":111,"label":"decision"},{"weight":107,"label":"act"},{"weight":104,"label":"regime"},{"weight":101,"label":"agreement"},{"weight":100,"label":"regulation"},{"weight":92,"label":"european"},{"weight":89,"label":"provision"}],"subTopicId":290},{"conceptId":-1,"clusterId":-1,"hexCoordinates":{"x":9.526279441628825,"y":1.5},"labels":[{"weight":2500,"label":"Unclassified"},{"weight":0,"label":""},{"weight":0,"label":""},{"weight":0,"label":""},{"weight":0,"label":""},{"weight":0,"label":""},{"weight":0,"label":""},{"weight":0,"label":""},{"weight":0,"label":""},{"weight":0,"label":""},{"weight":0,"label":""}],"subTopicId":null},{"conceptId":5,"clusterId":0,"hexCoordinates":{"x":5.196152422706632,"y":0},"labels":[{"weight":676,"label":"police"},{"weight":135,"label":"officer"},{"weight":104,"label":"crime"},{"weight":87,"label":"unit"},{"weight":84,"label":"training"},{"weight":79,"label":"forensic"},{"weight":72,"label":"investigation"},{"weight":67,"label":"scotland"},{"weight":58,"label":"miss"},{"weight":45,"label":"apgar"},{"weight":38,"label":"search"},{"weight":37,"label":"force"},{"weight":36,"label":"custody"},{"weight":32,"label":"abuse"},{"weight":32,"label":"service"},{"weight":32,"label":"justice"},{"weight":31,"label":"scottish"},{"weight":31,"label":"evidence"},{"weight":28,"label":"stop"},{"weight":28,"label":"min"},{"weight":27,"label":"reform"},{"weight":26,"label":"person"},{"weight":23,"label":"evofit"},{"weight":23,"label":"procedural"},{"weight":23,"label":"prompt"}],"subTopicId":251},{"conceptId":11,"clusterId":0,"hexCoordinates":{"x":3.4641016151377544,"y":-3},"labels":[{"weight":867,"label":"rights"},{"weight":641,"label":"human"},{"weight":588,"label":"international"},{"weight":368,"label":"law"},{"weight":237,"label":"legal"},{"weight":192,"label":"justice"},{"weight":172,"label":"convention"},{"weight":160,"label":"climate"},{"weight":158,"label":"article"},{"weight":156,"label":"global"},{"weight":145,"label":"agreement"},{"weight":120,"label":"state"},{"weight":106,"label":"nation"},{"weight":92,"label":"paris"},{"weight":91,"label":"framework"},{"weight":82,"label":"treaty"},{"weight":80,"label":"regime"},{"weight":77,"label":"unite"},{"weight":72,"label":"chapter"},{"weight":72,"label":"national"},{"weight":71,"label":"obligation"},{"weight":70,"label":"party"},{"weight":69,"label":"norm"},{"weight":69,"label":"protection"},{"weight":61,"label":"domestic"}],"subTopicId":640},{"conceptId":4,"clusterId":0,"hexCoordinates":{"x":0,"y":0},"labels":[{"weight":1148,"label":"political"},{"weight":1055,"label":"party"},{"weight":401,"label":"election"},{"weight":331,"label":"government"},{"weight":277,"label":"article"},{"weight":260,"label":"politics"},{"weight":237,"label":"voter"},{"weight":227,"label":"campaign"},{"weight":227,"label":"issue"},{"weight":209,"label":"vote"},{"weight":166,"label":"electoral"},{"weight":164,"label":"debate"},{"weight":164,"label":"national"},{"weight":151,"label":"state"},{"weight":149,"label":"coalition"},{"weight":132,"label":"public"},{"weight":131,"label":"democracy"},{"weight":128,"label":"referendum"},{"weight":128,"label":"candidate"},{"weight":126,"label":"policy"},{"weight":125,"label":"independence"},{"weight":124,"label":"conservative"},{"weight":121,"label":"parliamentary"},{"weight":121,"label":"analysis"},{"weight":117,"label":"politician"}],"subTopicId":238},{"conceptId":1,"clusterId":0,"hexCoordinates":{"x":2.598076211353316,"y":-1.5},"labels":[{"weight":1326,"label":"european"},{"weight":1319,"label":"country"},{"weight":544,"label":"state"},{"weight":480,"label":"policy"},{"weight":448,"label":"national"},{"weight":438,"label":"europe"},{"weight":398,"label":"international"},{"weight":394,"label":"union"},{"weight":316,"label":"global"},{"weight":259,"label":"member"},{"weight":209,"label":"economic"},{"weight":203,"label":"development"},{"weight":191,"label":"level"},{"weight":184,"label":"fund"},{"weight":166,"label":"aid"},{"weight":150,"label":"trade"},{"weight":147,"label":"article"},{"weight":145,"label":"world"},{"weight":140,"label":"commission"},{"weight":137,"label":"system"},{"weight":128,"label":"cross"},{"weight":119,"label":"foreign"},{"weight":107,"label":"domestic"},{"weight":106,"label":"organization"},{"weight":104,"label":"cooperation"}],"subTopicId":155},{"conceptId":17,"clusterId":0,"hexCoordinates":{"x":1.7320508075688772,"y":-3},"labels":[{"weight":439,"label":"public"},{"weight":403,"label":"political"},{"weight":388,"label":"citizen"},{"weight":384,"label":"society"},{"weight":349,"label":"participation"},{"weight":347,"label":"social"},{"weight":217,"label":"institution"},{"weight":193,"label":"democratic"},{"weight":184,"label":"citizenship"},{"weight":177,"label":"democracy"},{"weight":176,"label":"civil"},{"weight":146,"label":"people"},{"weight":141,"label":"rights"},{"weight":139,"label":"authority"},{"weight":134,"label":"engagement"},{"weight":124,"label":"article"},{"weight":123,"label":"governance"},{"weight":114,"label":"activist"},{"weight":113,"label":"involve"},{"weight":113,"label":"government"},{"weight":112,"label":"community"},{"weight":111,"label":"participatory"},{"weight":111,"label":"issue"},{"weight":110,"label":"process"},{"weight":107,"label":"politics"}],"subTopicId":909},{"conceptId":18,"clusterId":0,"hexCoordinates":{"x":0.8660254037844386,"y":-4.5},"labels":[{"weight":203,"label":"security"},{"weight":89,"label":"police"},{"weight":48,"label":"people"},{"weight":45,"label":"young"},{"weight":42,"label":"intelligence"},{"weight":35,"label":"desistance"},{"weight":33,"label":"article"},{"weight":32,"label":"paper"},{"weight":31,"label":"geopolitics"},{"weight":29,"label":"scotland"},{"weight":28,"label":"ontological"},{"weight":28,"label":"officer"},{"weight":27,"label":"everyday"},{"weight":25,"label":"insecurity"},{"weight":25,"label":"explore"},{"weight":24,"label":"minority"},{"weight":24,"label":"draw"},{"weight":24,"label":"examine"},{"weight":22,"label":"religious"},{"weight":22,"label":"youth"},{"weight":22,"label":"focus"},{"weight":21,"label":"analysis"},{"weight":20,"label":"nationalism"},{"weight":20,"label":"feminist"},{"weight":20,"label":"representation"}],"subTopicId":977},{"conceptId":16,"clusterId":0,"hexCoordinates":{"x":1.7320508075688772,"y":0},"labels":[{"weight":809,"label":"scotland"},{"weight":705,"label":"scottish"},{"weight":430,"label":"referendum"},{"weight":363,"label":"independence"},{"weight":306,"label":"union"},{"weight":296,"label":"brexit"},{"weight":244,"label":"european"},{"weight":240,"label":"political"},{"weight":234,"label":"government"},{"weight":218,"label":"constitutional"},{"weight":188,"label":"power"},{"weight":169,"label":"parliament"},{"weight":154,"label":"membership"},{"weight":152,"label":"leave"},{"weight":152,"label":"independent"},{"weight":147,"label":"vote"},{"weight":144,"label":"debate"},{"weight":136,"label":"devolution"},{"weight":129,"label":"state"},{"weight":127,"label":"national"},{"weight":122,"label":"future"},{"weight":112,"label":"policy"},{"weight":111,"label":"argue"},{"weight":103,"label":"kingdom"},{"weight":102,"label":"commission"}],"subTopicId":888},{"conceptId":0,"clusterId":0,"hexCoordinates":{"x":3.4641016151377544,"y":0},"labels":[{"weight":817,"label":"policy"},{"weight":502,"label":"government"},{"weight":455,"label":"public"},{"weight":448,"label":"regulation"},{"weight":447,"label":"regulatory"},{"weight":380,"label":"organisation"},{"weight":350,"label":"sector"},{"weight":348,"label":"industry"},{"weight":341,"label":"stakeholder"},{"weight":302,"label":"scheme"},{"weight":286,"label":"issue"},{"weight":259,"label":"governance"},{"weight":249,"label":"support"},{"weight":235,"label":"national"},{"weight":205,"label":"market"},{"weight":201,"label":"tax"},{"weight":197,"label":"key"},{"weight":192,"label":"implementation"},{"weight":176,"label":"risk"},{"weight":170,"label":"practice"},{"weight":164,"label":"interest"},{"weight":162,"label":"financial"},{"weight":161,"label":"company"},{"weight":160,"label":"level"},{"weight":159,"label":"case"}],"subTopicId":6},{"conceptId":12,"clusterId":0,"hexCoordinates":{"x":2.598076211353316,"y":1.5},"labels":[{"weight":88,"label":"translation"},{"weight":83,"label":"mining"},{"weight":63,"label":"conflict"},{"weight":36,"label":"article"},{"weight":35,"label":"withdrawal"},{"weight":34,"label":"mercury"},{"weight":32,"label":"artisanal"},{"weight":30,"label":"miner"},{"weight":29,"label":"gold"},{"weight":29,"label":"political"},{"weight":24,"label":"catastrophe"},{"weight":20,"label":"analysis"},{"weight":18,"label":"zimbabwe"},{"weight":18,"label":"deep"},{"weight":15,"label":"bhutanese"},{"weight":15,"label":"shift"},{"weight":14,"label":"bhutan"},{"weight":14,"label":"translator"},{"weight":14,"label":"discourse"},{"weight":14,"label":"call"},{"weight":14,"label":"associate"},{"weight":14,"label":"argue"},{"weight":13,"label":"study"},{"weight":12,"label":"dva"},{"weight":11,"label":"livelihood"}],"subTopicId":647},{"conceptId":3,"clusterId":0,"hexCoordinates":{"x":6.06217782649107,"y":-1.5},"labels":[{"weight":582,"label":"prison"},{"weight":293,"label":"justice"},{"weight":266,"label":"prisoner"},{"weight":175,"label":"criminal"},{"weight":153,"label":"offender"},{"weight":142,"label":"offend"},{"weight":128,"label":"crime"},{"weight":128,"label":"staff"},{"weight":103,"label":"release"},{"weight":87,"label":"penal"},{"weight":81,"label":"scotland"},{"weight":81,"label":"scottish"},{"weight":71,"label":"snail"},{"weight":71,"label":"desistance"},{"weight":71,"label":"community"},{"weight":69,"label":"system"},{"weight":64,"label":"punishment"},{"weight":57,"label":"imprisonment"},{"weight":57,"label":"policy"},{"weight":56,"label":"ban"},{"weight":52,"label":"sentence"},{"weight":52,"label":"restorative"},{"weight":49,"label":"detention"},{"weight":48,"label":"probation"},{"weight":43,"label":"paper"}],"subTopicId":183},{"conceptId":15,"clusterId":0,"hexCoordinates":{"x":-0.8660254037844386,"y":-4.5},"labels":[{"weight":355,"label":"media"},{"weight":247,"label":"article"},{"weight":175,"label":"russian"},{"weight":162,"label":"news"},{"weight":155,"label":"newspaper"},{"weight":154,"label":"frame"},{"weight":139,"label":"narrative"},{"weight":128,"label":"russia"},{"weight":127,"label":"coverage"},{"weight":123,"label":"public"},{"weight":90,"label":"analysis"},{"weight":81,"label":"state"},{"weight":78,"label":"discourse"},{"weight":76,"label":"representation"},{"weight":71,"label":"international"},{"weight":65,"label":"story"},{"weight":64,"label":"press"},{"weight":61,"label":"war"},{"weight":60,"label":"soviet"},{"weight":60,"label":"examine"},{"weight":58,"label":"present"},{"weight":57,"label":"relation"},{"weight":56,"label":"framing"},{"weight":52,"label":"national"},{"weight":51,"label":"debate"}],"subTopicId":840},{"conceptId":10,"clusterId":0,"hexCoordinates":{"x":0,"y":-3},"labels":[{"weight":465,"label":"ireland"},{"weight":345,"label":"irish"},{"weight":255,"label":"northern"},{"weight":105,"label":"national"},{"weight":92,"label":"article"},{"weight":90,"label":"nation"},{"weight":84,"label":"state"},{"weight":71,"label":"sectarianism"},{"weight":68,"label":"scotland"},{"weight":62,"label":"british"},{"weight":60,"label":"east"},{"weight":58,"label":"class"},{"weight":56,"label":"religious"},{"weight":56,"label":"identity"},{"weight":54,"label":"minority"},{"weight":53,"label":"nationalism"},{"weight":50,"label":"britain"},{"weight":49,"label":"diaspora"},{"weight":49,"label":"examine"},{"weight":48,"label":"wale"},{"weight":48,"label":"community"},{"weight":47,"label":"sectarian"},{"weight":47,"label":"religion"},{"weight":47,"label":"west"},{"weight":45,"label":"catholic"}],"subTopicId":567},{"conceptId":13,"clusterId":0,"hexCoordinates":{"x":4.330127018922193,"y":-1.5},"labels":[{"weight":401,"label":"share"},{"weight":321,"label":"theory"},{"weight":264,"label":"conflict"},{"weight":259,"label":"justice"},{"weight":226,"label":"social"},{"weight":208,"label":"economic"},{"weight":190,"label":"argue"},{"weight":180,"label":"principle"},{"weight":180,"label":"approach"},{"weight":170,"label":"sharing"},{"weight":165,"label":"goal"},{"weight":165,"label":"concern"},{"weight":160,"label":"form"},{"weight":159,"label":"interest"},{"weight":153,"label":"benefit"},{"weight":147,"label":"paper"},{"weight":146,"label":"equality"},{"weight":135,"label":"framework"},{"weight":128,"label":"power"},{"weight":122,"label":"fair"},{"weight":120,"label":"economics"},{"weight":113,"label":"article"},{"weight":107,"label":"set"},{"weight":106,"label":"fairness"},{"weight":106,"label":"provide"}],"subTopicId":704},{"conceptId":14,"clusterId":0,"hexCoordinates":{"x":-1.7320508075688772,"y":-3},"labels":[{"weight":731,"label":"conflict"},{"weight":480,"label":"war"},{"weight":173,"label":"peace"},{"weight":98,"label":"violence"},{"weight":97,"label":"post"},{"weight":97,"label":"civil"},{"weight":59,"label":"military"},{"weight":58,"label":"humanitarian"},{"weight":58,"label":"civilian"},{"weight":55,"label":"armed"},{"weight":47,"label":"warfare"},{"weight":47,"label":"political"},{"weight":47,"label":"force"},{"weight":45,"label":"camp"},{"weight":43,"label":"actor"},{"weight":42,"label":"militia"},{"weight":40,"label":"security"},{"weight":40,"label":"government"},{"weight":38,"label":"international"},{"weight":38,"label":"state"},{"weight":35,"label":"combatant"},{"weight":35,"label":"violent"},{"weight":34,"label":"resolution"},{"weight":28,"label":"society"},{"weight":27,"label":"defence"}],"subTopicId":748},{"conceptId":2,"clusterId":0,"hexCoordinates":{"x":-0.8660254037844386,"y":-1.5},"labels":[{"weight":816,"label":"state"},{"weight":435,"label":"political"},{"weight":134,"label":"regime"},{"weight":132,"label":"article"},{"weight":131,"label":"politics"},{"weight":108,"label":"power"},{"weight":97,"label":"arab"},{"weight":90,"label":"constitutional"},{"weight":89,"label":"international"},{"weight":84,"label":"liberal"},{"weight":83,"label":"settlement"},{"weight":83,"label":"conflict"},{"weight":76,"label":"constitution"},{"weight":76,"label":"security"},{"weight":71,"label":"terrorism"},{"weight":71,"label":"post"},{"weight":69,"label":"peace"},{"weight":67,"label":"global"},{"weight":65,"label":"syria"},{"weight":63,"label":"egypt"},{"weight":63,"label":"violence"},{"weight":62,"label":"uprising"},{"weight":61,"label":"war"},{"weight":55,"label":"muslim"},{"weight":54,"label":"terrorist"}],"subTopicId":158},{"conceptId":9,"clusterId":0,"hexCoordinates":{"x":2.598076211353316,"y":-4.5},"labels":[{"weight":388,"label":"rule"},{"weight":208,"label":"corruption"},{"weight":203,"label":"vice"},{"weight":181,"label":"versa"},{"weight":73,"label":"law"},{"weight":54,"label":"supplement"},{"weight":48,"label":"retirement"},{"weight":39,"label":"legal"},{"weight":33,"label":"bar"},{"weight":32,"label":"pasar"},{"weight":31,"label":"moral"},{"weight":31,"label":"system"},{"weight":26,"label":"apply"},{"weight":26,"label":"order"},{"weight":25,"label":"elite"},{"weight":23,"label":"violation"},{"weight":22,"label":"sara"},{"weight":20,"label":"mindset"},{"weight":20,"label":"primary"},{"weight":19,"label":"corrupt"},{"weight":19,"label":"regulation"},{"weight":19,"label":"norm"},{"weight":19,"label":"type"},{"weight":18,"label":"enforcement"},{"weight":18,"label":"anti"}],"subTopicId":448},{"conceptId":8,"clusterId":0,"hexCoordinates":{"x":5.196152422706632,"y":-3},"labels":[{"weight":1100,"label":"law"},{"weight":774,"label":"legal"},{"weight":345,"label":"act"},{"weight":340,"label":"case"},{"weight":336,"label":"criminal"},{"weight":331,"label":"article"},{"weight":257,"label":"crime"},{"weight":238,"label":"rights"},{"weight":233,"label":"justice"},{"weight":226,"label":"state"},{"weight":226,"label":"court"},{"weight":192,"label":"legislation"},{"weight":183,"label":"make"},{"weight":171,"label":"protection"},{"weight":166,"label":"public"},{"weight":162,"label":"order"},{"weight":161,"label":"authority"},{"weight":145,"label":"protect"},{"weight":144,"label":"argue"},{"weight":143,"label":"duty"},{"weight":142,"label":"victim"},{"weight":142,"label":"paper"},{"weight":140,"label":"responsibility"},{"weight":137,"label":"enforcement"},{"weight":126,"label":"examine"}],"subTopicId":432},{"conceptId":7,"clusterId":0,"hexCoordinates":{"x":0.8660254037844386,"y":-1.5},"labels":[{"weight":4677,"label":"policy"},{"weight":510,"label":"government"},{"weight":325,"label":"public"},{"weight":281,"label":"analysis"},{"weight":231,"label":"paper"},{"weight":220,"label":"national"},{"weight":208,"label":"maker"},{"weight":206,"label":"actor"},{"weight":198,"label":"reform"},{"weight":194,"label":"state"},{"weight":184,"label":"implementation"},{"weight":153,"label":"political"},{"weight":147,"label":"governance"},{"weight":135,"label":"examine"},{"weight":132,"label":"influence"},{"weight":129,"label":"level"},{"weight":128,"label":"process"},{"weight":126,"label":"key"},{"weight":125,"label":"change"},{"weight":124,"label":"foreign"},{"weight":124,"label":"local"},{"weight":119,"label":"international"},{"weight":118,"label":"article"},{"weight":117,"label":"role"},{"weight":110,"label":"country"}],"subTopicId":389}]}