{"linkageTable":[{"node2":8,"distance":0.40635681425896997,"node1":5},{"node2":10,"distance":0.41940509906989,"node1":9},{"node2":18,"distance":0.4517873513939375,"node1":3},{"node2":12,"distance":0.45524030014675,"node1":6},{"node2":16,"distance":0.46853291644079,"node1":14},{"node2":7,"distance":0.4687376506928,"node1":17},{"node2":19,"distance":0.4773041954347783,"node1":0},{"node2":13,"distance":0.48095363515921336,"node1":22},{"node2":21,"distance":0.4811647801151843,"node1":23},{"node2":20,"distance":0.48260148386857504,"node1":4},{"node2":15,"distance":0.48855026067146246,"node1":25},{"node2":24,"distance":0.49094199724256826,"node1":27},{"node2":2,"distance":0.49415494397956505,"node1":28},{"node2":26,"distance":0.49442238658344295,"node1":29},{"node2":1,"distance":0.49802764599838095,"node1":30},{"node2":11,"distance":0.49836977530648774,"node1":31}],"conceptsData":[{"conceptId":-1,"clusterId":-1,"hexCoordinates":{"x":9.526279441628825,"y":1.5},"labels":[{"weight":2500,"label":"Unclassified"},{"weight":0,"label":""},{"weight":0,"label":""},{"weight":0,"label":""},{"weight":0,"label":""},{"weight":0,"label":""},{"weight":0,"label":""},{"weight":0,"label":""},{"weight":0,"label":""},{"weight":0,"label":""},{"weight":0,"label":""}],"subTopicId":null},{"conceptId":0,"clusterId":0,"hexCoordinates":{"x":2.598076211353316,"y":-1.5},"labels":[{"weight":1058,"label":"ice"},{"weight":360,"label":"glacier"},{"weight":358,"label":"ocean"},{"weight":345,"label":"water"},{"weight":281,"label":"sea"},{"weight":220,"label":"melt"},{"weight":213,"label":"surface"},{"weight":197,"label":"shelf"},{"weight":191,"label":"atlantic"},{"weight":156,"label":"subglacial"},{"weight":146,"label":"greenland"},{"weight":137,"label":"sheet"},{"weight":136,"label":"circulation"},{"weight":133,"label":"arctic"},{"weight":127,"label":"calving"},{"weight":123,"label":"fjord"},{"weight":119,"label":"mass"},{"weight":106,"label":"meltwater"},{"weight":105,"label":"rate"},{"weight":100,"label":"increase"},{"weight":100,"label":"observation"},{"weight":96,"label":"model"},{"weight":94,"label":"process"},{"weight":93,"label":"flux"},{"weight":92,"label":"retreat"}],"subTopicId":59},{"conceptId":12,"clusterId":0,"hexCoordinates":{"x":3.4641016151377544,"y":-3},"labels":[{"weight":559,"label":"water"},{"weight":381,"label":"catchment"},{"weight":267,"label":"flow"},{"weight":234,"label":"soil"},{"weight":231,"label":"hydrological"},{"weight":221,"label":"rainfall"},{"weight":219,"label":"stream"},{"weight":192,"label":"runoff"},{"weight":182,"label":"groundwater"},{"weight":155,"label":"river"},{"weight":139,"label":"event"},{"weight":124,"label":"storage"},{"weight":117,"label":"riparian"},{"weight":112,"label":"tracer"},{"weight":109,"label":"surface"},{"weight":109,"label":"isotope"},{"weight":106,"label":"discharge"},{"weight":104,"label":"dynamics"},{"weight":100,"label":"time"},{"weight":95,"label":"snow"},{"weight":92,"label":"response"},{"weight":91,"label":"zone"},{"weight":89,"label":"hillslope"},{"weight":89,"label":"site"},{"weight":85,"label":"precipitation"}],"subTopicId":789},{"conceptId":8,"clusterId":0,"hexCoordinates":{"x":5.196152422706632,"y":0},"labels":[{"weight":118,"label":"ice"},{"weight":89,"label":"sheet"},{"weight":66,"label":"retreat"},{"weight":63,"label":"north"},{"weight":48,"label":"channel"},{"weight":45,"label":"lobe"},{"weight":40,"label":"sea"},{"weight":39,"label":"margin"},{"weight":37,"label":"biis"},{"weight":35,"label":"irish"},{"weight":32,"label":"bank"},{"weight":31,"label":"area"},{"weight":27,"label":"record"},{"weight":25,"label":"loch"},{"weight":25,"label":"british"},{"weight":22,"label":"moraine"},{"weight":21,"label":"landscape"},{"weight":21,"label":"dogger"},{"weight":21,"label":"coast"},{"weight":20,"label":"donegal"},{"weight":20,"label":"lake"},{"weight":20,"label":"evidence"},{"weight":19,"label":"drya"},{"weight":19,"label":"glacial"},{"weight":19,"label":"slope"}],"subTopicId":600},{"conceptId":4,"clusterId":0,"hexCoordinates":{"x":4.330127018922193,"y":-4.5},"labels":[{"weight":1520,"label":"water"},{"weight":427,"label":"river"},{"weight":258,"label":"groundwater"},{"weight":258,"label":"source"},{"weight":243,"label":"flood"},{"weight":242,"label":"quality"},{"weight":195,"label":"lake"},{"weight":191,"label":"catchment"},{"weight":172,"label":"risk"},{"weight":158,"label":"pollution"},{"weight":153,"label":"management"},{"weight":141,"label":"environmental"},{"weight":131,"label":"concentration"},{"weight":128,"label":"environment"},{"weight":108,"label":"sediment"},{"weight":108,"label":"land"},{"weight":108,"label":"impact"},{"weight":99,"label":"aquifer"},{"weight":99,"label":"aquatic"},{"weight":99,"label":"drinking"},{"weight":97,"label":"flow"},{"weight":96,"label":"contamination"},{"weight":93,"label":"natural"},{"weight":91,"label":"freshwater"},{"weight":89,"label":"macrophyte"}],"subTopicId":224},{"conceptId":9,"clusterId":0,"hexCoordinates":{"x":0,"y":0},"labels":[{"weight":200,"label":"model"},{"weight":191,"label":"climate"},{"weight":147,"label":"global"},{"weight":137,"label":"aerosol"},{"weight":118,"label":"atmospheric"},{"weight":92,"label":"precipitation"},{"weight":86,"label":"extreme"},{"weight":85,"label":"force"},{"weight":81,"label":"simulation"},{"weight":80,"label":"temperature"},{"weight":79,"label":"region"},{"weight":61,"label":"circulation"},{"weight":60,"label":"ocean"},{"weight":58,"label":"warming"},{"weight":54,"label":"cdr"},{"weight":52,"label":"monsoon"},{"weight":52,"label":"observation"},{"weight":50,"label":"scale"},{"weight":49,"label":"emission"},{"weight":47,"label":"tropical"},{"weight":47,"label":"response"},{"weight":44,"label":"anthropogenic"},{"weight":43,"label":"heatwave"},{"weight":42,"label":"surface"},{"weight":42,"label":"gas"}],"subTopicId":645},{"conceptId":10,"clusterId":0,"hexCoordinates":{"x":1.7320508075688772,"y":0},"labels":[{"weight":531,"label":"seasonal"},{"weight":521,"label":"summer"},{"weight":505,"label":"year"},{"weight":478,"label":"temperature"},{"weight":471,"label":"period"},{"weight":440,"label":"winter"},{"weight":434,"label":"season"},{"weight":382,"label":"annual"},{"weight":329,"label":"spring"},{"weight":324,"label":"variability"},{"weight":301,"label":"high"},{"weight":300,"label":"variation"},{"weight":276,"label":"change"},{"weight":273,"label":"north"},{"weight":265,"label":"climate"},{"weight":258,"label":"show"},{"weight":244,"label":"observe"},{"weight":242,"label":"trend"},{"weight":241,"label":"pattern"},{"weight":234,"label":"data"},{"weight":204,"label":"increase"},{"weight":201,"label":"observation"},{"weight":200,"label":"sea"},{"weight":199,"label":"find"},{"weight":198,"label":"surface"}],"subTopicId":711},{"conceptId":5,"clusterId":0,"hexCoordinates":{"x":4.330127018922193,"y":-1.5},"labels":[{"weight":939,"label":"ice"},{"weight":349,"label":"sheet"},{"weight":249,"label":"glacial"},{"weight":218,"label":"stream"},{"weight":196,"label":"retreat"},{"weight":191,"label":"surface"},{"weight":186,"label":"sea"},{"weight":185,"label":"age"},{"weight":180,"label":"erosion"},{"weight":151,"label":"present"},{"weight":149,"label":"shelf"},{"weight":137,"label":"flow"},{"weight":132,"label":"margin"},{"weight":122,"label":"bed"},{"weight":121,"label":"deglaciation"},{"weight":118,"label":"suggest"},{"weight":117,"label":"maximum"},{"weight":116,"label":"data"},{"weight":115,"label":"marine"},{"weight":111,"label":"level"},{"weight":110,"label":"exposure"},{"weight":106,"label":"sediment"},{"weight":103,"label":"antarctica"},{"weight":101,"label":"cosmogenic"},{"weight":91,"label":"evidence"}],"subTopicId":278},{"conceptId":13,"clusterId":0,"hexCoordinates":{"x":5.196152422706632,"y":-3},"labels":[{"weight":693,"label":"sediment"},{"weight":342,"label":"channel"},{"weight":289,"label":"bed"},{"weight":267,"label":"transport"},{"weight":214,"label":"river"},{"weight":191,"label":"slope"},{"weight":190,"label":"erosion"},{"weight":158,"label":"deposit"},{"weight":157,"label":"fluvial"},{"weight":124,"label":"basin"},{"weight":115,"label":"bar"},{"weight":110,"label":"flow"},{"weight":103,"label":"grain"},{"weight":103,"label":"scale"},{"weight":86,"label":"hillslope"},{"weight":81,"label":"landscape"},{"weight":79,"label":"area"},{"weight":77,"label":"system"},{"weight":76,"label":"sand"},{"weight":76,"label":"deposition"},{"weight":70,"label":"control"},{"weight":65,"label":"rate"},{"weight":63,"label":"gradient"},{"weight":61,"label":"supply"},{"weight":58,"label":"mtd"}],"subTopicId":808},{"conceptId":16,"clusterId":0,"hexCoordinates":{"x":2.598076211353316,"y":1.5},"labels":[{"weight":261,"label":"record"},{"weight":206,"label":"climate"},{"weight":134,"label":"temperature"},{"weight":126,"label":"southern"},{"weight":126,"label":"reconstruction"},{"weight":105,"label":"change"},{"weight":93,"label":"proxy"},{"weight":89,"label":"period"},{"weight":76,"label":"climatic"},{"weight":69,"label":"glacial"},{"weight":69,"label":"age"},{"weight":67,"label":"date"},{"weight":65,"label":"hemisphere"},{"weight":63,"label":"high"},{"weight":61,"label":"holocene"},{"weight":61,"label":"cal"},{"weight":59,"label":"data"},{"weight":58,"label":"kyr"},{"weight":57,"label":"past"},{"weight":57,"label":"year"},{"weight":53,"label":"chronology"},{"weight":48,"label":"force"},{"weight":47,"label":"regional"},{"weight":46,"label":"solar"},{"weight":45,"label":"northern"}],"subTopicId":979},{"conceptId":7,"clusterId":0,"hexCoordinates":{"x":6.06217782649107,"y":-1.5},"labels":[{"weight":449,"label":"glacier"},{"weight":235,"label":"lake"},{"weight":159,"label":"river"},{"weight":145,"label":"debris"},{"weight":130,"label":"surge"},{"weight":123,"label":"ice"},{"weight":110,"label":"glacial"},{"weight":107,"label":"area"},{"weight":100,"label":"mountain"},{"weight":99,"label":"cover"},{"weight":98,"label":"elevation"},{"weight":94,"label":"mass"},{"weight":90,"label":"dam"},{"weight":89,"label":"ridge"},{"weight":88,"label":"process"},{"weight":82,"label":"surface"},{"weight":75,"label":"moraine"},{"weight":75,"label":"sediment"},{"weight":74,"label":"boulder"},{"weight":65,"label":"dem"},{"weight":59,"label":"flood"},{"weight":59,"label":"system"},{"weight":57,"label":"drainage"},{"weight":55,"label":"large"},{"weight":50,"label":"rate"}],"subTopicId":554},{"conceptId":11,"clusterId":0,"hexCoordinates":{"x":0.8660254037844386,"y":-4.5},"labels":[{"weight":192,"label":"absorption"},{"weight":183,"label":"water"},{"weight":92,"label":"sense"},{"weight":87,"label":"lake"},{"weight":75,"label":"remote"},{"weight":70,"label":"situ"},{"weight":67,"label":"optical"},{"weight":66,"label":"algorithm"},{"weight":63,"label":"spectral"},{"weight":61,"label":"concentration"},{"weight":57,"label":"reflectance"},{"weight":54,"label":"chlorophyll"},{"weight":53,"label":"property"},{"weight":52,"label":"retrieval"},{"weight":51,"label":"chl"},{"weight":50,"label":"satellite"},{"weight":44,"label":"measurement"},{"weight":43,"label":"coefficient"},{"weight":42,"label":"cdom"},{"weight":39,"label":"ocean"},{"weight":35,"label":"inland"},{"weight":34,"label":"coastal"},{"weight":33,"label":"scattering"},{"weight":33,"label":"observation"},{"weight":28,"label":"pigment"}],"subTopicId":771},{"conceptId":14,"clusterId":0,"hexCoordinates":{"x":0.8660254037844386,"y":1.5},"labels":[{"weight":239,"label":"record"},{"weight":172,"label":"eruption"},{"weight":162,"label":"tephra"},{"weight":157,"label":"event"},{"weight":132,"label":"volcanic"},{"weight":95,"label":"layer"},{"weight":94,"label":"deposit"},{"weight":93,"label":"core"},{"weight":82,"label":"lake"},{"weight":75,"label":"date"},{"weight":69,"label":"past"},{"weight":60,"label":"sequence"},{"weight":57,"label":"reconstruction"},{"weight":56,"label":"age"},{"weight":51,"label":"volcano"},{"weight":51,"label":"time"},{"weight":50,"label":"holocene"},{"weight":50,"label":"proxy"},{"weight":50,"label":"period"},{"weight":47,"label":"sediment"},{"weight":47,"label":"present"},{"weight":46,"label":"radiocarbon"},{"weight":45,"label":"chronology"},{"weight":45,"label":"ash"},{"weight":44,"label":"high"}],"subTopicId":864},{"conceptId":1,"clusterId":0,"hexCoordinates":{"x":0,"y":-3},"labels":[{"weight":198,"label":"ice"},{"weight":55,"label":"sea"},{"weight":45,"label":"floe"},{"weight":38,"label":"replication"},{"weight":37,"label":"arctic"},{"weight":32,"label":"original"},{"weight":32,"label":"size"},{"weight":28,"label":"beh"},{"weight":20,"label":"fsd"},{"weight":17,"label":"van"},{"weight":17,"label":"force"},{"weight":14,"label":"edl"},{"weight":14,"label":"polar"},{"weight":14,"label":"power"},{"weight":14,"label":"law"},{"weight":13,"label":"zone"},{"weight":13,"label":"bear"},{"weight":12,"label":"buoy"},{"weight":12,"label":"sol"},{"weight":11,"label":"bzcy"},{"weight":11,"label":"enamel"},{"weight":11,"label":"spine"},{"weight":10,"label":"rrr"},{"weight":10,"label":"dif"},{"weight":10,"label":"optimism"}],"subTopicId":94},{"conceptId":2,"clusterId":0,"hexCoordinates":{"x":1.7320508075688772,"y":-3},"labels":[{"weight":1485,"label":"temperature"},{"weight":590,"label":"day"},{"weight":491,"label":"condition"},{"weight":313,"label":"increase"},{"weight":299,"label":"time"},{"weight":208,"label":"ambient"},{"weight":205,"label":"hour"},{"weight":199,"label":"exposure"},{"weight":168,"label":"humidity"},{"weight":167,"label":"rate"},{"weight":161,"label":"environment"},{"weight":159,"label":"weather"},{"weight":154,"label":"cold"},{"weight":147,"label":"higher"},{"weight":147,"label":"lower"},{"weight":147,"label":"change"},{"weight":137,"label":"air"},{"weight":137,"label":"average"},{"weight":135,"label":"compare"},{"weight":133,"label":"expose"},{"weight":131,"label":"variation"},{"weight":129,"label":"daily"},{"weight":129,"label":"period"},{"weight":121,"label":"investigate"},{"weight":120,"label":"significantly"}],"subTopicId":145},{"conceptId":3,"clusterId":0,"hexCoordinates":{"x":0.8660254037844386,"y":-1.5},"labels":[{"weight":8831,"label":"change"},{"weight":2309,"label":"climate"},{"weight":1512,"label":"increase"},{"weight":919,"label":"response"},{"weight":812,"label":"shift"},{"weight":806,"label":"impact"},{"weight":765,"label":"future"},{"weight":580,"label":"time"},{"weight":575,"label":"result"},{"weight":461,"label":"adaptation"},{"weight":436,"label":"global"},{"weight":425,"label":"effect"},{"weight":381,"label":"show"},{"weight":376,"label":"event"},{"weight":354,"label":"trend"},{"weight":353,"label":"decrease"},{"weight":340,"label":"occur"},{"weight":323,"label":"affect"},{"weight":323,"label":"year"},{"weight":317,"label":"period"},{"weight":312,"label":"drive"},{"weight":305,"label":"extreme"},{"weight":297,"label":"environmental"},{"weight":282,"label":"term"},{"weight":277,"label":"significant"}],"subTopicId":192},{"conceptId":6,"clusterId":0,"hexCoordinates":{"x":2.598076211353316,"y":-4.5},"labels":[{"weight":379,"label":"carbon"},{"weight":248,"label":"organic"},{"weight":212,"label":"doc"},{"weight":196,"label":"permafrost"},{"weight":196,"label":"pool"},{"weight":155,"label":"stream"},{"weight":147,"label":"thaw"},{"weight":140,"label":"source"},{"weight":130,"label":"dissolve"},{"weight":127,"label":"water"},{"weight":126,"label":"soil"},{"weight":116,"label":"methane"},{"weight":110,"label":"peatland"},{"weight":101,"label":"concentration"},{"weight":95,"label":"aquatic"},{"weight":92,"label":"matter"},{"weight":86,"label":"export"},{"weight":81,"label":"system"},{"weight":80,"label":"increase"},{"weight":73,"label":"arctic"},{"weight":65,"label":"terrestrial"},{"weight":65,"label":"age"},{"weight":65,"label":"condition"},{"weight":63,"label":"study"},{"weight":57,"label":"radiocarbon"}],"subTopicId":342},{"conceptId":15,"clusterId":0,"hexCoordinates":{"x":3.4641016151377544,"y":0},"labels":[{"weight":484,"label":"island"},{"weight":445,"label":"coastal"},{"weight":300,"label":"sea"},{"weight":197,"label":"beach"},{"weight":160,"label":"sediment"},{"weight":140,"label":"level"},{"weight":139,"label":"water"},{"weight":128,"label":"storm"},{"weight":121,"label":"mangrove"},{"weight":117,"label":"coast"},{"weight":114,"label":"tidal"},{"weight":101,"label":"erosion"},{"weight":92,"label":"tide"},{"weight":91,"label":"platform"},{"weight":89,"label":"marsh"},{"weight":78,"label":"high"},{"weight":74,"label":"event"},{"weight":72,"label":"shoreline"},{"weight":67,"label":"coastline"},{"weight":66,"label":"wave"},{"weight":60,"label":"shore"},{"weight":60,"label":"rise"},{"weight":60,"label":"salt"},{"weight":59,"label":"site"},{"weight":57,"label":"surge"}],"subTopicId":905}]}