[{"topicData":[{"numberOfDocuments":0.0,"label":"Heriot-Watt University"},{"numberOfDocuments":0.0,"label":"Robert Gordon University"},{"numberOfDocuments":0.0,"label":"Glasgow Caledonian University"},{"numberOfDocuments":0.0,"label":"Queen Margaret University"},{"numberOfDocuments":0.0,"label":"University of the Highlands and Islands"},{"numberOfDocuments":0.0,"label":"University of Dundee"},{"numberOfDocuments":0.0,"label":"Edinburgh Napier University"},{"numberOfDocuments":0.0,"label":"University of Stirling"},{"numberOfDocuments":0.0,"label":"Abertay University"},{"numberOfDocuments":0.0,"label":"University of Aberdeen"},{"numberOfDocuments":0.0,"label":"University of Edinburgh"},{"numberOfDocuments":0.0,"label":"University of the West of Scotland"},{"numberOfDocuments":0.0,"label":"University of St Andrews"},{"numberOfDocuments":0.0,"label":"University of Glasgow"},{"numberOfDocuments":0.0,"label":"University of Strathclyde"}],"conceptId":-1},{"topicData":[{"numberOfDocuments":1.2401120684737537,"label":"Heriot-Watt University"},{"numberOfDocuments":0.7158428483908679,"label":"Robert Gordon University"},{"numberOfDocuments":1.1314213053334377,"label":"Glasgow Caledonian University"},{"numberOfDocuments":0.5934526607773194,"label":"Queen Margaret University"},{"numberOfDocuments":0.47125073666235445,"label":"University of the Highlands and Islands"},{"numberOfDocuments":11.407886674381569,"label":"University of Dundee"},{"numberOfDocuments":1.3384030111839673,"label":"Edinburgh Napier University"},{"numberOfDocuments":2.0525022270122064,"label":"University of Stirling"},{"numberOfDocuments":0.06602481548718107,"label":"Abertay University"},{"numberOfDocuments":10.994758216253265,"label":"University of Aberdeen"},{"numberOfDocuments":46.08956455907148,"label":"University of Edinburgh"},{"numberOfDocuments":1.0952248547624197,"label":"University of the West of Scotland"},{"numberOfDocuments":3.5148601971020152,"label":"University of St Andrews"},{"numberOfDocuments":27.09722339293128,"label":"University of Glasgow"},{"numberOfDocuments":6.103750335258326,"label":"University of Strathclyde"}],"conceptId":0},{"topicData":[{"numberOfDocuments":1.9824263763226815,"label":"Heriot-Watt University"},{"numberOfDocuments":0.10767657334663129,"label":"Robert Gordon University"},{"numberOfDocuments":0.1397902098651914,"label":"Glasgow Caledonian University"},{"numberOfDocuments":0.1890725402819383,"label":"Queen Margaret University"},{"numberOfDocuments":0.7914235456165678,"label":"University of the Highlands and Islands"},{"numberOfDocuments":13.870519421585739,"label":"University of Dundee"},{"numberOfDocuments":0.6050693623828954,"label":"Edinburgh Napier University"},{"numberOfDocuments":7.051697535793264,"label":"University of Stirling"},{"numberOfDocuments":0.9583933165675808,"label":"Abertay University"},{"numberOfDocuments":12.326621968631537,"label":"University of Aberdeen"},{"numberOfDocuments":60.627267606270244,"label":"University of Edinburgh"},{"numberOfDocuments":0.5898195940737436,"label":"University of the West of Scotland"},{"numberOfDocuments":5.879668222939693,"label":"University of St Andrews"},{"numberOfDocuments":30.460739727280107,"label":"University of Glasgow"},{"numberOfDocuments":6.778983714995272,"label":"University of Strathclyde"}],"conceptId":1},{"topicData":[{"numberOfDocuments":0.43413800705467376,"label":"Heriot-Watt University"},{"numberOfDocuments":0.025641025641025644,"label":"Robert Gordon University"},{"numberOfDocuments":0.2749701127917251,"label":"Glasgow Caledonian University"},{"numberOfDocuments":0.028011204481792715,"label":"Queen Margaret University"},{"numberOfDocuments":0.014800410522335657,"label":"University of the Highlands and Islands"},{"numberOfDocuments":1.2140217542315137,"label":"University of Dundee"},{"numberOfDocuments":0.1858706986444213,"label":"Edinburgh Napier University"},{"numberOfDocuments":0.11452920920786812,"label":"University of Stirling"},{"numberOfDocuments":0.007936507936507936,"label":"Abertay University"},{"numberOfDocuments":1.2880663083840929,"label":"University of Aberdeen"},{"numberOfDocuments":21.721248649344222,"label":"University of Edinburgh"},{"numberOfDocuments":0.08379888268156425,"label":"University of the West of Scotland"},{"numberOfDocuments":2.7125788098650503,"label":"University of St Andrews"},{"numberOfDocuments":10.14435706945058,"label":"University of Glasgow"},{"numberOfDocuments":1.1386079553859634,"label":"University of Strathclyde"}],"conceptId":2},{"topicData":[{"numberOfDocuments":0.6608824484715198,"label":"Heriot-Watt University"},{"numberOfDocuments":0.09230857062234413,"label":"Robert Gordon University"},{"numberOfDocuments":0.6182432432432432,"label":"Glasgow Caledonian University"},{"numberOfDocuments":0.4712449176219467,"label":"Queen Margaret University"},{"numberOfDocuments":0.0,"label":"University of the Highlands and Islands"},{"numberOfDocuments":0.20221355705226673,"label":"University of Dundee"},{"numberOfDocuments":0.8356240298468887,"label":"Edinburgh Napier University"},{"numberOfDocuments":2.199736450703901,"label":"University of Stirling"},{"numberOfDocuments":1.3188947115975798,"label":"Abertay University"},{"numberOfDocuments":0.9575640264972942,"label":"University of Aberdeen"},{"numberOfDocuments":5.508825035172322,"label":"University of Edinburgh"},{"numberOfDocuments":0.023809523809523808,"label":"University of the West of Scotland"},{"numberOfDocuments":0.8139163223559185,"label":"University of St Andrews"},{"numberOfDocuments":2.109832914966733,"label":"University of Glasgow"},{"numberOfDocuments":0.39206921438306197,"label":"University of Strathclyde"}],"conceptId":3},{"topicData":[{"numberOfDocuments":0.09093802546148717,"label":"Heriot-Watt University"},{"numberOfDocuments":0.17938701716122368,"label":"Robert Gordon University"},{"numberOfDocuments":0.1877460561217367,"label":"Glasgow Caledonian University"},{"numberOfDocuments":0.19017736265838114,"label":"Queen Margaret University"},{"numberOfDocuments":0.36284966856362627,"label":"University of the Highlands and Islands"},{"numberOfDocuments":2.659128067481715,"label":"University of Dundee"},{"numberOfDocuments":0.3032950191570881,"label":"Edinburgh Napier University"},{"numberOfDocuments":0.6303735658243672,"label":"University of Stirling"},{"numberOfDocuments":0.09305463024650233,"label":"Abertay University"},{"numberOfDocuments":6.133367588214134,"label":"University of Aberdeen"},{"numberOfDocuments":45.102346281490476,"label":"University of Edinburgh"},{"numberOfDocuments":0.0,"label":"University of the West of Scotland"},{"numberOfDocuments":1.982409313926855,"label":"University of St Andrews"},{"numberOfDocuments":6.350760533969963,"label":"University of Glasgow"},{"numberOfDocuments":2.4178451277017095,"label":"University of Strathclyde"}],"conceptId":4},{"topicData":[{"numberOfDocuments":0.783020001730416,"label":"Heriot-Watt University"},{"numberOfDocuments":0.7105157649520379,"label":"Robert Gordon University"},{"numberOfDocuments":0.03588093322606597,"label":"Glasgow Caledonian University"},{"numberOfDocuments":0.2475817019157691,"label":"Queen Margaret University"},{"numberOfDocuments":0.8788852193920936,"label":"University of the Highlands and Islands"},{"numberOfDocuments":13.230382698579632,"label":"University of Dundee"},{"numberOfDocuments":0.10686770505431106,"label":"Edinburgh Napier University"},{"numberOfDocuments":2.5215538903155363,"label":"University of Stirling"},{"numberOfDocuments":5.199102268520634,"label":"Abertay University"},{"numberOfDocuments":5.14379402573509,"label":"University of Aberdeen"},{"numberOfDocuments":23.906258502347516,"label":"University of Edinburgh"},{"numberOfDocuments":0.19768232940344777,"label":"University of the West of Scotland"},{"numberOfDocuments":9.006017576301115,"label":"University of St Andrews"},{"numberOfDocuments":12.975186257752258,"label":"University of Glasgow"},{"numberOfDocuments":5.801256321756231,"label":"University of Strathclyde"}],"conceptId":5},{"topicData":[{"numberOfDocuments":1.3844955727405133,"label":"Heriot-Watt University"},{"numberOfDocuments":0.3050436207780279,"label":"Robert Gordon University"},{"numberOfDocuments":3.059904072455631,"label":"Glasgow Caledonian University"},{"numberOfDocuments":0.13693580861388857,"label":"Queen Margaret University"},{"numberOfDocuments":1.1291992156371682,"label":"University of the Highlands and Islands"},{"numberOfDocuments":15.282566062374682,"label":"University of Dundee"},{"numberOfDocuments":1.9276985716717638,"label":"Edinburgh Napier University"},{"numberOfDocuments":1.6833113947308407,"label":"University of Stirling"},{"numberOfDocuments":0.589077161289221,"label":"Abertay University"},{"numberOfDocuments":12.89967312118804,"label":"University of Aberdeen"},{"numberOfDocuments":58.67429513591666,"label":"University of Edinburgh"},{"numberOfDocuments":0.387275496635284,"label":"University of the West of Scotland"},{"numberOfDocuments":4.237722260001206,"label":"University of St Andrews"},{"numberOfDocuments":22.27550361311674,"label":"University of Glasgow"},{"numberOfDocuments":4.332761870560941,"label":"University of Strathclyde"}],"conceptId":6},{"topicData":[{"numberOfDocuments":0.7970677813868561,"label":"Heriot-Watt University"},{"numberOfDocuments":0.11723297685122513,"label":"Robert Gordon University"},{"numberOfDocuments":0.6853377983389776,"label":"Glasgow Caledonian University"},{"numberOfDocuments":0.10828842393730641,"label":"Queen Margaret University"},{"numberOfDocuments":0.1826247758733014,"label":"University of the Highlands and Islands"},{"numberOfDocuments":1.593245408908109,"label":"University of Dundee"},{"numberOfDocuments":0.18076650015784929,"label":"Edinburgh Napier University"},{"numberOfDocuments":0.47423506378784885,"label":"University of Stirling"},{"numberOfDocuments":0.015503875968992248,"label":"Abertay University"},{"numberOfDocuments":3.7879296738475507,"label":"University of Aberdeen"},{"numberOfDocuments":19.832193746446567,"label":"University of Edinburgh"},{"numberOfDocuments":0.32773218196055337,"label":"University of the West of Scotland"},{"numberOfDocuments":0.5660307040979321,"label":"University of St Andrews"},{"numberOfDocuments":9.146815080468205,"label":"University of Glasgow"},{"numberOfDocuments":1.6273645084137989,"label":"University of Strathclyde"}],"conceptId":7},{"topicData":[{"numberOfDocuments":0.45581227266094143,"label":"Heriot-Watt University"},{"numberOfDocuments":0.28715878232007264,"label":"Robert Gordon University"},{"numberOfDocuments":0.8103048110895117,"label":"Glasgow Caledonian University"},{"numberOfDocuments":0.23232879199085826,"label":"Queen Margaret University"},{"numberOfDocuments":0.08925611986319684,"label":"University of the Highlands and Islands"},{"numberOfDocuments":3.5833918857571008,"label":"University of Dundee"},{"numberOfDocuments":0.11844679186228482,"label":"Edinburgh Napier University"},{"numberOfDocuments":0.788356067074246,"label":"University of Stirling"},{"numberOfDocuments":0.10657989329902759,"label":"Abertay University"},{"numberOfDocuments":5.5458952966948,"label":"University of Aberdeen"},{"numberOfDocuments":10.766914528773649,"label":"University of Edinburgh"},{"numberOfDocuments":0.029592052420207144,"label":"University of the West of Scotland"},{"numberOfDocuments":1.5657692091265034,"label":"University of St Andrews"},{"numberOfDocuments":7.84035145407966,"label":"University of Glasgow"},{"numberOfDocuments":2.1710205132328175,"label":"University of Strathclyde"}],"conceptId":8},{"topicData":[{"numberOfDocuments":1.0701091553658024,"label":"Heriot-Watt University"},{"numberOfDocuments":0.1265874363327674,"label":"Robert Gordon University"},{"numberOfDocuments":0.3277313226331118,"label":"Glasgow Caledonian University"},{"numberOfDocuments":1.1009825456133644,"label":"Queen Margaret University"},{"numberOfDocuments":0.1444802832568894,"label":"University of the Highlands and Islands"},{"numberOfDocuments":1.3091762978898938,"label":"University of Dundee"},{"numberOfDocuments":0.7592599696120486,"label":"Edinburgh Napier University"},{"numberOfDocuments":1.608599162946434,"label":"University of Stirling"},{"numberOfDocuments":0.3944954128440367,"label":"Abertay University"},{"numberOfDocuments":2.656198572855372,"label":"University of Aberdeen"},{"numberOfDocuments":5.507727585897105,"label":"University of Edinburgh"},{"numberOfDocuments":0.23734734941085545,"label":"University of the West of Scotland"},{"numberOfDocuments":1.3514288551462907,"label":"University of St Andrews"},{"numberOfDocuments":14.28294315656857,"label":"University of Glasgow"},{"numberOfDocuments":11.628065253536,"label":"University of Strathclyde"}],"conceptId":9},{"topicData":[{"numberOfDocuments":1.4046251271853722,"label":"Heriot-Watt University"},{"numberOfDocuments":0.5781687074702034,"label":"Robert Gordon University"},{"numberOfDocuments":0.2496725448337392,"label":"Glasgow Caledonian University"},{"numberOfDocuments":0.36628584085769234,"label":"Queen Margaret University"},{"numberOfDocuments":0.12757831074424308,"label":"University of the Highlands and Islands"},{"numberOfDocuments":1.5420678177954377,"label":"University of Dundee"},{"numberOfDocuments":0.45586893438912435,"label":"Edinburgh Napier University"},{"numberOfDocuments":5.771861990288393,"label":"University of Stirling"},{"numberOfDocuments":1.6327446264889391,"label":"Abertay University"},{"numberOfDocuments":4.585365639420876,"label":"University of Aberdeen"},{"numberOfDocuments":25.07901488373458,"label":"University of Edinburgh"},{"numberOfDocuments":0.16571808883284295,"label":"University of the West of Scotland"},{"numberOfDocuments":3.911016276682181,"label":"University of St Andrews"},{"numberOfDocuments":20.44074347140955,"label":"University of Glasgow"},{"numberOfDocuments":3.1836707356100122,"label":"University of Strathclyde"}],"conceptId":10},{"topicData":[{"numberOfDocuments":0.5828311948449455,"label":"Heriot-Watt University"},{"numberOfDocuments":0.026438310608579978,"label":"Robert Gordon University"},{"numberOfDocuments":0.0,"label":"Glasgow Caledonian University"},{"numberOfDocuments":0.0959729757878324,"label":"Queen Margaret University"},{"numberOfDocuments":0.028472822761316685,"label":"University of the Highlands and Islands"},{"numberOfDocuments":19.274099165592848,"label":"University of Dundee"},{"numberOfDocuments":0.12985299524884106,"label":"Edinburgh Napier University"},{"numberOfDocuments":0.28356828716690097,"label":"University of Stirling"},{"numberOfDocuments":0.006578947368421052,"label":"Abertay University"},{"numberOfDocuments":0.620445287062197,"label":"University of Aberdeen"},{"numberOfDocuments":20.187661771293495,"label":"University of Edinburgh"},{"numberOfDocuments":0.12744856189216663,"label":"University of the West of Scotland"},{"numberOfDocuments":0.5326526511006127,"label":"University of St Andrews"},{"numberOfDocuments":2.7617086897934584,"label":"University of Glasgow"},{"numberOfDocuments":1.268725768175417,"label":"University of Strathclyde"}],"conceptId":11},{"topicData":[{"numberOfDocuments":1.5856658972089124,"label":"Heriot-Watt University"},{"numberOfDocuments":0.12011758797811928,"label":"Robert Gordon University"},{"numberOfDocuments":0.24284480210961834,"label":"Glasgow Caledonian University"},{"numberOfDocuments":0.03785160437201755,"label":"Queen Margaret University"},{"numberOfDocuments":0.2130662825193526,"label":"University of the Highlands and Islands"},{"numberOfDocuments":14.011791091422262,"label":"University of Dundee"},{"numberOfDocuments":0.8677360661310365,"label":"Edinburgh Napier University"},{"numberOfDocuments":4.40570079363198,"label":"University of Stirling"},{"numberOfDocuments":0.0078125,"label":"Abertay University"},{"numberOfDocuments":9.00757729100779,"label":"University of Aberdeen"},{"numberOfDocuments":49.59796212873257,"label":"University of Edinburgh"},{"numberOfDocuments":0.4728267563128196,"label":"University of the West of Scotland"},{"numberOfDocuments":8.818053646292437,"label":"University of St Andrews"},{"numberOfDocuments":16.522792195699278,"label":"University of Glasgow"},{"numberOfDocuments":9.584181343814684,"label":"University of Strathclyde"}],"conceptId":12},{"topicData":[{"numberOfDocuments":3.063070576582508,"label":"Heriot-Watt University"},{"numberOfDocuments":0.5491211037523349,"label":"Robert Gordon University"},{"numberOfDocuments":0.2735065622706074,"label":"Glasgow Caledonian University"},{"numberOfDocuments":1.4439931893271376,"label":"Queen Margaret University"},{"numberOfDocuments":0.31245792220813506,"label":"University of the Highlands and Islands"},{"numberOfDocuments":6.216832995188126,"label":"University of Dundee"},{"numberOfDocuments":1.6606374640355308,"label":"Edinburgh Napier University"},{"numberOfDocuments":14.188838409047102,"label":"University of Stirling"},{"numberOfDocuments":1.5462257389046603,"label":"Abertay University"},{"numberOfDocuments":9.570910951140931,"label":"University of Aberdeen"},{"numberOfDocuments":34.71540397708579,"label":"University of Edinburgh"},{"numberOfDocuments":1.3417040230540285,"label":"University of the West of Scotland"},{"numberOfDocuments":10.357150723725967,"label":"University of St Andrews"},{"numberOfDocuments":62.37375003367462,"label":"University of Glasgow"},{"numberOfDocuments":7.734788751736107,"label":"University of Strathclyde"}],"conceptId":13},{"topicData":[{"numberOfDocuments":1.6871658005277501,"label":"Heriot-Watt University"},{"numberOfDocuments":0.0,"label":"Robert Gordon University"},{"numberOfDocuments":0.0,"label":"Glasgow Caledonian University"},{"numberOfDocuments":0.19658677565705066,"label":"Queen Margaret University"},{"numberOfDocuments":0.06521739130434782,"label":"University of the Highlands and Islands"},{"numberOfDocuments":0.6566820510663955,"label":"University of Dundee"},{"numberOfDocuments":0.007462686567164179,"label":"Edinburgh Napier University"},{"numberOfDocuments":0.8576736873238999,"label":"University of Stirling"},{"numberOfDocuments":0.0,"label":"Abertay University"},{"numberOfDocuments":0.405713306937422,"label":"University of Aberdeen"},{"numberOfDocuments":2.7662243347739275,"label":"University of Edinburgh"},{"numberOfDocuments":0.0213903743315508,"label":"University of the West of Scotland"},{"numberOfDocuments":0.15155693728591563,"label":"University of St Andrews"},{"numberOfDocuments":0.9210556680109505,"label":"University of Glasgow"},{"numberOfDocuments":2.142804369931451,"label":"University of Strathclyde"}],"conceptId":14},{"topicData":[{"numberOfDocuments":0.40442169680479667,"label":"Heriot-Watt University"},{"numberOfDocuments":0.08026424606884948,"label":"Robert Gordon University"},{"numberOfDocuments":0.10729847494553377,"label":"Glasgow Caledonian University"},{"numberOfDocuments":0.1089437172755187,"label":"Queen Margaret University"},{"numberOfDocuments":0.27316593132760164,"label":"University of the Highlands and Islands"},{"numberOfDocuments":3.871878619350429,"label":"University of Dundee"},{"numberOfDocuments":0.11413545285989594,"label":"Edinburgh Napier University"},{"numberOfDocuments":1.3335051231296728,"label":"University of Stirling"},{"numberOfDocuments":0.0,"label":"Abertay University"},{"numberOfDocuments":5.927282074819222,"label":"University of Aberdeen"},{"numberOfDocuments":19.281007484518497,"label":"University of Edinburgh"},{"numberOfDocuments":0.08389890930182976,"label":"University of the West of Scotland"},{"numberOfDocuments":15.059937752343142,"label":"University of St Andrews"},{"numberOfDocuments":13.628383804930975,"label":"University of Glasgow"},{"numberOfDocuments":6.749952117861167,"label":"University of Strathclyde"}],"conceptId":15},{"topicData":[{"numberOfDocuments":0.5413627571488477,"label":"Heriot-Watt University"},{"numberOfDocuments":0.03302541928721174,"label":"Robert Gordon University"},{"numberOfDocuments":0.39537141155354766,"label":"Glasgow Caledonian University"},{"numberOfDocuments":0.1712747865026752,"label":"Queen Margaret University"},{"numberOfDocuments":0.0625,"label":"University of the Highlands and Islands"},{"numberOfDocuments":6.5473409854954845,"label":"University of Dundee"},{"numberOfDocuments":0.3627961019274669,"label":"Edinburgh Napier University"},{"numberOfDocuments":7.318081254367,"label":"University of Stirling"},{"numberOfDocuments":0.25822929836137865,"label":"Abertay University"},{"numberOfDocuments":3.821190647290052,"label":"University of Aberdeen"},{"numberOfDocuments":6.83327626609438,"label":"University of Edinburgh"},{"numberOfDocuments":0.30385362278431,"label":"University of the West of Scotland"},{"numberOfDocuments":1.2992810523930716,"label":"University of St Andrews"},{"numberOfDocuments":20.893449405457737,"label":"University of Glasgow"},{"numberOfDocuments":2.704000579016939,"label":"University of Strathclyde"}],"conceptId":16},{"topicData":[{"numberOfDocuments":1.521071736187077,"label":"Heriot-Watt University"},{"numberOfDocuments":0.5949430640137684,"label":"Robert Gordon University"},{"numberOfDocuments":2.0114930207273005,"label":"Glasgow Caledonian University"},{"numberOfDocuments":0.07856475343924543,"label":"Queen Margaret University"},{"numberOfDocuments":0.4006292106048541,"label":"University of the Highlands and Islands"},{"numberOfDocuments":17.533686757772568,"label":"University of Dundee"},{"numberOfDocuments":1.1977011115460505,"label":"Edinburgh Napier University"},{"numberOfDocuments":0.1994151994042252,"label":"University of Stirling"},{"numberOfDocuments":0.06542056074766354,"label":"Abertay University"},{"numberOfDocuments":3.5078223765179453,"label":"University of Aberdeen"},{"numberOfDocuments":23.67842461632458,"label":"University of Edinburgh"},{"numberOfDocuments":0.5697273740752001,"label":"University of the West of Scotland"},{"numberOfDocuments":3.6189283837363626,"label":"University of St Andrews"},{"numberOfDocuments":7.569228654245899,"label":"University of Glasgow"},{"numberOfDocuments":1.522116853929186,"label":"University of Strathclyde"}],"conceptId":17},{"topicData":[{"numberOfDocuments":2.291224498299318,"label":"Heriot-Watt University"},{"numberOfDocuments":0.11921458625525946,"label":"Robert Gordon University"},{"numberOfDocuments":0.02665789040645055,"label":"Glasgow Caledonian University"},{"numberOfDocuments":0.11804420744818096,"label":"Queen Margaret University"},{"numberOfDocuments":2.075766991310408,"label":"University of the Highlands and Islands"},{"numberOfDocuments":0.1416923601367912,"label":"University of Dundee"},{"numberOfDocuments":0.007936507936507936,"label":"Edinburgh Napier University"},{"numberOfDocuments":2.0028281705748676,"label":"University of Stirling"},{"numberOfDocuments":0.07086614173228346,"label":"Abertay University"},{"numberOfDocuments":1.8353609094547825,"label":"University of Aberdeen"},{"numberOfDocuments":2.320885275987565,"label":"University of Edinburgh"},{"numberOfDocuments":0.5829839749642409,"label":"University of the West of Scotland"},{"numberOfDocuments":0.6167281243518941,"label":"University of St Andrews"},{"numberOfDocuments":8.452141920474224,"label":"University of Glasgow"},{"numberOfDocuments":0.6430634115545658,"label":"University of Strathclyde"}],"conceptId":18},{"topicData":[{"numberOfDocuments":0.49894429882071956,"label":"Heriot-Watt University"},{"numberOfDocuments":0.3417762153361232,"label":"Robert Gordon University"},{"numberOfDocuments":0.41342261715086903,"label":"Glasgow Caledonian University"},{"numberOfDocuments":0.21474790577817518,"label":"Queen Margaret University"},{"numberOfDocuments":0.14243600805291917,"label":"University of the Highlands and Islands"},{"numberOfDocuments":1.48497448246316,"label":"University of Dundee"},{"numberOfDocuments":0.0,"label":"Edinburgh Napier University"},{"numberOfDocuments":0.6178851817548886,"label":"University of Stirling"},{"numberOfDocuments":0.04819277108433735,"label":"Abertay University"},{"numberOfDocuments":0.4523780248519502,"label":"University of Aberdeen"},{"numberOfDocuments":2.4858538264075496,"label":"University of Edinburgh"},{"numberOfDocuments":0.015748031496062992,"label":"University of the West of Scotland"},{"numberOfDocuments":0.366335388839431,"label":"University of St Andrews"},{"numberOfDocuments":2.082552082318587,"label":"University of Glasgow"},{"numberOfDocuments":0.9731795822583852,"label":"University of Strathclyde"}],"conceptId":19}]