[{"topicData":[{"numberOfDocuments":0.0,"label":"Robert Gordon University"},{"numberOfDocuments":0.0,"label":"Heriot-Watt University"},{"numberOfDocuments":0.0,"label":"Glasgow Caledonian University"},{"numberOfDocuments":0.0,"label":"Queen Margaret University"},{"numberOfDocuments":0.0,"label":"University of Dundee"},{"numberOfDocuments":0.0,"label":"University of the Highlands and Islands"},{"numberOfDocuments":0.0,"label":"Edinburgh Napier University"},{"numberOfDocuments":0.0,"label":"University of Stirling"},{"numberOfDocuments":0.0,"label":"Abertay University"},{"numberOfDocuments":0.0,"label":"University of Aberdeen"},{"numberOfDocuments":0.0,"label":"University of Edinburgh"},{"numberOfDocuments":0.0,"label":"University of the West of Scotland"},{"numberOfDocuments":0.0,"label":"University of St Andrews"},{"numberOfDocuments":0.0,"label":"University of Glasgow"},{"numberOfDocuments":0.0,"label":"University of Strathclyde"}],"conceptId":-1},{"topicData":[{"numberOfDocuments":0.04377816609951256,"label":"Robert Gordon University"},{"numberOfDocuments":0.11764705882352941,"label":"Heriot-Watt University"},{"numberOfDocuments":1.6399503583574617,"label":"Glasgow Caledonian University"},{"numberOfDocuments":0.05953146652024995,"label":"Queen Margaret University"},{"numberOfDocuments":0.4680787865402153,"label":"University of Dundee"},{"numberOfDocuments":0.018154761904761903,"label":"University of the Highlands and Islands"},{"numberOfDocuments":0.08477178807408425,"label":"Edinburgh Napier University"},{"numberOfDocuments":0.1612091201543487,"label":"University of Stirling"},{"numberOfDocuments":0.05258420824458561,"label":"Abertay University"},{"numberOfDocuments":4.339924536951116,"label":"University of Aberdeen"},{"numberOfDocuments":6.278241931595961,"label":"University of Edinburgh"},{"numberOfDocuments":0.02962962962962963,"label":"University of the West of Scotland"},{"numberOfDocuments":1.7715087726278456,"label":"University of St Andrews"},{"numberOfDocuments":4.101644615927355,"label":"University of Glasgow"},{"numberOfDocuments":0.885929940108095,"label":"University of Strathclyde"}],"conceptId":0},{"topicData":[{"numberOfDocuments":5.598963444598186,"label":"Robert Gordon University"},{"numberOfDocuments":5.572836407473159,"label":"Heriot-Watt University"},{"numberOfDocuments":6.206311952288743,"label":"Glasgow Caledonian University"},{"numberOfDocuments":15.36917092433696,"label":"Queen Margaret University"},{"numberOfDocuments":17.444923264772463,"label":"University of Dundee"},{"numberOfDocuments":4.459240418517762,"label":"University of the Highlands and Islands"},{"numberOfDocuments":8.498027081404702,"label":"Edinburgh Napier University"},{"numberOfDocuments":33.83829992890499,"label":"University of Stirling"},{"numberOfDocuments":2.3327984256670424,"label":"Abertay University"},{"numberOfDocuments":14.23392534420405,"label":"University of Aberdeen"},{"numberOfDocuments":44.01157351220491,"label":"University of Edinburgh"},{"numberOfDocuments":8.33491695912626,"label":"University of the West of Scotland"},{"numberOfDocuments":9.246525346500846,"label":"University of St Andrews"},{"numberOfDocuments":46.34736820707414,"label":"University of Glasgow"},{"numberOfDocuments":25.974178428504924,"label":"University of Strathclyde"}],"conceptId":1},{"topicData":[{"numberOfDocuments":0.034482758620689655,"label":"Robert Gordon University"},{"numberOfDocuments":0.1840684068406841,"label":"Heriot-Watt University"},{"numberOfDocuments":1.711747495958825,"label":"Glasgow Caledonian University"},{"numberOfDocuments":0.5071404484476427,"label":"Queen Margaret University"},{"numberOfDocuments":2.584292605875969,"label":"University of Dundee"},{"numberOfDocuments":0.08960332675965041,"label":"University of the Highlands and Islands"},{"numberOfDocuments":0.48284438866685153,"label":"Edinburgh Napier University"},{"numberOfDocuments":2.5812305973364196,"label":"University of Stirling"},{"numberOfDocuments":0.0,"label":"Abertay University"},{"numberOfDocuments":1.471098244115558,"label":"University of Aberdeen"},{"numberOfDocuments":3.4025193310748048,"label":"University of Edinburgh"},{"numberOfDocuments":0.5108079168757086,"label":"University of the West of Scotland"},{"numberOfDocuments":0.09822260151591636,"label":"University of St Andrews"},{"numberOfDocuments":3.374110965382473,"label":"University of Glasgow"},{"numberOfDocuments":0.17194457214560555,"label":"University of Strathclyde"}],"conceptId":2},{"topicData":[{"numberOfDocuments":2.7412696560848397,"label":"Robert Gordon University"},{"numberOfDocuments":1.670798530249267,"label":"Heriot-Watt University"},{"numberOfDocuments":2.912894819252164,"label":"Glasgow Caledonian University"},{"numberOfDocuments":3.3522569219405733,"label":"Queen Margaret University"},{"numberOfDocuments":11.877490898921904,"label":"University of Dundee"},{"numberOfDocuments":1.1107117303104574,"label":"University of the Highlands and Islands"},{"numberOfDocuments":5.37410489495494,"label":"Edinburgh Napier University"},{"numberOfDocuments":13.718539488570721,"label":"University of Stirling"},{"numberOfDocuments":0.33910632505957794,"label":"Abertay University"},{"numberOfDocuments":10.856784773334857,"label":"University of Aberdeen"},{"numberOfDocuments":21.580413801032268,"label":"University of Edinburgh"},{"numberOfDocuments":1.1390378931644805,"label":"University of the West of Scotland"},{"numberOfDocuments":4.82992304794862,"label":"University of St Andrews"},{"numberOfDocuments":27.031931222800843,"label":"University of Glasgow"},{"numberOfDocuments":9.163540388251842,"label":"University of Strathclyde"}],"conceptId":3},{"topicData":[{"numberOfDocuments":2.3828856761949395,"label":"Robert Gordon University"},{"numberOfDocuments":0.8969558671891849,"label":"Heriot-Watt University"},{"numberOfDocuments":2.333760100454032,"label":"Glasgow Caledonian University"},{"numberOfDocuments":2.0423461564041925,"label":"Queen Margaret University"},{"numberOfDocuments":6.156315068767661,"label":"University of Dundee"},{"numberOfDocuments":0.45285431658328495,"label":"University of the Highlands and Islands"},{"numberOfDocuments":3.9043974179385423,"label":"Edinburgh Napier University"},{"numberOfDocuments":5.280135640424222,"label":"University of Stirling"},{"numberOfDocuments":0.8699615803926843,"label":"Abertay University"},{"numberOfDocuments":4.81830468089097,"label":"University of Aberdeen"},{"numberOfDocuments":19.37710669342139,"label":"University of Edinburgh"},{"numberOfDocuments":1.6476204131562187,"label":"University of the West of Scotland"},{"numberOfDocuments":3.2779944436727346,"label":"University of St Andrews"},{"numberOfDocuments":13.19653063508996,"label":"University of Glasgow"},{"numberOfDocuments":4.691066254847034,"label":"University of Strathclyde"}],"conceptId":4},{"topicData":[{"numberOfDocuments":1.2241163524562229,"label":"Robert Gordon University"},{"numberOfDocuments":0.2714971291264395,"label":"Heriot-Watt University"},{"numberOfDocuments":3.8426578273927148,"label":"Glasgow Caledonian University"},{"numberOfDocuments":0.300015948603434,"label":"Queen Margaret University"},{"numberOfDocuments":2.2279601440562895,"label":"University of Dundee"},{"numberOfDocuments":0.5210084033613446,"label":"University of the Highlands and Islands"},{"numberOfDocuments":0.013513513513513514,"label":"Edinburgh Napier University"},{"numberOfDocuments":1.310080926320389,"label":"University of Stirling"},{"numberOfDocuments":0.008403361344537815,"label":"Abertay University"},{"numberOfDocuments":7.054215069399726,"label":"University of Aberdeen"},{"numberOfDocuments":3.560289597406318,"label":"University of Edinburgh"},{"numberOfDocuments":0.0,"label":"University of the West of Scotland"},{"numberOfDocuments":0.36910099683354763,"label":"University of St Andrews"},{"numberOfDocuments":2.4372975190077546,"label":"University of Glasgow"},{"numberOfDocuments":0.35027938233594647,"label":"University of Strathclyde"}],"conceptId":5},{"topicData":[{"numberOfDocuments":0.016376921138825898,"label":"Robert Gordon University"},{"numberOfDocuments":0.6882592487400475,"label":"Heriot-Watt University"},{"numberOfDocuments":0.26293263077074575,"label":"Glasgow Caledonian University"},{"numberOfDocuments":0.9617861561422444,"label":"Queen Margaret University"},{"numberOfDocuments":0.9539326268934406,"label":"University of Dundee"},{"numberOfDocuments":0.19354262918364232,"label":"University of the Highlands and Islands"},{"numberOfDocuments":0.5478364635154481,"label":"Edinburgh Napier University"},{"numberOfDocuments":4.643398100830364,"label":"University of Stirling"},{"numberOfDocuments":0.12193826750746764,"label":"Abertay University"},{"numberOfDocuments":1.8959077119040546,"label":"University of Aberdeen"},{"numberOfDocuments":9.213084899401949,"label":"University of Edinburgh"},{"numberOfDocuments":0.7095723997402152,"label":"University of the West of Scotland"},{"numberOfDocuments":1.3041360678960436,"label":"University of St Andrews"},{"numberOfDocuments":8.292964295474885,"label":"University of Glasgow"},{"numberOfDocuments":3.449081008928964,"label":"University of Strathclyde"}],"conceptId":6},{"topicData":[{"numberOfDocuments":2.3401222955025944,"label":"Robert Gordon University"},{"numberOfDocuments":0.9684942830044111,"label":"Heriot-Watt University"},{"numberOfDocuments":3.1693277598044807,"label":"Glasgow Caledonian University"},{"numberOfDocuments":2.414963006628605,"label":"Queen Margaret University"},{"numberOfDocuments":11.085641867225327,"label":"University of Dundee"},{"numberOfDocuments":2.5013933831521826,"label":"University of the Highlands and Islands"},{"numberOfDocuments":6.765664060489821,"label":"Edinburgh Napier University"},{"numberOfDocuments":16.910491166641222,"label":"University of Stirling"},{"numberOfDocuments":0.34893235503939013,"label":"Abertay University"},{"numberOfDocuments":6.7500444948905525,"label":"University of Aberdeen"},{"numberOfDocuments":15.55421590142261,"label":"University of Edinburgh"},{"numberOfDocuments":0.662645308756397,"label":"University of the West of Scotland"},{"numberOfDocuments":2.676363444892646,"label":"University of St Andrews"},{"numberOfDocuments":21.367546765230244,"label":"University of Glasgow"},{"numberOfDocuments":5.751915673710911,"label":"University of Strathclyde"}],"conceptId":7},{"topicData":[{"numberOfDocuments":2.784630498201813,"label":"Robert Gordon University"},{"numberOfDocuments":1.057131979330851,"label":"Heriot-Watt University"},{"numberOfDocuments":8.86876053889757,"label":"Glasgow Caledonian University"},{"numberOfDocuments":7.274739073951418,"label":"Queen Margaret University"},{"numberOfDocuments":28.86329235007961,"label":"University of Dundee"},{"numberOfDocuments":1.477545955809846,"label":"University of the Highlands and Islands"},{"numberOfDocuments":5.917189155051115,"label":"Edinburgh Napier University"},{"numberOfDocuments":19.23142662966524,"label":"University of Stirling"},{"numberOfDocuments":1.9298573753407942,"label":"Abertay University"},{"numberOfDocuments":26.313404702721424,"label":"University of Aberdeen"},{"numberOfDocuments":46.36834485063586,"label":"University of Edinburgh"},{"numberOfDocuments":0.9605309171571303,"label":"University of the West of Scotland"},{"numberOfDocuments":9.25807457144703,"label":"University of St Andrews"},{"numberOfDocuments":63.01834200244858,"label":"University of Glasgow"},{"numberOfDocuments":12.30493113814634,"label":"University of Strathclyde"}],"conceptId":8},{"topicData":[{"numberOfDocuments":0.48364590044691125,"label":"Robert Gordon University"},{"numberOfDocuments":0.3926178985401072,"label":"Heriot-Watt University"},{"numberOfDocuments":1.3703664442419283,"label":"Glasgow Caledonian University"},{"numberOfDocuments":1.3169437791213168,"label":"Queen Margaret University"},{"numberOfDocuments":17.296518235079326,"label":"University of Dundee"},{"numberOfDocuments":0.6711385639730146,"label":"University of the Highlands and Islands"},{"numberOfDocuments":2.347205838699572,"label":"Edinburgh Napier University"},{"numberOfDocuments":3.937871786647219,"label":"University of Stirling"},{"numberOfDocuments":0.2076884738836824,"label":"Abertay University"},{"numberOfDocuments":13.872025917387095,"label":"University of Aberdeen"},{"numberOfDocuments":37.10162306973167,"label":"University of Edinburgh"},{"numberOfDocuments":0.48760034434619215,"label":"University of the West of Scotland"},{"numberOfDocuments":6.639177910330932,"label":"University of St Andrews"},{"numberOfDocuments":47.30555676449585,"label":"University of Glasgow"},{"numberOfDocuments":2.928132296760662,"label":"University of Strathclyde"}],"conceptId":9},{"topicData":[{"numberOfDocuments":1.6976473510620647,"label":"Robert Gordon University"},{"numberOfDocuments":2.1756368537936908,"label":"Heriot-Watt University"},{"numberOfDocuments":6.696671058912025,"label":"Glasgow Caledonian University"},{"numberOfDocuments":15.212447516181152,"label":"Queen Margaret University"},{"numberOfDocuments":6.756317810189961,"label":"University of Dundee"},{"numberOfDocuments":0.3969102034655425,"label":"University of the Highlands and Islands"},{"numberOfDocuments":4.782950813633169,"label":"Edinburgh Napier University"},{"numberOfDocuments":4.29305269914243,"label":"University of Stirling"},{"numberOfDocuments":0.25775069614923046,"label":"Abertay University"},{"numberOfDocuments":3.8263345652309035,"label":"University of Aberdeen"},{"numberOfDocuments":8.684939411231804,"label":"University of Edinburgh"},{"numberOfDocuments":1.6409123544588398,"label":"University of the West of Scotland"},{"numberOfDocuments":2.8048206215124347,"label":"University of St Andrews"},{"numberOfDocuments":19.162815988528425,"label":"University of Glasgow"},{"numberOfDocuments":4.869766336540609,"label":"University of Strathclyde"}],"conceptId":10},{"topicData":[{"numberOfDocuments":1.0626684814042595,"label":"Robert Gordon University"},{"numberOfDocuments":1.8189684076137405,"label":"Heriot-Watt University"},{"numberOfDocuments":1.3393927502593186,"label":"Glasgow Caledonian University"},{"numberOfDocuments":2.8036353118249946,"label":"Queen Margaret University"},{"numberOfDocuments":17.41292901069508,"label":"University of Dundee"},{"numberOfDocuments":1.5959022166021644,"label":"University of the Highlands and Islands"},{"numberOfDocuments":0.7066691840001853,"label":"Edinburgh Napier University"},{"numberOfDocuments":3.7130711160253274,"label":"University of Stirling"},{"numberOfDocuments":0.46241108298214195,"label":"Abertay University"},{"numberOfDocuments":8.678141838222201,"label":"University of Aberdeen"},{"numberOfDocuments":28.23114150053265,"label":"University of Edinburgh"},{"numberOfDocuments":1.071029058504259,"label":"University of the West of Scotland"},{"numberOfDocuments":4.243216051618239,"label":"University of St Andrews"},{"numberOfDocuments":45.1508494796567,"label":"University of Glasgow"},{"numberOfDocuments":7.993834932052866,"label":"University of Strathclyde"}],"conceptId":11},{"topicData":[{"numberOfDocuments":0.6437069112589244,"label":"Robert Gordon University"},{"numberOfDocuments":0.5531121330822838,"label":"Heriot-Watt University"},{"numberOfDocuments":2.5316611789585908,"label":"Glasgow Caledonian University"},{"numberOfDocuments":1.6666567354055442,"label":"Queen Margaret University"},{"numberOfDocuments":5.683171835567293,"label":"University of Dundee"},{"numberOfDocuments":0.34199720398828154,"label":"University of the Highlands and Islands"},{"numberOfDocuments":1.0356408397820542,"label":"Edinburgh Napier University"},{"numberOfDocuments":1.7606993166939566,"label":"University of Stirling"},{"numberOfDocuments":0.35606368534967214,"label":"Abertay University"},{"numberOfDocuments":10.10738388820336,"label":"University of Aberdeen"},{"numberOfDocuments":9.882814112455218,"label":"University of Edinburgh"},{"numberOfDocuments":0.0363514989683214,"label":"University of the West of Scotland"},{"numberOfDocuments":4.020750615123702,"label":"University of St Andrews"},{"numberOfDocuments":22.646131799195828,"label":"University of Glasgow"},{"numberOfDocuments":7.51924452314359,"label":"University of Strathclyde"}],"conceptId":12}]