{"linkageTable":[{"node2":15,"distance":0.462997432459175,"node1":8},{"node2":16,"distance":0.46371901381154,"node1":1},{"node2":11,"distance":0.472176272850975,"node1":5},{"node2":6,"distance":0.477366080590415,"node1":0},{"node2":18,"distance":0.48026257314388254,"node1":19},{"node2":7,"distance":0.483750875307025,"node1":4},{"node2":12,"distance":0.484854009046055,"node1":2},{"node2":17,"distance":0.485382845945935,"node1":23},{"node2":21,"distance":0.4872225117544225,"node1":22},{"node2":14,"distance":0.48819577497919253,"node1":20},{"node2":13,"distance":0.488963638539655,"node1":27},{"node2":26,"distance":0.4900314802350009,"node1":28},{"node2":30,"distance":0.4928161753305938,"node1":29},{"node2":10,"distance":0.49335220195923,"node1":25},{"node2":32,"distance":0.49460900233921834,"node1":31},{"node2":24,"distance":0.49611513614900543,"node1":33},{"node2":3,"distance":0.49769332380512643,"node1":34},{"node2":9,"distance":0.4995586748444911,"node1":35}],"conceptsData":[{"conceptId":1,"clusterId":0,"hexCoordinates":{"x":-1.7320508075688772,"y":0},"labels":[{"weight":1381,"label":"depression"},{"weight":1090,"label":"symptom"},{"weight":818,"label":"anxiety"},{"weight":790,"label":"disorder"},{"weight":552,"label":"depressive"},{"weight":248,"label":"mood"},{"weight":245,"label":"study"},{"weight":219,"label":"fatigue"},{"weight":194,"label":"associate"},{"weight":187,"label":"report"},{"weight":186,"label":"participant"},{"weight":151,"label":"risk"},{"weight":148,"label":"psychiatric"},{"weight":146,"label":"bipolar"},{"weight":140,"label":"clinical"},{"weight":140,"label":"major"},{"weight":134,"label":"mdd"},{"weight":130,"label":"distress"},{"weight":129,"label":"psychological"},{"weight":127,"label":"score"},{"weight":127,"label":"individual"},{"weight":122,"label":"antidepressant"},{"weight":113,"label":"control"},{"weight":105,"label":"scale"},{"weight":104,"label":"mental"}],"subTopicId":76},{"conceptId":9,"clusterId":0,"hexCoordinates":{"x":0,"y":6},"labels":[{"weight":98,"label":"score"},{"weight":71,"label":"performance"},{"weight":63,"label":"test"},{"weight":62,"label":"medical"},{"weight":61,"label":"ukcat"},{"weight":59,"label":"school"},{"weight":46,"label":"diagram"},{"weight":41,"label":"selection"},{"weight":38,"label":"imitation"},{"weight":38,"label":"imitate"},{"weight":32,"label":"speculation"},{"weight":29,"label":"cognitive"},{"weight":27,"label":"error"},{"weight":26,"label":"examine"},{"weight":24,"label":"perform"},{"weight":23,"label":"validity"},{"weight":22,"label":"pal"},{"weight":22,"label":"type"},{"weight":22,"label":"method"},{"weight":21,"label":"math"},{"weight":20,"label":"epm"},{"weight":20,"label":"relationship"},{"weight":19,"label":"sjt"},{"weight":19,"label":"aptitude"},{"weight":18,"label":"clutter"}],"subTopicId":400},{"conceptId":8,"clusterId":0,"hexCoordinates":{"x":0,"y":0},"labels":[{"weight":1154,"label":"relationship"},{"weight":620,"label":"effect"},{"weight":567,"label":"association"},{"weight":482,"label":"associate"},{"weight":368,"label":"study"},{"weight":307,"label":"outcome"},{"weight":283,"label":"mediate"},{"weight":264,"label":"result"},{"weight":252,"label":"examine"},{"weight":251,"label":"data"},{"weight":239,"label":"behaviour"},{"weight":235,"label":"variable"},{"weight":214,"label":"analysis"},{"weight":206,"label":"support"},{"weight":196,"label":"level"},{"weight":190,"label":"investigate"},{"weight":183,"label":"moderate"},{"weight":183,"label":"model"},{"weight":173,"label":"negative"},{"weight":170,"label":"test"},{"weight":164,"label":"finding"},{"weight":161,"label":"causal"},{"weight":159,"label":"measure"},{"weight":156,"label":"link"},{"weight":153,"label":"longitudinal"}],"subTopicId":379},{"conceptId":17,"clusterId":0,"hexCoordinates":{"x":-0.8660254037844386,"y":-1.5},"labels":[{"weight":838,"label":"suicide"},{"weight":422,"label":"harm"},{"weight":359,"label":"suicidal"},{"weight":303,"label":"attempt"},{"weight":231,"label":"risk"},{"weight":180,"label":"ideation"},{"weight":104,"label":"behaviour"},{"weight":97,"label":"factor"},{"weight":88,"label":"thought"},{"weight":68,"label":"report"},{"weight":62,"label":"death"},{"weight":58,"label":"entrapment"},{"weight":57,"label":"suicidality"},{"weight":56,"label":"complete"},{"weight":52,"label":"history"},{"weight":49,"label":"defeat"},{"weight":45,"label":"poisoning"},{"weight":43,"label":"scale"},{"weight":41,"label":"participant"},{"weight":41,"label":"future"},{"weight":40,"label":"method"},{"weight":40,"label":"aim"},{"weight":39,"label":"prevention"},{"weight":39,"label":"behavior"},{"weight":35,"label":"background"}],"subTopicId":825},{"conceptId":18,"clusterId":0,"hexCoordinates":{"x":0.8660254037844386,"y":-1.5},"labels":[{"weight":648,"label":"positive"},{"weight":555,"label":"correlation"},{"weight":494,"label":"measure"},{"weight":413,"label":"negative"},{"weight":365,"label":"relationship"},{"weight":352,"label":"score"},{"weight":301,"label":"intelligence"},{"weight":283,"label":"significant"},{"weight":260,"label":"test"},{"weight":237,"label":"study"},{"weight":230,"label":"result"},{"weight":217,"label":"association"},{"weight":182,"label":"associate"},{"weight":176,"label":"participant"},{"weight":172,"label":"find"},{"weight":165,"label":"mood"},{"weight":132,"label":"previous"},{"weight":132,"label":"emotional"},{"weight":127,"label":"function"},{"weight":126,"label":"higher"},{"weight":122,"label":"significantly"},{"weight":116,"label":"complete"},{"weight":104,"label":"questionnaire"},{"weight":103,"label":"digit"},{"weight":103,"label":"correlate"}],"subTopicId":845},{"conceptId":3,"clusterId":0,"hexCoordinates":{"x":3.4641016151377544,"y":3},"labels":[{"weight":776,"label":"sleep"},{"weight":101,"label":"spindle"},{"weight":93,"label":"night"},{"weight":74,"label":"daytime"},{"weight":69,"label":"insomnia"},{"weight":64,"label":"condition"},{"weight":60,"label":"duration"},{"weight":47,"label":"nap"},{"weight":43,"label":"flow"},{"weight":40,"label":"morning"},{"weight":38,"label":"rem"},{"weight":37,"label":"profile"},{"weight":35,"label":"associate"},{"weight":34,"label":"layer"},{"weight":33,"label":"density"},{"weight":31,"label":"quality"},{"weight":31,"label":"debris"},{"weight":31,"label":"report"},{"weight":28,"label":"saline"},{"weight":28,"label":"wake"},{"weight":28,"label":"latency"},{"weight":28,"label":"exchange"},{"weight":27,"label":"sill"},{"weight":24,"label":"nighttime"},{"weight":24,"label":"bedtime"}],"subTopicId":205},{"conceptId":15,"clusterId":0,"hexCoordinates":{"x":1.7320508075688772,"y":0},"labels":[{"weight":362,"label":"attachment"},{"weight":145,"label":"aggression"},{"weight":119,"label":"anger"},{"weight":104,"label":"equity"},{"weight":70,"label":"emotion"},{"weight":66,"label":"regulation"},{"weight":64,"label":"aggressive"},{"weight":62,"label":"pbf"},{"weight":46,"label":"crowdfunding"},{"weight":35,"label":"secure"},{"weight":31,"label":"strategy"},{"weight":30,"label":"hostility"},{"weight":29,"label":"hcr"},{"weight":29,"label":"suppression"},{"weight":29,"label":"avoidance"},{"weight":28,"label":"verbal"},{"weight":25,"label":"individual"},{"weight":22,"label":"insecurity"},{"weight":20,"label":"restraint"},{"weight":20,"label":"related"},{"weight":19,"label":"anxiety"},{"weight":18,"label":"crowdfund"},{"weight":18,"label":"security"},{"weight":18,"label":"involvement"},{"weight":18,"label":"start"}],"subTopicId":774},{"conceptId":7,"clusterId":0,"hexCoordinates":{"x":1.7320508075688772,"y":6},"labels":[{"weight":552,"label":"cognitive"},{"weight":328,"label":"dementia"},{"weight":199,"label":"impairment"},{"weight":180,"label":"disease"},{"weight":131,"label":"year"},{"weight":91,"label":"test"},{"weight":88,"label":"decline"},{"weight":88,"label":"alzheimer"},{"weight":84,"label":"brain"},{"weight":84,"label":"study"},{"weight":78,"label":"cognition"},{"weight":77,"label":"participant"},{"weight":73,"label":"csd"},{"weight":71,"label":"people"},{"weight":64,"label":"apoe"},{"weight":61,"label":"data"},{"weight":59,"label":"assessment"},{"weight":54,"label":"memory"},{"weight":54,"label":"healthy"},{"weight":54,"label":"measure"},{"weight":53,"label":"score"},{"weight":51,"label":"include"},{"weight":50,"label":"onset"},{"weight":50,"label":"function"},{"weight":50,"label":"age"}],"subTopicId":377},{"conceptId":13,"clusterId":0,"hexCoordinates":{"x":2.598076211353316,"y":1.5},"labels":[{"weight":249,"label":"criterion"},{"weight":175,"label":"ptsd"},{"weight":153,"label":"disorder"},{"weight":121,"label":"dsm"},{"weight":100,"label":"icd"},{"weight":97,"label":"diagnostic"},{"weight":75,"label":"classification"},{"weight":72,"label":"meet"},{"weight":71,"label":"diagnosis"},{"weight":43,"label":"international"},{"weight":42,"label":"clinical"},{"weight":41,"label":"addiction"},{"weight":41,"label":"category"},{"weight":39,"label":"icf"},{"weight":39,"label":"symptom"},{"weight":37,"label":"trauma"},{"weight":37,"label":"consistency"},{"weight":37,"label":"treatment"},{"weight":36,"label":"traumatic"},{"weight":36,"label":"stress"},{"weight":36,"label":"substance"},{"weight":33,"label":"cptsd"},{"weight":30,"label":"related"},{"weight":29,"label":"manual"},{"weight":26,"label":"bidirectional"}],"subTopicId":732},{"conceptId":11,"clusterId":0,"hexCoordinates":{"x":0,"y":3},"labels":[{"weight":366,"label":"schizophrenia"},{"weight":349,"label":"disorder"},{"weight":207,"label":"psychosis"},{"weight":166,"label":"symptom"},{"weight":139,"label":"cognitive"},{"weight":136,"label":"asd"},{"weight":112,"label":"negative"},{"weight":105,"label":"people"},{"weight":104,"label":"tom"},{"weight":99,"label":"psychiatric"},{"weight":96,"label":"antipsychotic"},{"weight":93,"label":"individual"},{"weight":87,"label":"psychotic"},{"weight":87,"label":"metacognition"},{"weight":85,"label":"study"},{"weight":82,"label":"autism"},{"weight":82,"label":"mental"},{"weight":77,"label":"clinical"},{"weight":77,"label":"spectrum"},{"weight":74,"label":"insomnia"},{"weight":72,"label":"impairment"},{"weight":70,"label":"metacognitive"},{"weight":68,"label":"positive"},{"weight":57,"label":"evidence"},{"weight":54,"label":"deficit"}],"subTopicId":725},{"conceptId":16,"clusterId":0,"hexCoordinates":{"x":-2.598076211353316,"y":1.5},"labels":[{"weight":2740,"label":"pain"},{"weight":723,"label":"chronic"},{"weight":156,"label":"management"},{"weight":125,"label":"back"},{"weight":113,"label":"experience"},{"weight":95,"label":"intensity"},{"weight":93,"label":"analgesic"},{"weight":85,"label":"opioid"},{"weight":85,"label":"woman"},{"weight":73,"label":"severity"},{"weight":72,"label":"cpp"},{"weight":72,"label":"treatment"},{"weight":72,"label":"patient"},{"weight":71,"label":"disability"},{"weight":69,"label":"related"},{"weight":66,"label":"neuropathic"},{"weight":64,"label":"cwp"},{"weight":64,"label":"painful"},{"weight":63,"label":"questionnaire"},{"weight":58,"label":"objective"},{"weight":58,"label":"symptom"},{"weight":57,"label":"musculoskeletal"},{"weight":53,"label":"widespread"},{"weight":51,"label":"low"},{"weight":51,"label":"study"}],"subTopicId":819},{"conceptId":12,"clusterId":0,"hexCoordinates":{"x":-1.7320508075688772,"y":3},"labels":[{"weight":849,"label":"social"},{"weight":607,"label":"wellbeing"},{"weight":562,"label":"life"},{"weight":523,"label":"perceive"},{"weight":483,"label":"support"},{"weight":453,"label":"positive"},{"weight":431,"label":"satisfaction"},{"weight":418,"label":"study"},{"weight":396,"label":"perception"},{"weight":380,"label":"psychological"},{"weight":357,"label":"relationship"},{"weight":330,"label":"intention"},{"weight":328,"label":"health"},{"weight":279,"label":"influence"},{"weight":269,"label":"effect"},{"weight":269,"label":"factor"},{"weight":237,"label":"quality"},{"weight":233,"label":"attitude"},{"weight":215,"label":"impact"},{"weight":205,"label":"finding"},{"weight":200,"label":"emotional"},{"weight":199,"label":"affect"},{"weight":196,"label":"examine"},{"weight":193,"label":"behaviour"},{"weight":192,"label":"associate"}],"subTopicId":729},{"conceptId":14,"clusterId":0,"hexCoordinates":{"x":-0.8660254037844386,"y":1.5},"labels":[{"weight":1405,"label":"health"},{"weight":1051,"label":"mental"},{"weight":783,"label":"life"},{"weight":646,"label":"quality"},{"weight":378,"label":"physical"},{"weight":364,"label":"anxiety"},{"weight":332,"label":"depression"},{"weight":320,"label":"qol"},{"weight":300,"label":"psychological"},{"weight":272,"label":"distress"},{"weight":256,"label":"hrqol"},{"weight":235,"label":"related"},{"weight":226,"label":"symptom"},{"weight":175,"label":"outcome"},{"weight":170,"label":"score"},{"weight":163,"label":"stress"},{"weight":160,"label":"impact"},{"weight":148,"label":"report"},{"weight":144,"label":"mindfulness"},{"weight":127,"label":"problem"},{"weight":121,"label":"condition"},{"weight":112,"label":"people"},{"weight":110,"label":"illness"},{"weight":106,"label":"associate"},{"weight":98,"label":"questionnaire"}],"subTopicId":739},{"conceptId":-1,"clusterId":-1,"hexCoordinates":{"x":6.928203230275509,"y":6},"labels":[{"weight":2500,"label":"Unclassified"},{"weight":0,"label":""},{"weight":0,"label":""},{"weight":0,"label":""},{"weight":0,"label":""},{"weight":0,"label":""},{"weight":0,"label":""},{"weight":0,"label":""},{"weight":0,"label":""},{"weight":0,"label":""},{"weight":0,"label":""}],"subTopicId":null},{"conceptId":10,"clusterId":0,"hexCoordinates":{"x":-2.598076211353316,"y":4.5},"labels":[{"weight":995,"label":"personality"},{"weight":658,"label":"trait"},{"weight":182,"label":"individual"},{"weight":147,"label":"style"},{"weight":141,"label":"factor"},{"weight":127,"label":"score"},{"weight":127,"label":"study"},{"weight":114,"label":"dimension"},{"weight":105,"label":"difference"},{"weight":103,"label":"neuroticism"},{"weight":100,"label":"conscientiousness"},{"weight":98,"label":"humor"},{"weight":94,"label":"predict"},{"weight":91,"label":"rating"},{"weight":88,"label":"extraversion"},{"weight":84,"label":"association"},{"weight":79,"label":"associate"},{"weight":78,"label":"facet"},{"weight":78,"label":"relationship"},{"weight":77,"label":"openness"},{"weight":77,"label":"find"},{"weight":74,"label":"finding"},{"weight":73,"label":"examine"},{"weight":72,"label":"domain"},{"weight":71,"label":"item"}],"subTopicId":718},{"conceptId":2,"clusterId":0,"hexCoordinates":{"x":-0.8660254037844386,"y":4.5},"labels":[{"weight":480,"label":"measure"},{"weight":246,"label":"score"},{"weight":137,"label":"reliability"},{"weight":119,"label":"adherence"},{"weight":113,"label":"ers"},{"weight":112,"label":"validity"},{"weight":93,"label":"study"},{"weight":92,"label":"quality"},{"weight":88,"label":"assess"},{"weight":81,"label":"rating"},{"weight":81,"label":"high"},{"weight":56,"label":"responsiveness"},{"weight":53,"label":"reminder"},{"weight":52,"label":"rater"},{"weight":51,"label":"diary"},{"weight":48,"label":"item"},{"weight":44,"label":"health"},{"weight":44,"label":"questionnaire"},{"weight":36,"label":"good"},{"weight":36,"label":"internal"},{"weight":34,"label":"rate"},{"weight":33,"label":"standard"},{"weight":32,"label":"alpha"},{"weight":32,"label":"base"},{"weight":32,"label":"change"}],"subTopicId":100},{"conceptId":5,"clusterId":0,"hexCoordinates":{"x":0.8660254037844386,"y":1.5},"labels":[{"weight":356,"label":"trauma"},{"weight":289,"label":"symptom"},{"weight":248,"label":"psychological"},{"weight":181,"label":"psychosis"},{"weight":179,"label":"study"},{"weight":166,"label":"anxiety"},{"weight":149,"label":"measure"},{"weight":147,"label":"relationship"},{"weight":142,"label":"participant"},{"weight":130,"label":"distress"},{"weight":127,"label":"stress"},{"weight":126,"label":"emotion"},{"weight":123,"label":"disorder"},{"weight":118,"label":"traumatic"},{"weight":114,"label":"schizophrenia"},{"weight":113,"label":"associate"},{"weight":112,"label":"questionnaire"},{"weight":109,"label":"emotional"},{"weight":104,"label":"analysis"},{"weight":102,"label":"experience"},{"weight":100,"label":"complete"},{"weight":99,"label":"depression"},{"weight":97,"label":"attachment"},{"weight":97,"label":"related"},{"weight":95,"label":"childhood"}],"subTopicId":276},{"conceptId":4,"clusterId":0,"hexCoordinates":{"x":2.598076211353316,"y":4.5},"labels":[{"weight":2274,"label":"cognitive"},{"weight":1006,"label":"ability"},{"weight":851,"label":"function"},{"weight":506,"label":"age"},{"weight":479,"label":"test"},{"weight":370,"label":"intelligence"},{"weight":296,"label":"association"},{"weight":275,"label":"decline"},{"weight":275,"label":"speed"},{"weight":262,"label":"performance"},{"weight":255,"label":"cognition"},{"weight":236,"label":"measure"},{"weight":236,"label":"year"},{"weight":232,"label":"associate"},{"weight":218,"label":"score"},{"weight":211,"label":"memory"},{"weight":206,"label":"executive"},{"weight":204,"label":"older"},{"weight":192,"label":"general"},{"weight":192,"label":"study"},{"weight":174,"label":"processing"},{"weight":150,"label":"domain"},{"weight":143,"label":"adult"},{"weight":141,"label":"life"},{"weight":140,"label":"change"}],"subTopicId":207},{"conceptId":6,"clusterId":0,"hexCoordinates":{"x":1.7320508075688772,"y":3},"labels":[{"weight":1118,"label":"item"},{"weight":910,"label":"scale"},{"weight":839,"label":"measure"},{"weight":662,"label":"factor"},{"weight":622,"label":"validity"},{"weight":400,"label":"instrument"},{"weight":377,"label":"analysis"},{"weight":376,"label":"questionnaire"},{"weight":369,"label":"study"},{"weight":359,"label":"score"},{"weight":324,"label":"reliability"},{"weight":318,"label":"test"},{"weight":306,"label":"construct"},{"weight":285,"label":"version"},{"weight":235,"label":"assess"},{"weight":231,"label":"tool"},{"weight":231,"label":"internal"},{"weight":219,"label":"result"},{"weight":203,"label":"sample"},{"weight":195,"label":"psychometric"},{"weight":189,"label":"assessment"},{"weight":182,"label":"develop"},{"weight":179,"label":"complete"},{"weight":174,"label":"structure"},{"weight":173,"label":"good"}],"subTopicId":356},{"conceptId":0,"clusterId":0,"hexCoordinates":{"x":0.8660254037844386,"y":4.5},"labels":[{"weight":684,"label":"patient"},{"weight":525,"label":"cognitive"},{"weight":523,"label":"impairment"},{"weight":315,"label":"control"},{"weight":305,"label":"motor"},{"weight":282,"label":"disease"},{"weight":193,"label":"parkinson"},{"weight":171,"label":"function"},{"weight":169,"label":"healthy"},{"weight":146,"label":"deficit"},{"weight":137,"label":"functional"},{"weight":122,"label":"score"},{"weight":121,"label":"impaired"},{"weight":118,"label":"mci"},{"weight":116,"label":"study"},{"weight":114,"label":"neuropsychological"},{"weight":111,"label":"group"},{"weight":110,"label":"disorder"},{"weight":110,"label":"compare"},{"weight":106,"label":"dementia"},{"weight":104,"label":"clinical"},{"weight":102,"label":"assessment"},{"weight":100,"label":"test"},{"weight":99,"label":"behavioural"},{"weight":99,"label":"case"}],"subTopicId":23}]}