{"linkageTable":[{"node2":15,"distance":0.43329084550315,"node1":5},{"node2":16,"distance":0.45423744142941,"node1":13},{"node2":4,"distance":0.456302946097565,"node1":0},{"node2":6,"distance":0.4592110440534,"node1":2},{"node2":12,"distance":0.4629419320147875,"node1":20},{"node2":17,"distance":0.46768637232955246,"node1":22},{"node2":7,"distance":0.4772286872825,"node1":1},{"node2":21,"distance":0.4807648644421225,"node1":10},{"node2":18,"distance":0.4841153360860333,"node1":24},{"node2":8,"distance":0.4878543579056687,"node1":28},{"node2":23,"distance":0.4880116017807575,"node1":25},{"node2":27,"distance":0.49174822270674423,"node1":26},{"node2":29,"distance":0.4934475512886842,"node1":30},{"node2":9,"distance":0.49436000011135406,"node1":31},{"node2":19,"distance":0.49627810520001453,"node1":32},{"node2":33,"distance":0.4976844471244362,"node1":34},{"node2":3,"distance":0.49806525249123557,"node1":35},{"node2":14,"distance":0.49962085782466303,"node1":36},{"node2":11,"distance":0.4999357119721153,"node1":37}],"conceptsData":[{"conceptId":-1,"clusterId":-1,"hexCoordinates":{"x":9.526279441628825,"y":1.5},"labels":[{"weight":2500,"label":"Unclassified"},{"weight":0,"label":""},{"weight":0,"label":""},{"weight":0,"label":""},{"weight":0,"label":""},{"weight":0,"label":""},{"weight":0,"label":""},{"weight":0,"label":""},{"weight":0,"label":""},{"weight":0,"label":""},{"weight":0,"label":""}],"subTopicId":null},{"conceptId":5,"clusterId":0,"hexCoordinates":{"x":0,"y":0},"labels":[{"weight":437,"label":"channel"},{"weight":218,"label":"current"},{"weight":182,"label":"sperm"},{"weight":171,"label":"increase"},{"weight":161,"label":"calcium"},{"weight":151,"label":"activity"},{"weight":150,"label":"response"},{"weight":113,"label":"cell"},{"weight":109,"label":"release"},{"weight":104,"label":"synaptic"},{"weight":104,"label":"induce"},{"weight":102,"label":"potential"},{"weight":98,"label":"stimulation"},{"weight":91,"label":"block"},{"weight":91,"label":"reduce"},{"weight":90,"label":"progesterone"},{"weight":88,"label":"catsper"},{"weight":88,"label":"conductance"},{"weight":85,"label":"ivf"},{"weight":80,"label":"spermatozoa"},{"weight":80,"label":"human"},{"weight":79,"label":"motility"},{"weight":79,"label":"activate"},{"weight":75,"label":"activation"},{"weight":74,"label":"concentration"}],"subTopicId":273},{"conceptId":3,"clusterId":0,"hexCoordinates":{"x":5.196152422706632,"y":-3},"labels":[{"weight":102,"label":"dual"},{"weight":60,"label":"left"},{"weight":55,"label":"cerebral"},{"weight":49,"label":"handedness"},{"weight":40,"label":"brain"},{"weight":38,"label":"hypoperfusion"},{"weight":36,"label":"asl"},{"weight":33,"label":"subject"},{"weight":28,"label":"change"},{"weight":27,"label":"leave"},{"weight":26,"label":"hander"},{"weight":25,"label":"compare"},{"weight":24,"label":"handed"},{"weight":24,"label":"impact"},{"weight":23,"label":"perfusion"},{"weight":21,"label":"cognitive"},{"weight":18,"label":"comt"},{"weight":18,"label":"head"},{"weight":18,"label":"control"},{"weight":18,"label":"spectroscopy"},{"weight":18,"label":"measure"},{"weight":17,"label":"naevus"},{"weight":17,"label":"inversion"},{"weight":17,"label":"hand"},{"weight":17,"label":"limited"}],"subTopicId":156},{"conceptId":18,"clusterId":0,"hexCoordinates":{"x":0.8660254037844386,"y":1.5},"labels":[{"weight":72,"label":"species"},{"weight":71,"label":"gamble"},{"weight":66,"label":"gambling"},{"weight":53,"label":"interneuron"},{"weight":50,"label":"express"},{"weight":44,"label":"horn"},{"weight":42,"label":"bet"},{"weight":41,"label":"population"},{"weight":39,"label":"grp"},{"weight":37,"label":"itch"},{"weight":36,"label":"neuron"},{"weight":34,"label":"sst"},{"weight":33,"label":"dorsal"},{"weight":32,"label":"native"},{"weight":31,"label":"excitatory"},{"weight":30,"label":"japan"},{"weight":30,"label":"substance"},{"weight":29,"label":"japonica"},{"weight":29,"label":"record"},{"weight":25,"label":"identify"},{"weight":23,"label":"ifd"},{"weight":22,"label":"find"},{"weight":21,"label":"lamina"},{"weight":21,"label":"peptide"},{"weight":21,"label":"ireland"}],"subTopicId":927},{"conceptId":7,"clusterId":0,"hexCoordinates":{"x":4.330127018922193,"y":-1.5},"labels":[{"weight":389,"label":"dementia"},{"weight":244,"label":"disease"},{"weight":153,"label":"cognitive"},{"weight":152,"label":"alzheimer"},{"weight":148,"label":"brain"},{"weight":122,"label":"imaging"},{"weight":105,"label":"clinical"},{"weight":92,"label":"patient"},{"weight":90,"label":"csf"},{"weight":84,"label":"biomarker"},{"weight":78,"label":"subject"},{"weight":75,"label":"vascular"},{"weight":71,"label":"study"},{"weight":70,"label":"amyloid"},{"weight":70,"label":"impairment"},{"weight":67,"label":"stage"},{"weight":63,"label":"diagnosis"},{"weight":61,"label":"early"},{"weight":60,"label":"mci"},{"weight":55,"label":"bbb"},{"weight":53,"label":"pathology"},{"weight":52,"label":"mild"},{"weight":51,"label":"trial"},{"weight":51,"label":"change"},{"weight":46,"label":"mri"}],"subTopicId":409},{"conceptId":19,"clusterId":0,"hexCoordinates":{"x":-0.8660254037844386,"y":-1.5},"labels":[{"weight":171,"label":"disc"},{"weight":68,"label":"side"},{"weight":28,"label":"ror"},{"weight":28,"label":"poi"},{"weight":24,"label":"glucocorticoid"},{"weight":21,"label":"medial"},{"weight":20,"label":"pfc"},{"weight":19,"label":"poag"},{"weight":19,"label":"schizophrenia"},{"weight":17,"label":"htt"},{"weight":16,"label":"ppp"},{"weight":16,"label":"ecr"},{"weight":14,"label":"orb"},{"weight":14,"label":"ere"},{"weight":14,"label":"lateral"},{"weight":13,"label":"availability"},{"weight":12,"label":"pacg"},{"weight":12,"label":"hemi"},{"weight":12,"label":"back"},{"weight":10,"label":"cto"},{"weight":10,"label":"fbxw"},{"weight":9,"label":"responsibilization"},{"weight":9,"label":"psychiatrist"},{"weight":9,"label":"truncation"},{"weight":8,"label":"polyq"}],"subTopicId":989},{"conceptId":4,"clusterId":0,"hexCoordinates":{"x":3.4641016151377544,"y":-3},"labels":[{"weight":376,"label":"disease"},{"weight":371,"label":"tau"},{"weight":362,"label":"prion"},{"weight":229,"label":"protein"},{"weight":212,"label":"amyloid"},{"weight":135,"label":"brain"},{"weight":128,"label":"alzheimer"},{"weight":125,"label":"prp"},{"weight":119,"label":"aggregation"},{"weight":84,"label":"app"},{"weight":83,"label":"scrapie"},{"weight":82,"label":"form"},{"weight":80,"label":"human"},{"weight":79,"label":"cjd"},{"weight":79,"label":"aggregate"},{"weight":74,"label":"oligomer"},{"weight":74,"label":"neurodegenerative"},{"weight":71,"label":"accumulation"},{"weight":67,"label":"bse"},{"weight":65,"label":"vcjd"},{"weight":60,"label":"pathology"},{"weight":59,"label":"prnp"},{"weight":59,"label":"soluble"},{"weight":57,"label":"pathological"},{"weight":57,"label":"associate"}],"subTopicId":270},{"conceptId":15,"clusterId":0,"hexCoordinates":{"x":1.7320508075688772,"y":0},"labels":[{"weight":505,"label":"neuron"},{"weight":143,"label":"motor"},{"weight":116,"label":"spinal"},{"weight":113,"label":"activity"},{"weight":109,"label":"cell"},{"weight":101,"label":"input"},{"weight":97,"label":"circuit"},{"weight":94,"label":"neuronal"},{"weight":89,"label":"firing"},{"weight":84,"label":"dopamine"},{"weight":83,"label":"interneuron"},{"weight":78,"label":"sensory"},{"weight":76,"label":"show"},{"weight":73,"label":"spike"},{"weight":73,"label":"network"},{"weight":70,"label":"ciliary"},{"weight":69,"label":"cord"},{"weight":67,"label":"inhibitory"},{"weight":67,"label":"population"},{"weight":65,"label":"excitatory"},{"weight":65,"label":"locomotor"},{"weight":62,"label":"pcd"},{"weight":59,"label":"output"},{"weight":59,"label":"pattern"},{"weight":58,"label":"system"}],"subTopicId":851},{"conceptId":17,"clusterId":0,"hexCoordinates":{"x":2.598076211353316,"y":-4.5},"labels":[{"weight":343,"label":"disease"},{"weight":231,"label":"protein"},{"weight":146,"label":"neurodegenerative"},{"weight":119,"label":"stress"},{"weight":116,"label":"neuron"},{"weight":114,"label":"cell"},{"weight":107,"label":"parkinson"},{"weight":102,"label":"mitochondrial"},{"weight":91,"label":"degeneration"},{"weight":84,"label":"neurodegeneration"},{"weight":81,"label":"tdp"},{"weight":81,"label":"loss"},{"weight":79,"label":"human"},{"weight":78,"label":"pathology"},{"weight":76,"label":"synaptic"},{"weight":75,"label":"motor"},{"weight":73,"label":"molecular"},{"weight":66,"label":"mitophagy"},{"weight":65,"label":"function"},{"weight":64,"label":"dopaminergic"},{"weight":63,"label":"associate"},{"weight":63,"label":"model"},{"weight":62,"label":"disorder"},{"weight":62,"label":"neuronal"},{"weight":56,"label":"alzheimer"}],"subTopicId":884},{"conceptId":12,"clusterId":0,"hexCoordinates":{"x":0.8660254037844386,"y":-1.5},"labels":[{"weight":507,"label":"neuron"},{"weight":456,"label":"synaptic"},{"weight":391,"label":"brain"},{"weight":358,"label":"neuronal"},{"weight":257,"label":"receptor"},{"weight":216,"label":"synaps"},{"weight":182,"label":"plasticity"},{"weight":169,"label":"hippocampal"},{"weight":162,"label":"activity"},{"weight":160,"label":"mouse"},{"weight":140,"label":"function"},{"weight":124,"label":"glutamate"},{"weight":103,"label":"dependent"},{"weight":102,"label":"synapse"},{"weight":101,"label":"dendritic"},{"weight":98,"label":"nmdar"},{"weight":94,"label":"nmda"},{"weight":93,"label":"show"},{"weight":88,"label":"cortical"},{"weight":86,"label":"neural"},{"weight":84,"label":"system"},{"weight":81,"label":"mechanism"},{"weight":80,"label":"excitatory"},{"weight":79,"label":"culture"},{"weight":78,"label":"postsynaptic"}],"subTopicId":682},{"conceptId":16,"clusterId":0,"hexCoordinates":{"x":2.598076211353316,"y":1.5},"labels":[{"weight":337,"label":"stimulation"},{"weight":245,"label":"alpha"},{"weight":171,"label":"frequency"},{"weight":146,"label":"visual"},{"weight":106,"label":"power"},{"weight":102,"label":"beta"},{"weight":97,"label":"sham"},{"weight":96,"label":"effect"},{"weight":92,"label":"band"},{"weight":91,"label":"brain"},{"weight":86,"label":"activity"},{"weight":76,"label":"stimulus"},{"weight":72,"label":"tac"},{"weight":71,"label":"entrainment"},{"weight":68,"label":"tdc"},{"weight":66,"label":"neural"},{"weight":63,"label":"oscillation"},{"weight":60,"label":"eeg"},{"weight":59,"label":"current"},{"weight":57,"label":"attention"},{"weight":56,"label":"state"},{"weight":55,"label":"rhythm"},{"weight":55,"label":"rhythmic"},{"weight":53,"label":"response"},{"weight":50,"label":"meg"}],"subTopicId":867},{"conceptId":10,"clusterId":0,"hexCoordinates":{"x":4.330127018922193,"y":1.5},"labels":[{"weight":330,"label":"visual"},{"weight":193,"label":"area"},{"weight":167,"label":"cortex"},{"weight":155,"label":"representation"},{"weight":149,"label":"region"},{"weight":146,"label":"information"},{"weight":141,"label":"temporal"},{"weight":127,"label":"processing"},{"weight":114,"label":"input"},{"weight":113,"label":"left"},{"weight":93,"label":"atl"},{"weight":90,"label":"functional"},{"weight":89,"label":"neural"},{"weight":87,"label":"stimulus"},{"weight":78,"label":"semantic"},{"weight":78,"label":"signal"},{"weight":76,"label":"cortical"},{"weight":74,"label":"contrast"},{"weight":70,"label":"human"},{"weight":67,"label":"anterior"},{"weight":67,"label":"field"},{"weight":64,"label":"fmri"},{"weight":58,"label":"ventral"},{"weight":58,"label":"receptive"},{"weight":56,"label":"lobe"}],"subTopicId":650},{"conceptId":9,"clusterId":0,"hexCoordinates":{"x":6.06217782649107,"y":1.5},"labels":[{"weight":584,"label":"movement"},{"weight":256,"label":"motor"},{"weight":147,"label":"eeg"},{"weight":117,"label":"patient"},{"weight":115,"label":"bci"},{"weight":102,"label":"hand"},{"weight":94,"label":"imagery"},{"weight":93,"label":"activity"},{"weight":89,"label":"limb"},{"weight":78,"label":"upper"},{"weight":72,"label":"participant"},{"weight":71,"label":"brain"},{"weight":69,"label":"cnp"},{"weight":50,"label":"sci"},{"weight":50,"label":"band"},{"weight":48,"label":"record"},{"weight":47,"label":"training"},{"weight":46,"label":"study"},{"weight":46,"label":"result"},{"weight":44,"label":"arm"},{"weight":44,"label":"classification"},{"weight":44,"label":"base"},{"weight":43,"label":"rehabilitation"},{"weight":42,"label":"compare"},{"weight":40,"label":"task"}],"subTopicId":521},{"conceptId":0,"clusterId":0,"hexCoordinates":{"x":1.7320508075688772,"y":-3},"labels":[{"weight":1570,"label":"mouse"},{"weight":503,"label":"model"},{"weight":478,"label":"brain"},{"weight":387,"label":"human"},{"weight":333,"label":"rat"},{"weight":249,"label":"animal"},{"weight":210,"label":"vivo"},{"weight":195,"label":"wild"},{"weight":186,"label":"reduce"},{"weight":171,"label":"study"},{"weight":164,"label":"microglium"},{"weight":156,"label":"type"},{"weight":154,"label":"increase"},{"weight":154,"label":"show"},{"weight":148,"label":"induce"},{"weight":137,"label":"result"},{"weight":110,"label":"rodent"},{"weight":108,"label":"injury"},{"weight":108,"label":"express"},{"weight":103,"label":"transgenic"},{"weight":99,"label":"suggest"},{"weight":93,"label":"loss"},{"weight":89,"label":"compare"},{"weight":85,"label":"expression"},{"weight":84,"label":"observe"}],"subTopicId":66},{"conceptId":6,"clusterId":0,"hexCoordinates":{"x":0.8660254037844386,"y":-4.5},"labels":[{"weight":1162,"label":"mouse"},{"weight":429,"label":"mutant"},{"weight":308,"label":"phenotype"},{"weight":227,"label":"sma"},{"weight":223,"label":"loss"},{"weight":216,"label":"model"},{"weight":206,"label":"defect"},{"weight":200,"label":"reduce"},{"weight":199,"label":"type"},{"weight":198,"label":"gene"},{"weight":183,"label":"development"},{"weight":168,"label":"function"},{"weight":163,"label":"mutation"},{"weight":150,"label":"smn"},{"weight":149,"label":"human"},{"weight":148,"label":"motor"},{"weight":148,"label":"level"},{"weight":144,"label":"normal"},{"weight":134,"label":"result"},{"weight":132,"label":"expression"},{"weight":129,"label":"deletion"},{"weight":125,"label":"protein"},{"weight":122,"label":"wild"},{"weight":122,"label":"show"},{"weight":121,"label":"cell"}],"subTopicId":338},{"conceptId":2,"clusterId":0,"hexCoordinates":{"x":0,"y":-3},"labels":[{"weight":269,"label":"axon"},{"weight":197,"label":"myelin"},{"weight":170,"label":"oligodendrocyte"},{"weight":138,"label":"myelination"},{"weight":127,"label":"axonal"},{"weight":105,"label":"glial"},{"weight":89,"label":"nervous"},{"weight":83,"label":"nerve"},{"weight":83,"label":"cell"},{"weight":81,"label":"remyelination"},{"weight":73,"label":"neuronal"},{"weight":69,"label":"sclerosis"},{"weight":66,"label":"system"},{"weight":63,"label":"multiple"},{"weight":59,"label":"sheath"},{"weight":58,"label":"injury"},{"weight":56,"label":"neuron"},{"weight":54,"label":"ganglioside"},{"weight":53,"label":"regeneration"},{"weight":51,"label":"lesion"},{"weight":47,"label":"complex"},{"weight":46,"label":"opc"},{"weight":45,"label":"nfasc"},{"weight":45,"label":"node"},{"weight":43,"label":"neurofascin"}],"subTopicId":121},{"conceptId":8,"clusterId":0,"hexCoordinates":{"x":2.598076211353316,"y":-1.5},"labels":[{"weight":237,"label":"spinal"},{"weight":173,"label":"cord"},{"weight":145,"label":"injury"},{"weight":143,"label":"pain"},{"weight":101,"label":"nerve"},{"weight":87,"label":"sensory"},{"weight":67,"label":"neuron"},{"weight":64,"label":"peripheral"},{"weight":60,"label":"mechanical"},{"weight":58,"label":"dorsal"},{"weight":57,"label":"rat"},{"weight":52,"label":"sci"},{"weight":51,"label":"induce"},{"weight":48,"label":"control"},{"weight":39,"label":"neuropathy"},{"weight":39,"label":"injection"},{"weight":36,"label":"hypersensitivity"},{"weight":36,"label":"drg"},{"weight":36,"label":"paclitaxel"},{"weight":35,"label":"melatonin"},{"weight":35,"label":"ganglia"},{"weight":35,"label":"root"},{"weight":34,"label":"neurological"},{"weight":33,"label":"ngf"},{"weight":32,"label":"cipn"}],"subTopicId":483},{"conceptId":11,"clusterId":0,"hexCoordinates":{"x":4.330127018922193,"y":-4.5},"labels":[{"weight":294,"label":"target"},{"weight":285,"label":"guide"},{"weight":189,"label":"channel"},{"weight":180,"label":"concise"},{"weight":173,"label":"provide"},{"weight":160,"label":"receptor"},{"weight":153,"label":"ion"},{"weight":147,"label":"pharmacology"},{"weight":137,"label":"present"},{"weight":133,"label":"ligand"},{"weight":122,"label":"drug"},{"weight":117,"label":"iuphar"},{"weight":93,"label":"nomenclature"},{"weight":89,"label":"pharmacological"},{"weight":89,"label":"information"},{"weight":88,"label":"human"},{"weight":84,"label":"full"},{"weight":81,"label":"gate"},{"weight":80,"label":"key"},{"weight":78,"label":"property"},{"weight":72,"label":"org"},{"weight":72,"label":"www"},{"weight":65,"label":"update"},{"weight":63,"label":"link"},{"weight":62,"label":"guidetopharmacology"}],"subTopicId":662},{"conceptId":13,"clusterId":0,"hexCoordinates":{"x":3.4641016151377544,"y":0},"labels":[{"weight":498,"label":"brain"},{"weight":450,"label":"neural"},{"weight":435,"label":"response"},{"weight":427,"label":"sensory"},{"weight":406,"label":"activity"},{"weight":385,"label":"stimulus"},{"weight":286,"label":"processing"},{"weight":237,"label":"eeg"},{"weight":186,"label":"signal"},{"weight":182,"label":"motor"},{"weight":171,"label":"perception"},{"weight":170,"label":"information"},{"weight":163,"label":"mechanism"},{"weight":158,"label":"cortex"},{"weight":149,"label":"auditory"},{"weight":147,"label":"task"},{"weight":141,"label":"visual"},{"weight":141,"label":"process"},{"weight":138,"label":"human"},{"weight":130,"label":"action"},{"weight":125,"label":"oscillation"},{"weight":118,"label":"record"},{"weight":114,"label":"suggest"},{"weight":113,"label":"perceptual"},{"weight":110,"label":"evidence"}],"subTopicId":743},{"conceptId":1,"clusterId":0,"hexCoordinates":{"x":5.196152422706632,"y":0},"labels":[{"weight":1300,"label":"brain"},{"weight":398,"label":"region"},{"weight":355,"label":"cortical"},{"weight":348,"label":"cortex"},{"weight":345,"label":"functional"},{"weight":325,"label":"volume"},{"weight":322,"label":"matter"},{"weight":298,"label":"connectivity"},{"weight":291,"label":"imaging"},{"weight":266,"label":"control"},{"weight":212,"label":"white"},{"weight":198,"label":"mri"},{"weight":194,"label":"structural"},{"weight":181,"label":"frontal"},{"weight":172,"label":"magnetic"},{"weight":166,"label":"fmri"},{"weight":162,"label":"resonance"},{"weight":154,"label":"network"},{"weight":150,"label":"neural"},{"weight":149,"label":"patient"},{"weight":145,"label":"prefrontal"},{"weight":145,"label":"healthy"},{"weight":144,"label":"area"},{"weight":131,"label":"group"},{"weight":130,"label":"temporal"}],"subTopicId":112},{"conceptId":14,"clusterId":0,"hexCoordinates":{"x":6.06217782649107,"y":-1.5},"labels":[{"weight":79,"label":"connectivity"},{"weight":31,"label":"brain"},{"weight":30,"label":"fad"},{"weight":28,"label":"penguin"},{"weight":26,"label":"stage"},{"weight":24,"label":"springback"},{"weight":23,"label":"paws"},{"weight":23,"label":"vstm"},{"weight":23,"label":"binding"},{"weight":21,"label":"synchrony"},{"weight":18,"label":"piece"},{"weight":18,"label":"eeg"},{"weight":18,"label":"increase"},{"weight":16,"label":"bite"},{"weight":15,"label":"phftd"},{"weight":14,"label":"lovelace"},{"weight":14,"label":"chocolate"},{"weight":12,"label":"receive"},{"weight":11,"label":"macaroni"},{"weight":11,"label":"prodromal"},{"weight":11,"label":"method"},{"weight":11,"label":"information"},{"weight":11,"label":"find"},{"weight":10,"label":"region"},{"weight":10,"label":"related"}],"subTopicId":793}]}