{"linkageTable":[{"node2":7,"distance":0.474906230246175,"node1":5},{"node2":3,"distance":0.47584169450324,"node1":2},{"node2":10,"distance":0.48174013124811,"node1":0},{"node2":6,"distance":0.4878183258644217,"node1":11},{"node2":9,"distance":0.4923516643580963,"node1":12},{"node2":1,"distance":0.4945867153591892,"node1":13},{"node2":4,"distance":0.4961422235189628,"node1":14},{"node2":8,"distance":0.4982333332068763,"node1":15}],"conceptsData":[{"conceptId":8,"clusterId":0,"hexCoordinates":{"x":1.7320508075688772,"y":3},"labels":[{"weight":1684,"label":"weight"},{"weight":1320,"label":"loss"},{"weight":263,"label":"man"},{"weight":233,"label":"programme"},{"weight":185,"label":"year"},{"weight":182,"label":"change"},{"weight":181,"label":"lose"},{"weight":173,"label":"ffit"},{"weight":171,"label":"group"},{"weight":161,"label":"diet"},{"weight":150,"label":"management"},{"weight":144,"label":"obesity"},{"weight":132,"label":"gain"},{"weight":117,"label":"participant"},{"weight":113,"label":"obese"},{"weight":113,"label":"overweight"},{"weight":103,"label":"report"},{"weight":98,"label":"football"},{"weight":97,"label":"baseline"},{"weight":94,"label":"physical"},{"weight":91,"label":"maintenance"},{"weight":90,"label":"activity"},{"weight":85,"label":"support"},{"weight":82,"label":"term"},{"weight":71,"label":"fan"}],"subTopicId":999},{"conceptId":1,"clusterId":0,"hexCoordinates":{"x":3.4641016151377544,"y":0},"labels":[{"weight":211,"label":"maternal"},{"weight":201,"label":"birth"},{"weight":200,"label":"pregnancy"},{"weight":172,"label":"exposure"},{"weight":161,"label":"fetal"},{"weight":122,"label":"preterm"},{"weight":117,"label":"expose"},{"weight":110,"label":"infant"},{"weight":108,"label":"risk"},{"weight":93,"label":"gestation"},{"weight":86,"label":"associate"},{"weight":79,"label":"woman"},{"weight":76,"label":"offspring"},{"weight":76,"label":"mother"},{"weight":75,"label":"week"},{"weight":72,"label":"outcome"},{"weight":71,"label":"neonatal"},{"weight":70,"label":"bear"},{"weight":68,"label":"stillbirth"},{"weight":67,"label":"gestational"},{"weight":66,"label":"birthweight"},{"weight":65,"label":"twin"},{"weight":64,"label":"age"},{"weight":62,"label":"growth"},{"weight":61,"label":"utero"}],"subTopicId":39},{"conceptId":2,"clusterId":0,"hexCoordinates":{"x":0,"y":0},"labels":[{"weight":929,"label":"woman"},{"weight":890,"label":"pregnancy"},{"weight":685,"label":"birth"},{"weight":684,"label":"maternal"},{"weight":229,"label":"pregnant"},{"weight":209,"label":"outcome"},{"weight":208,"label":"week"},{"weight":207,"label":"delivery"},{"weight":199,"label":"preterm"},{"weight":191,"label":"infant"},{"weight":187,"label":"gestation"},{"weight":181,"label":"mother"},{"weight":171,"label":"early"},{"weight":166,"label":"gestational"},{"weight":153,"label":"risk"},{"weight":153,"label":"increase"},{"weight":151,"label":"offspring"},{"weight":148,"label":"gdm"},{"weight":145,"label":"associate"},{"weight":144,"label":"study"},{"weight":132,"label":"fetal"},{"weight":113,"label":"obese"},{"weight":111,"label":"perinatal"},{"weight":102,"label":"neonatal"},{"weight":101,"label":"adverse"}],"subTopicId":153},{"conceptId":3,"clusterId":0,"hexCoordinates":{"x":1.7320508075688772,"y":0},"labels":[{"weight":2213,"label":"body"},{"weight":1109,"label":"mass"},{"weight":983,"label":"weight"},{"weight":761,"label":"bmi"},{"weight":538,"label":"index"},{"weight":411,"label":"obesity"},{"weight":371,"label":"fat"},{"weight":313,"label":"height"},{"weight":243,"label":"obese"},{"weight":200,"label":"composition"},{"weight":184,"label":"overweight"},{"weight":150,"label":"increase"},{"weight":141,"label":"gain"},{"weight":140,"label":"lean"},{"weight":133,"label":"waist"},{"weight":123,"label":"health"},{"weight":122,"label":"circumference"},{"weight":108,"label":"status"},{"weight":91,"label":"adult"},{"weight":88,"label":"anthropometric"},{"weight":81,"label":"normal"},{"weight":75,"label":"measurement"},{"weight":71,"label":"man"},{"weight":69,"label":"percentage"},{"weight":64,"label":"size"}],"subTopicId":175},{"conceptId":-1,"clusterId":-1,"hexCoordinates":{"x":6.928203230275509,"y":3},"labels":[{"weight":2500,"label":"Unclassified"},{"weight":0,"label":""},{"weight":0,"label":""},{"weight":0,"label":""},{"weight":0,"label":""},{"weight":0,"label":""},{"weight":0,"label":""},{"weight":0,"label":""},{"weight":0,"label":""},{"weight":0,"label":""},{"weight":0,"label":""}],"subTopicId":null},{"conceptId":0,"clusterId":0,"hexCoordinates":{"x":0.8660254037844386,"y":-1.5},"labels":[{"weight":617,"label":"bmi"},{"weight":395,"label":"obesity"},{"weight":310,"label":"body"},{"weight":261,"label":"weight"},{"weight":252,"label":"overweight"},{"weight":198,"label":"child"},{"weight":171,"label":"index"},{"weight":155,"label":"year"},{"weight":151,"label":"adiposity"},{"weight":151,"label":"mass"},{"weight":134,"label":"measure"},{"weight":129,"label":"height"},{"weight":128,"label":"age"},{"weight":92,"label":"obese"},{"weight":92,"label":"study"},{"weight":91,"label":"score"},{"weight":88,"label":"childhood"},{"weight":81,"label":"association"},{"weight":78,"label":"circumference"},{"weight":77,"label":"waist"},{"weight":69,"label":"boy"},{"weight":64,"label":"higher"},{"weight":61,"label":"fatness"},{"weight":61,"label":"conclusion"},{"weight":59,"label":"analysis"}],"subTopicId":12},{"conceptId":6,"clusterId":0,"hexCoordinates":{"x":2.598076211353316,"y":-1.5},"labels":[{"weight":1249,"label":"risk"},{"weight":344,"label":"association"},{"weight":293,"label":"bmi"},{"weight":274,"label":"associate"},{"weight":215,"label":"waist"},{"weight":205,"label":"factor"},{"weight":199,"label":"ratio"},{"weight":197,"label":"higher"},{"weight":184,"label":"increase"},{"weight":174,"label":"adiposity"},{"weight":164,"label":"chd"},{"weight":161,"label":"study"},{"weight":155,"label":"lower"},{"weight":134,"label":"cardiometabolic"},{"weight":126,"label":"circumference"},{"weight":125,"label":"body"},{"weight":121,"label":"index"},{"weight":113,"label":"hip"},{"weight":112,"label":"obesity"},{"weight":107,"label":"analysis"},{"weight":97,"label":"mass"},{"weight":92,"label":"met"},{"weight":92,"label":"score"},{"weight":89,"label":"odds"},{"weight":89,"label":"result"}],"subTopicId":550},{"conceptId":7,"clusterId":0,"hexCoordinates":{"x":2.598076211353316,"y":1.5},"labels":[{"weight":2546,"label":"food"},{"weight":794,"label":"diet"},{"weight":758,"label":"intake"},{"weight":740,"label":"dietary"},{"weight":548,"label":"consumption"},{"weight":412,"label":"meal"},{"weight":404,"label":"eat"},{"weight":380,"label":"energy"},{"weight":299,"label":"healthy"},{"weight":287,"label":"vegetable"},{"weight":275,"label":"fruit"},{"weight":226,"label":"nutritional"},{"weight":214,"label":"eating"},{"weight":211,"label":"consume"},{"weight":201,"label":"fat"},{"weight":189,"label":"health"},{"weight":176,"label":"day"},{"weight":174,"label":"meat"},{"weight":158,"label":"protein"},{"weight":148,"label":"sugar"},{"weight":148,"label":"pattern"},{"weight":147,"label":"drink"},{"weight":143,"label":"nutrition"},{"weight":136,"label":"nutrient"},{"weight":134,"label":"unhealthy"}],"subTopicId":918},{"conceptId":4,"clusterId":0,"hexCoordinates":{"x":-0.8660254037844386,"y":-1.5},"labels":[{"weight":694,"label":"infant"},{"weight":434,"label":"mother"},{"weight":430,"label":"breastfeed"},{"weight":383,"label":"woman"},{"weight":204,"label":"breastfeeding"},{"weight":155,"label":"baby"},{"weight":153,"label":"month"},{"weight":152,"label":"support"},{"weight":143,"label":"feeding"},{"weight":140,"label":"maternal"},{"weight":134,"label":"breast"},{"weight":105,"label":"birth"},{"weight":103,"label":"health"},{"weight":91,"label":"milk"},{"weight":89,"label":"feed"},{"weight":89,"label":"child"},{"weight":79,"label":"rate"},{"weight":71,"label":"postnatal"},{"weight":66,"label":"incentive"},{"weight":63,"label":"neonatal"},{"weight":56,"label":"pregnancy"},{"weight":54,"label":"week"},{"weight":53,"label":"duration"},{"weight":52,"label":"early"},{"weight":48,"label":"low"}],"subTopicId":252},{"conceptId":5,"clusterId":0,"hexCoordinates":{"x":0.8660254037844386,"y":1.5},"labels":[{"weight":798,"label":"vitamin"},{"weight":537,"label":"intake"},{"weight":460,"label":"iron"},{"weight":315,"label":"dietary"},{"weight":303,"label":"deficiency"},{"weight":245,"label":"diet"},{"weight":205,"label":"supplementation"},{"weight":205,"label":"supplement"},{"weight":200,"label":"study"},{"weight":173,"label":"concentration"},{"weight":143,"label":"status"},{"weight":141,"label":"nutritional"},{"weight":140,"label":"day"},{"weight":138,"label":"nutrition"},{"weight":131,"label":"iodine"},{"weight":119,"label":"population"},{"weight":118,"label":"intakes"},{"weight":118,"label":"participant"},{"weight":118,"label":"result"},{"weight":112,"label":"calcium"},{"weight":106,"label":"micronutrient"},{"weight":99,"label":"nutrient"},{"weight":96,"label":"ferritin"},{"weight":93,"label":"female"},{"weight":84,"label":"health"}],"subTopicId":354}]}