{"linkageTable":[{"node2":26,"distance":0.448635203363905,"node1":17},{"node2":12,"distance":0.45546453983036,"node1":5},{"node2":6,"distance":0.46299649664444,"node1":2},{"node2":25,"distance":0.469580145388315,"node1":22},{"node2":20,"distance":0.46980480183749,"node1":7},{"node2":23,"distance":0.4759520545276925,"node1":27},{"node2":13,"distance":0.47695147545079,"node1":3},{"node2":4,"distance":0.47970013596151,"node1":1},{"node2":32,"distance":0.482757666428945,"node1":10},{"node2":30,"distance":0.48501367216367874,"node1":29},{"node2":21,"distance":0.485512356245865,"node1":28},{"node2":35,"distance":0.48974372490038437,"node1":36},{"node2":19,"distance":0.490880507197895,"node1":9},{"node2":37,"distance":0.4917700091510451,"node1":34},{"node2":38,"distance":0.4918579944755638,"node1":0},{"node2":31,"distance":0.4926475137592331,"node1":41},{"node2":8,"distance":0.494132218577072,"node1":40},{"node2":43,"distance":0.494796094068997,"node1":42},{"node2":24,"distance":0.49495317961137,"node1":16},{"node2":39,"distance":0.4962548191114192,"node1":44},{"node2":18,"distance":0.49692088002484,"node1":15},{"node2":11,"distance":0.4979776646492811,"node1":46},{"node2":33,"distance":0.49830896870294594,"node1":48},{"node2":47,"distance":0.49891041389117363,"node1":49},{"node2":45,"distance":0.49931415734257484,"node1":50},{"node2":14,"distance":0.49949025343509423,"node1":51}],"conceptsData":[{"conceptId":2,"clusterId":0,"hexCoordinates":{"x":-1.7320508075688772,"y":0},"labels":[{"weight":604,"label":"virus"},{"weight":398,"label":"influenza"},{"weight":240,"label":"infection"},{"weight":226,"label":"rsv"},{"weight":219,"label":"pig"},{"weight":215,"label":"respiratory"},{"weight":171,"label":"viral"},{"weight":86,"label":"porcine"},{"weight":85,"label":"prrsv"},{"weight":68,"label":"pathogen"},{"weight":63,"label":"pandemic"},{"weight":63,"label":"pcv"},{"weight":62,"label":"human"},{"weight":58,"label":"vaccine"},{"weight":54,"label":"associate"},{"weight":52,"label":"ppv"},{"weight":51,"label":"detect"},{"weight":50,"label":"swab"},{"weight":50,"label":"diarrhea"},{"weight":48,"label":"study"},{"weight":47,"label":"syncytial"},{"weight":46,"label":"reproductive"},{"weight":44,"label":"strain"},{"weight":42,"label":"season"},{"weight":42,"label":"positive"}],"subTopicId":151},{"conceptId":22,"clusterId":0,"hexCoordinates":{"x":-0.8660254037844386,"y":-1.5},"labels":[{"weight":723,"label":"virus"},{"weight":340,"label":"transmission"},{"weight":282,"label":"human"},{"weight":244,"label":"disease"},{"weight":239,"label":"viral"},{"weight":208,"label":"outbreak"},{"weight":202,"label":"host"},{"weight":183,"label":"infection"},{"weight":173,"label":"pathogen"},{"weight":116,"label":"animal"},{"weight":111,"label":"population"},{"weight":108,"label":"bat"},{"weight":104,"label":"sequence"},{"weight":97,"label":"influenza"},{"weight":92,"label":"epidemic"},{"weight":87,"label":"epidemiological"},{"weight":85,"label":"spread"},{"weight":76,"label":"dynamics"},{"weight":75,"label":"infectious"},{"weight":73,"label":"zoonotic"},{"weight":70,"label":"risk"},{"weight":69,"label":"ebola"},{"weight":68,"label":"reservoir"},{"weight":65,"label":"report"},{"weight":64,"label":"circulate"}],"subTopicId":679},{"conceptId":23,"clusterId":0,"hexCoordinates":{"x":0.8660254037844386,"y":-1.5},"labels":[{"weight":622,"label":"infection"},{"weight":330,"label":"virus"},{"weight":273,"label":"viral"},{"weight":181,"label":"pig"},{"weight":167,"label":"infected"},{"weight":132,"label":"hcmv"},{"weight":93,"label":"disease"},{"weight":91,"label":"pcv"},{"weight":83,"label":"challenge"},{"weight":81,"label":"day"},{"weight":77,"label":"lymphocyte"},{"weight":74,"label":"infect"},{"weight":71,"label":"host"},{"weight":71,"label":"cell"},{"weight":69,"label":"rna"},{"weight":68,"label":"associate"},{"weight":67,"label":"herpesvirus"},{"weight":64,"label":"latent"},{"weight":64,"label":"load"},{"weight":63,"label":"replication"},{"weight":59,"label":"dpi"},{"weight":53,"label":"lytic"},{"weight":53,"label":"study"},{"weight":50,"label":"post"},{"weight":49,"label":"clinical"}],"subTopicId":765},{"conceptId":18,"clusterId":0,"hexCoordinates":{"x":2.598076211353316,"y":-4.5},"labels":[{"weight":302,"label":"sheep"},{"weight":295,"label":"nematode"},{"weight":235,"label":"resistance"},{"weight":223,"label":"parasite"},{"weight":136,"label":"anthelmintic"},{"weight":116,"label":"egg"},{"weight":106,"label":"worm"},{"weight":104,"label":"lamb"},{"weight":103,"label":"animal"},{"weight":103,"label":"infection"},{"weight":96,"label":"count"},{"weight":92,"label":"parasitic"},{"weight":91,"label":"faecal"},{"weight":87,"label":"population"},{"weight":79,"label":"control"},{"weight":78,"label":"resistant"},{"weight":74,"label":"fec"},{"weight":69,"label":"treatment"},{"weight":65,"label":"circumcincta"},{"weight":61,"label":"contortus"},{"weight":59,"label":"calf"},{"weight":58,"label":"farm"},{"weight":56,"label":"drug"},{"weight":49,"label":"host"},{"weight":48,"label":"gastrointestinal"}],"subTopicId":560},{"conceptId":17,"clusterId":0,"hexCoordinates":{"x":0,"y":0},"labels":[{"weight":880,"label":"antibody"},{"weight":762,"label":"vaccine"},{"weight":481,"label":"antigen"},{"weight":454,"label":"anti"},{"weight":451,"label":"igg"},{"weight":333,"label":"response"},{"weight":266,"label":"serum"},{"weight":258,"label":"vaccination"},{"weight":245,"label":"protection"},{"weight":237,"label":"level"},{"weight":198,"label":"control"},{"weight":190,"label":"specific"},{"weight":165,"label":"challenge"},{"weight":152,"label":"immune"},{"weight":152,"label":"vaccinate"},{"weight":147,"label":"immunity"},{"weight":138,"label":"protein"},{"weight":134,"label":"protective"},{"weight":127,"label":"induce"},{"weight":123,"label":"infection"},{"weight":123,"label":"study"},{"weight":122,"label":"pedv"},{"weight":121,"label":"test"},{"weight":120,"label":"efficacy"},{"weight":112,"label":"cross"}],"subTopicId":548},{"conceptId":12,"clusterId":0,"hexCoordinates":{"x":0.8660254037844386,"y":-4.5},"labels":[{"weight":805,"label":"animal"},{"weight":781,"label":"cattle"},{"weight":492,"label":"livestock"},{"weight":427,"label":"disease"},{"weight":352,"label":"human"},{"weight":311,"label":"risk"},{"weight":306,"label":"herd"},{"weight":252,"label":"farm"},{"weight":229,"label":"sheep"},{"weight":227,"label":"study"},{"weight":192,"label":"prevalence"},{"weight":182,"label":"infection"},{"weight":167,"label":"bovine"},{"weight":164,"label":"goat"},{"weight":160,"label":"control"},{"weight":143,"label":"identify"},{"weight":142,"label":"species"},{"weight":135,"label":"health"},{"weight":131,"label":"dairy"},{"weight":118,"label":"area"},{"weight":117,"label":"important"},{"weight":116,"label":"zoonotic"},{"weight":115,"label":"production"},{"weight":104,"label":"pig"},{"weight":104,"label":"report"}],"subTopicId":474},{"conceptId":14,"clusterId":0,"hexCoordinates":{"x":-2.598076211353316,"y":-4.5},"labels":[{"weight":270,"label":"surveillance"},{"weight":88,"label":"plague"},{"weight":81,"label":"human"},{"weight":75,"label":"genocide"},{"weight":74,"label":"animal"},{"weight":47,"label":"pit"},{"weight":44,"label":"outbreak"},{"weight":43,"label":"rwandan"},{"weight":40,"label":"rwanda"},{"weight":30,"label":"post"},{"weight":26,"label":"madagascar"},{"weight":25,"label":"nonhuman"},{"weight":25,"label":"watch"},{"weight":19,"label":"pestis"},{"weight":18,"label":"describe"},{"weight":17,"label":"emergence"},{"weight":15,"label":"disease"},{"weight":14,"label":"epidemic"},{"weight":13,"label":"flea"},{"weight":13,"label":"epidemiological"},{"weight":12,"label":"holy"},{"weight":12,"label":"pneumophila"},{"weight":12,"label":"contagion"},{"weight":12,"label":"ecological"},{"weight":12,"label":"analysis"}],"subTopicId":482},{"conceptId":7,"clusterId":0,"hexCoordinates":{"x":-3.4641016151377544,"y":0},"labels":[{"weight":554,"label":"virus"},{"weight":252,"label":"vector"},{"weight":241,"label":"infection"},{"weight":226,"label":"mosquito"},{"weight":216,"label":"rna"},{"weight":156,"label":"host"},{"weight":153,"label":"wolbachia"},{"weight":142,"label":"viral"},{"weight":124,"label":"dengue"},{"weight":123,"label":"btv"},{"weight":107,"label":"antiviral"},{"weight":104,"label":"bear"},{"weight":103,"label":"zikv"},{"weight":101,"label":"replication"},{"weight":96,"label":"rnai"},{"weight":96,"label":"pathogen"},{"weight":88,"label":"cell"},{"weight":81,"label":"pathway"},{"weight":79,"label":"tick"},{"weight":79,"label":"arbovirus"},{"weight":79,"label":"small"},{"weight":78,"label":"show"},{"weight":77,"label":"species"},{"weight":72,"label":"drosophila"},{"weight":68,"label":"arthropod"}],"subTopicId":271},{"conceptId":1,"clusterId":0,"hexCoordinates":{"x":1.7320508075688772,"y":-3},"labels":[{"weight":558,"label":"vaccination"},{"weight":373,"label":"vaccine"},{"weight":328,"label":"rabies"},{"weight":285,"label":"dog"},{"weight":151,"label":"influenza"},{"weight":139,"label":"coverage"},{"weight":111,"label":"vaccinate"},{"weight":96,"label":"population"},{"weight":92,"label":"programme"},{"weight":89,"label":"uptake"},{"weight":73,"label":"effectiveness"},{"weight":73,"label":"campaign"},{"weight":72,"label":"rotavirus"},{"weight":60,"label":"year"},{"weight":52,"label":"dose"},{"weight":49,"label":"estimate"},{"weight":48,"label":"bite"},{"weight":47,"label":"introduction"},{"weight":45,"label":"pep"},{"weight":44,"label":"reduce"},{"weight":42,"label":"hcw"},{"weight":42,"label":"free"},{"weight":41,"label":"canine"},{"weight":41,"label":"elimination"},{"weight":41,"label":"death"}],"subTopicId":119},{"conceptId":11,"clusterId":0,"hexCoordinates":{"x":3.4641016151377544,"y":0},"labels":[{"weight":235,"label":"serotype"},{"weight":225,"label":"pneumococcal"},{"weight":161,"label":"pcv"},{"weight":131,"label":"vaccine"},{"weight":103,"label":"disease"},{"weight":90,"label":"invasive"},{"weight":67,"label":"pneumoniae"},{"weight":66,"label":"carriage"},{"weight":56,"label":"pneumonia"},{"weight":47,"label":"streptococcus"},{"weight":46,"label":"ipd"},{"weight":44,"label":"serogroup"},{"weight":41,"label":"introduction"},{"weight":41,"label":"conjugate"},{"weight":38,"label":"pneumococcus"},{"weight":38,"label":"meningococcal"},{"weight":31,"label":"associate"},{"weight":31,"label":"bacterial"},{"weight":30,"label":"surveillance"},{"weight":28,"label":"background"},{"weight":27,"label":"capsule"},{"weight":25,"label":"polysaccharide"},{"weight":23,"label":"meningitis"},{"weight":23,"label":"ratio"},{"weight":22,"label":"replacement"}],"subTopicId":385},{"conceptId":5,"clusterId":0,"hexCoordinates":{"x":-0.8660254037844386,"y":-4.5},"labels":[{"weight":485,"label":"infection"},{"weight":215,"label":"test"},{"weight":210,"label":"tuberculosis"},{"weight":150,"label":"infected"},{"weight":137,"label":"btb"},{"weight":135,"label":"mycobacterium"},{"weight":109,"label":"prevalence"},{"weight":105,"label":"positive"},{"weight":103,"label":"diagnostic"},{"weight":86,"label":"bovis"},{"weight":80,"label":"schistosome"},{"weight":73,"label":"cattle"},{"weight":69,"label":"disease"},{"weight":68,"label":"bcg"},{"weight":68,"label":"population"},{"weight":66,"label":"schistosomiasis"},{"weight":64,"label":"haematobium"},{"weight":62,"label":"case"},{"weight":60,"label":"antigen"},{"weight":56,"label":"bovi"},{"weight":56,"label":"estimate"},{"weight":55,"label":"diagnosis"},{"weight":54,"label":"culture"},{"weight":53,"label":"bovine"},{"weight":50,"label":"control"}],"subTopicId":197},{"conceptId":8,"clusterId":0,"hexCoordinates":{"x":1.7320508075688772,"y":-6},"labels":[{"weight":157,"label":"angular"},{"weight":141,"label":"momentum"},{"weight":102,"label":"parasite"},{"weight":92,"label":"annulata"},{"weight":92,"label":"parva"},{"weight":90,"label":"theileria"},{"weight":88,"label":"cattle"},{"weight":86,"label":"buffalo"},{"weight":80,"label":"orbital"},{"weight":79,"label":"tick"},{"weight":79,"label":"oam"},{"weight":47,"label":"cdkl"},{"weight":40,"label":"oman"},{"weight":31,"label":"bear"},{"weight":30,"label":"beam"},{"weight":30,"label":"species"},{"weight":28,"label":"region"},{"weight":27,"label":"observe"},{"weight":27,"label":"spin"},{"weight":27,"label":"carry"},{"weight":25,"label":"mini"},{"weight":24,"label":"babesia"},{"weight":24,"label":"animal"},{"weight":21,"label":"isoform"},{"weight":20,"label":"muguga"}],"subTopicId":323},{"conceptId":24,"clusterId":0,"hexCoordinates":{"x":-1.7320508075688772,"y":3},"labels":[{"weight":492,"label":"hcv"},{"weight":185,"label":"treatment"},{"weight":173,"label":"pwid"},{"weight":130,"label":"ost"},{"weight":126,"label":"hepatitis"},{"weight":102,"label":"inject"},{"weight":94,"label":"nsp"},{"weight":87,"label":"infection"},{"weight":77,"label":"genotype"},{"weight":73,"label":"virus"},{"weight":72,"label":"scale"},{"weight":62,"label":"drug"},{"weight":61,"label":"prevalence"},{"weight":59,"label":"incidence"},{"weight":58,"label":"coverage"},{"weight":57,"label":"chronic"},{"weight":53,"label":"svr"},{"weight":53,"label":"high"},{"weight":52,"label":"reduce"},{"weight":48,"label":"therapy"},{"weight":45,"label":"daa"},{"weight":44,"label":"people"},{"weight":42,"label":"transmission"},{"weight":41,"label":"achieve"},{"weight":41,"label":"rate"}],"subTopicId":823},{"conceptId":9,"clusterId":0,"hexCoordinates":{"x":3.4641016151377544,"y":-3},"labels":[{"weight":812,"label":"parasite"},{"weight":361,"label":"host"},{"weight":173,"label":"malaria"},{"weight":154,"label":"plasmodium"},{"weight":128,"label":"stage"},{"weight":107,"label":"toxoplasma"},{"weight":107,"label":"infection"},{"weight":97,"label":"gondii"},{"weight":97,"label":"transmission"},{"weight":87,"label":"apicomplexan"},{"weight":82,"label":"invasion"},{"weight":80,"label":"cycle"},{"weight":69,"label":"blood"},{"weight":66,"label":"falciparum"},{"weight":56,"label":"mosquito"},{"weight":56,"label":"life"},{"weight":53,"label":"cell"},{"weight":50,"label":"asexual"},{"weight":47,"label":"sexual"},{"weight":42,"label":"motility"},{"weight":42,"label":"essential"},{"weight":42,"label":"role"},{"weight":41,"label":"identify"},{"weight":40,"label":"gametocyte"},{"weight":40,"label":"infect"}],"subTopicId":324},{"conceptId":25,"clusterId":0,"hexCoordinates":{"x":-1.7320508075688772,"y":-3},"labels":[{"weight":76,"label":"cleft"},{"weight":61,"label":"evd"},{"weight":52,"label":"mesothelioma"},{"weight":50,"label":"ebola"},{"weight":36,"label":"dut"},{"weight":36,"label":"asbestos"},{"weight":34,"label":"pleural"},{"weight":32,"label":"sapi"},{"weight":31,"label":"phage"},{"weight":30,"label":"lip"},{"weight":30,"label":"survivor"},{"weight":29,"label":"ebov"},{"weight":27,"label":"palate"},{"weight":27,"label":"leone"},{"weight":26,"label":"sierra"},{"weight":24,"label":"ofc"},{"weight":19,"label":"arf"},{"weight":18,"label":"induce"},{"weight":18,"label":"similar"},{"weight":17,"label":"orofacial"},{"weight":14,"label":"pvrbp"},{"weight":13,"label":"nsofc"},{"weight":13,"label":"sapis"},{"weight":13,"label":"stl"},{"weight":13,"label":"cycle"}],"subTopicId":871},{"conceptId":-1,"clusterId":-1,"hexCoordinates":{"x":6.928203230275509,"y":3},"labels":[{"weight":2500,"label":"Unclassified"},{"weight":0,"label":""},{"weight":0,"label":""},{"weight":0,"label":""},{"weight":0,"label":""},{"weight":0,"label":""},{"weight":0,"label":""},{"weight":0,"label":""},{"weight":0,"label":""},{"weight":0,"label":""},{"weight":0,"label":""}],"subTopicId":null},{"conceptId":16,"clusterId":0,"hexCoordinates":{"x":0,"y":3},"labels":[{"weight":734,"label":"drug"},{"weight":336,"label":"hcv"},{"weight":303,"label":"hepatitis"},{"weight":193,"label":"inject"},{"weight":188,"label":"infection"},{"weight":169,"label":"treatment"},{"weight":168,"label":"pwid"},{"weight":163,"label":"methadone"},{"weight":149,"label":"opioid"},{"weight":133,"label":"user"},{"weight":130,"label":"substance"},{"weight":129,"label":"risk"},{"weight":126,"label":"scotland"},{"weight":117,"label":"hev"},{"weight":117,"label":"virus"},{"weight":110,"label":"related"},{"weight":98,"label":"liver"},{"weight":96,"label":"chronic"},{"weight":91,"label":"therapy"},{"weight":90,"label":"drd"},{"weight":87,"label":"hcc"},{"weight":85,"label":"testing"},{"weight":83,"label":"hbv"},{"weight":76,"label":"heroin"},{"weight":72,"label":"service"}],"subTopicId":543},{"conceptId":20,"clusterId":0,"hexCoordinates":{"x":-2.598076211353316,"y":1.5},"labels":[{"weight":918,"label":"virus"},{"weight":589,"label":"ifn"},{"weight":567,"label":"viral"},{"weight":320,"label":"infection"},{"weight":250,"label":"interferon"},{"weight":223,"label":"replication"},{"weight":203,"label":"antiviral"},{"weight":203,"label":"host"},{"weight":183,"label":"response"},{"weight":161,"label":"cell"},{"weight":156,"label":"influenza"},{"weight":153,"label":"protein"},{"weight":147,"label":"type"},{"weight":127,"label":"segment"},{"weight":110,"label":"rna"},{"weight":107,"label":"hsv"},{"weight":97,"label":"cellular"},{"weight":93,"label":"immune"},{"weight":90,"label":"genome"},{"weight":88,"label":"innate"},{"weight":79,"label":"iav"},{"weight":76,"label":"induction"},{"weight":73,"label":"isg"},{"weight":66,"label":"icp"},{"weight":66,"label":"induce"}],"subTopicId":566},{"conceptId":3,"clusterId":0,"hexCoordinates":{"x":-3.4641016151377544,"y":-3},"labels":[{"weight":292,"label":"mosquito"},{"weight":230,"label":"vector"},{"weight":147,"label":"malaria"},{"weight":111,"label":"insecticide"},{"weight":109,"label":"anopheles"},{"weight":100,"label":"bite"},{"weight":85,"label":"human"},{"weight":79,"label":"arabiensis"},{"weight":78,"label":"gambiae"},{"weight":78,"label":"trap"},{"weight":73,"label":"control"},{"weight":67,"label":"transmission"},{"weight":63,"label":"net"},{"weight":52,"label":"catch"},{"weight":46,"label":"species"},{"weight":45,"label":"host"},{"weight":44,"label":"method"},{"weight":42,"label":"funestus"},{"weight":42,"label":"background"},{"weight":42,"label":"sampling"},{"weight":41,"label":"llin"},{"weight":40,"label":"outdoor"},{"weight":39,"label":"outdoors"},{"weight":39,"label":"blood"},{"weight":39,"label":"exposure"}],"subTopicId":169},{"conceptId":10,"clusterId":0,"hexCoordinates":{"x":0.8660254037844386,"y":1.5},"labels":[{"weight":340,"label":"antibody"},{"weight":214,"label":"virus"},{"weight":184,"label":"binding"},{"weight":177,"label":"epitope"},{"weight":164,"label":"protein"},{"weight":118,"label":"antigen"},{"weight":118,"label":"peptide"},{"weight":104,"label":"surface"},{"weight":98,"label":"cell"},{"weight":96,"label":"hcv"},{"weight":96,"label":"vaccine"},{"weight":95,"label":"mab"},{"weight":81,"label":"monoclonal"},{"weight":80,"label":"immune"},{"weight":78,"label":"bind"},{"weight":75,"label":"show"},{"weight":74,"label":"antigenic"},{"weight":71,"label":"viral"},{"weight":68,"label":"variant"},{"weight":68,"label":"site"},{"weight":68,"label":"target"},{"weight":64,"label":"acid"},{"weight":63,"label":"neutralize"},{"weight":62,"label":"anti"},{"weight":61,"label":"domain"}],"subTopicId":339},{"conceptId":13,"clusterId":0,"hexCoordinates":{"x":-4.330127018922193,"y":-1.5},"labels":[{"weight":36,"label":"onchocerciasis"},{"weight":29,"label":"ghana"},{"weight":28,"label":"nematode"},{"weight":26,"label":"volvulus"},{"weight":26,"label":"ivm"},{"weight":26,"label":"serum"},{"weight":25,"label":"ramadan"},{"weight":24,"label":"onchocerca"},{"weight":18,"label":"nodule"},{"weight":17,"label":"fly"},{"weight":17,"label":"infect"},{"weight":16,"label":"ivermectin"},{"weight":16,"label":"filarial"},{"weight":16,"label":"total"},{"weight":15,"label":"myanmar"},{"weight":15,"label":"parasite"},{"weight":14,"label":"ghanaian"},{"weight":13,"label":"cyd"},{"weight":12,"label":"rohingya"},{"weight":12,"label":"tdv"},{"weight":12,"label":"denv"},{"weight":12,"label":"larva"},{"weight":11,"label":"infective"},{"weight":11,"label":"forest"},{"weight":11,"label":"fluid"}],"subTopicId":477},{"conceptId":15,"clusterId":0,"hexCoordinates":{"x":3.4641016151377544,"y":-6},"labels":[{"weight":60,"label":"hiv"},{"weight":48,"label":"line"},{"weight":43,"label":"cart"},{"weight":40,"label":"tdf"},{"weight":39,"label":"glucan"},{"weight":36,"label":"resistance"},{"weight":33,"label":"drug"},{"weight":30,"label":"subtype"},{"weight":28,"label":"vegfr"},{"weight":28,"label":"elia"},{"weight":25,"label":"tenofovir"},{"weight":25,"label":"art"},{"weight":24,"label":"therapy"},{"weight":23,"label":"antiretroviral"},{"weight":22,"label":"tdr"},{"weight":22,"label":"inhibitor"},{"weight":21,"label":"transporter"},{"weight":21,"label":"reverse"},{"weight":20,"label":"melittin"},{"weight":20,"label":"arv"},{"weight":20,"label":"mutation"},{"weight":17,"label":"renal"},{"weight":16,"label":"ugt"},{"weight":15,"label":"negative"},{"weight":14,"label":"transcriptase"}],"subTopicId":542},{"conceptId":19,"clusterId":0,"hexCoordinates":{"x":2.598076211353316,"y":-1.5},"labels":[{"weight":178,"label":"tick"},{"weight":64,"label":"eimeria"},{"weight":58,"label":"species"},{"weight":33,"label":"control"},{"weight":30,"label":"mite"},{"weight":30,"label":"count"},{"weight":28,"label":"tenella"},{"weight":26,"label":"chicken"},{"weight":24,"label":"crf"},{"weight":23,"label":"rhipicephalus"},{"weight":22,"label":"fish"},{"weight":21,"label":"acaricide"},{"weight":21,"label":"deg"},{"weight":21,"label":"parasite"},{"weight":19,"label":"rickettsia"},{"weight":19,"label":"infestation"},{"weight":18,"label":"elasmobranch"},{"weight":18,"label":"anisakis"},{"weight":18,"label":"bear"},{"weight":17,"label":"microplus"},{"weight":17,"label":"flea"},{"weight":17,"label":"tilapia"},{"weight":17,"label":"simplex"},{"weight":16,"label":"coccidiosis"},{"weight":16,"label":"delta"}],"subTopicId":564},{"conceptId":0,"clusterId":0,"hexCoordinates":{"x":-0.8660254037844386,"y":1.5},"labels":[{"weight":88,"label":"fiv"},{"weight":77,"label":"cat"},{"weight":67,"label":"orf"},{"weight":54,"label":"virus"},{"weight":53,"label":"erv"},{"weight":48,"label":"felv"},{"weight":42,"label":"carp"},{"weight":39,"label":"duck"},{"weight":36,"label":"env"},{"weight":34,"label":"infection"},{"weight":29,"label":"feline"},{"weight":28,"label":"cyhv"},{"weight":26,"label":"herpesvirus"},{"weight":25,"label":"hml"},{"weight":25,"label":"retrovirus"},{"weight":21,"label":"ifitm"},{"weight":21,"label":"fcv"},{"weight":21,"label":"viral"},{"weight":18,"label":"myl"},{"weight":18,"label":"infected"},{"weight":17,"label":"khv"},{"weight":16,"label":"koi"},{"weight":15,"label":"cyprinid"},{"weight":15,"label":"virion"},{"weight":15,"label":"testing"}],"subTopicId":72},{"conceptId":6,"clusterId":0,"hexCoordinates":{"x":-2.598076211353316,"y":-1.5},"labels":[{"weight":1201,"label":"sample"},{"weight":970,"label":"assay"},{"weight":690,"label":"detection"},{"weight":554,"label":"detect"},{"weight":464,"label":"dna"},{"weight":438,"label":"pcr"},{"weight":393,"label":"method"},{"weight":387,"label":"test"},{"weight":284,"label":"diagnostic"},{"weight":261,"label":"sensitivity"},{"weight":242,"label":"laboratory"},{"weight":236,"label":"result"},{"weight":216,"label":"base"},{"weight":205,"label":"rapid"},{"weight":205,"label":"time"},{"weight":205,"label":"develop"},{"weight":191,"label":"clinical"},{"weight":172,"label":"low"},{"weight":160,"label":"specific"},{"weight":158,"label":"reaction"},{"weight":156,"label":"target"},{"weight":154,"label":"specificity"},{"weight":153,"label":"sensitive"},{"weight":148,"label":"real"},{"weight":144,"label":"study"}],"subTopicId":257},{"conceptId":26,"clusterId":0,"hexCoordinates":{"x":1.7320508075688772,"y":0},"labels":[{"weight":602,"label":"malaria"},{"weight":337,"label":"parasite"},{"weight":281,"label":"plasmodium"},{"weight":264,"label":"falciparum"},{"weight":137,"label":"blood"},{"weight":130,"label":"infection"},{"weight":128,"label":"erythrocyte"},{"weight":127,"label":"transmission"},{"weight":126,"label":"gametocyte"},{"weight":120,"label":"vivax"},{"weight":89,"label":"knowlesus"},{"weight":88,"label":"stage"},{"weight":76,"label":"infected"},{"weight":70,"label":"severe"},{"weight":63,"label":"human"},{"weight":57,"label":"var"},{"weight":56,"label":"rdt"},{"weight":53,"label":"pvmsp"},{"weight":53,"label":"density"},{"weight":50,"label":"rbc"},{"weight":50,"label":"host"},{"weight":49,"label":"malarial"},{"weight":49,"label":"invasion"},{"weight":48,"label":"pfemp"},{"weight":42,"label":"study"}],"subTopicId":903},{"conceptId":4,"clusterId":0,"hexCoordinates":{"x":0,"y":-3},"labels":[{"weight":1059,"label":"disease"},{"weight":417,"label":"spread"},{"weight":376,"label":"control"},{"weight":342,"label":"transmission"},{"weight":341,"label":"infection"},{"weight":336,"label":"outbreak"},{"weight":304,"label":"risk"},{"weight":270,"label":"population"},{"weight":246,"label":"epidemic"},{"weight":234,"label":"infectious"},{"weight":203,"label":"impact"},{"weight":201,"label":"pathogen"},{"weight":195,"label":"model"},{"weight":176,"label":"reduce"},{"weight":169,"label":"strategy"},{"weight":150,"label":"movement"},{"weight":121,"label":"epidemiological"},{"weight":119,"label":"individual"},{"weight":109,"label":"host"},{"weight":107,"label":"case"},{"weight":106,"label":"increase"},{"weight":89,"label":"number"},{"weight":86,"label":"infected"},{"weight":86,"label":"contact"},{"weight":84,"label":"human"}],"subTopicId":184},{"conceptId":21,"clusterId":0,"hexCoordinates":{"x":0,"y":-6},"labels":[{"weight":169,"label":"kenya"},{"weight":112,"label":"africa"},{"weight":80,"label":"mer"},{"weight":66,"label":"rvfv"},{"weight":65,"label":"cov"},{"weight":63,"label":"african"},{"weight":61,"label":"east"},{"weight":37,"label":"mcf"},{"weight":37,"label":"valley"},{"weight":34,"label":"tanzania"},{"weight":33,"label":"camel"},{"weight":31,"label":"study"},{"weight":28,"label":"western"},{"weight":27,"label":"rift"},{"weight":26,"label":"uganda"},{"weight":25,"label":"fever"},{"weight":24,"label":"seropositivity"},{"weight":24,"label":"positive"},{"weight":22,"label":"alhv"},{"weight":22,"label":"south"},{"weight":22,"label":"west"},{"weight":21,"label":"kenyan"},{"weight":20,"label":"morocco"},{"weight":20,"label":"korean"},{"weight":20,"label":"collect"}],"subTopicId":574}]}