{"linkageTable":[{"node2":9,"distance":0.431927705419725,"node1":5},{"node2":10,"distance":0.45757004145172997,"node1":6},{"node2":12,"distance":0.469432241667465,"node1":4},{"node2":7,"distance":0.4795558053733925,"node1":15},{"node2":8,"distance":0.483635650534245,"node1":3},{"node2":14,"distance":0.48618621085601504,"node1":16},{"node2":18,"distance":0.4910572976849285,"node1":17},{"node2":11,"distance":0.49144480582819,"node1":0},{"node2":19,"distance":0.4916072978611164,"node1":2},{"node2":21,"distance":0.4933903165115837,"node1":1},{"node2":22,"distance":0.49494764674237707,"node1":20},{"node2":13,"distance":0.4969147489497568,"node1":23}],"conceptsData":[{"conceptId":0,"clusterId":0,"hexCoordinates":{"x":4.330127018922193,"y":-1.5},"labels":[{"weight":464,"label":"learn"},{"weight":405,"label":"education"},{"weight":351,"label":"student"},{"weight":248,"label":"learning"},{"weight":200,"label":"mathematics"},{"weight":177,"label":"science"},{"weight":162,"label":"educational"},{"weight":142,"label":"technology"},{"weight":116,"label":"higher"},{"weight":109,"label":"analytic"},{"weight":106,"label":"university"},{"weight":95,"label":"engineering"},{"weight":94,"label":"academic"},{"weight":93,"label":"paper"},{"weight":92,"label":"knowledge"},{"weight":80,"label":"research"},{"weight":75,"label":"activity"},{"weight":69,"label":"stem"},{"weight":59,"label":"study"},{"weight":56,"label":"teaching"},{"weight":56,"label":"experience"},{"weight":55,"label":"attitude"},{"weight":48,"label":"mathematical"},{"weight":48,"label":"discuss"},{"weight":47,"label":"practice"}],"subTopicId":4},{"conceptId":11,"clusterId":0,"hexCoordinates":{"x":3.4641016151377544,"y":-3},"labels":[{"weight":1441,"label":"school"},{"weight":489,"label":"education"},{"weight":375,"label":"educational"},{"weight":344,"label":"pupil"},{"weight":290,"label":"secondary"},{"weight":254,"label":"attainment"},{"weight":189,"label":"primary"},{"weight":134,"label":"outcome"},{"weight":131,"label":"subject"},{"weight":114,"label":"curriculum"},{"weight":113,"label":"qualification"},{"weight":102,"label":"academic"},{"weight":101,"label":"child"},{"weight":96,"label":"scotland"},{"weight":96,"label":"level"},{"weight":89,"label":"scottish"},{"weight":71,"label":"class"},{"weight":70,"label":"year"},{"weight":69,"label":"schooling"},{"weight":66,"label":"grade"},{"weight":64,"label":"teacher"},{"weight":49,"label":"choice"},{"weight":48,"label":"safeguarder"},{"weight":47,"label":"achievement"},{"weight":47,"label":"background"}],"subTopicId":929},{"conceptId":4,"clusterId":0,"hexCoordinates":{"x":0,"y":0},"labels":[{"weight":1105,"label":"training"},{"weight":945,"label":"medical"},{"weight":354,"label":"doctor"},{"weight":343,"label":"student"},{"weight":327,"label":"trainee"},{"weight":225,"label":"clinical"},{"weight":209,"label":"assessment"},{"weight":163,"label":"skill"},{"weight":157,"label":"veterinary"},{"weight":139,"label":"medicine"},{"weight":129,"label":"year"},{"weight":113,"label":"train"},{"weight":109,"label":"knowledge"},{"weight":107,"label":"method"},{"weight":107,"label":"conclusion"},{"weight":107,"label":"school"},{"weight":106,"label":"performance"},{"weight":100,"label":"practice"},{"weight":100,"label":"objective"},{"weight":99,"label":"undergraduate"},{"weight":99,"label":"score"},{"weight":98,"label":"experience"},{"weight":97,"label":"specialty"},{"weight":94,"label":"curriculum"},{"weight":89,"label":"confidence"}],"subTopicId":651},{"conceptId":-1,"clusterId":-1,"hexCoordinates":{"x":7.794228634059947,"y":1.5},"labels":[{"weight":2500,"label":"Unclassified"},{"weight":0,"label":""},{"weight":0,"label":""},{"weight":0,"label":""},{"weight":0,"label":""},{"weight":0,"label":""},{"weight":0,"label":""},{"weight":0,"label":""},{"weight":0,"label":""},{"weight":0,"label":""},{"weight":0,"label":""}],"subTopicId":null},{"conceptId":12,"clusterId":0,"hexCoordinates":{"x":1.7320508075688772,"y":0},"labels":[{"weight":882,"label":"student"},{"weight":566,"label":"feedback"},{"weight":296,"label":"learn"},{"weight":253,"label":"teaching"},{"weight":231,"label":"learning"},{"weight":140,"label":"simulation"},{"weight":130,"label":"class"},{"weight":126,"label":"tool"},{"weight":124,"label":"lecture"},{"weight":123,"label":"practical"},{"weight":120,"label":"interactive"},{"weight":120,"label":"classroom"},{"weight":118,"label":"skill"},{"weight":117,"label":"activity"},{"weight":114,"label":"improve"},{"weight":109,"label":"video"},{"weight":107,"label":"teach"},{"weight":107,"label":"training"},{"weight":107,"label":"base"},{"weight":98,"label":"session"},{"weight":85,"label":"undergraduate"},{"weight":82,"label":"resource"},{"weight":81,"label":"tutorial"},{"weight":81,"label":"material"},{"weight":79,"label":"science"}],"subTopicId":968},{"conceptId":2,"clusterId":0,"hexCoordinates":{"x":3.4641016151377544,"y":0},"labels":[{"weight":802,"label":"learning"},{"weight":750,"label":"learn"},{"weight":371,"label":"education"},{"weight":237,"label":"learner"},{"weight":220,"label":"student"},{"weight":144,"label":"educational"},{"weight":121,"label":"environment"},{"weight":118,"label":"online"},{"weight":98,"label":"higher"},{"weight":94,"label":"practice"},{"weight":93,"label":"pedagogy"},{"weight":85,"label":"curriculum"},{"weight":79,"label":"activity"},{"weight":76,"label":"teaching"},{"weight":69,"label":"open"},{"weight":68,"label":"educator"},{"weight":68,"label":"engagement"},{"weight":67,"label":"intercultural"},{"weight":67,"label":"material"},{"weight":67,"label":"analytic"},{"weight":67,"label":"process"},{"weight":63,"label":"lifelong"},{"weight":61,"label":"context"},{"weight":60,"label":"pedagogical"},{"weight":59,"label":"base"}],"subTopicId":380},{"conceptId":10,"clusterId":0,"hexCoordinates":{"x":-0.8660254037844386,"y":-1.5},"labels":[{"weight":3372,"label":"student"},{"weight":1506,"label":"university"},{"weight":804,"label":"education"},{"weight":618,"label":"study"},{"weight":487,"label":"higher"},{"weight":468,"label":"academic"},{"weight":392,"label":"experience"},{"weight":356,"label":"year"},{"weight":328,"label":"transition"},{"weight":291,"label":"school"},{"weight":275,"label":"graduate"},{"weight":266,"label":"staff"},{"weight":238,"label":"college"},{"weight":235,"label":"programme"},{"weight":231,"label":"support"},{"weight":228,"label":"undergraduate"},{"weight":212,"label":"institution"},{"weight":183,"label":"degree"},{"weight":178,"label":"international"},{"weight":146,"label":"work"},{"weight":140,"label":"teaching"},{"weight":136,"label":"learn"},{"weight":134,"label":"paper"},{"weight":127,"label":"project"},{"weight":125,"label":"scottish"}],"subTopicId":898},{"conceptId":9,"clusterId":0,"hexCoordinates":{"x":0.8660254037844386,"y":-4.5},"labels":[{"weight":827,"label":"education"},{"weight":314,"label":"higher"},{"weight":302,"label":"academic"},{"weight":262,"label":"teaching"},{"weight":254,"label":"university"},{"weight":170,"label":"institution"},{"weight":161,"label":"practice"},{"weight":143,"label":"educational"},{"weight":131,"label":"student"},{"weight":119,"label":"learning"},{"weight":112,"label":"professional"},{"weight":108,"label":"development"},{"weight":95,"label":"research"},{"weight":95,"label":"learn"},{"weight":79,"label":"paper"},{"weight":77,"label":"curriculum"},{"weight":77,"label":"discipline"},{"weight":77,"label":"school"},{"weight":72,"label":"experience"},{"weight":61,"label":"framework"},{"weight":59,"label":"approach"},{"weight":56,"label":"skill"},{"weight":55,"label":"staff"},{"weight":54,"label":"career"},{"weight":48,"label":"lead"}],"subTopicId":880},{"conceptId":1,"clusterId":0,"hexCoordinates":{"x":0.8660254037844386,"y":1.5},"labels":[{"weight":851,"label":"student"},{"weight":806,"label":"nursing"},{"weight":396,"label":"nurse"},{"weight":370,"label":"practice"},{"weight":215,"label":"education"},{"weight":206,"label":"clinical"},{"weight":178,"label":"experience"},{"weight":171,"label":"programme"},{"weight":155,"label":"pre"},{"weight":151,"label":"mentor"},{"weight":150,"label":"registration"},{"weight":146,"label":"learn"},{"weight":143,"label":"care"},{"weight":132,"label":"placement"},{"weight":127,"label":"mentoring"},{"weight":101,"label":"ipe"},{"weight":101,"label":"learning"},{"weight":94,"label":"undergraduate"},{"weight":92,"label":"year"},{"weight":88,"label":"practise"},{"weight":80,"label":"university"},{"weight":76,"label":"focus"},{"weight":65,"label":"group"},{"weight":64,"label":"scotland"},{"weight":63,"label":"professional"}],"subTopicId":332},{"conceptId":3,"clusterId":0,"hexCoordinates":{"x":1.7320508075688772,"y":-3},"labels":[{"weight":1394,"label":"scotland"},{"weight":923,"label":"scottish"},{"weight":831,"label":"report"},{"weight":782,"label":"project"},{"weight":773,"label":"work"},{"weight":699,"label":"local"},{"weight":596,"label":"research"},{"weight":479,"label":"government"},{"weight":424,"label":"support"},{"weight":420,"label":"service"},{"weight":389,"label":"national"},{"weight":388,"label":"programme"},{"weight":386,"label":"university"},{"weight":379,"label":"provide"},{"weight":349,"label":"authority"},{"weight":317,"label":"part"},{"weight":312,"label":"fund"},{"weight":307,"label":"key"},{"weight":296,"label":"community"},{"weight":282,"label":"council"},{"weight":272,"label":"centre"},{"weight":258,"label":"commission"},{"weight":255,"label":"year"},{"weight":238,"label":"plan"},{"weight":236,"label":"finding"}],"subTopicId":624},{"conceptId":8,"clusterId":0,"hexCoordinates":{"x":2.598076211353316,"y":-1.5},"labels":[{"weight":1993,"label":"teacher"},{"weight":1552,"label":"education"},{"weight":1076,"label":"school"},{"weight":516,"label":"curriculum"},{"weight":416,"label":"learning"},{"weight":397,"label":"professional"},{"weight":385,"label":"teaching"},{"weight":335,"label":"educational"},{"weight":329,"label":"learn"},{"weight":328,"label":"practice"},{"weight":285,"label":"development"},{"weight":276,"label":"classroom"},{"weight":257,"label":"pupil"},{"weight":235,"label":"scotland"},{"weight":230,"label":"policy"},{"weight":227,"label":"student"},{"weight":212,"label":"primary"},{"weight":200,"label":"paper"},{"weight":185,"label":"context"},{"weight":182,"label":"learner"},{"weight":161,"label":"pedagogy"},{"weight":151,"label":"knowledge"},{"weight":142,"label":"scottish"},{"weight":137,"label":"agency"},{"weight":133,"label":"pedagogical"}],"subTopicId":827},{"conceptId":6,"clusterId":0,"hexCoordinates":{"x":0,"y":-3},"labels":[{"weight":1044,"label":"skill"},{"weight":294,"label":"graduate"},{"weight":221,"label":"education"},{"weight":214,"label":"career"},{"weight":181,"label":"engineering"},{"weight":135,"label":"training"},{"weight":133,"label":"development"},{"weight":132,"label":"industry"},{"weight":115,"label":"employability"},{"weight":111,"label":"placement"},{"weight":100,"label":"work"},{"weight":89,"label":"develop"},{"weight":85,"label":"employment"},{"weight":82,"label":"technical"},{"weight":79,"label":"degree"},{"weight":78,"label":"programme"},{"weight":76,"label":"employer"},{"weight":74,"label":"experience"},{"weight":73,"label":"professional"},{"weight":72,"label":"student"},{"weight":69,"label":"opportunity"},{"weight":68,"label":"vocational"},{"weight":59,"label":"learn"},{"weight":58,"label":"workplace"},{"weight":58,"label":"curriculum"}],"subTopicId":757},{"conceptId":7,"clusterId":0,"hexCoordinates":{"x":0.8660254037844386,"y":-1.5},"labels":[{"weight":2251,"label":"student"},{"weight":551,"label":"learn"},{"weight":508,"label":"learning"},{"weight":445,"label":"assessment"},{"weight":417,"label":"feedback"},{"weight":286,"label":"skill"},{"weight":276,"label":"experience"},{"weight":252,"label":"teaching"},{"weight":234,"label":"education"},{"weight":204,"label":"academic"},{"weight":199,"label":"teacher"},{"weight":198,"label":"university"},{"weight":196,"label":"programme"},{"weight":185,"label":"develop"},{"weight":183,"label":"work"},{"weight":182,"label":"study"},{"weight":176,"label":"peer"},{"weight":168,"label":"module"},{"weight":152,"label":"write"},{"weight":148,"label":"year"},{"weight":148,"label":"group"},{"weight":147,"label":"online"},{"weight":146,"label":"practice"},{"weight":144,"label":"focus"},{"weight":143,"label":"teach"}],"subTopicId":817},{"conceptId":5,"clusterId":0,"hexCoordinates":{"x":2.598076211353316,"y":-4.5},"labels":[{"weight":165,"label":"switching"},{"weight":163,"label":"switch"},{"weight":114,"label":"table"},{"weight":84,"label":"nac"},{"weight":37,"label":"overlay"},{"weight":33,"label":"lookup"},{"weight":29,"label":"tba"},{"weight":26,"label":"route"},{"weight":23,"label":"nitinol"},{"weight":22,"label":"nomad"},{"weight":21,"label":"qpaa"},{"weight":19,"label":"pointer"},{"weight":19,"label":"engineering"},{"weight":17,"label":"churn"},{"weight":17,"label":"tef"},{"weight":17,"label":"dht"},{"weight":17,"label":"choose"},{"weight":17,"label":"level"},{"weight":16,"label":"fta"},{"weight":16,"label":"apprenticeship"},{"weight":16,"label":"hold"},{"weight":16,"label":"signal"},{"weight":15,"label":"pec"},{"weight":15,"label":"introduce"},{"weight":14,"label":"hash"}],"subTopicId":671}]}