{"linkageTable":[{"node2":9,"distance":0.404328345582835,"node1":7},{"node2":4,"distance":0.44762667901211,"node1":2},{"node2":10,"distance":0.4585387424035825,"node1":15},{"node2":8,"distance":0.4724848925515233,"node1":16},{"node2":12,"distance":0.478392218761765,"node1":6},{"node2":13,"distance":0.47867563698657,"node1":11},{"node2":17,"distance":0.4807495451084325,"node1":0},{"node2":14,"distance":0.4841404027388575,"node1":18},{"node2":21,"distance":0.4855641347979088,"node1":20},{"node2":5,"distance":0.4922406687412422,"node1":22},{"node2":19,"distance":0.4951986475419109,"node1":23},{"node2":1,"distance":0.4960082675007251,"node1":24},{"node2":3,"distance":0.4990727118627935,"node1":25}],"conceptsData":[{"conceptId":0,"clusterId":0,"hexCoordinates":{"x":-1.7320508075688772,"y":0},"labels":[{"weight":299,"label":"nmr"},{"weight":167,"label":"structure"},{"weight":153,"label":"nus"},{"weight":99,"label":"spectrum"},{"weight":93,"label":"dft"},{"weight":78,"label":"solid"},{"weight":76,"label":"spectroscopy"},{"weight":69,"label":"calculation"},{"weight":68,"label":"state"},{"weight":65,"label":"site"},{"weight":62,"label":"experiment"},{"weight":60,"label":"shift"},{"weight":52,"label":"disorder"},{"weight":48,"label":"cation"},{"weight":44,"label":"resonance"},{"weight":42,"label":"ray"},{"weight":40,"label":"mas"},{"weight":40,"label":"bond"},{"weight":38,"label":"nuclear"},{"weight":36,"label":"material"},{"weight":36,"label":"show"},{"weight":33,"label":"confirm"},{"weight":33,"label":"local"},{"weight":32,"label":"sda"},{"weight":32,"label":"structural"}],"subTopicId":2},{"conceptId":2,"clusterId":0,"hexCoordinates":{"x":0,"y":0},"labels":[{"weight":291,"label":"complex"},{"weight":276,"label":"ligand"},{"weight":210,"label":"structure"},{"weight":158,"label":"crystal"},{"weight":146,"label":"ray"},{"weight":142,"label":"coordination"},{"weight":141,"label":"bis"},{"weight":130,"label":"compound"},{"weight":128,"label":"atom"},{"weight":126,"label":"bond"},{"weight":120,"label":"metal"},{"weight":119,"label":"single"},{"weight":107,"label":"form"},{"weight":89,"label":"interaction"},{"weight":85,"label":"bridge"},{"weight":82,"label":"group"},{"weight":80,"label":"ion"},{"weight":72,"label":"bonding"},{"weight":72,"label":"analysis"},{"weight":71,"label":"hydrogen"},{"weight":69,"label":"diffraction"},{"weight":67,"label":"ring"},{"weight":66,"label":"arene"},{"weight":64,"label":"coordinate"},{"weight":60,"label":"cluster"}],"subTopicId":259},{"conceptId":4,"clusterId":0,"hexCoordinates":{"x":1.7320508075688772,"y":0},"labels":[{"weight":511,"label":"complex"},{"weight":269,"label":"ligand"},{"weight":205,"label":"nhc"},{"weight":144,"label":"catalyst"},{"weight":137,"label":"ipr"},{"weight":106,"label":"metal"},{"weight":94,"label":"bond"},{"weight":92,"label":"study"},{"weight":92,"label":"report"},{"weight":88,"label":"bis"},{"weight":85,"label":"species"},{"weight":81,"label":"reaction"},{"weight":76,"label":"form"},{"weight":73,"label":"carbene"},{"weight":70,"label":"activation"},{"weight":61,"label":"show"},{"weight":55,"label":"calculation"},{"weight":54,"label":"heterocyclic"},{"weight":53,"label":"catalytic"},{"weight":52,"label":"hydride"},{"weight":50,"label":"formation"},{"weight":48,"label":"addition"},{"weight":47,"label":"dft"},{"weight":46,"label":"pph"},{"weight":43,"label":"active"}],"subTopicId":314},{"conceptId":3,"clusterId":0,"hexCoordinates":{"x":-2.598076211353316,"y":1.5},"labels":[{"weight":382,"label":"testing"},{"weight":210,"label":"test"},{"weight":48,"label":"ect"},{"weight":47,"label":"context"},{"weight":30,"label":"ach"},{"weight":29,"label":"azide"},{"weight":29,"label":"alkyne"},{"weight":25,"label":"cass"},{"weight":23,"label":"scenario"},{"weight":22,"label":"cuaac"},{"weight":20,"label":"aware"},{"weight":17,"label":"survival"},{"weight":16,"label":"hacking"},{"weight":16,"label":"fus"},{"weight":15,"label":"deterrent"},{"weight":15,"label":"condition"},{"weight":14,"label":"presymptomatic"},{"weight":14,"label":"produce"},{"weight":14,"label":"require"},{"weight":13,"label":"problem"},{"weight":12,"label":"flow"},{"weight":11,"label":"bcn"},{"weight":11,"label":"catalyze"},{"weight":11,"label":"report"},{"weight":11,"label":"process"}],"subTopicId":284},{"conceptId":-1,"clusterId":-1,"hexCoordinates":{"x":6.928203230275509,"y":3},"labels":[{"weight":2500,"label":"Unclassified"},{"weight":0,"label":""},{"weight":0,"label":""},{"weight":0,"label":""},{"weight":0,"label":""},{"weight":0,"label":""},{"weight":0,"label":""},{"weight":0,"label":""},{"weight":0,"label":""},{"weight":0,"label":""},{"weight":0,"label":""}],"subTopicId":null},{"conceptId":8,"clusterId":0,"hexCoordinates":{"x":-0.8660254037844386,"y":-1.5},"labels":[{"weight":200,"label":"energy"},{"weight":194,"label":"molecule"},{"weight":149,"label":"molecular"},{"weight":144,"label":"state"},{"weight":123,"label":"calculation"},{"weight":118,"label":"metal"},{"weight":113,"label":"structure"},{"weight":112,"label":"electron"},{"weight":109,"label":"cage"},{"weight":107,"label":"complex"},{"weight":106,"label":"dft"},{"weight":106,"label":"bond"},{"weight":98,"label":"electronic"},{"weight":97,"label":"functional"},{"weight":97,"label":"ligand"},{"weight":89,"label":"density"},{"weight":88,"label":"redox"},{"weight":83,"label":"theory"},{"weight":80,"label":"radical"},{"weight":80,"label":"orbital"},{"weight":78,"label":"bonding"},{"weight":74,"label":"cluster"},{"weight":74,"label":"property"},{"weight":70,"label":"transition"},{"weight":66,"label":"binding"}],"subTopicId":459},{"conceptId":9,"clusterId":0,"hexCoordinates":{"x":0,"y":3},"labels":[{"weight":48,"label":"cys"},{"weight":42,"label":"mobilisation"},{"weight":39,"label":"isothiourea"},{"weight":29,"label":"enantioselective"},{"weight":27,"label":"cysteine"},{"weight":24,"label":"msa"},{"weight":24,"label":"addition"},{"weight":23,"label":"ammonium"},{"weight":22,"label":"product"},{"weight":21,"label":"enantioselectivity"},{"weight":21,"label":"anhydride"},{"weight":20,"label":"michael"},{"weight":20,"label":"substitute"},{"weight":20,"label":"derivative"},{"weight":19,"label":"dihydropyranone"},{"weight":19,"label":"syn"},{"weight":19,"label":"unsaturated"},{"weight":19,"label":"excellent"},{"weight":19,"label":"form"},{"weight":18,"label":"glrx"},{"weight":18,"label":"iii"},{"weight":18,"label":"high"},{"weight":18,"label":"observe"},{"weight":17,"label":"gsh"},{"weight":17,"label":"resolution"}],"subTopicId":526},{"conceptId":10,"clusterId":0,"hexCoordinates":{"x":0.8660254037844386,"y":-1.5},"labels":[{"weight":596,"label":"complex"},{"weight":262,"label":"ligand"},{"weight":219,"label":"ion"},{"weight":218,"label":"metal"},{"weight":154,"label":"reaction"},{"weight":139,"label":"iii"},{"weight":121,"label":"compound"},{"weight":107,"label":"study"},{"weight":102,"label":"thf"},{"weight":101,"label":"structure"},{"weight":94,"label":"magnetic"},{"weight":86,"label":"clo"},{"weight":83,"label":"tmp"},{"weight":83,"label":"solution"},{"weight":80,"label":"coordination"},{"weight":78,"label":"reveal"},{"weight":75,"label":"bis"},{"weight":69,"label":"bridge"},{"weight":69,"label":"base"},{"weight":66,"label":"meoh"},{"weight":66,"label":"species"},{"weight":66,"label":"yield"},{"weight":66,"label":"nmr"},{"weight":64,"label":"sime"},{"weight":64,"label":"characterize"}],"subTopicId":625},{"conceptId":12,"clusterId":0,"hexCoordinates":{"x":1.7320508075688772,"y":3},"labels":[{"weight":314,"label":"synthesis"},{"weight":172,"label":"polymer"},{"weight":158,"label":"property"},{"weight":153,"label":"unit"},{"weight":141,"label":"material"},{"weight":133,"label":"base"},{"weight":128,"label":"chain"},{"weight":125,"label":"assembly"},{"weight":101,"label":"compound"},{"weight":99,"label":"synthetic"},{"weight":92,"label":"block"},{"weight":86,"label":"ring"},{"weight":86,"label":"report"},{"weight":85,"label":"pom"},{"weight":84,"label":"synthesize"},{"weight":81,"label":"chiral"},{"weight":79,"label":"monomer"},{"weight":77,"label":"prepare"},{"weight":77,"label":"demonstrate"},{"weight":76,"label":"molecule"},{"weight":75,"label":"route"},{"weight":71,"label":"organic"},{"weight":71,"label":"side"},{"weight":71,"label":"group"},{"weight":71,"label":"reaction"}],"subTopicId":804},{"conceptId":1,"clusterId":0,"hexCoordinates":{"x":1.7320508075688772,"y":-3},"labels":[{"weight":129,"label":"inf"},{"weight":93,"label":"solubility"},{"weight":37,"label":"afb"},{"weight":29,"label":"ttp"},{"weight":25,"label":"amphiphile"},{"weight":23,"label":"tmp"},{"weight":21,"label":"media"},{"weight":20,"label":"fluid"},{"weight":20,"label":"point"},{"weight":19,"label":"vaginalis"},{"weight":19,"label":"ris"},{"weight":18,"label":"salt"},{"weight":17,"label":"equilibrium"},{"weight":16,"label":"simulated"},{"weight":15,"label":"foetus"},{"weight":15,"label":"intestinal"},{"weight":15,"label":"feed"},{"weight":14,"label":"fast"},{"weight":13,"label":"gar"},{"weight":13,"label":"bile"},{"weight":13,"label":"component"},{"weight":12,"label":"gagp"},{"weight":12,"label":"wbc"},{"weight":12,"label":"litmp"},{"weight":11,"label":"doe"}],"subTopicId":123},{"conceptId":6,"clusterId":0,"hexCoordinates":{"x":2.598076211353316,"y":1.5},"labels":[{"weight":513,"label":"reaction"},{"weight":240,"label":"catalyst"},{"weight":120,"label":"ldh"},{"weight":104,"label":"species"},{"weight":90,"label":"methanol"},{"weight":90,"label":"hydrogen"},{"weight":88,"label":"product"},{"weight":74,"label":"radical"},{"weight":69,"label":"sulfur"},{"weight":60,"label":"temperature"},{"weight":58,"label":"hydrogenation"},{"weight":57,"label":"conversion"},{"weight":56,"label":"oxidation"},{"weight":52,"label":"acid"},{"weight":52,"label":"produce"},{"weight":49,"label":"formation"},{"weight":48,"label":"hydroxyl"},{"weight":46,"label":"degradation"},{"weight":46,"label":"chemical"},{"weight":44,"label":"catalytic"},{"weight":41,"label":"hydrocarbon"},{"weight":41,"label":"form"},{"weight":39,"label":"surface"},{"weight":37,"label":"zsm"},{"weight":37,"label":"time"}],"subTopicId":365},{"conceptId":13,"clusterId":0,"hexCoordinates":{"x":3.4641016151377544,"y":0},"labels":[{"weight":93,"label":"lightning"},{"weight":88,"label":"flash"},{"weight":81,"label":"epr"},{"weight":67,"label":"label"},{"weight":65,"label":"spin"},{"weight":63,"label":"electron"},{"weight":57,"label":"distance"},{"weight":56,"label":"resonance"},{"weight":53,"label":"hill"},{"weight":53,"label":"measurement"},{"weight":47,"label":"vps"},{"weight":46,"label":"hong"},{"weight":45,"label":"kong"},{"weight":37,"label":"peldor"},{"weight":35,"label":"paramagnetic"},{"weight":30,"label":"lobster"},{"weight":29,"label":"cba"},{"weight":27,"label":"double"},{"weight":25,"label":"labeling"},{"weight":24,"label":"volcanic"},{"weight":24,"label":"study"},{"weight":22,"label":"pulsed"},{"weight":21,"label":"deer"},{"weight":20,"label":"ash"},{"weight":19,"label":"norvegicus"}],"subTopicId":924},{"conceptId":5,"clusterId":0,"hexCoordinates":{"x":-0.8660254037844386,"y":1.5},"labels":[{"weight":510,"label":"bond"},{"weight":444,"label":"ring"},{"weight":367,"label":"hydrogen"},{"weight":258,"label":"link"},{"weight":208,"label":"atom"},{"weight":206,"label":"molecule"},{"weight":199,"label":"compound"},{"weight":181,"label":"structure"},{"weight":178,"label":"chain"},{"weight":173,"label":"crystal"},{"weight":160,"label":"group"},{"weight":149,"label":"form"},{"weight":139,"label":"interaction"},{"weight":133,"label":"angle"},{"weight":132,"label":"title"},{"weight":117,"label":"methyl"},{"weight":116,"label":"mol"},{"weight":111,"label":"cation"},{"weight":110,"label":"generate"},{"weight":99,"label":"conformation"},{"weight":92,"label":"ecule"},{"weight":90,"label":"dihedral"},{"weight":90,"label":"unit"},{"weight":88,"label":"dimensional"},{"weight":80,"label":"anion"}],"subTopicId":363},{"conceptId":11,"clusterId":0,"hexCoordinates":{"x":2.598076211353316,"y":-1.5},"labels":[{"weight":237,"label":"structure"},{"weight":154,"label":"ligand"},{"weight":115,"label":"dimer"},{"weight":109,"label":"mof"},{"weight":101,"label":"crystal"},{"weight":94,"label":"binding"},{"weight":82,"label":"molecular"},{"weight":79,"label":"charge"},{"weight":76,"label":"bind"},{"weight":73,"label":"organic"},{"weight":72,"label":"single"},{"weight":72,"label":"property"},{"weight":70,"label":"metal"},{"weight":70,"label":"molecule"},{"weight":69,"label":"transfer"},{"weight":62,"label":"functional"},{"weight":60,"label":"structural"},{"weight":59,"label":"donor"},{"weight":59,"label":"site"},{"weight":58,"label":"stack"},{"weight":56,"label":"pair"},{"weight":51,"label":"calculation"},{"weight":51,"label":"state"},{"weight":47,"label":"acceptor"},{"weight":47,"label":"interaction"}],"subTopicId":752},{"conceptId":7,"clusterId":0,"hexCoordinates":{"x":0.8660254037844386,"y":1.5},"labels":[{"weight":1239,"label":"reaction"},{"weight":374,"label":"product"},{"weight":333,"label":"acid"},{"weight":312,"label":"synthesis"},{"weight":240,"label":"yield"},{"weight":233,"label":"group"},{"weight":228,"label":"report"},{"weight":226,"label":"catalyst"},{"weight":205,"label":"substrate"},{"weight":202,"label":"formation"},{"weight":200,"label":"bond"},{"weight":193,"label":"coupling"},{"weight":189,"label":"process"},{"weight":183,"label":"aryl"},{"weight":173,"label":"amine"},{"weight":169,"label":"step"},{"weight":167,"label":"ring"},{"weight":162,"label":"condition"},{"weight":161,"label":"compound"},{"weight":160,"label":"ester"},{"weight":154,"label":"intermediate"},{"weight":147,"label":"reagent"},{"weight":146,"label":"radical"},{"weight":145,"label":"catalytic"},{"weight":142,"label":"form"}],"subTopicId":381}]}