[{"topicData":[{"numberOfDocuments":0.0,"label":"Robert Gordon University"},{"numberOfDocuments":0.0,"label":"Heriot-Watt University"},{"numberOfDocuments":0.0,"label":"Glasgow Caledonian University"},{"numberOfDocuments":0.0,"label":"Queen Margaret University"},{"numberOfDocuments":0.0,"label":"University of the Highlands and Islands"},{"numberOfDocuments":0.0,"label":"University of Dundee"},{"numberOfDocuments":0.0,"label":"Edinburgh Napier University"},{"numberOfDocuments":0.0,"label":"University of Stirling"},{"numberOfDocuments":0.0,"label":"Abertay University"},{"numberOfDocuments":0.0,"label":"University of Aberdeen"},{"numberOfDocuments":0.0,"label":"University of Edinburgh"},{"numberOfDocuments":0.0,"label":"University of the West of Scotland"},{"numberOfDocuments":0.0,"label":"University of Glasgow"},{"numberOfDocuments":0.0,"label":"University of St Andrews"},{"numberOfDocuments":0.0,"label":"University of Strathclyde"}],"conceptId":-1},{"topicData":[{"numberOfDocuments":1.4969492242754159,"label":"Robert Gordon University"},{"numberOfDocuments":0.791956565705561,"label":"Heriot-Watt University"},{"numberOfDocuments":0.8069343693563729,"label":"Glasgow Caledonian University"},{"numberOfDocuments":1.288541064629256,"label":"Queen Margaret University"},{"numberOfDocuments":3.708014526442097,"label":"University of the Highlands and Islands"},{"numberOfDocuments":2.4596275099074214,"label":"University of Dundee"},{"numberOfDocuments":4.412421973387294,"label":"Edinburgh Napier University"},{"numberOfDocuments":5.436988867809239,"label":"University of Stirling"},{"numberOfDocuments":1.497962581494828,"label":"Abertay University"},{"numberOfDocuments":1.345987161591798,"label":"University of Aberdeen"},{"numberOfDocuments":17.849789693951788,"label":"University of Edinburgh"},{"numberOfDocuments":2.5327392620902853,"label":"University of the West of Scotland"},{"numberOfDocuments":10.936270448762148,"label":"University of Glasgow"},{"numberOfDocuments":3.032011735001137,"label":"University of St Andrews"},{"numberOfDocuments":8.433706932521563,"label":"University of Strathclyde"}],"conceptId":0},{"topicData":[{"numberOfDocuments":8.89901399376539,"label":"Robert Gordon University"},{"numberOfDocuments":0.15834326876575028,"label":"Heriot-Watt University"},{"numberOfDocuments":2.648257831741766,"label":"Glasgow Caledonian University"},{"numberOfDocuments":7.394248991034791,"label":"Queen Margaret University"},{"numberOfDocuments":1.2430669454923187,"label":"University of the Highlands and Islands"},{"numberOfDocuments":3.1059509840005144,"label":"University of Dundee"},{"numberOfDocuments":12.97684578612327,"label":"Edinburgh Napier University"},{"numberOfDocuments":8.73526085858583,"label":"University of Stirling"},{"numberOfDocuments":1.878293382527581,"label":"Abertay University"},{"numberOfDocuments":2.273230060168713,"label":"University of Aberdeen"},{"numberOfDocuments":10.468236528678759,"label":"University of Edinburgh"},{"numberOfDocuments":6.710009664462618,"label":"University of the West of Scotland"},{"numberOfDocuments":2.8550443190939236,"label":"University of Glasgow"},{"numberOfDocuments":1.5437889116620813,"label":"University of St Andrews"},{"numberOfDocuments":3.9379918688488402,"label":"University of Strathclyde"}],"conceptId":1},{"topicData":[{"numberOfDocuments":3.7406325397502393,"label":"Robert Gordon University"},{"numberOfDocuments":1.3291799305256948,"label":"Heriot-Watt University"},{"numberOfDocuments":3.8172479214283803,"label":"Glasgow Caledonian University"},{"numberOfDocuments":2.9382012085392732,"label":"Queen Margaret University"},{"numberOfDocuments":1.558735978160437,"label":"University of the Highlands and Islands"},{"numberOfDocuments":2.927753467918915,"label":"University of Dundee"},{"numberOfDocuments":4.861239282985277,"label":"Edinburgh Napier University"},{"numberOfDocuments":8.907470172826232,"label":"University of Stirling"},{"numberOfDocuments":2.0645168573937354,"label":"Abertay University"},{"numberOfDocuments":1.1959930036545088,"label":"University of Aberdeen"},{"numberOfDocuments":16.461851892782754,"label":"University of Edinburgh"},{"numberOfDocuments":2.127914056817307,"label":"University of the West of Scotland"},{"numberOfDocuments":9.793265541290081,"label":"University of Glasgow"},{"numberOfDocuments":2.188036681906456,"label":"University of St Andrews"},{"numberOfDocuments":7.500851673327045,"label":"University of Strathclyde"}],"conceptId":2},{"topicData":[{"numberOfDocuments":17.836895899027517,"label":"Robert Gordon University"},{"numberOfDocuments":5.4290852351745436,"label":"Heriot-Watt University"},{"numberOfDocuments":4.942030320352227,"label":"Glasgow Caledonian University"},{"numberOfDocuments":15.814300028926489,"label":"Queen Margaret University"},{"numberOfDocuments":11.2836947149259,"label":"University of the Highlands and Islands"},{"numberOfDocuments":15.475001254336537,"label":"University of Dundee"},{"numberOfDocuments":16.08617784913784,"label":"Edinburgh Napier University"},{"numberOfDocuments":44.55670469740611,"label":"University of Stirling"},{"numberOfDocuments":5.466949582793917,"label":"Abertay University"},{"numberOfDocuments":10.380859744726394,"label":"University of Aberdeen"},{"numberOfDocuments":48.35007899199674,"label":"University of Edinburgh"},{"numberOfDocuments":12.620906880364023,"label":"University of the West of Scotland"},{"numberOfDocuments":46.87353858780506,"label":"University of Glasgow"},{"numberOfDocuments":11.025604079403855,"label":"University of St Andrews"},{"numberOfDocuments":101.16954293080701,"label":"University of Strathclyde"}],"conceptId":3},{"topicData":[{"numberOfDocuments":4.091489273718073,"label":"Robert Gordon University"},{"numberOfDocuments":1.72872771051727,"label":"Heriot-Watt University"},{"numberOfDocuments":1.5990777678716521,"label":"Glasgow Caledonian University"},{"numberOfDocuments":3.505357119641375,"label":"Queen Margaret University"},{"numberOfDocuments":0.2816506171500377,"label":"University of the Highlands and Islands"},{"numberOfDocuments":18.5259542134231,"label":"University of Dundee"},{"numberOfDocuments":3.785014201836624,"label":"Edinburgh Napier University"},{"numberOfDocuments":5.120332244724753,"label":"University of Stirling"},{"numberOfDocuments":1.4359299107707908,"label":"Abertay University"},{"numberOfDocuments":13.29485454330269,"label":"University of Aberdeen"},{"numberOfDocuments":13.254307697744645,"label":"University of Edinburgh"},{"numberOfDocuments":0.7738224465752942,"label":"University of the West of Scotland"},{"numberOfDocuments":17.442699688016045,"label":"University of Glasgow"},{"numberOfDocuments":4.274895978798715,"label":"University of St Andrews"},{"numberOfDocuments":5.537386133581838,"label":"University of Strathclyde"}],"conceptId":4},{"topicData":[{"numberOfDocuments":0.7815311529251049,"label":"Robert Gordon University"},{"numberOfDocuments":1.105779742743761,"label":"Heriot-Watt University"},{"numberOfDocuments":0.07665847665847667,"label":"Glasgow Caledonian University"},{"numberOfDocuments":0.1590989068235623,"label":"Queen Margaret University"},{"numberOfDocuments":0.07106514588528978,"label":"University of the Highlands and Islands"},{"numberOfDocuments":0.7310473843488824,"label":"University of Dundee"},{"numberOfDocuments":1.0540259931639242,"label":"Edinburgh Napier University"},{"numberOfDocuments":1.9484991797515496,"label":"University of Stirling"},{"numberOfDocuments":0.1398744258805546,"label":"Abertay University"},{"numberOfDocuments":0.5984262333097616,"label":"University of Aberdeen"},{"numberOfDocuments":2.9738954053524767,"label":"University of Edinburgh"},{"numberOfDocuments":0.7739739901230586,"label":"University of the West of Scotland"},{"numberOfDocuments":2.046575536110623,"label":"University of Glasgow"},{"numberOfDocuments":0.9964019117690892,"label":"University of St Andrews"},{"numberOfDocuments":3.7455927077740245,"label":"University of Strathclyde"}],"conceptId":5},{"topicData":[{"numberOfDocuments":5.393719707474936,"label":"Robert Gordon University"},{"numberOfDocuments":2.142604380178891,"label":"Heriot-Watt University"},{"numberOfDocuments":2.4059946343574206,"label":"Glasgow Caledonian University"},{"numberOfDocuments":1.5108247187438166,"label":"Queen Margaret University"},{"numberOfDocuments":2.1749026190693543,"label":"University of the Highlands and Islands"},{"numberOfDocuments":1.546833072569692,"label":"University of Dundee"},{"numberOfDocuments":6.952715720422308,"label":"Edinburgh Napier University"},{"numberOfDocuments":6.576476944986836,"label":"University of Stirling"},{"numberOfDocuments":2.3799466215643656,"label":"Abertay University"},{"numberOfDocuments":1.8097485719569972,"label":"University of Aberdeen"},{"numberOfDocuments":5.931128381839867,"label":"University of Edinburgh"},{"numberOfDocuments":3.5134086466478074,"label":"University of the West of Scotland"},{"numberOfDocuments":11.304757540509865,"label":"University of Glasgow"},{"numberOfDocuments":2.210492508668531,"label":"University of St Andrews"},{"numberOfDocuments":11.16802479285111,"label":"University of Strathclyde"}],"conceptId":6},{"topicData":[{"numberOfDocuments":10.078685596288029,"label":"Robert Gordon University"},{"numberOfDocuments":6.68590472531163,"label":"Heriot-Watt University"},{"numberOfDocuments":5.921432022428356,"label":"Glasgow Caledonian University"},{"numberOfDocuments":10.737929525054186,"label":"Queen Margaret University"},{"numberOfDocuments":3.2387051347774753,"label":"University of the Highlands and Islands"},{"numberOfDocuments":8.572973032440304,"label":"University of Dundee"},{"numberOfDocuments":20.345472940985463,"label":"Edinburgh Napier University"},{"numberOfDocuments":13.249414111960668,"label":"University of Stirling"},{"numberOfDocuments":6.119985594811518,"label":"Abertay University"},{"numberOfDocuments":6.402768598410869,"label":"University of Aberdeen"},{"numberOfDocuments":34.297971957416564,"label":"University of Edinburgh"},{"numberOfDocuments":7.876060118971262,"label":"University of the West of Scotland"},{"numberOfDocuments":42.1393247941877,"label":"University of Glasgow"},{"numberOfDocuments":3.25849921271819,"label":"University of St Andrews"},{"numberOfDocuments":18.975085447164368,"label":"University of Strathclyde"}],"conceptId":7},{"topicData":[{"numberOfDocuments":1.8644573950099053,"label":"Robert Gordon University"},{"numberOfDocuments":1.0318117266844313,"label":"Heriot-Watt University"},{"numberOfDocuments":0.8136148789020643,"label":"Glasgow Caledonian University"},{"numberOfDocuments":11.877393754297428,"label":"Queen Margaret University"},{"numberOfDocuments":2.6485237127804444,"label":"University of the Highlands and Islands"},{"numberOfDocuments":7.678509008957611,"label":"University of Dundee"},{"numberOfDocuments":2.603810878156009,"label":"Edinburgh Napier University"},{"numberOfDocuments":32.38469362495575,"label":"University of Stirling"},{"numberOfDocuments":1.9263458065025245,"label":"Abertay University"},{"numberOfDocuments":9.081472652057645,"label":"University of Aberdeen"},{"numberOfDocuments":47.87920024292203,"label":"University of Edinburgh"},{"numberOfDocuments":6.916459539418714,"label":"University of the West of Scotland"},{"numberOfDocuments":28.00647917747261,"label":"University of Glasgow"},{"numberOfDocuments":2.00451751546703,"label":"University of St Andrews"},{"numberOfDocuments":33.27308928659777,"label":"University of Strathclyde"}],"conceptId":8},{"topicData":[{"numberOfDocuments":2.4644817599133853,"label":"Robert Gordon University"},{"numberOfDocuments":3.3175421904697164,"label":"Heriot-Watt University"},{"numberOfDocuments":1.275734071725525,"label":"Glasgow Caledonian University"},{"numberOfDocuments":2.675837371916619,"label":"Queen Margaret University"},{"numberOfDocuments":2.0406918306812725,"label":"University of the Highlands and Islands"},{"numberOfDocuments":3.575327615148459,"label":"University of Dundee"},{"numberOfDocuments":6.953380708251149,"label":"Edinburgh Napier University"},{"numberOfDocuments":4.605630523127285,"label":"University of Stirling"},{"numberOfDocuments":2.128479249012246,"label":"Abertay University"},{"numberOfDocuments":1.4570541277175322,"label":"University of Aberdeen"},{"numberOfDocuments":8.89044076726111,"label":"University of Edinburgh"},{"numberOfDocuments":5.408317480361193,"label":"University of the West of Scotland"},{"numberOfDocuments":12.026732767049037,"label":"University of Glasgow"},{"numberOfDocuments":1.6598242053800478,"label":"University of St Andrews"},{"numberOfDocuments":8.676534587182157,"label":"University of Strathclyde"}],"conceptId":9},{"topicData":[{"numberOfDocuments":9.323078372871061,"label":"Robert Gordon University"},{"numberOfDocuments":5.905127583625504,"label":"Heriot-Watt University"},{"numberOfDocuments":4.812963250068872,"label":"Glasgow Caledonian University"},{"numberOfDocuments":16.35053089558957,"label":"Queen Margaret University"},{"numberOfDocuments":6.667285986743086,"label":"University of the Highlands and Islands"},{"numberOfDocuments":13.828178067014456,"label":"University of Dundee"},{"numberOfDocuments":24.750364831050824,"label":"Edinburgh Napier University"},{"numberOfDocuments":13.72372113715663,"label":"University of Stirling"},{"numberOfDocuments":9.020208068646937,"label":"Abertay University"},{"numberOfDocuments":9.700680063769303,"label":"University of Aberdeen"},{"numberOfDocuments":31.223312847243374,"label":"University of Edinburgh"},{"numberOfDocuments":8.580753307232245,"label":"University of the West of Scotland"},{"numberOfDocuments":31.677059148736895,"label":"University of Glasgow"},{"numberOfDocuments":9.782523864190432,"label":"University of St Andrews"},{"numberOfDocuments":25.195502189560933,"label":"University of Strathclyde"}],"conceptId":10},{"topicData":[{"numberOfDocuments":1.6034994971935568,"label":"Robert Gordon University"},{"numberOfDocuments":0.4736991250105305,"label":"Heriot-Watt University"},{"numberOfDocuments":0.4573487116626706,"label":"Glasgow Caledonian University"},{"numberOfDocuments":3.9732654674757026,"label":"Queen Margaret University"},{"numberOfDocuments":1.6790752410352943,"label":"University of the Highlands and Islands"},{"numberOfDocuments":3.8545954713110255,"label":"University of Dundee"},{"numberOfDocuments":1.7437026436748908,"label":"Edinburgh Napier University"},{"numberOfDocuments":11.142645681097939,"label":"University of Stirling"},{"numberOfDocuments":0.5232918946082086,"label":"Abertay University"},{"numberOfDocuments":1.8441471214832919,"label":"University of Aberdeen"},{"numberOfDocuments":15.975170882674758,"label":"University of Edinburgh"},{"numberOfDocuments":2.0453801895338337,"label":"University of the West of Scotland"},{"numberOfDocuments":11.833653476616805,"label":"University of Glasgow"},{"numberOfDocuments":2.639291967793618,"label":"University of St Andrews"},{"numberOfDocuments":12.613466350912685,"label":"University of Strathclyde"}],"conceptId":11},{"topicData":[{"numberOfDocuments":3.912879712492467,"label":"Robert Gordon University"},{"numberOfDocuments":2.9945158582300127,"label":"Heriot-Watt University"},{"numberOfDocuments":2.3344225549380337,"label":"Glasgow Caledonian University"},{"numberOfDocuments":3.2134131322710155,"label":"Queen Margaret University"},{"numberOfDocuments":3.412619636799405,"label":"University of the Highlands and Islands"},{"numberOfDocuments":7.017417216842514,"label":"University of Dundee"},{"numberOfDocuments":8.388856159588011,"label":"Edinburgh Napier University"},{"numberOfDocuments":5.35511638653837,"label":"University of Stirling"},{"numberOfDocuments":1.312565554986476,"label":"Abertay University"},{"numberOfDocuments":9.38920224502532,"label":"University of Aberdeen"},{"numberOfDocuments":21.377281475881258,"label":"University of Edinburgh"},{"numberOfDocuments":2.965535235861469,"label":"University of the West of Scotland"},{"numberOfDocuments":20.545287296559167,"label":"University of Glasgow"},{"numberOfDocuments":10.79674601249041,"label":"University of St Andrews"},{"numberOfDocuments":10.800503668930132,"label":"University of Strathclyde"}],"conceptId":12}]