{"linkageTable":[{"node2":9,"distance":0.433031273190965,"node1":8},{"node2":13,"distance":0.44482537493658,"node1":10},{"node2":16,"distance":0.4665940855216975,"node1":6},{"node2":5,"distance":0.468268286151055,"node1":0},{"node2":17,"distance":0.47418603078038,"node1":1},{"node2":3,"distance":0.477210314597485,"node1":18},{"node2":19,"distance":0.48086271456039675,"node1":20},{"node2":4,"distance":0.4854045739347571,"node1":21},{"node2":15,"distance":0.4875760267806375,"node1":2},{"node2":11,"distance":0.48771901249211375,"node1":22},{"node2":12,"distance":0.4918849960251344,"node1":24},{"node2":23,"distance":0.4937985536111062,"node1":25},{"node2":14,"distance":0.49629785362307194,"node1":26},{"node2":7,"distance":0.49785993689598634,"node1":27}],"conceptsData":[{"conceptId":0,"clusterId":0,"hexCoordinates":{"x":2.598076211353316,"y":-1.5},"labels":[{"weight":843,"label":"discourse"},{"weight":801,"label":"practice"},{"weight":500,"label":"argue"},{"weight":483,"label":"paper"},{"weight":481,"label":"article"},{"weight":476,"label":"critical"},{"weight":431,"label":"social"},{"weight":346,"label":"work"},{"weight":334,"label":"political"},{"weight":309,"label":"context"},{"weight":299,"label":"draw"},{"weight":283,"label":"analysis"},{"weight":260,"label":"examine"},{"weight":256,"label":"focus"},{"weight":255,"label":"explore"},{"weight":249,"label":"policy"},{"weight":236,"label":"space"},{"weight":225,"label":"debate"},{"weight":225,"label":"relation"},{"weight":208,"label":"approach"},{"weight":208,"label":"global"},{"weight":197,"label":"contemporary"},{"weight":190,"label":"concept"},{"weight":180,"label":"form"},{"weight":177,"label":"critique"}],"subTopicId":64},{"conceptId":12,"clusterId":0,"hexCoordinates":{"x":3.4641016151377544,"y":-3},"labels":[{"weight":242,"label":"chapter"},{"weight":165,"label":"thesis"},{"weight":113,"label":"cod"},{"weight":75,"label":"humour"},{"weight":51,"label":"faroe"},{"weight":45,"label":"marxist"},{"weight":42,"label":"mexico"},{"weight":32,"label":"romance"},{"weight":31,"label":"marx"},{"weight":27,"label":"plateau"},{"weight":27,"label":"theory"},{"weight":25,"label":"mexican"},{"weight":25,"label":"capitalism"},{"weight":23,"label":"roma"},{"weight":22,"label":"capital"},{"weight":20,"label":"writing"},{"weight":20,"label":"critique"},{"weight":19,"label":"virginity"},{"weight":19,"label":"attempt"},{"weight":19,"label":"link"},{"weight":17,"label":"paulo"},{"weight":15,"label":"materialist"},{"weight":14,"label":"marxism"},{"weight":14,"label":"comedy"},{"weight":14,"label":"capitalist"}],"subTopicId":900},{"conceptId":8,"clusterId":0,"hexCoordinates":{"x":5.196152422706632,"y":0},"labels":[{"weight":333,"label":"knowledge"},{"weight":109,"label":"epistemic"},{"weight":69,"label":"virtue"},{"weight":66,"label":"cognitive"},{"weight":57,"label":"kind"},{"weight":54,"label":"intellectual"},{"weight":47,"label":"mind"},{"weight":40,"label":"epistemology"},{"weight":38,"label":"extended"},{"weight":36,"label":"philosophy"},{"weight":35,"label":"stanley"},{"weight":34,"label":"active"},{"weight":31,"label":"thesis"},{"weight":27,"label":"externalism"},{"weight":27,"label":"aim"},{"weight":26,"label":"intellectualist"},{"weight":26,"label":"reductive"},{"weight":26,"label":"clark"},{"weight":26,"label":"cognition"},{"weight":25,"label":"agent"},{"weight":24,"label":"anti"},{"weight":22,"label":"nwfet"},{"weight":22,"label":"accord"},{"weight":21,"label":"ability"},{"weight":21,"label":"science"}],"subTopicId":527},{"conceptId":9,"clusterId":0,"hexCoordinates":{"x":4.330127018922193,"y":1.5},"labels":[{"weight":585,"label":"argue"},{"weight":454,"label":"view"},{"weight":453,"label":"argument"},{"weight":427,"label":"knowledge"},{"weight":426,"label":"account"},{"weight":412,"label":"belief"},{"weight":381,"label":"epistemic"},{"weight":373,"label":"theory"},{"weight":363,"label":"claim"},{"weight":339,"label":"paper"},{"weight":258,"label":"problem"},{"weight":256,"label":"case"},{"weight":247,"label":"reason"},{"weight":217,"label":"truth"},{"weight":197,"label":"show"},{"weight":185,"label":"justification"},{"weight":177,"label":"proposition"},{"weight":177,"label":"kind"},{"weight":163,"label":"epistemology"},{"weight":159,"label":"accord"},{"weight":149,"label":"principle"},{"weight":146,"label":"alternative"},{"weight":143,"label":"fact"},{"weight":140,"label":"give"},{"weight":138,"label":"defend"}],"subTopicId":673},{"conceptId":10,"clusterId":0,"hexCoordinates":{"x":0,"y":0},"labels":[{"weight":256,"label":"christian"},{"weight":235,"label":"church"},{"weight":186,"label":"religion"},{"weight":177,"label":"god"},{"weight":175,"label":"theology"},{"weight":174,"label":"religious"},{"weight":127,"label":"theological"},{"weight":118,"label":"catholic"},{"weight":105,"label":"article"},{"weight":94,"label":"islamic"},{"weight":84,"label":"divine"},{"weight":79,"label":"argue"},{"weight":68,"label":"tradition"},{"weight":66,"label":"doctrine"},{"weight":62,"label":"christ"},{"weight":61,"label":"faith"},{"weight":50,"label":"christianity"},{"weight":50,"label":"reform"},{"weight":49,"label":"offer"},{"weight":46,"label":"contemporary"},{"weight":44,"label":"biblical"},{"weight":43,"label":"century"},{"weight":41,"label":"roman"},{"weight":41,"label":"protestant"},{"weight":41,"label":"islam"}],"subTopicId":737},{"conceptId":13,"clusterId":0,"hexCoordinates":{"x":1.7320508075688772,"y":0},"labels":[{"weight":537,"label":"human"},{"weight":535,"label":"argue"},{"weight":483,"label":"world"},{"weight":473,"label":"make"},{"weight":425,"label":"paper"},{"weight":404,"label":"moral"},{"weight":376,"label":"question"},{"weight":375,"label":"concept"},{"weight":359,"label":"view"},{"weight":300,"label":"idea"},{"weight":287,"label":"experience"},{"weight":277,"label":"philosophy"},{"weight":276,"label":"sense"},{"weight":269,"label":"form"},{"weight":265,"label":"notion"},{"weight":261,"label":"account"},{"weight":255,"label":"theory"},{"weight":252,"label":"life"},{"weight":250,"label":"nature"},{"weight":249,"label":"thing"},{"weight":232,"label":"science"},{"weight":224,"label":"suggest"},{"weight":222,"label":"good"},{"weight":221,"label":"understand"},{"weight":218,"label":"mind"}],"subTopicId":934},{"conceptId":3,"clusterId":0,"hexCoordinates":{"x":4.330127018922193,"y":-1.5},"labels":[{"weight":699,"label":"practice"},{"weight":579,"label":"role"},{"weight":566,"label":"process"},{"weight":563,"label":"article"},{"weight":534,"label":"theory"},{"weight":531,"label":"explore"},{"weight":507,"label":"relation"},{"weight":504,"label":"paper"},{"weight":504,"label":"context"},{"weight":500,"label":"actor"},{"weight":456,"label":"draw"},{"weight":454,"label":"framework"},{"weight":440,"label":"social"},{"weight":437,"label":"analysis"},{"weight":411,"label":"study"},{"weight":401,"label":"argue"},{"weight":381,"label":"examine"},{"weight":345,"label":"research"},{"weight":344,"label":"theoretical"},{"weight":342,"label":"organization"},{"weight":334,"label":"relationship"},{"weight":332,"label":"institutional"},{"weight":319,"label":"shape"},{"weight":317,"label":"agency"},{"weight":313,"label":"form"}],"subTopicId":133},{"conceptId":-1,"clusterId":-1,"hexCoordinates":{"x":9.526279441628825,"y":3},"labels":[{"weight":2500,"label":"Unclassified"},{"weight":0,"label":""},{"weight":0,"label":""},{"weight":0,"label":""},{"weight":0,"label":""},{"weight":0,"label":""},{"weight":0,"label":""},{"weight":0,"label":""},{"weight":0,"label":""},{"weight":0,"label":""},{"weight":0,"label":""}],"subTopicId":null},{"conceptId":2,"clusterId":0,"hexCoordinates":{"x":6.06217782649107,"y":1.5},"labels":[{"weight":178,"label":"implicit"},{"weight":139,"label":"explicit"},{"weight":97,"label":"belief"},{"weight":74,"label":"valuation"},{"weight":74,"label":"theory"},{"weight":65,"label":"attribution"},{"weight":52,"label":"motive"},{"weight":51,"label":"crowdsource"},{"weight":38,"label":"individual"},{"weight":31,"label":"happy"},{"weight":30,"label":"share"},{"weight":30,"label":"attitude"},{"weight":30,"label":"show"},{"weight":29,"label":"perspective"},{"weight":27,"label":"explicitly"},{"weight":24,"label":"mind"},{"weight":24,"label":"suggest"},{"weight":22,"label":"question"},{"weight":21,"label":"crowdsourcing"},{"weight":21,"label":"ally"},{"weight":21,"label":"proposition"},{"weight":21,"label":"false"},{"weight":21,"label":"relation"},{"weight":21,"label":"reveal"},{"weight":21,"label":"important"}],"subTopicId":111},{"conceptId":11,"clusterId":0,"hexCoordinates":{"x":1.7320508075688772,"y":-3},"labels":[{"weight":1053,"label":"social"},{"weight":435,"label":"research"},{"weight":344,"label":"theory"},{"weight":336,"label":"science"},{"weight":313,"label":"practice"},{"weight":243,"label":"paper"},{"weight":221,"label":"change"},{"weight":191,"label":"enterprise"},{"weight":171,"label":"concept"},{"weight":167,"label":"transformation"},{"weight":162,"label":"engagement"},{"weight":162,"label":"perspective"},{"weight":149,"label":"theoretical"},{"weight":142,"label":"approach"},{"weight":138,"label":"provide"},{"weight":129,"label":"develop"},{"weight":124,"label":"draw"},{"weight":110,"label":"conceptual"},{"weight":110,"label":"understand"},{"weight":108,"label":"understanding"},{"weight":108,"label":"critical"},{"weight":101,"label":"empirical"},{"weight":100,"label":"scholar"},{"weight":96,"label":"opportunity"},{"weight":94,"label":"human"}],"subTopicId":850},{"conceptId":5,"clusterId":0,"hexCoordinates":{"x":3.4641016151377544,"y":0},"labels":[{"weight":922,"label":"social"},{"weight":391,"label":"article"},{"weight":334,"label":"work"},{"weight":285,"label":"argue"},{"weight":280,"label":"political"},{"weight":273,"label":"explore"},{"weight":267,"label":"context"},{"weight":262,"label":"paper"},{"weight":234,"label":"power"},{"weight":231,"label":"practice"},{"weight":217,"label":"identity"},{"weight":213,"label":"discourse"},{"weight":213,"label":"relation"},{"weight":213,"label":"cultural"},{"weight":211,"label":"draw"},{"weight":208,"label":"class"},{"weight":206,"label":"movement"},{"weight":198,"label":"analysis"},{"weight":186,"label":"form"},{"weight":179,"label":"study"},{"weight":176,"label":"politics"},{"weight":161,"label":"challenge"},{"weight":153,"label":"contemporary"},{"weight":147,"label":"narrative"},{"weight":145,"label":"history"}],"subTopicId":246},{"conceptId":14,"clusterId":0,"hexCoordinates":{"x":-0.8660254037844386,"y":-1.5},"labels":[{"weight":129,"label":"complaint"},{"weight":111,"label":"wiley"},{"weight":101,"label":"son"},{"weight":98,"label":"john"},{"weight":81,"label":"moral"},{"weight":49,"label":"author"},{"weight":48,"label":"handle"},{"weight":44,"label":"periodical"},{"weight":44,"label":"model"},{"weight":40,"label":"bad"},{"weight":40,"label":"ethical"},{"weight":34,"label":"publish"},{"weight":32,"label":"handling"},{"weight":32,"label":"copyright"},{"weight":30,"label":"good"},{"weight":30,"label":"experience"},{"weight":27,"label":"complain"},{"weight":25,"label":"ombudsman"},{"weight":25,"label":"american"},{"weight":24,"label":"intentional"},{"weight":24,"label":"vulnerability"},{"weight":22,"label":"involve"},{"weight":20,"label":"asi"},{"weight":18,"label":"imagine"},{"weight":17,"label":"vta"}],"subTopicId":940},{"conceptId":4,"clusterId":0,"hexCoordinates":{"x":2.598076211353316,"y":1.5},"labels":[{"weight":169,"label":"human"},{"weight":152,"label":"theory"},{"weight":151,"label":"science"},{"weight":113,"label":"psychology"},{"weight":107,"label":"social"},{"weight":99,"label":"realism"},{"weight":92,"label":"approach"},{"weight":86,"label":"philosophy"},{"weight":74,"label":"world"},{"weight":69,"label":"realist"},{"weight":67,"label":"paradigm"},{"weight":63,"label":"deleuze"},{"weight":58,"label":"argue"},{"weight":56,"label":"psychological"},{"weight":55,"label":"philosophical"},{"weight":50,"label":"theoretical"},{"weight":42,"label":"body"},{"weight":37,"label":"concept"},{"weight":36,"label":"suggest"},{"weight":35,"label":"notion"},{"weight":33,"label":"contemporary"},{"weight":33,"label":"view"},{"weight":32,"label":"tradition"},{"weight":32,"label":"conception"},{"weight":32,"label":"alternative"}],"subTopicId":203},{"conceptId":1,"clusterId":0,"hexCoordinates":{"x":0.8660254037844386,"y":1.5},"labels":[{"weight":614,"label":"article"},{"weight":508,"label":"concept"},{"weight":393,"label":"practice"},{"weight":393,"label":"argue"},{"weight":334,"label":"approach"},{"weight":331,"label":"research"},{"weight":296,"label":"human"},{"weight":286,"label":"paper"},{"weight":282,"label":"perspective"},{"weight":279,"label":"draw"},{"weight":260,"label":"work"},{"weight":257,"label":"interpret"},{"weight":255,"label":"explore"},{"weight":249,"label":"attention"},{"weight":249,"label":"process"},{"weight":246,"label":"focus"},{"weight":223,"label":"theory"},{"weight":220,"label":"term"},{"weight":218,"label":"discuss"},{"weight":217,"label":"understand"},{"weight":212,"label":"make"},{"weight":210,"label":"context"},{"weight":204,"label":"nature"},{"weight":188,"label":"experience"},{"weight":186,"label":"describe"}],"subTopicId":78},{"conceptId":6,"clusterId":0,"hexCoordinates":{"x":0.8660254037844386,"y":-1.5},"labels":[{"weight":1099,"label":"issue"},{"weight":1037,"label":"recent"},{"weight":1008,"label":"question"},{"weight":934,"label":"year"},{"weight":893,"label":"make"},{"weight":818,"label":"chapter"},{"weight":804,"label":"focus"},{"weight":763,"label":"change"},{"weight":718,"label":"work"},{"weight":704,"label":"concern"},{"weight":691,"label":"give"},{"weight":638,"label":"attention"},{"weight":559,"label":"term"},{"weight":557,"label":"present"},{"weight":553,"label":"remain"},{"weight":553,"label":"time"},{"weight":538,"label":"paper"},{"weight":537,"label":"part"},{"weight":537,"label":"place"},{"weight":525,"label":"current"},{"weight":521,"label":"past"},{"weight":513,"label":"point"},{"weight":507,"label":"lead"},{"weight":505,"label":"address"},{"weight":503,"label":"debate"}],"subTopicId":360},{"conceptId":7,"clusterId":0,"hexCoordinates":{"x":1.7320508075688772,"y":3},"labels":[{"weight":75,"label":"gift"},{"weight":46,"label":"vortex"},{"weight":46,"label":"give"},{"weight":43,"label":"edge"},{"weight":41,"label":"rdf"},{"weight":29,"label":"hie"},{"weight":25,"label":"owl"},{"weight":22,"label":"discrete"},{"weight":21,"label":"agamben"},{"weight":21,"label":"poster"},{"weight":20,"label":"lev"},{"weight":20,"label":"lead"},{"weight":19,"label":"elt"},{"weight":18,"label":"suction"},{"weight":17,"label":"airfoil"},{"weight":17,"label":"critical"},{"weight":16,"label":"lesp"},{"weight":15,"label":"ontology"},{"weight":14,"label":"shed"},{"weight":13,"label":"reed"},{"weight":12,"label":"fairey"},{"weight":12,"label":"research"},{"weight":11,"label":"giorgio"},{"weight":11,"label":"method"},{"weight":10,"label":"obama"}],"subTopicId":509}]}