{"linkageTable":[{"node2":11,"distance":0.46679715295166,"node1":10},{"node2":9,"distance":0.477055670538355,"node1":3},{"node2":20,"distance":0.4833446852017963,"node1":21},{"node2":16,"distance":0.48518287899706,"node1":6},{"node2":8,"distance":0.48524399538004,"node1":2},{"node2":14,"distance":0.48673014288173,"node1":5},{"node2":12,"distance":0.486784975089025,"node1":24},{"node2":17,"distance":0.487182676085515,"node1":1},{"node2":22,"distance":0.487903880015445,"node1":0},{"node2":19,"distance":0.48790580825997,"node1":18},{"node2":27,"distance":0.4896682331546275,"node1":28},{"node2":15,"distance":0.49134883163905996,"node1":23},{"node2":13,"distance":0.49157675542108503,"node1":30},{"node2":26,"distance":0.49291415209954503,"node1":32},{"node2":31,"distance":0.4933634159787466,"node1":25},{"node2":29,"distance":0.493674952279633,"node1":33},{"node2":34,"distance":0.49512175378212775,"node1":35},{"node2":4,"distance":0.495891153036126,"node1":36},{"node2":7,"distance":0.49803972038632666,"node1":37}],"conceptsData":[{"conceptId":5,"clusterId":0,"hexCoordinates":{"x":-1.7320508075688772,"y":0},"labels":[{"weight":3780,"label":"method"},{"weight":3450,"label":"study"},{"weight":2230,"label":"analysis"},{"weight":2227,"label":"result"},{"weight":2137,"label":"provide"},{"weight":2038,"label":"data"},{"weight":1864,"label":"base"},{"weight":1821,"label":"measure"},{"weight":1733,"label":"identify"},{"weight":1682,"label":"assessment"},{"weight":1537,"label":"assess"},{"weight":1482,"label":"test"},{"weight":1288,"label":"approach"},{"weight":1108,"label":"range"},{"weight":1028,"label":"tool"},{"weight":1011,"label":"evaluate"},{"weight":892,"label":"present"},{"weight":885,"label":"apply"},{"weight":879,"label":"determine"},{"weight":838,"label":"technique"},{"weight":832,"label":"identification"},{"weight":789,"label":"indicator"},{"weight":771,"label":"develop"},{"weight":708,"label":"measurement"},{"weight":706,"label":"type"}],"subTopicId":132},{"conceptId":3,"clusterId":0,"hexCoordinates":{"x":2.598076211353316,"y":-1.5},"labels":[{"weight":1637,"label":"uncertainty"},{"weight":1384,"label":"model"},{"weight":732,"label":"approach"},{"weight":513,"label":"bayesian"},{"weight":506,"label":"method"},{"weight":446,"label":"estimate"},{"weight":392,"label":"data"},{"weight":357,"label":"inference"},{"weight":319,"label":"statistical"},{"weight":301,"label":"analysis"},{"weight":242,"label":"parameter"},{"weight":232,"label":"probability"},{"weight":230,"label":"base"},{"weight":219,"label":"framework"},{"weight":206,"label":"simulation"},{"weight":205,"label":"account"},{"weight":192,"label":"modelling"},{"weight":191,"label":"probabilistic"},{"weight":187,"label":"stochastic"},{"weight":185,"label":"monte"},{"weight":179,"label":"prior"},{"weight":177,"label":"carlo"},{"weight":171,"label":"information"},{"weight":164,"label":"error"},{"weight":161,"label":"robust"}],"subTopicId":108},{"conceptId":10,"clusterId":0,"hexCoordinates":{"x":0,"y":0},"labels":[{"weight":4469,"label":"model"},{"weight":1799,"label":"prediction"},{"weight":1404,"label":"predict"},{"weight":1024,"label":"variable"},{"weight":971,"label":"data"},{"weight":922,"label":"regression"},{"weight":579,"label":"predictive"},{"weight":509,"label":"linear"},{"weight":399,"label":"base"},{"weight":391,"label":"improve"},{"weight":385,"label":"predictor"},{"weight":382,"label":"method"},{"weight":349,"label":"performance"},{"weight":320,"label":"develop"},{"weight":293,"label":"accuracy"},{"weight":265,"label":"time"},{"weight":264,"label":"factor"},{"weight":259,"label":"selection"},{"weight":257,"label":"set"},{"weight":251,"label":"fit"},{"weight":239,"label":"test"},{"weight":229,"label":"approach"},{"weight":200,"label":"estimate"},{"weight":198,"label":"accurate"},{"weight":188,"label":"result"}],"subTopicId":433},{"conceptId":11,"clusterId":0,"hexCoordinates":{"x":1.7320508075688772,"y":0},"labels":[{"weight":1272,"label":"model"},{"weight":826,"label":"distribution"},{"weight":639,"label":"probability"},{"weight":522,"label":"method"},{"weight":422,"label":"bayesian"},{"weight":397,"label":"parameter"},{"weight":355,"label":"estimation"},{"weight":330,"label":"algorithm"},{"weight":327,"label":"estimate"},{"weight":325,"label":"likelihood"},{"weight":324,"label":"propose"},{"weight":307,"label":"inference"},{"weight":299,"label":"approach"},{"weight":295,"label":"carlo"},{"weight":290,"label":"markov"},{"weight":287,"label":"monte"},{"weight":279,"label":"function"},{"weight":272,"label":"random"},{"weight":240,"label":"data"},{"weight":234,"label":"estimator"},{"weight":204,"label":"prior"},{"weight":203,"label":"simulation"},{"weight":202,"label":"base"},{"weight":199,"label":"statistical"},{"weight":198,"label":"sampling"}],"subTopicId":446},{"conceptId":7,"clusterId":0,"hexCoordinates":{"x":-3.4641016151377544,"y":-3},"labels":[{"weight":116,"label":"sample"},{"weight":63,"label":"method"},{"weight":59,"label":"psc"},{"weight":48,"label":"sampling"},{"weight":42,"label":"extraction"},{"weight":40,"label":"collection"},{"weight":26,"label":"corridor"},{"weight":23,"label":"dna"},{"weight":21,"label":"bolus"},{"weight":19,"label":"subsample"},{"weight":19,"label":"storage"},{"weight":16,"label":"store"},{"weight":14,"label":"kit"},{"weight":13,"label":"extract"},{"weight":13,"label":"traditional"},{"weight":12,"label":"tmd"},{"weight":12,"label":"representative"},{"weight":11,"label":"enumeration"},{"weight":10,"label":"fta"},{"weight":10,"label":"card"},{"weight":9,"label":"civ"},{"weight":9,"label":"feast"},{"weight":9,"label":"collect"},{"weight":8,"label":"holothuroidea"},{"weight":8,"label":"auricular"}],"subTopicId":233},{"conceptId":8,"clusterId":0,"hexCoordinates":{"x":-1.7320508075688772,"y":-3},"labels":[{"weight":637,"label":"bias"},{"weight":458,"label":"error"},{"weight":183,"label":"estimate"},{"weight":148,"label":"correction"},{"weight":132,"label":"correct"},{"weight":116,"label":"accuracy"},{"weight":102,"label":"estimation"},{"weight":96,"label":"measure"},{"weight":90,"label":"base"},{"weight":88,"label":"sponge"},{"weight":80,"label":"study"},{"weight":71,"label":"measurement"},{"weight":61,"label":"rmse"},{"weight":57,"label":"underestimate"},{"weight":57,"label":"show"},{"weight":55,"label":"overestimate"},{"weight":53,"label":"height"},{"weight":52,"label":"performance"},{"weight":52,"label":"accurate"},{"weight":46,"label":"actual"},{"weight":42,"label":"equation"},{"weight":42,"label":"average"},{"weight":39,"label":"absolute"},{"weight":38,"label":"index"},{"weight":37,"label":"compare"}],"subTopicId":370},{"conceptId":9,"clusterId":0,"hexCoordinates":{"x":0.8660254037844386,"y":-1.5},"labels":[{"weight":2085,"label":"spatial"},{"weight":1481,"label":"temporal"},{"weight":711,"label":"time"},{"weight":473,"label":"scale"},{"weight":439,"label":"pattern"},{"weight":369,"label":"data"},{"weight":312,"label":"model"},{"weight":282,"label":"spatially"},{"weight":271,"label":"spatio"},{"weight":241,"label":"variation"},{"weight":221,"label":"dynamics"},{"weight":205,"label":"study"},{"weight":199,"label":"change"},{"weight":195,"label":"effect"},{"weight":184,"label":"local"},{"weight":183,"label":"space"},{"weight":147,"label":"structure"},{"weight":138,"label":"heterogeneity"},{"weight":118,"label":"correlation"},{"weight":116,"label":"variability"},{"weight":110,"label":"location"},{"weight":109,"label":"large"},{"weight":108,"label":"temporally"},{"weight":98,"label":"global"},{"weight":96,"label":"spatiotemporal"}],"subTopicId":393},{"conceptId":1,"clusterId":0,"hexCoordinates":{"x":3.4641016151377544,"y":0},"labels":[{"weight":465,"label":"data"},{"weight":396,"label":"model"},{"weight":288,"label":"forecast"},{"weight":155,"label":"forecasting"},{"weight":124,"label":"method"},{"weight":116,"label":"approach"},{"weight":103,"label":"kernel"},{"weight":99,"label":"generation"},{"weight":98,"label":"time"},{"weight":83,"label":"base"},{"weight":79,"label":"generate"},{"weight":79,"label":"series"},{"weight":75,"label":"prediction"},{"weight":75,"label":"paper"},{"weight":65,"label":"show"},{"weight":63,"label":"weather"},{"weight":62,"label":"latent"},{"weight":62,"label":"state"},{"weight":61,"label":"mapping"},{"weight":59,"label":"map"},{"weight":56,"label":"predict"},{"weight":54,"label":"space"},{"weight":54,"label":"present"},{"weight":48,"label":"future"},{"weight":45,"label":"error"}],"subTopicId":26},{"conceptId":16,"clusterId":0,"hexCoordinates":{"x":-2.598076211353316,"y":1.5},"labels":[{"weight":2473,"label":"sample"},{"weight":1426,"label":"test"},{"weight":1046,"label":"analysis"},{"weight":899,"label":"study"},{"weight":883,"label":"difference"},{"weight":810,"label":"method"},{"weight":809,"label":"result"},{"weight":683,"label":"significant"},{"weight":624,"label":"size"},{"weight":567,"label":"compare"},{"weight":543,"label":"sampling"},{"weight":510,"label":"index"},{"weight":451,"label":"number"},{"weight":442,"label":"statistical"},{"weight":390,"label":"data"},{"weight":367,"label":"show"},{"weight":325,"label":"correlation"},{"weight":302,"label":"statistically"},{"weight":267,"label":"rank"},{"weight":258,"label":"level"},{"weight":249,"label":"significantly"},{"weight":243,"label":"determine"},{"weight":237,"label":"total"},{"weight":235,"label":"perform"},{"weight":234,"label":"conclusion"}],"subTopicId":881},{"conceptId":12,"clusterId":0,"hexCoordinates":{"x":-0.8660254037844386,"y":-1.5},"labels":[{"weight":1932,"label":"method"},{"weight":1051,"label":"measurement"},{"weight":508,"label":"reference"},{"weight":465,"label":"calibration"},{"weight":440,"label":"result"},{"weight":420,"label":"standard"},{"weight":417,"label":"error"},{"weight":364,"label":"measure"},{"weight":349,"label":"data"},{"weight":302,"label":"procedure"},{"weight":299,"label":"accuracy"},{"weight":299,"label":"base"},{"weight":281,"label":"point"},{"weight":239,"label":"estimate"},{"weight":238,"label":"range"},{"weight":231,"label":"correction"},{"weight":218,"label":"accurate"},{"weight":217,"label":"apply"},{"weight":211,"label":"obtain"},{"weight":203,"label":"calculate"},{"weight":199,"label":"technique"},{"weight":195,"label":"test"},{"weight":188,"label":"compare"},{"weight":178,"label":"calibrate"},{"weight":176,"label":"present"}],"subTopicId":463},{"conceptId":13,"clusterId":0,"hexCoordinates":{"x":1.7320508075688772,"y":-3},"labels":[{"weight":3965,"label":"model"},{"weight":1334,"label":"parameter"},{"weight":563,"label":"simulation"},{"weight":512,"label":"result"},{"weight":422,"label":"base"},{"weight":417,"label":"data"},{"weight":405,"label":"input"},{"weight":344,"label":"performance"},{"weight":336,"label":"approach"},{"weight":334,"label":"propose"},{"weight":326,"label":"time"},{"weight":324,"label":"output"},{"weight":318,"label":"modelling"},{"weight":317,"label":"analysis"},{"weight":292,"label":"paper"},{"weight":272,"label":"develop"},{"weight":259,"label":"study"},{"weight":248,"label":"present"},{"weight":244,"label":"compare"},{"weight":225,"label":"function"},{"weight":222,"label":"sensitivity"},{"weight":210,"label":"predict"},{"weight":203,"label":"method"},{"weight":200,"label":"state"},{"weight":197,"label":"obtain"}],"subTopicId":465},{"conceptId":17,"clusterId":0,"hexCoordinates":{"x":2.598076211353316,"y":1.5},"labels":[{"weight":769,"label":"algorithm"},{"weight":377,"label":"propose"},{"weight":271,"label":"base"},{"weight":265,"label":"localization"},{"weight":221,"label":"filter"},{"weight":189,"label":"estimation"},{"weight":164,"label":"performance"},{"weight":163,"label":"sensor"},{"weight":144,"label":"time"},{"weight":139,"label":"measurement"},{"weight":135,"label":"fuzzy"},{"weight":128,"label":"accuracy"},{"weight":128,"label":"paper"},{"weight":125,"label":"result"},{"weight":101,"label":"state"},{"weight":96,"label":"compression"},{"weight":96,"label":"reduce"},{"weight":88,"label":"fusion"},{"weight":88,"label":"estimate"},{"weight":80,"label":"compress"},{"weight":80,"label":"improve"},{"weight":78,"label":"system"},{"weight":76,"label":"approach"},{"weight":75,"label":"simulation"},{"weight":72,"label":"signal"}],"subTopicId":923},{"conceptId":15,"clusterId":0,"hexCoordinates":{"x":-1.7320508075688772,"y":3},"labels":[{"weight":6884,"label":"data"},{"weight":820,"label":"collect"},{"weight":707,"label":"analysis"},{"weight":628,"label":"source"},{"weight":509,"label":"dataset"},{"weight":456,"label":"collection"},{"weight":422,"label":"record"},{"weight":401,"label":"information"},{"weight":333,"label":"provide"},{"weight":323,"label":"set"},{"weight":269,"label":"large"},{"weight":269,"label":"study"},{"weight":253,"label":"include"},{"weight":240,"label":"link"},{"weight":218,"label":"miss"},{"weight":208,"label":"quality"},{"weight":199,"label":"individual"},{"weight":192,"label":"method"},{"weight":191,"label":"report"},{"weight":183,"label":"make"},{"weight":180,"label":"big"},{"weight":178,"label":"result"},{"weight":162,"label":"database"},{"weight":158,"label":"obtain"},{"weight":156,"label":"linkage"}],"subTopicId":775},{"conceptId":-1,"clusterId":-1,"hexCoordinates":{"x":7.794228634059947,"y":3},"labels":[{"weight":2500,"label":"Unclassified"},{"weight":0,"label":""},{"weight":0,"label":""},{"weight":0,"label":""},{"weight":0,"label":""},{"weight":0,"label":""},{"weight":0,"label":""},{"weight":0,"label":""},{"weight":0,"label":""},{"weight":0,"label":""},{"weight":0,"label":""}],"subTopicId":null},{"conceptId":4,"clusterId":0,"hexCoordinates":{"x":-2.598076211353316,"y":-1.5},"labels":[{"weight":1103,"label":"measurement"},{"weight":563,"label":"technique"},{"weight":460,"label":"measure"},{"weight":387,"label":"accuracy"},{"weight":376,"label":"position"},{"weight":344,"label":"distance"},{"weight":286,"label":"system"},{"weight":276,"label":"error"},{"weight":258,"label":"method"},{"weight":217,"label":"accurate"},{"weight":197,"label":"motion"},{"weight":184,"label":"compare"},{"weight":180,"label":"result"},{"weight":165,"label":"time"},{"weight":160,"label":"high"},{"weight":155,"label":"analysis"},{"weight":152,"label":"provide"},{"weight":151,"label":"show"},{"weight":150,"label":"change"},{"weight":148,"label":"track"},{"weight":148,"label":"obtain"},{"weight":145,"label":"reference"},{"weight":139,"label":"tracking"},{"weight":136,"label":"range"},{"weight":134,"label":"detect"}],"subTopicId":127},{"conceptId":0,"clusterId":0,"hexCoordinates":{"x":0.8660254037844386,"y":1.5},"labels":[{"weight":1669,"label":"analysis"},{"weight":1382,"label":"component"},{"weight":1226,"label":"signal"},{"weight":790,"label":"method"},{"weight":764,"label":"data"},{"weight":711,"label":"base"},{"weight":695,"label":"time"},{"weight":506,"label":"result"},{"weight":482,"label":"correlation"},{"weight":412,"label":"apply"},{"weight":406,"label":"technique"},{"weight":395,"label":"identify"},{"weight":390,"label":"principal"},{"weight":361,"label":"feature"},{"weight":328,"label":"frequency"},{"weight":325,"label":"information"},{"weight":317,"label":"approach"},{"weight":302,"label":"measure"},{"weight":257,"label":"noise"},{"weight":257,"label":"series"},{"weight":256,"label":"entropy"},{"weight":251,"label":"propose"},{"weight":242,"label":"extract"},{"weight":242,"label":"linear"},{"weight":240,"label":"detect"}],"subTopicId":24},{"conceptId":18,"clusterId":0,"hexCoordinates":{"x":3.4641016151377544,"y":-3},"labels":[{"weight":10551,"label":"model"},{"weight":819,"label":"modelling"},{"weight":626,"label":"base"},{"weight":582,"label":"data"},{"weight":519,"label":"develop"},{"weight":472,"label":"process"},{"weight":456,"label":"simulation"},{"weight":452,"label":"predict"},{"weight":345,"label":"mathematical"},{"weight":314,"label":"dynamics"},{"weight":300,"label":"include"},{"weight":295,"label":"experimental"},{"weight":293,"label":"describe"},{"weight":291,"label":"prediction"},{"weight":288,"label":"modeling"},{"weight":262,"label":"approach"},{"weight":248,"label":"system"},{"weight":247,"label":"propose"},{"weight":245,"label":"computational"},{"weight":242,"label":"simulate"},{"weight":237,"label":"complex"},{"weight":221,"label":"framework"},{"weight":211,"label":"interaction"},{"weight":208,"label":"capture"},{"weight":206,"label":"understand"}],"subTopicId":973},{"conceptId":2,"clusterId":0,"hexCoordinates":{"x":0,"y":-3},"labels":[{"weight":2969,"label":"estimate"},{"weight":2573,"label":"model"},{"weight":2078,"label":"data"},{"weight":1270,"label":"measure"},{"weight":1266,"label":"result"},{"weight":1150,"label":"parameter"},{"weight":1063,"label":"rate"},{"weight":1019,"label":"range"},{"weight":974,"label":"distribution"},{"weight":923,"label":"compare"},{"weight":918,"label":"method"},{"weight":895,"label":"base"},{"weight":828,"label":"average"},{"weight":751,"label":"derive"},{"weight":746,"label":"calculate"},{"weight":724,"label":"find"},{"weight":638,"label":"relative"},{"weight":602,"label":"predict"},{"weight":598,"label":"ratio"},{"weight":573,"label":"show"},{"weight":563,"label":"determine"},{"weight":555,"label":"variation"},{"weight":540,"label":"obtain"},{"weight":524,"label":"provide"},{"weight":515,"label":"measurement"}],"subTopicId":29},{"conceptId":14,"clusterId":0,"hexCoordinates":{"x":-3.4641016151377544,"y":0},"labels":[{"weight":218,"label":"criterion"},{"weight":117,"label":"method"},{"weight":114,"label":"con"},{"weight":104,"label":"pro"},{"weight":94,"label":"ing"},{"weight":88,"label":"expert"},{"weight":75,"label":"eld"},{"weight":73,"label":"tion"},{"weight":72,"label":"decision"},{"weight":56,"label":"ect"},{"weight":54,"label":"cation"},{"weight":43,"label":"performance"},{"weight":42,"label":"uence"},{"weight":42,"label":"cient"},{"weight":41,"label":"order"},{"weight":40,"label":"ranking"},{"weight":39,"label":"speci"},{"weight":39,"label":"weighting"},{"weight":38,"label":"propose"},{"weight":37,"label":"mcda"},{"weight":37,"label":"measure"},{"weight":36,"label":"rst"},{"weight":35,"label":"complexity"},{"weight":34,"label":"make"},{"weight":34,"label":"multi"}],"subTopicId":642},{"conceptId":6,"clusterId":0,"hexCoordinates":{"x":-0.8660254037844386,"y":1.5},"labels":[{"weight":652,"label":"sensitivity"},{"weight":527,"label":"test"},{"weight":446,"label":"specificity"},{"weight":351,"label":"accuracy"},{"weight":313,"label":"diagnostic"},{"weight":267,"label":"curve"},{"weight":213,"label":"cut"},{"weight":211,"label":"auc"},{"weight":198,"label":"identify"},{"weight":188,"label":"area"},{"weight":175,"label":"performance"},{"weight":157,"label":"threshold"},{"weight":156,"label":"characteristic"},{"weight":151,"label":"receiver"},{"weight":151,"label":"compare"},{"weight":147,"label":"roc"},{"weight":137,"label":"study"},{"weight":128,"label":"predictive"},{"weight":116,"label":"positive"},{"weight":115,"label":"result"},{"weight":110,"label":"operating"},{"weight":108,"label":"analysis"},{"weight":102,"label":"conclusion"},{"weight":93,"label":"diagnosis"},{"weight":86,"label":"standard"}],"subTopicId":196},{"conceptId":19,"clusterId":0,"hexCoordinates":{"x":4.330127018922193,"y":-1.5},"labels":[{"weight":2133,"label":"model"},{"weight":1127,"label":"process"},{"weight":932,"label":"structure"},{"weight":914,"label":"level"},{"weight":897,"label":"approach"},{"weight":871,"label":"multus"},{"weight":737,"label":"multiple"},{"weight":715,"label":"dynamic"},{"weight":692,"label":"single"},{"weight":625,"label":"provide"},{"weight":613,"label":"base"},{"weight":598,"label":"interaction"},{"weight":597,"label":"feature"},{"weight":597,"label":"complex"},{"weight":566,"label":"component"},{"weight":521,"label":"specific"},{"weight":515,"label":"framework"},{"weight":487,"label":"multi"},{"weight":420,"label":"develop"},{"weight":391,"label":"type"},{"weight":386,"label":"propose"},{"weight":379,"label":"identify"},{"weight":376,"label":"system"},{"weight":354,"label":"pattern"},{"weight":339,"label":"represent"}],"subTopicId":978}]}