{"linkageTable":[{"node2":8,"distance":0.468170597150965,"node1":3},{"node2":5,"distance":0.46975734127339,"node1":4},{"node2":12,"distance":0.47893148252074247,"node1":0},{"node2":7,"distance":0.480046433942095,"node1":6},{"node2":9,"distance":0.4840028293088675,"node1":13},{"node2":11,"distance":0.4889065252084617,"node1":14},{"node2":10,"distance":0.49079183326230164,"node1":16},{"node2":15,"distance":0.4915679810550125,"node1":17},{"node2":18,"distance":0.4937690533311613,"node1":2},{"node2":20,"distance":0.49676925505789676,"node1":19},{"node2":1,"distance":0.49903190685292587,"node1":21}],"conceptsData":[{"conceptId":3,"clusterId":0,"hexCoordinates":{"x":0,"y":0},"labels":[{"weight":605,"label":"failure"},{"weight":587,"label":"maintenance"},{"weight":273,"label":"system"},{"weight":171,"label":"reliability"},{"weight":168,"label":"degradation"},{"weight":143,"label":"condition"},{"weight":117,"label":"asset"},{"weight":115,"label":"cost"},{"weight":108,"label":"paper"},{"weight":103,"label":"operation"},{"weight":98,"label":"prognostic"},{"weight":93,"label":"repair"},{"weight":92,"label":"monitoring"},{"weight":76,"label":"analysis"},{"weight":75,"label":"ais"},{"weight":68,"label":"rate"},{"weight":66,"label":"equipment"},{"weight":63,"label":"power"},{"weight":61,"label":"mode"},{"weight":59,"label":"wedding"},{"weight":59,"label":"fault"},{"weight":59,"label":"propose"},{"weight":59,"label":"component"},{"weight":58,"label":"life"},{"weight":57,"label":"subsystem"}],"subTopicId":202},{"conceptId":-1,"clusterId":-1,"hexCoordinates":{"x":6.928203230275509,"y":3},"labels":[{"weight":2500,"label":"Unclassified"},{"weight":0,"label":""},{"weight":0,"label":""},{"weight":0,"label":""},{"weight":0,"label":""},{"weight":0,"label":""},{"weight":0,"label":""},{"weight":0,"label":""},{"weight":0,"label":""},{"weight":0,"label":""},{"weight":0,"label":""}],"subTopicId":null},{"conceptId":8,"clusterId":0,"hexCoordinates":{"x":1.7320508075688772,"y":0},"labels":[{"weight":1362,"label":"wind"},{"weight":740,"label":"offshore"},{"weight":508,"label":"farm"},{"weight":466,"label":"turbine"},{"weight":265,"label":"energy"},{"weight":227,"label":"cost"},{"weight":165,"label":"power"},{"weight":163,"label":"installation"},{"weight":145,"label":"operation"},{"weight":122,"label":"maintenance"},{"weight":112,"label":"onshore"},{"weight":110,"label":"paper"},{"weight":101,"label":"vessel"},{"weight":88,"label":"availability"},{"weight":87,"label":"site"},{"weight":82,"label":"operational"},{"weight":78,"label":"impact"},{"weight":75,"label":"generation"},{"weight":70,"label":"present"},{"weight":69,"label":"condition"},{"weight":68,"label":"support"},{"weight":67,"label":"project"},{"weight":65,"label":"capacity"},{"weight":64,"label":"increase"},{"weight":58,"label":"industry"}],"subTopicId":680},{"conceptId":2,"clusterId":0,"hexCoordinates":{"x":3.4641016151377544,"y":-3},"labels":[{"weight":471,"label":"transport"},{"weight":397,"label":"road"},{"weight":382,"label":"vehicle"},{"weight":329,"label":"traffic"},{"weight":304,"label":"drive"},{"weight":301,"label":"car"},{"weight":286,"label":"driver"},{"weight":222,"label":"time"},{"weight":189,"label":"bus"},{"weight":152,"label":"route"},{"weight":132,"label":"travel"},{"weight":131,"label":"safety"},{"weight":111,"label":"paper"},{"weight":108,"label":"speed"},{"weight":107,"label":"passenger"},{"weight":106,"label":"network"},{"weight":99,"label":"transportation"},{"weight":94,"label":"rail"},{"weight":92,"label":"public"},{"weight":91,"label":"arrival"},{"weight":90,"label":"pedestrian"},{"weight":85,"label":"accident"},{"weight":82,"label":"street"},{"weight":80,"label":"behaviour"},{"weight":76,"label":"railway"}],"subTopicId":185},{"conceptId":10,"clusterId":0,"hexCoordinates":{"x":0,"y":-3},"labels":[{"weight":745,"label":"orbit"},{"weight":536,"label":"mission"},{"weight":501,"label":"earth"},{"weight":452,"label":"solar"},{"weight":357,"label":"space"},{"weight":329,"label":"spacecraft"},{"weight":315,"label":"sail"},{"weight":305,"label":"asteroid"},{"weight":281,"label":"satellite"},{"weight":219,"label":"trajectory"},{"weight":194,"label":"paper"},{"weight":180,"label":"sun"},{"weight":179,"label":"body"},{"weight":175,"label":"point"},{"weight":160,"label":"system"},{"weight":154,"label":"thrust"},{"weight":150,"label":"moon"},{"weight":146,"label":"low"},{"weight":132,"label":"transfer"},{"weight":124,"label":"mass"},{"weight":117,"label":"target"},{"weight":117,"label":"present"},{"weight":112,"label":"orbital"},{"weight":110,"label":"problem"},{"weight":105,"label":"small"}],"subTopicId":870},{"conceptId":9,"clusterId":0,"hexCoordinates":{"x":0.8660254037844386,"y":-4.5},"labels":[{"weight":529,"label":"vehicle"},{"weight":196,"label":"uav"},{"weight":170,"label":"flight"},{"weight":158,"label":"aircraft"},{"weight":157,"label":"autonomous"},{"weight":140,"label":"aerial"},{"weight":114,"label":"drone"},{"weight":112,"label":"unmanned"},{"weight":86,"label":"underwater"},{"weight":69,"label":"auv"},{"weight":65,"label":"mission"},{"weight":60,"label":"paper"},{"weight":58,"label":"small"},{"weight":57,"label":"air"},{"weight":48,"label":"platform"},{"weight":47,"label":"fly"},{"weight":39,"label":"system"},{"weight":36,"label":"application"},{"weight":32,"label":"operation"},{"weight":30,"label":"payload"},{"weight":30,"label":"range"},{"weight":29,"label":"cabin"},{"weight":29,"label":"environment"},{"weight":28,"label":"launch"},{"weight":27,"label":"fleet"}],"subTopicId":728},{"conceptId":0,"clusterId":0,"hexCoordinates":{"x":0.8660254037844386,"y":-1.5},"labels":[{"weight":1013,"label":"wind"},{"weight":496,"label":"speed"},{"weight":391,"label":"turbine"},{"weight":101,"label":"blade"},{"weight":98,"label":"track"},{"weight":96,"label":"train"},{"weight":77,"label":"load"},{"weight":66,"label":"condition"},{"weight":63,"label":"height"},{"weight":60,"label":"direction"},{"weight":55,"label":"pitch"},{"weight":45,"label":"fatigue"},{"weight":45,"label":"vibration"},{"weight":44,"label":"performance"},{"weight":44,"label":"scale"},{"weight":42,"label":"damage"},{"weight":39,"label":"gauge"},{"weight":39,"label":"velocity"},{"weight":39,"label":"offshore"},{"weight":39,"label":"result"},{"weight":38,"label":"model"},{"weight":37,"label":"tower"},{"weight":37,"label":"farm"},{"weight":37,"label":"paper"},{"weight":35,"label":"rain"}],"subTopicId":10},{"conceptId":1,"clusterId":0,"hexCoordinates":{"x":1.7320508075688772,"y":3},"labels":[{"weight":116,"label":"car"},{"weight":49,"label":"act"},{"weight":41,"label":"unsafe"},{"weight":38,"label":"explosion"},{"weight":36,"label":"pas"},{"weight":34,"label":"anchor"},{"weight":32,"label":"fence"},{"weight":28,"label":"condition"},{"weight":20,"label":"accident"},{"weight":20,"label":"catch"},{"weight":20,"label":"time"},{"weight":18,"label":"packed"},{"weight":16,"label":"illusion"},{"weight":16,"label":"park"},{"weight":15,"label":"wire"},{"weight":13,"label":"limt"},{"weight":13,"label":"bpf"},{"weight":13,"label":"ogm"},{"weight":12,"label":"pxr"},{"weight":12,"label":"explosive"},{"weight":12,"label":"nme"},{"weight":12,"label":"mesh"},{"weight":11,"label":"densely"},{"weight":11,"label":"bypass"},{"weight":11,"label":"event"}],"subTopicId":45},{"conceptId":6,"clusterId":0,"hexCoordinates":{"x":2.598076211353316,"y":1.5},"labels":[{"weight":867,"label":"ship"},{"weight":275,"label":"vessel"},{"weight":204,"label":"hull"},{"weight":140,"label":"condition"},{"weight":134,"label":"resistance"},{"weight":124,"label":"propeller"},{"weight":119,"label":"water"},{"weight":114,"label":"speed"},{"weight":99,"label":"study"},{"weight":99,"label":"present"},{"weight":93,"label":"effect"},{"weight":93,"label":"paper"},{"weight":92,"label":"stability"},{"weight":90,"label":"marine"},{"weight":82,"label":"hydrodynamic"},{"weight":80,"label":"result"},{"weight":79,"label":"design"},{"weight":72,"label":"operation"},{"weight":71,"label":"trim"},{"weight":71,"label":"sea"},{"weight":67,"label":"fuel"},{"weight":64,"label":"cfd"},{"weight":64,"label":"test"},{"weight":63,"label":"surface"},{"weight":62,"label":"performance"}],"subTopicId":361},{"conceptId":4,"clusterId":0,"hexCoordinates":{"x":1.7320508075688772,"y":-3},"labels":[{"weight":4072,"label":"control"},{"weight":518,"label":"controller"},{"weight":452,"label":"system"},{"weight":378,"label":"loop"},{"weight":357,"label":"feedback"},{"weight":303,"label":"time"},{"weight":263,"label":"delay"},{"weight":216,"label":"strategy"},{"weight":200,"label":"propose"},{"weight":194,"label":"design"},{"weight":149,"label":"disturbance"},{"weight":145,"label":"state"},{"weight":130,"label":"demonstrate"},{"weight":129,"label":"method"},{"weight":127,"label":"stability"},{"weight":123,"label":"paper"},{"weight":122,"label":"closed"},{"weight":121,"label":"external"},{"weight":120,"label":"result"},{"weight":119,"label":"dynamics"},{"weight":114,"label":"performance"},{"weight":111,"label":"scheme"},{"weight":110,"label":"gain"},{"weight":105,"label":"input"},{"weight":104,"label":"robust"}],"subTopicId":209},{"conceptId":5,"clusterId":0,"hexCoordinates":{"x":2.598076211353316,"y":-4.5},"labels":[{"weight":947,"label":"robot"},{"weight":504,"label":"robotic"},{"weight":420,"label":"motion"},{"weight":275,"label":"task"},{"weight":227,"label":"environment"},{"weight":219,"label":"trajectory"},{"weight":202,"label":"system"},{"weight":195,"label":"human"},{"weight":157,"label":"path"},{"weight":156,"label":"arm"},{"weight":142,"label":"object"},{"weight":142,"label":"present"},{"weight":133,"label":"paper"},{"weight":130,"label":"planning"},{"weight":123,"label":"base"},{"weight":111,"label":"autonomous"},{"weight":109,"label":"manipulation"},{"weight":109,"label":"space"},{"weight":105,"label":"movement"},{"weight":101,"label":"control"},{"weight":99,"label":"navigation"},{"weight":94,"label":"approach"},{"weight":94,"label":"real"},{"weight":91,"label":"constraint"},{"weight":90,"label":"obstacle"}],"subTopicId":352},{"conceptId":11,"clusterId":0,"hexCoordinates":{"x":2.598076211353316,"y":-1.5},"labels":[{"weight":594,"label":"blade"},{"weight":586,"label":"rotor"},{"weight":509,"label":"turbine"},{"weight":350,"label":"wind"},{"weight":239,"label":"design"},{"weight":236,"label":"helicopter"},{"weight":225,"label":"performance"},{"weight":223,"label":"speed"},{"weight":217,"label":"load"},{"weight":199,"label":"result"},{"weight":181,"label":"model"},{"weight":179,"label":"aerodynamic"},{"weight":161,"label":"flight"},{"weight":157,"label":"cfd"},{"weight":149,"label":"wing"},{"weight":144,"label":"paper"},{"weight":133,"label":"power"},{"weight":127,"label":"pitch"},{"weight":125,"label":"tip"},{"weight":120,"label":"effect"},{"weight":118,"label":"thrust"},{"weight":116,"label":"flap"},{"weight":112,"label":"present"},{"weight":109,"label":"torque"},{"weight":105,"label":"flow"}],"subTopicId":902},{"conceptId":7,"clusterId":0,"hexCoordinates":{"x":0.8660254037844386,"y":1.5},"labels":[{"weight":1073,"label":"risk"},{"weight":425,"label":"monitoring"},{"weight":390,"label":"system"},{"weight":304,"label":"assessment"},{"weight":268,"label":"safety"},{"weight":206,"label":"failure"},{"weight":180,"label":"analysis"},{"weight":178,"label":"monitor"},{"weight":166,"label":"hazard"},{"weight":162,"label":"management"},{"weight":132,"label":"ship"},{"weight":132,"label":"methodology"},{"weight":132,"label":"paper"},{"weight":130,"label":"structural"},{"weight":129,"label":"health"},{"weight":127,"label":"data"},{"weight":121,"label":"inspection"},{"weight":121,"label":"case"},{"weight":117,"label":"decision"},{"weight":114,"label":"structure"},{"weight":112,"label":"reliability"},{"weight":107,"label":"bridge"},{"weight":106,"label":"base"},{"weight":102,"label":"accident"},{"weight":99,"label":"damage"}],"subTopicId":471}]}