[{"topicData":[{"numberOfDocuments":0.0,"label":"Heriot-Watt University"},{"numberOfDocuments":0.0,"label":"Robert Gordon University"},{"numberOfDocuments":0.0,"label":"Glasgow Caledonian University"},{"numberOfDocuments":0.0,"label":"Queen Margaret University"},{"numberOfDocuments":0.0,"label":"University of Dundee"},{"numberOfDocuments":0.0,"label":"University of the Highlands and Islands"},{"numberOfDocuments":0.0,"label":"Edinburgh Napier University"},{"numberOfDocuments":0.0,"label":"University of Stirling"},{"numberOfDocuments":0.0,"label":"Abertay University"},{"numberOfDocuments":0.0,"label":"University of Aberdeen"},{"numberOfDocuments":0.0,"label":"University of Edinburgh"},{"numberOfDocuments":0.0,"label":"University of the West of Scotland"},{"numberOfDocuments":0.0,"label":"University of Glasgow"},{"numberOfDocuments":0.0,"label":"University of St Andrews"},{"numberOfDocuments":0.0,"label":"University of Strathclyde"}],"conceptId":-1},{"topicData":[{"numberOfDocuments":3.8615599252473154,"label":"Heriot-Watt University"},{"numberOfDocuments":0.2095187326222274,"label":"Robert Gordon University"},{"numberOfDocuments":0.012195121951219513,"label":"Glasgow Caledonian University"},{"numberOfDocuments":0.017241379310344827,"label":"Queen Margaret University"},{"numberOfDocuments":1.2857470405983258,"label":"University of Dundee"},{"numberOfDocuments":1.0390527161354457,"label":"University of the Highlands and Islands"},{"numberOfDocuments":2.2123650422167684,"label":"Edinburgh Napier University"},{"numberOfDocuments":11.198623114981693,"label":"University of Stirling"},{"numberOfDocuments":0.6221347079086803,"label":"Abertay University"},{"numberOfDocuments":10.15291448723379,"label":"University of Aberdeen"},{"numberOfDocuments":13.636305416345584,"label":"University of Edinburgh"},{"numberOfDocuments":0.23038959688932742,"label":"University of the West of Scotland"},{"numberOfDocuments":7.436858864271843,"label":"University of Glasgow"},{"numberOfDocuments":1.1866037969730696,"label":"University of St Andrews"},{"numberOfDocuments":1.3461885848978183,"label":"University of Strathclyde"}],"conceptId":0},{"topicData":[{"numberOfDocuments":0.25638985961644545,"label":"Heriot-Watt University"},{"numberOfDocuments":0.0,"label":"Robert Gordon University"},{"numberOfDocuments":0.038461538461538464,"label":"Glasgow Caledonian University"},{"numberOfDocuments":0.02,"label":"Queen Margaret University"},{"numberOfDocuments":0.7478127762537506,"label":"University of Dundee"},{"numberOfDocuments":8.813693515365271,"label":"University of the Highlands and Islands"},{"numberOfDocuments":0.048600508905852415,"label":"Edinburgh Napier University"},{"numberOfDocuments":2.8465816403245743,"label":"University of Stirling"},{"numberOfDocuments":0.0,"label":"Abertay University"},{"numberOfDocuments":6.835603169358269,"label":"University of Aberdeen"},{"numberOfDocuments":4.123995079204863,"label":"University of Edinburgh"},{"numberOfDocuments":0.14551759402676834,"label":"University of the West of Scotland"},{"numberOfDocuments":5.187413721177827,"label":"University of Glasgow"},{"numberOfDocuments":3.5320744189408133,"label":"University of St Andrews"},{"numberOfDocuments":0.3504800160756572,"label":"University of Strathclyde"}],"conceptId":1},{"topicData":[{"numberOfDocuments":3.1298385875836274,"label":"Heriot-Watt University"},{"numberOfDocuments":0.5669950664068695,"label":"Robert Gordon University"},{"numberOfDocuments":0.2223516136034689,"label":"Glasgow Caledonian University"},{"numberOfDocuments":0.0,"label":"Queen Margaret University"},{"numberOfDocuments":3.6313472432983462,"label":"University of Dundee"},{"numberOfDocuments":1.746560995818489,"label":"University of the Highlands and Islands"},{"numberOfDocuments":0.345010317470672,"label":"Edinburgh Napier University"},{"numberOfDocuments":6.595419476538833,"label":"University of Stirling"},{"numberOfDocuments":0.5966150518504953,"label":"Abertay University"},{"numberOfDocuments":25.290394570027896,"label":"University of Aberdeen"},{"numberOfDocuments":17.399010320037473,"label":"University of Edinburgh"},{"numberOfDocuments":0.7861330077491144,"label":"University of the West of Scotland"},{"numberOfDocuments":7.370806160898866,"label":"University of Glasgow"},{"numberOfDocuments":1.6193068125486434,"label":"University of St Andrews"},{"numberOfDocuments":6.276477676800354,"label":"University of Strathclyde"}],"conceptId":2},{"topicData":[{"numberOfDocuments":1.1415664863630803,"label":"Heriot-Watt University"},{"numberOfDocuments":0.12492234342266849,"label":"Robert Gordon University"},{"numberOfDocuments":0.07102747909199522,"label":"Glasgow Caledonian University"},{"numberOfDocuments":0.004629629629629629,"label":"Queen Margaret University"},{"numberOfDocuments":6.378863903932637,"label":"University of Dundee"},{"numberOfDocuments":0.6136742042155721,"label":"University of the Highlands and Islands"},{"numberOfDocuments":1.610654155296158,"label":"Edinburgh Napier University"},{"numberOfDocuments":3.613192358308351,"label":"University of Stirling"},{"numberOfDocuments":0.13167746823924026,"label":"Abertay University"},{"numberOfDocuments":4.5000695716495525,"label":"University of Aberdeen"},{"numberOfDocuments":12.753148421976956,"label":"University of Edinburgh"},{"numberOfDocuments":0.4728289843482897,"label":"University of the West of Scotland"},{"numberOfDocuments":6.036567872327163,"label":"University of Glasgow"},{"numberOfDocuments":1.7333206962763712,"label":"University of St Andrews"},{"numberOfDocuments":2.055950557241826,"label":"University of Strathclyde"}],"conceptId":3},{"topicData":[{"numberOfDocuments":2.006541172181713,"label":"Heriot-Watt University"},{"numberOfDocuments":0.20475459286202746,"label":"Robert Gordon University"},{"numberOfDocuments":0.010101010101010102,"label":"Glasgow Caledonian University"},{"numberOfDocuments":0.0,"label":"Queen Margaret University"},{"numberOfDocuments":1.9264779624355461,"label":"University of Dundee"},{"numberOfDocuments":0.26946813389910307,"label":"University of the Highlands and Islands"},{"numberOfDocuments":2.312567008344396,"label":"Edinburgh Napier University"},{"numberOfDocuments":6.047769616267087,"label":"University of Stirling"},{"numberOfDocuments":1.306772378038886,"label":"Abertay University"},{"numberOfDocuments":25.4853708769833,"label":"University of Aberdeen"},{"numberOfDocuments":12.381741059735866,"label":"University of Edinburgh"},{"numberOfDocuments":0.9682598167470774,"label":"University of the West of Scotland"},{"numberOfDocuments":6.283643924662526,"label":"University of Glasgow"},{"numberOfDocuments":0.30328549479758776,"label":"University of St Andrews"},{"numberOfDocuments":1.919699127213559,"label":"University of Strathclyde"}],"conceptId":4},{"topicData":[{"numberOfDocuments":0.7090077781445272,"label":"Heriot-Watt University"},{"numberOfDocuments":0.07759516093319109,"label":"Robert Gordon University"},{"numberOfDocuments":0.011494252873563218,"label":"Glasgow Caledonian University"},{"numberOfDocuments":0.09753107504443105,"label":"Queen Margaret University"},{"numberOfDocuments":11.234735186348141,"label":"University of Dundee"},{"numberOfDocuments":4.125569044009213,"label":"University of the Highlands and Islands"},{"numberOfDocuments":0.5520262547525758,"label":"Edinburgh Napier University"},{"numberOfDocuments":2.3987416881065395,"label":"University of Stirling"},{"numberOfDocuments":1.540296380786772,"label":"Abertay University"},{"numberOfDocuments":6.541888846008456,"label":"University of Aberdeen"},{"numberOfDocuments":9.627336452084574,"label":"University of Edinburgh"},{"numberOfDocuments":0.31588046872393877,"label":"University of the West of Scotland"},{"numberOfDocuments":2.8727954802662543,"label":"University of Glasgow"},{"numberOfDocuments":1.3242132097337007,"label":"University of St Andrews"},{"numberOfDocuments":1.5148055969230574,"label":"University of Strathclyde"}],"conceptId":5},{"topicData":[{"numberOfDocuments":3.6340898189294806,"label":"Heriot-Watt University"},{"numberOfDocuments":0.2626979605540238,"label":"Robert Gordon University"},{"numberOfDocuments":2.1151113198828444,"label":"Glasgow Caledonian University"},{"numberOfDocuments":0.04271885521885522,"label":"Queen Margaret University"},{"numberOfDocuments":2.7133068028644414,"label":"University of Dundee"},{"numberOfDocuments":3.2045530096660055,"label":"University of the Highlands and Islands"},{"numberOfDocuments":0.4794722525074502,"label":"Edinburgh Napier University"},{"numberOfDocuments":11.296710493478335,"label":"University of Stirling"},{"numberOfDocuments":1.1822079125797402,"label":"Abertay University"},{"numberOfDocuments":17.656823379599047,"label":"University of Aberdeen"},{"numberOfDocuments":42.37818342719549,"label":"University of Edinburgh"},{"numberOfDocuments":0.2848887813158466,"label":"University of the West of Scotland"},{"numberOfDocuments":9.581848654789594,"label":"University of Glasgow"},{"numberOfDocuments":5.3337669858225585,"label":"University of St Andrews"},{"numberOfDocuments":1.3521410217947143,"label":"University of Strathclyde"}],"conceptId":6},{"topicData":[{"numberOfDocuments":1.3543502980363005,"label":"Heriot-Watt University"},{"numberOfDocuments":0.28683252450624275,"label":"Robert Gordon University"},{"numberOfDocuments":0.3563876572548408,"label":"Glasgow Caledonian University"},{"numberOfDocuments":0.09403153153153153,"label":"Queen Margaret University"},{"numberOfDocuments":3.1935824998032847,"label":"University of Dundee"},{"numberOfDocuments":1.2964701170505617,"label":"University of the Highlands and Islands"},{"numberOfDocuments":0.8416054590306196,"label":"Edinburgh Napier University"},{"numberOfDocuments":26.99517442307401,"label":"University of Stirling"},{"numberOfDocuments":0.18940250799114827,"label":"Abertay University"},{"numberOfDocuments":14.10723634712385,"label":"University of Aberdeen"},{"numberOfDocuments":16.0892876327848,"label":"University of Edinburgh"},{"numberOfDocuments":0.28561550356108456,"label":"University of the West of Scotland"},{"numberOfDocuments":5.983923473121296,"label":"University of Glasgow"},{"numberOfDocuments":7.645982609930637,"label":"University of St Andrews"},{"numberOfDocuments":2.1044741665960722,"label":"University of Strathclyde"}],"conceptId":7},{"topicData":[{"numberOfDocuments":1.2857080936328127,"label":"Heriot-Watt University"},{"numberOfDocuments":0.5828086186513342,"label":"Robert Gordon University"},{"numberOfDocuments":0.6165555392532456,"label":"Glasgow Caledonian University"},{"numberOfDocuments":0.007352941176470588,"label":"Queen Margaret University"},{"numberOfDocuments":0.6310327879865085,"label":"University of Dundee"},{"numberOfDocuments":1.011409173786157,"label":"University of the Highlands and Islands"},{"numberOfDocuments":2.0585271171010597,"label":"Edinburgh Napier University"},{"numberOfDocuments":9.035097148550733,"label":"University of Stirling"},{"numberOfDocuments":0.14660744221406793,"label":"Abertay University"},{"numberOfDocuments":8.284677815230962,"label":"University of Aberdeen"},{"numberOfDocuments":16.407778025934714,"label":"University of Edinburgh"},{"numberOfDocuments":0.45619479589400813,"label":"University of the West of Scotland"},{"numberOfDocuments":4.351273265612201,"label":"University of Glasgow"},{"numberOfDocuments":3.116501922028304,"label":"University of St Andrews"},{"numberOfDocuments":1.2286677099447494,"label":"University of Strathclyde"}],"conceptId":8},{"topicData":[{"numberOfDocuments":0.30242966751918154,"label":"Heriot-Watt University"},{"numberOfDocuments":0.25877192982456143,"label":"Robert Gordon University"},{"numberOfDocuments":0.041666666666666664,"label":"Glasgow Caledonian University"},{"numberOfDocuments":0.00949367088607595,"label":"Queen Margaret University"},{"numberOfDocuments":0.42876588021778583,"label":"University of Dundee"},{"numberOfDocuments":4.436511811395594,"label":"University of the Highlands and Islands"},{"numberOfDocuments":0.32760934412310555,"label":"Edinburgh Napier University"},{"numberOfDocuments":3.107481290851357,"label":"University of Stirling"},{"numberOfDocuments":0.0,"label":"Abertay University"},{"numberOfDocuments":0.3550925373965167,"label":"University of Aberdeen"},{"numberOfDocuments":1.4697849618362948,"label":"University of Edinburgh"},{"numberOfDocuments":0.0,"label":"University of the West of Scotland"},{"numberOfDocuments":2.5982773996426465,"label":"University of Glasgow"},{"numberOfDocuments":3.347604329052996,"label":"University of St Andrews"},{"numberOfDocuments":2.399108685442807,"label":"University of Strathclyde"}],"conceptId":9},{"topicData":[{"numberOfDocuments":0.7631806358162778,"label":"Heriot-Watt University"},{"numberOfDocuments":0.03261794625335416,"label":"Robert Gordon University"},{"numberOfDocuments":0.039473684210526314,"label":"Glasgow Caledonian University"},{"numberOfDocuments":0.021520941903107507,"label":"Queen Margaret University"},{"numberOfDocuments":0.42112061541229,"label":"University of Dundee"},{"numberOfDocuments":1.5818472305387168,"label":"University of the Highlands and Islands"},{"numberOfDocuments":0.7307332043870395,"label":"Edinburgh Napier University"},{"numberOfDocuments":12.665524766138407,"label":"University of Stirling"},{"numberOfDocuments":0.02247191011235955,"label":"Abertay University"},{"numberOfDocuments":1.8633445772309631,"label":"University of Aberdeen"},{"numberOfDocuments":7.665935776397665,"label":"University of Edinburgh"},{"numberOfDocuments":0.04565772669220945,"label":"University of the West of Scotland"},{"numberOfDocuments":2.577607932192226,"label":"University of Glasgow"},{"numberOfDocuments":2.4989443907796596,"label":"University of St Andrews"},{"numberOfDocuments":1.0091660953333417,"label":"University of Strathclyde"}],"conceptId":10},{"topicData":[{"numberOfDocuments":0.8731900280294493,"label":"Heriot-Watt University"},{"numberOfDocuments":0.2683982683982684,"label":"Robert Gordon University"},{"numberOfDocuments":0.0,"label":"Glasgow Caledonian University"},{"numberOfDocuments":0.2511201811939375,"label":"Queen Margaret University"},{"numberOfDocuments":0.2852488514266456,"label":"University of Dundee"},{"numberOfDocuments":0.9981308404509345,"label":"University of the Highlands and Islands"},{"numberOfDocuments":0.07560305548110427,"label":"Edinburgh Napier University"},{"numberOfDocuments":1.1672974461109364,"label":"University of Stirling"},{"numberOfDocuments":0.09482758620689655,"label":"Abertay University"},{"numberOfDocuments":0.46825935384448253,"label":"University of Aberdeen"},{"numberOfDocuments":4.193535780359626,"label":"University of Edinburgh"},{"numberOfDocuments":0.9444417751553669,"label":"University of the West of Scotland"},{"numberOfDocuments":4.750133333793465,"label":"University of Glasgow"},{"numberOfDocuments":0.4143483180170289,"label":"University of St Andrews"},{"numberOfDocuments":1.1402056133715763,"label":"University of Strathclyde"}],"conceptId":11},{"topicData":[{"numberOfDocuments":2.5375200045217343,"label":"Heriot-Watt University"},{"numberOfDocuments":0.30664876104602334,"label":"Robert Gordon University"},{"numberOfDocuments":4.567054194056581,"label":"Glasgow Caledonian University"},{"numberOfDocuments":0.021217427129467503,"label":"Queen Margaret University"},{"numberOfDocuments":30.752232953853696,"label":"University of Dundee"},{"numberOfDocuments":0.312803169443726,"label":"University of the Highlands and Islands"},{"numberOfDocuments":1.9392765063780475,"label":"Edinburgh Napier University"},{"numberOfDocuments":1.4900299903461063,"label":"University of Stirling"},{"numberOfDocuments":0.9508734836884,"label":"Abertay University"},{"numberOfDocuments":10.015123667665684,"label":"University of Aberdeen"},{"numberOfDocuments":7.9927778225629815,"label":"University of Edinburgh"},{"numberOfDocuments":3.8955477267237035,"label":"University of the West of Scotland"},{"numberOfDocuments":4.521282557736716,"label":"University of Glasgow"},{"numberOfDocuments":0.7027465307058335,"label":"University of St Andrews"},{"numberOfDocuments":6.5222117735781415,"label":"University of Strathclyde"}],"conceptId":12}]