{"linkageTable":[{"node2":8,"distance":0.445764764767275,"node1":5},{"node2":11,"distance":0.463699143361895,"node1":2},{"node2":9,"distance":0.473789508738945,"node1":3},{"node2":6,"distance":0.47689339725678,"node1":0},{"node2":13,"distance":0.4837261850369925,"node1":1},{"node2":7,"distance":0.485393776824275,"node1":4},{"node2":16,"distance":0.4870279859988842,"node1":15},{"node2":17,"distance":0.4919558304865864,"node1":18},{"node2":10,"distance":0.49522697881746247,"node1":14},{"node2":12,"distance":0.4957792777590718,"node1":19},{"node2":20,"distance":0.49715077855346407,"node1":21}],"conceptsData":[{"conceptId":2,"clusterId":0,"hexCoordinates":{"x":0,"y":0},"labels":[{"weight":1054,"label":"association"},{"weight":869,"label":"gene"},{"weight":859,"label":"variant"},{"weight":735,"label":"associate"},{"weight":709,"label":"genetic"},{"weight":705,"label":"snp"},{"weight":685,"label":"identify"},{"weight":668,"label":"locus"},{"weight":514,"label":"study"},{"weight":504,"label":"genome"},{"weight":501,"label":"analysis"},{"weight":478,"label":"wide"},{"weight":471,"label":"genotype"},{"weight":463,"label":"allele"},{"weight":359,"label":"polymorphism"},{"weight":317,"label":"control"},{"weight":275,"label":"trait"},{"weight":275,"label":"region"},{"weight":274,"label":"risk"},{"weight":264,"label":"individual"},{"weight":238,"label":"significant"},{"weight":237,"label":"variation"},{"weight":235,"label":"phenotype"},{"weight":232,"label":"effect"},{"weight":224,"label":"single"}],"subTopicId":30},{"conceptId":4,"clusterId":0,"hexCoordinates":{"x":-1.7320508075688772,"y":0},"labels":[{"weight":606,"label":"genetic"},{"weight":334,"label":"risk"},{"weight":278,"label":"disorder"},{"weight":277,"label":"study"},{"weight":242,"label":"association"},{"weight":229,"label":"polygenic"},{"weight":218,"label":"gene"},{"weight":204,"label":"wide"},{"weight":198,"label":"associate"},{"weight":186,"label":"mdd"},{"weight":183,"label":"analysis"},{"weight":180,"label":"genome"},{"weight":163,"label":"sample"},{"weight":159,"label":"schizophrenia"},{"weight":158,"label":"score"},{"weight":142,"label":"identify"},{"weight":138,"label":"significant"},{"weight":131,"label":"phenotype"},{"weight":126,"label":"locus"},{"weight":117,"label":"variant"},{"weight":107,"label":"trait"},{"weight":105,"label":"major"},{"weight":98,"label":"individual"},{"weight":97,"label":"neuroticism"},{"weight":91,"label":"gwa"}],"subTopicId":249},{"conceptId":11,"clusterId":0,"hexCoordinates":{"x":1.7320508075688772,"y":0},"labels":[{"weight":213,"label":"statin"},{"weight":100,"label":"cholesterol"},{"weight":48,"label":"ldl"},{"weight":48,"label":"atorvastatin"},{"weight":42,"label":"hdl"},{"weight":41,"label":"level"},{"weight":35,"label":"lipoprotein"},{"weight":34,"label":"lower"},{"weight":32,"label":"muscle"},{"weight":31,"label":"serum"},{"weight":30,"label":"density"},{"weight":28,"label":"lipid"},{"weight":25,"label":"high"},{"weight":20,"label":"triglyceride"},{"weight":20,"label":"response"},{"weight":19,"label":"unrestricted"},{"weight":19,"label":"restricted"},{"weight":17,"label":"myopathy"},{"weight":17,"label":"intolerance"},{"weight":17,"label":"pravastatin"},{"weight":17,"label":"absolute"},{"weight":16,"label":"delusion"},{"weight":16,"label":"psychosis"},{"weight":16,"label":"therapy"},{"weight":15,"label":"intolerant"}],"subTopicId":982},{"conceptId":9,"clusterId":0,"hexCoordinates":{"x":1.7320508075688772,"y":-3},"labels":[{"weight":660,"label":"mutation"},{"weight":347,"label":"gene"},{"weight":231,"label":"variant"},{"weight":194,"label":"allele"},{"weight":174,"label":"genome"},{"weight":135,"label":"genetic"},{"weight":125,"label":"pax"},{"weight":113,"label":"deletion"},{"weight":111,"label":"sequencing"},{"weight":104,"label":"editing"},{"weight":102,"label":"human"},{"weight":100,"label":"frequency"},{"weight":96,"label":"sequence"},{"weight":87,"label":"type"},{"weight":82,"label":"function"},{"weight":82,"label":"identify"},{"weight":79,"label":"individual"},{"weight":75,"label":"loss"},{"weight":75,"label":"number"},{"weight":71,"label":"mutational"},{"weight":70,"label":"mutant"},{"weight":65,"label":"genomic"},{"weight":63,"label":"exome"},{"weight":61,"label":"generation"},{"weight":61,"label":"line"}],"subTopicId":849},{"conceptId":-1,"clusterId":-1,"hexCoordinates":{"x":5.196152422706632,"y":1.5},"labels":[{"weight":2500,"label":"Unclassified"},{"weight":0,"label":""},{"weight":0,"label":""},{"weight":0,"label":""},{"weight":0,"label":""},{"weight":0,"label":""},{"weight":0,"label":""},{"weight":0,"label":""},{"weight":0,"label":""},{"weight":0,"label":""},{"weight":0,"label":""}],"subTopicId":null},{"conceptId":10,"clusterId":0,"hexCoordinates":{"x":0.8660254037844386,"y":-4.5},"labels":[{"weight":36,"label":"cwc"},{"weight":36,"label":"mse"},{"weight":36,"label":"association"},{"weight":34,"label":"sfh"},{"weight":32,"label":"variant"},{"weight":32,"label":"result"},{"weight":30,"label":"multiscale"},{"weight":29,"label":"data"},{"weight":28,"label":"ehr"},{"weight":25,"label":"hotspot"},{"weight":24,"label":"haplotype"},{"weight":22,"label":"hrc"},{"weight":21,"label":"study"},{"weight":19,"label":"genome"},{"weight":18,"label":"mstn"},{"weight":18,"label":"anchor"},{"weight":18,"label":"health"},{"weight":17,"label":"mvmse"},{"weight":17,"label":"rockall"},{"weight":17,"label":"cdd"},{"weight":17,"label":"obtain"},{"weight":16,"label":"genotype"},{"weight":16,"label":"beta"},{"weight":16,"label":"range"},{"weight":15,"label":"cohort"}],"subTopicId":912},{"conceptId":0,"clusterId":0,"hexCoordinates":{"x":-0.8660254037844386,"y":1.5},"labels":[{"weight":124,"label":"diabetic"},{"weight":111,"label":"control"},{"weight":74,"label":"case"},{"weight":59,"label":"study"},{"weight":52,"label":"diabetes"},{"weight":46,"label":"cohort"},{"weight":45,"label":"association"},{"weight":44,"label":"retinopathy"},{"weight":37,"label":"psoriasis"},{"weight":37,"label":"causal"},{"weight":37,"label":"type"},{"weight":36,"label":"level"},{"weight":35,"label":"patient"},{"weight":31,"label":"cataract"},{"weight":31,"label":"record"},{"weight":30,"label":"result"},{"weight":29,"label":"associate"},{"weight":29,"label":"individual"},{"weight":28,"label":"health"},{"weight":28,"label":"conclusion"},{"weight":27,"label":"hla"},{"weight":27,"label":"approach"},{"weight":27,"label":"identify"},{"weight":26,"label":"tayside"},{"weight":26,"label":"neuropathy"}],"subTopicId":1},{"conceptId":1,"clusterId":0,"hexCoordinates":{"x":0.8660254037844386,"y":-1.5},"labels":[{"weight":414,"label":"variant"},{"weight":157,"label":"association"},{"weight":139,"label":"associate"},{"weight":130,"label":"frequency"},{"weight":104,"label":"crc"},{"weight":102,"label":"locus"},{"weight":100,"label":"gene"},{"weight":98,"label":"identify"},{"weight":96,"label":"rare"},{"weight":89,"label":"low"},{"weight":77,"label":"genome"},{"weight":73,"label":"control"},{"weight":71,"label":"allele"},{"weight":71,"label":"imputation"},{"weight":69,"label":"code"},{"weight":62,"label":"common"},{"weight":62,"label":"study"},{"weight":60,"label":"risk"},{"weight":53,"label":"maf"},{"weight":52,"label":"case"},{"weight":50,"label":"sequencing"},{"weight":48,"label":"cad"},{"weight":48,"label":"population"},{"weight":45,"label":"trait"},{"weight":45,"label":"wide"}],"subTopicId":16},{"conceptId":3,"clusterId":0,"hexCoordinates":{"x":0,"y":-3},"labels":[{"weight":1002,"label":"mutation"},{"weight":452,"label":"variant"},{"weight":401,"label":"gene"},{"weight":375,"label":"patient"},{"weight":370,"label":"disorder"},{"weight":289,"label":"syndrome"},{"weight":278,"label":"genetic"},{"weight":255,"label":"phenotype"},{"weight":230,"label":"family"},{"weight":229,"label":"individual"},{"weight":229,"label":"identify"},{"weight":179,"label":"rare"},{"weight":169,"label":"associate"},{"weight":163,"label":"report"},{"weight":162,"label":"clinical"},{"weight":161,"label":"sequencing"},{"weight":150,"label":"missense"},{"weight":147,"label":"case"},{"weight":141,"label":"result"},{"weight":139,"label":"affect"},{"weight":125,"label":"feature"},{"weight":121,"label":"severe"},{"weight":117,"label":"pathogenic"},{"weight":113,"label":"function"},{"weight":113,"label":"developmental"}],"subTopicId":181},{"conceptId":8,"clusterId":0,"hexCoordinates":{"x":-2.598076211353316,"y":-1.5},"labels":[{"weight":137,"label":"prediction"},{"weight":124,"label":"genomic"},{"weight":116,"label":"accuracy"},{"weight":91,"label":"population"},{"weight":87,"label":"snp"},{"weight":67,"label":"selection"},{"weight":63,"label":"trait"},{"weight":58,"label":"pedigree"},{"weight":58,"label":"genotype"},{"weight":58,"label":"density"},{"weight":55,"label":"marker"},{"weight":39,"label":"baye"},{"weight":36,"label":"gwa"},{"weight":36,"label":"set"},{"weight":33,"label":"base"},{"weight":31,"label":"individual"},{"weight":30,"label":"compare"},{"weight":30,"label":"low"},{"weight":29,"label":"method"},{"weight":28,"label":"number"},{"weight":28,"label":"relationship"},{"weight":27,"label":"training"},{"weight":26,"label":"wide"},{"weight":25,"label":"animal"},{"weight":24,"label":"gblup"}],"subTopicId":828},{"conceptId":5,"clusterId":0,"hexCoordinates":{"x":-1.7320508075688772,"y":-3},"labels":[{"weight":707,"label":"genetic"},{"weight":620,"label":"trait"},{"weight":568,"label":"selection"},{"weight":504,"label":"breed"},{"weight":425,"label":"genomic"},{"weight":306,"label":"resistance"},{"weight":301,"label":"snp"},{"weight":234,"label":"region"},{"weight":224,"label":"genotype"},{"weight":196,"label":"qtl"},{"weight":193,"label":"breeding"},{"weight":172,"label":"marker"},{"weight":164,"label":"genome"},{"weight":164,"label":"animal"},{"weight":163,"label":"study"},{"weight":163,"label":"population"},{"weight":138,"label":"variation"},{"weight":136,"label":"high"},{"weight":134,"label":"density"},{"weight":133,"label":"result"},{"weight":131,"label":"candidate"},{"weight":127,"label":"heritability"},{"weight":118,"label":"pedigree"},{"weight":116,"label":"identify"},{"weight":115,"label":"data"}],"subTopicId":318},{"conceptId":6,"clusterId":0,"hexCoordinates":{"x":0.8660254037844386,"y":1.5},"labels":[{"weight":822,"label":"association"},{"weight":759,"label":"genetic"},{"weight":661,"label":"variant"},{"weight":653,"label":"locus"},{"weight":650,"label":"analysis"},{"weight":526,"label":"gene"},{"weight":510,"label":"identify"},{"weight":493,"label":"study"},{"weight":479,"label":"associate"},{"weight":431,"label":"wide"},{"weight":428,"label":"genome"},{"weight":353,"label":"meta"},{"weight":268,"label":"individual"},{"weight":258,"label":"snp"},{"weight":236,"label":"trait"},{"weight":232,"label":"risk"},{"weight":229,"label":"ancestry"},{"weight":221,"label":"disease"},{"weight":199,"label":"interaction"},{"weight":190,"label":"effect"},{"weight":189,"label":"european"},{"weight":183,"label":"include"},{"weight":181,"label":"gwa"},{"weight":161,"label":"causal"},{"weight":152,"label":"cohort"}],"subTopicId":404},{"conceptId":7,"clusterId":0,"hexCoordinates":{"x":-0.8660254037844386,"y":-1.5},"labels":[{"weight":642,"label":"genetic"},{"weight":334,"label":"mdd"},{"weight":200,"label":"study"},{"weight":186,"label":"risk"},{"weight":172,"label":"heritability"},{"weight":158,"label":"cohort"},{"weight":153,"label":"polygenic"},{"weight":152,"label":"association"},{"weight":145,"label":"associate"},{"weight":142,"label":"family"},{"weight":136,"label":"effect"},{"weight":132,"label":"correlation"},{"weight":130,"label":"base"},{"weight":126,"label":"depression"},{"weight":123,"label":"trait"},{"weight":123,"label":"estimate"},{"weight":117,"label":"environmental"},{"weight":114,"label":"common"},{"weight":112,"label":"analysis"},{"weight":99,"label":"sfh"},{"weight":96,"label":"generation"},{"weight":94,"label":"significant"},{"weight":94,"label":"factor"},{"weight":90,"label":"genome"},{"weight":88,"label":"score"}],"subTopicId":415}]}