{"linkageTable":[{"node2":6,"distance":0.45869035732784,"node1":2},{"node2":3,"distance":0.462982014337035,"node1":1},{"node2":9,"distance":0.46799549570504,"node1":7},{"node2":5,"distance":0.4738245751345225,"node1":10},{"node2":8,"distance":0.4837742692706175,"node1":11},{"node2":13,"distance":0.48476042478705494,"node1":0},{"node2":14,"distance":0.4899608408186738,"node1":15},{"node2":12,"distance":0.4911760140669067,"node1":16},{"node2":4,"distance":0.49547959976490996,"node1":17}],"conceptsData":[{"conceptId":8,"clusterId":0,"hexCoordinates":{"x":3.4641016151377544,"y":-3},"labels":[{"weight":346,"label":"effector"},{"weight":344,"label":"plant"},{"weight":182,"label":"host"},{"weight":157,"label":"potato"},{"weight":140,"label":"pathogen"},{"weight":128,"label":"nematode"},{"weight":118,"label":"resistance"},{"weight":84,"label":"infestan"},{"weight":75,"label":"aphid"},{"weight":74,"label":"infection"},{"weight":60,"label":"phytophthora"},{"weight":55,"label":"immunity"},{"weight":54,"label":"secrete"},{"weight":54,"label":"cell"},{"weight":53,"label":"protein"},{"weight":49,"label":"oomycete"},{"weight":49,"label":"expression"},{"weight":47,"label":"gene"},{"weight":46,"label":"gland"},{"weight":45,"label":"identify"},{"weight":44,"label":"species"},{"weight":42,"label":"solanum"},{"weight":41,"label":"associate"},{"weight":40,"label":"cyst"},{"weight":40,"label":"parasitic"}],"subTopicId":652},{"conceptId":2,"clusterId":0,"hexCoordinates":{"x":0,"y":0},"labels":[{"weight":475,"label":"population"},{"weight":427,"label":"species"},{"weight":318,"label":"divergence"},{"weight":299,"label":"genetic"},{"weight":243,"label":"hybrid"},{"weight":205,"label":"gene"},{"weight":183,"label":"evolutionary"},{"weight":126,"label":"adaptive"},{"weight":123,"label":"adaptation"},{"weight":122,"label":"selection"},{"weight":106,"label":"ecological"},{"weight":105,"label":"speciation"},{"weight":104,"label":"flow"},{"weight":101,"label":"variation"},{"weight":99,"label":"isolation"},{"weight":96,"label":"genomic"},{"weight":93,"label":"diversity"},{"weight":90,"label":"lineage"},{"weight":88,"label":"show"},{"weight":86,"label":"pattern"},{"weight":84,"label":"hybridization"},{"weight":82,"label":"plant"},{"weight":82,"label":"origin"},{"weight":81,"label":"evolution"},{"weight":78,"label":"native"}],"subTopicId":120},{"conceptId":6,"clusterId":0,"hexCoordinates":{"x":1.7320508075688772,"y":0},"labels":[{"weight":1188,"label":"population"},{"weight":878,"label":"genetic"},{"weight":409,"label":"marker"},{"weight":379,"label":"diversity"},{"weight":371,"label":"locus"},{"weight":279,"label":"snp"},{"weight":233,"label":"gene"},{"weight":226,"label":"allele"},{"weight":214,"label":"individual"},{"weight":199,"label":"region"},{"weight":191,"label":"haplotype"},{"weight":190,"label":"chromosome"},{"weight":190,"label":"genotype"},{"weight":185,"label":"identify"},{"weight":177,"label":"polymorphism"},{"weight":169,"label":"variation"},{"weight":169,"label":"structure"},{"weight":156,"label":"microsatellite"},{"weight":150,"label":"single"},{"weight":147,"label":"selection"},{"weight":145,"label":"high"},{"weight":140,"label":"level"},{"weight":138,"label":"differentiation"},{"weight":122,"label":"linkage"},{"weight":121,"label":"analysis"}],"subTopicId":399},{"conceptId":3,"clusterId":0,"hexCoordinates":{"x":2.598076211353316,"y":-1.5},"labels":[{"weight":1730,"label":"gene"},{"weight":1293,"label":"genome"},{"weight":904,"label":"sequence"},{"weight":671,"label":"species"},{"weight":444,"label":"identify"},{"weight":398,"label":"evolution"},{"weight":388,"label":"analysis"},{"weight":342,"label":"family"},{"weight":289,"label":"protein"},{"weight":268,"label":"genomic"},{"weight":257,"label":"evolutionary"},{"weight":249,"label":"lineage"},{"weight":236,"label":"include"},{"weight":215,"label":"functional"},{"weight":206,"label":"conserve"},{"weight":204,"label":"sequencing"},{"weight":201,"label":"specific"},{"weight":193,"label":"important"},{"weight":185,"label":"find"},{"weight":184,"label":"number"},{"weight":183,"label":"present"},{"weight":174,"label":"encode"},{"weight":172,"label":"reveal"},{"weight":163,"label":"duplication"},{"weight":163,"label":"element"}],"subTopicId":206},{"conceptId":7,"clusterId":0,"hexCoordinates":{"x":3.4641016151377544,"y":0},"labels":[{"weight":1182,"label":"isolate"},{"weight":738,"label":"sequence"},{"weight":718,"label":"strain"},{"weight":393,"label":"genome"},{"weight":326,"label":"genetic"},{"weight":325,"label":"diversity"},{"weight":301,"label":"analysis"},{"weight":286,"label":"identify"},{"weight":279,"label":"lineage"},{"weight":276,"label":"type"},{"weight":275,"label":"host"},{"weight":257,"label":"population"},{"weight":254,"label":"gene"},{"weight":250,"label":"genotype"},{"weight":222,"label":"sequencing"},{"weight":201,"label":"distinct"},{"weight":195,"label":"sample"},{"weight":179,"label":"reveal"},{"weight":177,"label":"associate"},{"weight":172,"label":"study"},{"weight":170,"label":"suggest"},{"weight":159,"label":"region"},{"weight":159,"label":"find"},{"weight":157,"label":"phylogenetic"},{"weight":156,"label":"transmission"}],"subTopicId":438},{"conceptId":0,"clusterId":0,"hexCoordinates":{"x":-0.8660254037844386,"y":-1.5},"labels":[{"weight":892,"label":"genome"},{"weight":668,"label":"gene"},{"weight":620,"label":"sequence"},{"weight":276,"label":"assembly"},{"weight":234,"label":"sequencing"},{"weight":216,"label":"dna"},{"weight":183,"label":"genetic"},{"weight":182,"label":"genomic"},{"weight":144,"label":"cas"},{"weight":138,"label":"organism"},{"weight":134,"label":"single"},{"weight":130,"label":"generate"},{"weight":128,"label":"encode"},{"weight":121,"label":"crispr"},{"weight":120,"label":"target"},{"weight":119,"label":"protein"},{"weight":119,"label":"identify"},{"weight":117,"label":"editing"},{"weight":117,"label":"species"},{"weight":116,"label":"multiple"},{"weight":115,"label":"chromosome"},{"weight":108,"label":"strain"},{"weight":102,"label":"assemble"},{"weight":98,"label":"evolution"},{"weight":96,"label":"large"}],"subTopicId":19},{"conceptId":1,"clusterId":0,"hexCoordinates":{"x":1.7320508075688772,"y":-3},"labels":[{"weight":170,"label":"vertebrate"},{"weight":123,"label":"fish"},{"weight":104,"label":"mammal"},{"weight":70,"label":"specimen"},{"weight":70,"label":"fossil"},{"weight":67,"label":"species"},{"weight":65,"label":"dinosaur"},{"weight":63,"label":"evolution"},{"weight":62,"label":"group"},{"weight":60,"label":"reptile"},{"weight":59,"label":"cretaceous"},{"weight":58,"label":"body"},{"weight":49,"label":"jurassic"},{"weight":49,"label":"feature"},{"weight":48,"label":"ancestor"},{"weight":47,"label":"bird"},{"weight":47,"label":"small"},{"weight":46,"label":"lineage"},{"weight":46,"label":"million"},{"weight":46,"label":"early"},{"weight":44,"label":"year"},{"weight":43,"label":"include"},{"weight":42,"label":"describe"},{"weight":41,"label":"hominin"},{"weight":41,"label":"evolutionary"}],"subTopicId":91},{"conceptId":9,"clusterId":0,"hexCoordinates":{"x":4.330127018922193,"y":-1.5},"labels":[{"weight":153,"label":"sequencing"},{"weight":135,"label":"read"},{"weight":122,"label":"sequence"},{"weight":85,"label":"genome"},{"weight":69,"label":"crf"},{"weight":45,"label":"assembly"},{"weight":42,"label":"invadolysin"},{"weight":40,"label":"length"},{"weight":39,"label":"illumina"},{"weight":35,"label":"dataset"},{"weight":31,"label":"coverage"},{"weight":30,"label":"minion"},{"weight":30,"label":"reference"},{"weight":29,"label":"quality"},{"weight":25,"label":"platform"},{"weight":24,"label":"insert"},{"weight":24,"label":"end"},{"weight":24,"label":"generate"},{"weight":20,"label":"metagenomic"},{"weight":19,"label":"seq"},{"weight":18,"label":"ehv"},{"weight":18,"label":"nanopore"},{"weight":16,"label":"isoprene"},{"weight":16,"label":"paired"},{"weight":16,"label":"full"}],"subTopicId":734},{"conceptId":4,"clusterId":0,"hexCoordinates":{"x":0,"y":-3},"labels":[{"weight":152,"label":"species"},{"weight":152,"label":"type"},{"weight":125,"label":"genetic"},{"weight":104,"label":"taxonomic"},{"weight":104,"label":"morphological"},{"weight":102,"label":"specimen"},{"weight":100,"label":"foraminifera"},{"weight":67,"label":"bulloide"},{"weight":61,"label":"planktonic"},{"weight":59,"label":"foraminiferal"},{"weight":57,"label":"sequence"},{"weight":51,"label":"morphology"},{"weight":47,"label":"molecular"},{"weight":43,"label":"specific"},{"weight":41,"label":"dna"},{"weight":39,"label":"ssu"},{"weight":39,"label":"collect"},{"weight":35,"label":"genotype"},{"weight":35,"label":"identification"},{"weight":34,"label":"character"},{"weight":33,"label":"distribution"},{"weight":32,"label":"hmf"},{"weight":31,"label":"assign"},{"weight":30,"label":"metabarcoding"},{"weight":30,"label":"barcode"}],"subTopicId":260},{"conceptId":5,"clusterId":0,"hexCoordinates":{"x":0.8660254037844386,"y":-1.5},"labels":[{"weight":1026,"label":"species"},{"weight":338,"label":"phylogenetic"},{"weight":226,"label":"tree"},{"weight":211,"label":"evolutionary"},{"weight":168,"label":"phylogeny"},{"weight":168,"label":"data"},{"weight":157,"label":"diversity"},{"weight":144,"label":"lineage"},{"weight":139,"label":"analysis"},{"weight":131,"label":"taxa"},{"weight":130,"label":"genus"},{"weight":126,"label":"relationship"},{"weight":125,"label":"sequence"},{"weight":121,"label":"molecular"},{"weight":113,"label":"support"},{"weight":112,"label":"suggest"},{"weight":104,"label":"morphological"},{"weight":102,"label":"clade"},{"weight":102,"label":"diversification"},{"weight":96,"label":"evolution"},{"weight":92,"label":"genera"},{"weight":89,"label":"group"},{"weight":87,"label":"base"},{"weight":81,"label":"history"},{"weight":76,"label":"family"}],"subTopicId":371},{"conceptId":-1,"clusterId":-1,"hexCoordinates":{"x":7.794228634059947,"y":0},"labels":[{"weight":2500,"label":"Unclassified"},{"weight":0,"label":""},{"weight":0,"label":""},{"weight":0,"label":""},{"weight":0,"label":""},{"weight":0,"label":""},{"weight":0,"label":""},{"weight":0,"label":""},{"weight":0,"label":""},{"weight":0,"label":""},{"weight":0,"label":""}],"subTopicId":null}]}