{"linkageTable":[{"node2":13,"distance":0.44059023546181497,"node1":10},{"node2":3,"distance":0.447816473603055,"node1":0},{"node2":22,"distance":0.455802780530015,"node1":1},{"node2":11,"distance":0.46740002082153337,"node1":24},{"node2":18,"distance":0.47620150669264755,"node1":25},{"node2":19,"distance":0.48305440921045906,"node1":26},{"node2":2,"distance":0.484413745380325,"node1":23},{"node2":27,"distance":0.4872429992809425,"node1":28},{"node2":21,"distance":0.48881940832768,"node1":6},{"node2":17,"distance":0.48888176406243,"node1":8},{"node2":31,"distance":0.4908635925139239,"node1":29},{"node2":12,"distance":0.491441287193425,"node1":4},{"node2":30,"distance":0.49367899019977746,"node1":5},{"node2":14,"distance":0.49428919696556,"node1":9},{"node2":34,"distance":0.49484021337420014,"node1":32},{"node2":15,"distance":0.49603994658661754,"node1":36},{"node2":35,"distance":0.49686122418487505,"node1":37},{"node2":20,"distance":0.49772706561959,"node1":33},{"node2":16,"distance":0.49834721058265063,"node1":38},{"node2":39,"distance":0.49866902550782544,"node1":40},{"node2":7,"distance":0.4995109896408786,"node1":41}],"conceptsData":[{"conceptId":18,"clusterId":0,"hexCoordinates":{"x":3.4641016151377544,"y":0},"labels":[{"weight":101,"label":"poetry"},{"weight":73,"label":"poem"},{"weight":57,"label":"poet"},{"weight":31,"label":"poetic"},{"weight":30,"label":"form"},{"weight":27,"label":"aid"},{"weight":23,"label":"verse"},{"weight":21,"label":"cpt"},{"weight":21,"label":"reader"},{"weight":17,"label":"measurer"},{"weight":17,"label":"ceremony"},{"weight":16,"label":"renaissance"},{"weight":16,"label":"write"},{"weight":15,"label":"experience"},{"weight":14,"label":"joke"},{"weight":14,"label":"reminder"},{"weight":13,"label":"strategy"},{"weight":12,"label":"macdiarmid"},{"weight":12,"label":"trilogy"},{"weight":11,"label":"realisation"},{"weight":11,"label":"regular"},{"weight":10,"label":"libertine"},{"weight":10,"label":"paterson"},{"weight":10,"label":"deselection"},{"weight":10,"label":"circus"}],"subTopicId":824},{"conceptId":-1,"clusterId":-1,"hexCoordinates":{"x":8.660254037844386,"y":3},"labels":[{"weight":2500,"label":"Unclassified"},{"weight":0,"label":""},{"weight":0,"label":""},{"weight":0,"label":""},{"weight":0,"label":""},{"weight":0,"label":""},{"weight":0,"label":""},{"weight":0,"label":""},{"weight":0,"label":""},{"weight":0,"label":""},{"weight":0,"label":""}],"subTopicId":null},{"conceptId":4,"clusterId":0,"hexCoordinates":{"x":-1.7320508075688772,"y":0},"labels":[{"weight":365,"label":"journal"},{"weight":356,"label":"author"},{"weight":310,"label":"publish"},{"weight":231,"label":"research"},{"weight":230,"label":"article"},{"weight":205,"label":"publication"},{"weight":186,"label":"open"},{"weight":159,"label":"papers"},{"weight":151,"label":"book"},{"weight":146,"label":"access"},{"weight":142,"label":"citation"},{"weight":115,"label":"academic"},{"weight":105,"label":"publishing"},{"weight":85,"label":"year"},{"weight":84,"label":"work"},{"weight":76,"label":"cite"},{"weight":74,"label":"publisher"},{"weight":69,"label":"scholarly"},{"weight":66,"label":"paper"},{"weight":63,"label":"impact"},{"weight":62,"label":"volume"},{"weight":61,"label":"university"},{"weight":60,"label":"chapter"},{"weight":53,"label":"researcher"},{"weight":53,"label":"review"}],"subTopicId":289},{"conceptId":0,"clusterId":0,"hexCoordinates":{"x":2.598076211353316,"y":1.5},"labels":[{"weight":1502,"label":"art"},{"weight":691,"label":"creative"},{"weight":535,"label":"artist"},{"weight":461,"label":"work"},{"weight":342,"label":"practice"},{"weight":281,"label":"creativity"},{"weight":210,"label":"craft"},{"weight":198,"label":"visual"},{"weight":190,"label":"artistic"},{"weight":190,"label":"cultural"},{"weight":182,"label":"project"},{"weight":175,"label":"explore"},{"weight":168,"label":"create"},{"weight":165,"label":"process"},{"weight":159,"label":"research"},{"weight":155,"label":"exhibition"},{"weight":140,"label":"contemporary"},{"weight":139,"label":"make"},{"weight":113,"label":"base"},{"weight":109,"label":"form"},{"weight":104,"label":"material"},{"weight":103,"label":"production"},{"weight":94,"label":"theatre"},{"weight":84,"label":"artwork"},{"weight":84,"label":"performance"}],"subTopicId":51},{"conceptId":20,"clusterId":0,"hexCoordinates":{"x":-2.598076211353316,"y":1.5},"labels":[{"weight":85,"label":"fraser"},{"weight":75,"label":"economic"},{"weight":53,"label":"commentary"},{"weight":41,"label":"allander"},{"weight":39,"label":"institute"},{"weight":39,"label":"label"},{"weight":38,"label":"tee"},{"weight":28,"label":"revise"},{"weight":27,"label":"economy"},{"weight":26,"label":"scotland"},{"weight":24,"label":"day"},{"weight":19,"label":"archive"},{"weight":18,"label":"tfa"},{"weight":18,"label":"elimination"},{"weight":17,"label":"ciclosporin"},{"weight":17,"label":"strathclyde"},{"weight":17,"label":"scottish"},{"weight":16,"label":"article"},{"weight":15,"label":"publish"},{"weight":14,"label":"analysis"},{"weight":12,"label":"prednisolone"},{"weight":12,"label":"international"},{"weight":12,"label":"university"},{"weight":12,"label":"base"},{"weight":11,"label":"galen"}],"subTopicId":866},{"conceptId":9,"clusterId":0,"hexCoordinates":{"x":4.330127018922193,"y":1.5},"labels":[{"weight":554,"label":"heritage"},{"weight":524,"label":"museum"},{"weight":334,"label":"digital"},{"weight":319,"label":"cultural"},{"weight":310,"label":"collection"},{"weight":308,"label":"library"},{"weight":127,"label":"archive"},{"weight":122,"label":"material"},{"weight":118,"label":"preservation"},{"weight":111,"label":"paper"},{"weight":106,"label":"visitor"},{"weight":99,"label":"site"},{"weight":87,"label":"object"},{"weight":77,"label":"history"},{"weight":76,"label":"historical"},{"weight":74,"label":"institution"},{"weight":71,"label":"study"},{"weight":70,"label":"project"},{"weight":61,"label":"gallery"},{"weight":61,"label":"collect"},{"weight":60,"label":"art"},{"weight":57,"label":"exhibition"},{"weight":54,"label":"historic"},{"weight":52,"label":"artefact"},{"weight":51,"label":"sector"}],"subTopicId":501},{"conceptId":17,"clusterId":0,"hexCoordinates":{"x":-0.8660254037844386,"y":1.5},"labels":[{"weight":427,"label":"festival"},{"weight":161,"label":"event"},{"weight":40,"label":"identity"},{"weight":36,"label":"cultural"},{"weight":30,"label":"edinburgh"},{"weight":27,"label":"venue"},{"weight":23,"label":"attend"},{"weight":21,"label":"celtic"},{"weight":21,"label":"audience"},{"weight":21,"label":"attendee"},{"weight":21,"label":"connection"},{"weight":21,"label":"sense"},{"weight":20,"label":"epic"},{"weight":20,"label":"shared"},{"weight":18,"label":"year"},{"weight":16,"label":"discuss"},{"weight":16,"label":"collective"},{"weight":14,"label":"authenticity"},{"weight":14,"label":"crowd"},{"weight":14,"label":"pilgrim"},{"weight":13,"label":"fesman"},{"weight":13,"label":"return"},{"weight":13,"label":"member"},{"weight":12,"label":"valerius"},{"weight":12,"label":"rome"}],"subTopicId":777},{"conceptId":10,"clusterId":0,"hexCoordinates":{"x":0,"y":0},"labels":[{"weight":1282,"label":"film"},{"weight":304,"label":"cinema"},{"weight":204,"label":"audience"},{"weight":175,"label":"television"},{"weight":173,"label":"production"},{"weight":136,"label":"screen"},{"weight":134,"label":"movie"},{"weight":108,"label":"documentary"},{"weight":91,"label":"character"},{"weight":88,"label":"cinematic"},{"weight":85,"label":"representation"},{"weight":74,"label":"article"},{"weight":58,"label":"director"},{"weight":58,"label":"make"},{"weight":57,"label":"filmmaker"},{"weight":53,"label":"genre"},{"weight":52,"label":"bbc"},{"weight":52,"label":"feature"},{"weight":51,"label":"work"},{"weight":51,"label":"argue"},{"weight":49,"label":"world"},{"weight":49,"label":"programme"},{"weight":49,"label":"create"},{"weight":47,"label":"performance"},{"weight":46,"label":"viewer"}],"subTopicId":559},{"conceptId":14,"clusterId":0,"hexCoordinates":{"x":5.196152422706632,"y":0},"labels":[{"weight":119,"label":"clothing"},{"weight":108,"label":"garment"},{"weight":91,"label":"cam"},{"weight":86,"label":"spirituality"},{"weight":86,"label":"dress"},{"weight":68,"label":"wear"},{"weight":66,"label":"fashion"},{"weight":59,"label":"study"},{"weight":56,"label":"die"},{"weight":46,"label":"declaration"},{"weight":37,"label":"clothes"},{"weight":37,"label":"assisted"},{"weight":31,"label":"acsc"},{"weight":31,"label":"make"},{"weight":29,"label":"photography"},{"weight":27,"label":"photographer"},{"weight":24,"label":"ccp"},{"weight":24,"label":"spiritual"},{"weight":22,"label":"costume"},{"weight":22,"label":"euthanasia"},{"weight":21,"label":"end"},{"weight":20,"label":"cfh"},{"weight":19,"label":"cloth"},{"weight":19,"label":"remain"},{"weight":18,"label":"photojournalist"}],"subTopicId":669},{"conceptId":19,"clusterId":0,"hexCoordinates":{"x":1.7320508075688772,"y":-3},"labels":[{"weight":41,"label":"historical"},{"weight":34,"label":"colonial"},{"weight":34,"label":"political"},{"weight":30,"label":"cyborg"},{"weight":30,"label":"politics"},{"weight":30,"label":"state"},{"weight":29,"label":"character"},{"weight":29,"label":"indian"},{"weight":29,"label":"history"},{"weight":28,"label":"slave"},{"weight":28,"label":"mark"},{"weight":28,"label":"end"},{"weight":26,"label":"article"},{"weight":25,"label":"jesus"},{"weight":25,"label":"civility"},{"weight":25,"label":"joyce"},{"weight":25,"label":"memorial"},{"weight":25,"label":"racism"},{"weight":25,"label":"space"},{"weight":24,"label":"armenian"},{"weight":24,"label":"cosmopolitanism"},{"weight":24,"label":"empire"},{"weight":24,"label":"everyday"},{"weight":24,"label":"contemporary"},{"weight":23,"label":"race"}],"subTopicId":863},{"conceptId":13,"clusterId":0,"hexCoordinates":{"x":1.7320508075688772,"y":0},"labels":[{"weight":599,"label":"article"},{"weight":576,"label":"work"},{"weight":519,"label":"history"},{"weight":428,"label":"narrative"},{"weight":369,"label":"historical"},{"weight":365,"label":"explore"},{"weight":364,"label":"form"},{"weight":357,"label":"cultural"},{"weight":315,"label":"write"},{"weight":311,"label":"text"},{"weight":280,"label":"contemporary"},{"weight":277,"label":"essay"},{"weight":264,"label":"time"},{"weight":262,"label":"representation"},{"weight":254,"label":"argue"},{"weight":251,"label":"culture"},{"weight":205,"label":"image"},{"weight":204,"label":"draw"},{"weight":195,"label":"modern"},{"weight":195,"label":"relationship"},{"weight":193,"label":"world"},{"weight":191,"label":"reading"},{"weight":190,"label":"present"},{"weight":189,"label":"book"},{"weight":189,"label":"political"}],"subTopicId":641},{"conceptId":21,"clusterId":0,"hexCoordinates":{"x":0,"y":-3},"labels":[{"weight":230,"label":"nbsp"},{"weight":148,"label":"paragraph"},{"weight":144,"label":"conversation"},{"weight":128,"label":"http"},{"weight":124,"label":"website"},{"weight":117,"label":"access"},{"weight":115,"label":"article"},{"weight":108,"label":"theconversation"},{"weight":91,"label":"ndash"},{"weight":80,"label":"rsquo"},{"weight":36,"label":"ripc"},{"weight":33,"label":"year"},{"weight":27,"label":"make"},{"weight":25,"label":"minus"},{"weight":25,"label":"world"},{"weight":22,"label":"tang"},{"weight":19,"label":"week"},{"weight":17,"label":"happen"},{"weight":16,"label":"news"},{"weight":16,"label":"labour"},{"weight":15,"label":"end"},{"weight":15,"label":"day"},{"weight":14,"label":"battle"},{"weight":13,"label":"elution"},{"weight":13,"label":"win"}],"subTopicId":984},{"conceptId":7,"clusterId":0,"hexCoordinates":{"x":3.4641016151377544,"y":-3},"labels":[{"weight":62,"label":"nature"},{"weight":24,"label":"pretend"},{"weight":21,"label":"exchange"},{"weight":20,"label":"connection"},{"weight":19,"label":"world"},{"weight":15,"label":"spam"},{"weight":14,"label":"ctc"},{"weight":14,"label":"research"},{"weight":12,"label":"axyridis"},{"weight":12,"label":"inform"},{"weight":11,"label":"canal"},{"weight":11,"label":"build"},{"weight":11,"label":"increasingly"},{"weight":10,"label":"pterygopalatine"},{"weight":10,"label":"fossa"},{"weight":10,"label":"expect"},{"weight":10,"label":"maintain"},{"weight":10,"label":"natural"},{"weight":9,"label":"margaritifera"},{"weight":9,"label":"conflate"},{"weight":9,"label":"head"},{"weight":8,"label":"hose"},{"weight":8,"label":"bme"},{"weight":8,"label":"glmm"},{"weight":8,"label":"syntax"}],"subTopicId":464},{"conceptId":8,"clusterId":0,"hexCoordinates":{"x":0,"y":3},"labels":[{"weight":1311,"label":"music"},{"weight":325,"label":"musical"},{"weight":185,"label":"musician"},{"weight":150,"label":"sound"},{"weight":139,"label":"performance"},{"weight":130,"label":"instrument"},{"weight":87,"label":"listen"},{"weight":76,"label":"popular"},{"weight":72,"label":"jazz"},{"weight":70,"label":"audio"},{"weight":64,"label":"improvisation"},{"weight":59,"label":"composition"},{"weight":57,"label":"creative"},{"weight":56,"label":"band"},{"weight":55,"label":"live"},{"weight":55,"label":"record"},{"weight":50,"label":"play"},{"weight":48,"label":"drum"},{"weight":48,"label":"song"},{"weight":47,"label":"piece"},{"weight":44,"label":"composer"},{"weight":43,"label":"perform"},{"weight":42,"label":"piracy"},{"weight":40,"label":"punk"},{"weight":38,"label":"performer"}],"subTopicId":481},{"conceptId":15,"clusterId":0,"hexCoordinates":{"x":4.330127018922193,"y":-1.5},"labels":[{"weight":102,"label":"trafficking"},{"weight":31,"label":"human"},{"weight":28,"label":"exploitation"},{"weight":28,"label":"anti"},{"weight":27,"label":"elliptic"},{"weight":21,"label":"form"},{"weight":20,"label":"slavery"},{"weight":19,"label":"letter"},{"weight":18,"label":"dante"},{"weight":18,"label":"dirichlet"},{"weight":17,"label":"tale"},{"weight":16,"label":"solvability"},{"weight":14,"label":"homo"},{"weight":13,"label":"wallace"},{"weight":12,"label":"diva"},{"weight":12,"label":"complex"},{"weight":11,"label":"carleson"},{"weight":11,"label":"empedocle"},{"weight":11,"label":"legend"},{"weight":11,"label":"intrapreneurship"},{"weight":11,"label":"antimonopoly"},{"weight":11,"label":"bedroom"},{"weight":11,"label":"marriage"},{"weight":10,"label":"morgenthau"},{"weight":10,"label":"intrapreneurial"}],"subTopicId":764},{"conceptId":16,"clusterId":0,"hexCoordinates":{"x":3.4641016151377544,"y":3},"labels":[{"weight":209,"label":"game"},{"weight":49,"label":"polyp"},{"weight":45,"label":"gaming"},{"weight":38,"label":"accessibility"},{"weight":32,"label":"player"},{"weight":31,"label":"mine"},{"weight":27,"label":"partial"},{"weight":23,"label":"strategy"},{"weight":22,"label":"choose"},{"weight":19,"label":"buddhism"},{"weight":18,"label":"variable"},{"weight":16,"label":"boolean"},{"weight":14,"label":"barthe"},{"weight":14,"label":"video"},{"weight":14,"label":"assignment"},{"weight":14,"label":"buddhist"},{"weight":13,"label":"miner"},{"weight":13,"label":"tabletop"},{"weight":11,"label":"phloem"},{"weight":10,"label":"tartan"},{"weight":9,"label":"atsuc"},{"weight":9,"label":"dragon"},{"weight":9,"label":"super"},{"weight":8,"label":"ostracism"},{"weight":8,"label":"videogame"}],"subTopicId":769},{"conceptId":1,"clusterId":0,"hexCoordinates":{"x":0.8660254037844386,"y":-1.5},"labels":[{"weight":423,"label":"story"},{"weight":244,"label":"life"},{"weight":203,"label":"world"},{"weight":151,"label":"time"},{"weight":147,"label":"narrative"},{"weight":128,"label":"past"},{"weight":109,"label":"end"},{"weight":101,"label":"people"},{"weight":96,"label":"history"},{"weight":91,"label":"trauma"},{"weight":88,"label":"death"},{"weight":87,"label":"read"},{"weight":87,"label":"figure"},{"weight":83,"label":"war"},{"weight":78,"label":"paragraph"},{"weight":78,"label":"gothic"},{"weight":77,"label":"book"},{"weight":76,"label":"leave"},{"weight":76,"label":"write"},{"weight":75,"label":"live"},{"weight":72,"label":"call"},{"weight":71,"label":"make"},{"weight":69,"label":"man"},{"weight":68,"label":"open"},{"weight":68,"label":"present"}],"subTopicId":93},{"conceptId":2,"clusterId":0,"hexCoordinates":{"x":1.7320508075688772,"y":3},"labels":[{"weight":289,"label":"theatre"},{"weight":148,"label":"performance"},{"weight":91,"label":"play"},{"weight":88,"label":"study"},{"weight":79,"label":"audience"},{"weight":60,"label":"character"},{"weight":50,"label":"dissertation"},{"weight":49,"label":"company"},{"weight":47,"label":"synaesthete"},{"weight":45,"label":"colour"},{"weight":42,"label":"stage"},{"weight":38,"label":"set"},{"weight":37,"label":"style"},{"weight":32,"label":"theatrical"},{"weight":31,"label":"experience"},{"weight":30,"label":"synaesthesia"},{"weight":30,"label":"give"},{"weight":29,"label":"practical"},{"weight":28,"label":"investigate"},{"weight":27,"label":"form"},{"weight":27,"label":"element"},{"weight":25,"label":"synesthesia"},{"weight":25,"label":"imagery"},{"weight":25,"label":"show"},{"weight":24,"label":"synaesthetic"}],"subTopicId":106},{"conceptId":3,"clusterId":0,"hexCoordinates":{"x":0.8660254037844386,"y":1.5},"labels":[{"weight":475,"label":"university"},{"weight":165,"label":"edinburgh"},{"weight":131,"label":"london"},{"weight":100,"label":"glasgow"},{"weight":94,"label":"professor"},{"weight":93,"label":"work"},{"weight":86,"label":"college"},{"weight":78,"label":"press"},{"weight":77,"label":"include"},{"weight":67,"label":"institute"},{"weight":60,"label":"royal"},{"weight":53,"label":"john"},{"weight":52,"label":"exhibition"},{"weight":52,"label":"oxford"},{"weight":51,"label":"project"},{"weight":50,"label":"york"},{"weight":50,"label":"william"},{"weight":48,"label":"robert"},{"weight":47,"label":"andrew"},{"weight":46,"label":"usa"},{"weight":46,"label":"science"},{"weight":42,"label":"peter"},{"weight":42,"label":"david"},{"weight":40,"label":"dundee"},{"weight":40,"label":"queen"}],"subTopicId":234},{"conceptId":12,"clusterId":0,"hexCoordinates":{"x":-3.4641016151377544,"y":0},"labels":[{"weight":188,"label":"error"},{"weight":135,"label":"panel"},{"weight":86,"label":"ets"},{"weight":40,"label":"core"},{"weight":39,"label":"omission"},{"weight":26,"label":"sandwich"},{"weight":25,"label":"ace"},{"weight":23,"label":"wrong"},{"weight":19,"label":"welding"},{"weight":19,"label":"list"},{"weight":18,"label":"correct"},{"weight":17,"label":"damages"},{"weight":15,"label":"mmnm"},{"weight":15,"label":"novice"},{"weight":14,"label":"omit"},{"weight":13,"label":"crime"},{"weight":13,"label":"assistance"},{"weight":11,"label":"apologise"},{"weight":11,"label":"regret"},{"weight":10,"label":"incorrectly"},{"weight":10,"label":"stamp"},{"weight":10,"label":"concordance"},{"weight":9,"label":"jephcott"},{"weight":9,"label":"checklist"},{"weight":9,"label":"discrepancy"}],"subTopicId":636},{"conceptId":5,"clusterId":0,"hexCoordinates":{"x":-1.7320508075688772,"y":-3},"labels":[{"weight":437,"label":"nbsp"},{"weight":313,"label":"rsquo"},{"weight":116,"label":"lsquo"},{"weight":86,"label":"ndash"},{"weight":82,"label":"paragraph"},{"weight":68,"label":"ldquo"},{"weight":67,"label":"rdquo"},{"weight":47,"label":"website"},{"weight":46,"label":"article"},{"weight":45,"label":"http"},{"weight":45,"label":"conversation"},{"weight":44,"label":"access"},{"weight":41,"label":"theconversation"},{"weight":26,"label":"people"},{"weight":21,"label":"pound"},{"weight":19,"label":"regeneration"},{"weight":18,"label":"year"},{"weight":16,"label":"handshake"},{"weight":16,"label":"bet"},{"weight":15,"label":"david"},{"weight":14,"label":"popular"},{"weight":13,"label":"amp"},{"weight":11,"label":"cameron"},{"weight":11,"label":"punk"},{"weight":11,"label":"minister"}],"subTopicId":291},{"conceptId":6,"clusterId":0,"hexCoordinates":{"x":-0.8660254037844386,"y":-1.5},"labels":[{"weight":1369,"label":"scotland"},{"weight":1117,"label":"scottish"},{"weight":344,"label":"glasgow"},{"weight":283,"label":"england"},{"weight":177,"label":"edinburgh"},{"weight":164,"label":"national"},{"weight":154,"label":"wale"},{"weight":144,"label":"city"},{"weight":83,"label":"government"},{"weight":79,"label":"english"},{"weight":56,"label":"research"},{"weight":55,"label":"place"},{"weight":52,"label":"manchester"},{"weight":51,"label":"part"},{"weight":50,"label":"scot"},{"weight":47,"label":"wider"},{"weight":45,"label":"rest"},{"weight":45,"label":"council"},{"weight":44,"label":"britain"},{"weight":43,"label":"liverpool"},{"weight":42,"label":"year"},{"weight":39,"label":"london"},{"weight":38,"label":"support"},{"weight":37,"label":"historical"},{"weight":37,"label":"british"}],"subTopicId":457},{"conceptId":11,"clusterId":0,"hexCoordinates":{"x":2.598076211353316,"y":-1.5},"labels":[{"weight":507,"label":"book"},{"weight":339,"label":"century"},{"weight":327,"label":"literary"},{"weight":314,"label":"text"},{"weight":314,"label":"write"},{"weight":290,"label":"work"},{"weight":178,"label":"literature"},{"weight":171,"label":"article"},{"weight":148,"label":"writer"},{"weight":139,"label":"author"},{"weight":134,"label":"read"},{"weight":132,"label":"reader"},{"weight":128,"label":"publish"},{"weight":126,"label":"reading"},{"weight":124,"label":"examine"},{"weight":124,"label":"early"},{"weight":122,"label":"scottish"},{"weight":117,"label":"nineteenth"},{"weight":105,"label":"letter"},{"weight":100,"label":"library"},{"weight":95,"label":"poetry"},{"weight":95,"label":"history"},{"weight":94,"label":"gothic"},{"weight":88,"label":"fiction"},{"weight":86,"label":"poet"}],"subTopicId":607}]}