[{"topicData":[{"numberOfDocuments":0.0,"label":"Robert Gordon University"},{"numberOfDocuments":0.0,"label":"Heriot-Watt University"},{"numberOfDocuments":0.0,"label":"Glasgow Caledonian University"},{"numberOfDocuments":0.0,"label":"Queen Margaret University"},{"numberOfDocuments":0.0,"label":"University of Dundee"},{"numberOfDocuments":0.0,"label":"University of the Highlands and Islands"},{"numberOfDocuments":0.0,"label":"Edinburgh Napier University"},{"numberOfDocuments":0.0,"label":"University of Stirling"},{"numberOfDocuments":0.0,"label":"Abertay University"},{"numberOfDocuments":0.0,"label":"University of Aberdeen"},{"numberOfDocuments":0.0,"label":"University of Edinburgh"},{"numberOfDocuments":0.0,"label":"University of the West of Scotland"},{"numberOfDocuments":0.0,"label":"University of Glasgow"},{"numberOfDocuments":0.0,"label":"University of St Andrews"},{"numberOfDocuments":0.0,"label":"University of Strathclyde"}],"conceptId":-1},{"topicData":[{"numberOfDocuments":3.321563652348127,"label":"Robert Gordon University"},{"numberOfDocuments":1.6197216328281412,"label":"Heriot-Watt University"},{"numberOfDocuments":1.1741151353569217,"label":"Glasgow Caledonian University"},{"numberOfDocuments":9.519948369405697,"label":"Queen Margaret University"},{"numberOfDocuments":2.9119397740638053,"label":"University of Dundee"},{"numberOfDocuments":1.6288083442391277,"label":"University of the Highlands and Islands"},{"numberOfDocuments":3.7717550754651747,"label":"Edinburgh Napier University"},{"numberOfDocuments":8.303091564586694,"label":"University of Stirling"},{"numberOfDocuments":1.2721490845092056,"label":"Abertay University"},{"numberOfDocuments":1.9644966633475955,"label":"University of Aberdeen"},{"numberOfDocuments":14.98184363911658,"label":"University of Edinburgh"},{"numberOfDocuments":2.5298449169776935,"label":"University of the West of Scotland"},{"numberOfDocuments":9.684853486677559,"label":"University of Glasgow"},{"numberOfDocuments":4.267782700042594,"label":"University of St Andrews"},{"numberOfDocuments":8.917644653123459,"label":"University of Strathclyde"}],"conceptId":0},{"topicData":[{"numberOfDocuments":0.3471226118704178,"label":"Robert Gordon University"},{"numberOfDocuments":0.1740076885856937,"label":"Heriot-Watt University"},{"numberOfDocuments":1.3964102564102565,"label":"Glasgow Caledonian University"},{"numberOfDocuments":1.6045359001174382,"label":"Queen Margaret University"},{"numberOfDocuments":1.305113287162551,"label":"University of Dundee"},{"numberOfDocuments":0.04097007223942208,"label":"University of the Highlands and Islands"},{"numberOfDocuments":0.14578832137815803,"label":"Edinburgh Napier University"},{"numberOfDocuments":0.9493571488966723,"label":"University of Stirling"},{"numberOfDocuments":0.008928571428571428,"label":"Abertay University"},{"numberOfDocuments":0.9562922539478593,"label":"University of Aberdeen"},{"numberOfDocuments":1.8287922518364759,"label":"University of Edinburgh"},{"numberOfDocuments":0.3325384207737149,"label":"University of the West of Scotland"},{"numberOfDocuments":1.9781715806353686,"label":"University of Glasgow"},{"numberOfDocuments":3.1602591894136656,"label":"University of St Andrews"},{"numberOfDocuments":1.346642544660294,"label":"University of Strathclyde"}],"conceptId":1},{"topicData":[{"numberOfDocuments":11.67124059201013,"label":"Robert Gordon University"},{"numberOfDocuments":5.931559194452846,"label":"Heriot-Watt University"},{"numberOfDocuments":4.839860821428774,"label":"Glasgow Caledonian University"},{"numberOfDocuments":27.379292423556155,"label":"Queen Margaret University"},{"numberOfDocuments":16.464172449330455,"label":"University of Dundee"},{"numberOfDocuments":6.805146621701629,"label":"University of the Highlands and Islands"},{"numberOfDocuments":19.71696981681227,"label":"Edinburgh Napier University"},{"numberOfDocuments":49.17864090300618,"label":"University of Stirling"},{"numberOfDocuments":5.98743541270748,"label":"Abertay University"},{"numberOfDocuments":11.647406655972727,"label":"University of Aberdeen"},{"numberOfDocuments":62.07555784305221,"label":"University of Edinburgh"},{"numberOfDocuments":7.943501341634645,"label":"University of the West of Scotland"},{"numberOfDocuments":44.64326002432341,"label":"University of Glasgow"},{"numberOfDocuments":14.735108717479847,"label":"University of St Andrews"},{"numberOfDocuments":33.507231233270645,"label":"University of Strathclyde"}],"conceptId":2},{"topicData":[{"numberOfDocuments":1.1439762704959002,"label":"Robert Gordon University"},{"numberOfDocuments":1.4305427138797369,"label":"Heriot-Watt University"},{"numberOfDocuments":0.5919552417165148,"label":"Glasgow Caledonian University"},{"numberOfDocuments":13.812229068000752,"label":"Queen Margaret University"},{"numberOfDocuments":1.3452093763611206,"label":"University of Dundee"},{"numberOfDocuments":0.3743352259517721,"label":"University of the Highlands and Islands"},{"numberOfDocuments":3.229460032491957,"label":"Edinburgh Napier University"},{"numberOfDocuments":5.187768179928474,"label":"University of Stirling"},{"numberOfDocuments":1.3981707161622816,"label":"Abertay University"},{"numberOfDocuments":2.265774427938201,"label":"University of Aberdeen"},{"numberOfDocuments":7.188973791559084,"label":"University of Edinburgh"},{"numberOfDocuments":2.289343946195302,"label":"University of the West of Scotland"},{"numberOfDocuments":6.207011735338454,"label":"University of Glasgow"},{"numberOfDocuments":2.418227093936255,"label":"University of St Andrews"},{"numberOfDocuments":4.448976109217717,"label":"University of Strathclyde"}],"conceptId":3},{"topicData":[{"numberOfDocuments":0.19314693430909027,"label":"Robert Gordon University"},{"numberOfDocuments":0.6875134243114552,"label":"Heriot-Watt University"},{"numberOfDocuments":0.9774426670985421,"label":"Glasgow Caledonian University"},{"numberOfDocuments":2.6064616904886027,"label":"Queen Margaret University"},{"numberOfDocuments":1.1764906010117901,"label":"University of Dundee"},{"numberOfDocuments":0.055086018276202325,"label":"University of the Highlands and Islands"},{"numberOfDocuments":1.3558694569283647,"label":"Edinburgh Napier University"},{"numberOfDocuments":3.117174168851292,"label":"University of Stirling"},{"numberOfDocuments":0.17810313039043862,"label":"Abertay University"},{"numberOfDocuments":1.0559590633099363,"label":"University of Aberdeen"},{"numberOfDocuments":7.698190462670692,"label":"University of Edinburgh"},{"numberOfDocuments":1.2902969205550192,"label":"University of the West of Scotland"},{"numberOfDocuments":7.443726832163433,"label":"University of Glasgow"},{"numberOfDocuments":5.474713433314594,"label":"University of St Andrews"},{"numberOfDocuments":2.8421813388933557,"label":"University of Strathclyde"}],"conceptId":4},{"topicData":[{"numberOfDocuments":5.658341511924245,"label":"Robert Gordon University"},{"numberOfDocuments":1.200363330861163,"label":"Heriot-Watt University"},{"numberOfDocuments":2.8021351498639824,"label":"Glasgow Caledonian University"},{"numberOfDocuments":19.917460684039423,"label":"Queen Margaret University"},{"numberOfDocuments":6.755589176740879,"label":"University of Dundee"},{"numberOfDocuments":1.7118889453895705,"label":"University of the Highlands and Islands"},{"numberOfDocuments":6.780156510203523,"label":"Edinburgh Napier University"},{"numberOfDocuments":18.163788093220724,"label":"University of Stirling"},{"numberOfDocuments":2.779547868296322,"label":"Abertay University"},{"numberOfDocuments":3.358091531316466,"label":"University of Aberdeen"},{"numberOfDocuments":18.585818461999146,"label":"University of Edinburgh"},{"numberOfDocuments":3.8147497195640407,"label":"University of the West of Scotland"},{"numberOfDocuments":17.584823890132856,"label":"University of Glasgow"},{"numberOfDocuments":4.1330158728268325,"label":"University of St Andrews"},{"numberOfDocuments":10.906478993901754,"label":"University of Strathclyde"}],"conceptId":5},{"topicData":[{"numberOfDocuments":5.224152269618576,"label":"Robert Gordon University"},{"numberOfDocuments":0.8185504417201739,"label":"Heriot-Watt University"},{"numberOfDocuments":1.2112788567717407,"label":"Glasgow Caledonian University"},{"numberOfDocuments":8.507729907863604,"label":"Queen Margaret University"},{"numberOfDocuments":4.869194811007302,"label":"University of Dundee"},{"numberOfDocuments":1.231584981795001,"label":"University of the Highlands and Islands"},{"numberOfDocuments":7.558246122812657,"label":"Edinburgh Napier University"},{"numberOfDocuments":18.113871282384814,"label":"University of Stirling"},{"numberOfDocuments":1.9403144861911619,"label":"Abertay University"},{"numberOfDocuments":3.0106479410218574,"label":"University of Aberdeen"},{"numberOfDocuments":13.791573882064382,"label":"University of Edinburgh"},{"numberOfDocuments":2.2199750559383524,"label":"University of the West of Scotland"},{"numberOfDocuments":16.756360759376708,"label":"University of Glasgow"},{"numberOfDocuments":4.628630138986376,"label":"University of St Andrews"},{"numberOfDocuments":6.964128831863285,"label":"University of Strathclyde"}],"conceptId":6},{"topicData":[{"numberOfDocuments":4.453860184032894,"label":"Robert Gordon University"},{"numberOfDocuments":1.6716032803864633,"label":"Heriot-Watt University"},{"numberOfDocuments":2.295694814759109,"label":"Glasgow Caledonian University"},{"numberOfDocuments":9.275534623628795,"label":"Queen Margaret University"},{"numberOfDocuments":3.9256242878467367,"label":"University of Dundee"},{"numberOfDocuments":1.7266386207654765,"label":"University of the Highlands and Islands"},{"numberOfDocuments":3.8944440916395657,"label":"Edinburgh Napier University"},{"numberOfDocuments":7.929280407299795,"label":"University of Stirling"},{"numberOfDocuments":0.8808137121374301,"label":"Abertay University"},{"numberOfDocuments":3.3692120106439374,"label":"University of Aberdeen"},{"numberOfDocuments":28.069111334346275,"label":"University of Edinburgh"},{"numberOfDocuments":4.0585788226529,"label":"University of the West of Scotland"},{"numberOfDocuments":30.99086413414484,"label":"University of Glasgow"},{"numberOfDocuments":8.764251955516066,"label":"University of St Andrews"},{"numberOfDocuments":17.118222459751788,"label":"University of Strathclyde"}],"conceptId":7},{"topicData":[{"numberOfDocuments":6.684674901936035,"label":"Robert Gordon University"},{"numberOfDocuments":5.386885385803007,"label":"Heriot-Watt University"},{"numberOfDocuments":2.930353933923915,"label":"Glasgow Caledonian University"},{"numberOfDocuments":8.74660478783273,"label":"Queen Margaret University"},{"numberOfDocuments":5.4675611415917516,"label":"University of Dundee"},{"numberOfDocuments":5.675567265077228,"label":"University of the Highlands and Islands"},{"numberOfDocuments":5.847912579607273,"label":"Edinburgh Napier University"},{"numberOfDocuments":16.174081275298423,"label":"University of Stirling"},{"numberOfDocuments":1.8029654673259916,"label":"Abertay University"},{"numberOfDocuments":6.132211239967795,"label":"University of Aberdeen"},{"numberOfDocuments":19.660181604247438,"label":"University of Edinburgh"},{"numberOfDocuments":4.857393401816409,"label":"University of the West of Scotland"},{"numberOfDocuments":21.931754080368044,"label":"University of Glasgow"},{"numberOfDocuments":7.827729757837362,"label":"University of St Andrews"},{"numberOfDocuments":16.458454089220805,"label":"University of Strathclyde"}],"conceptId":8},{"topicData":[{"numberOfDocuments":1.6353005798926086,"label":"Robert Gordon University"},{"numberOfDocuments":7.6461404237659725,"label":"Heriot-Watt University"},{"numberOfDocuments":3.539671091449647,"label":"Glasgow Caledonian University"},{"numberOfDocuments":7.913841938905813,"label":"Queen Margaret University"},{"numberOfDocuments":1.767923558173081,"label":"University of Dundee"},{"numberOfDocuments":1.72708606436774,"label":"University of the Highlands and Islands"},{"numberOfDocuments":11.357366401408662,"label":"Edinburgh Napier University"},{"numberOfDocuments":4.212580857948623,"label":"University of Stirling"},{"numberOfDocuments":2.8645414967566034,"label":"Abertay University"},{"numberOfDocuments":1.1826506383168909,"label":"University of Aberdeen"},{"numberOfDocuments":4.8154779454126295,"label":"University of Edinburgh"},{"numberOfDocuments":3.7979432636297443,"label":"University of the West of Scotland"},{"numberOfDocuments":6.24224235956103,"label":"University of Glasgow"},{"numberOfDocuments":2.211520139482213,"label":"University of St Andrews"},{"numberOfDocuments":14.72882176426583,"label":"University of Strathclyde"}],"conceptId":9},{"topicData":[{"numberOfDocuments":1.8174026735993383,"label":"Robert Gordon University"},{"numberOfDocuments":1.1960178173252534,"label":"Heriot-Watt University"},{"numberOfDocuments":0.37060728652832353,"label":"Glasgow Caledonian University"},{"numberOfDocuments":3.6573122309891812,"label":"Queen Margaret University"},{"numberOfDocuments":1.9868297461129842,"label":"University of Dundee"},{"numberOfDocuments":0.5565847905502787,"label":"University of the Highlands and Islands"},{"numberOfDocuments":1.4420217650295504,"label":"Edinburgh Napier University"},{"numberOfDocuments":4.891868822794698,"label":"University of Stirling"},{"numberOfDocuments":0.5548514563965273,"label":"Abertay University"},{"numberOfDocuments":1.9665649459217265,"label":"University of Aberdeen"},{"numberOfDocuments":11.653152750963397,"label":"University of Edinburgh"},{"numberOfDocuments":1.3575957157184377,"label":"University of the West of Scotland"},{"numberOfDocuments":7.990128879665959,"label":"University of Glasgow"},{"numberOfDocuments":11.503372177543747,"label":"University of St Andrews"},{"numberOfDocuments":5.630101609753295,"label":"University of Strathclyde"}],"conceptId":10},{"topicData":[{"numberOfDocuments":3.8657035330393925,"label":"Robert Gordon University"},{"numberOfDocuments":1.0839636395037093,"label":"Heriot-Watt University"},{"numberOfDocuments":0.22907246010694285,"label":"Glasgow Caledonian University"},{"numberOfDocuments":1.7778064822657413,"label":"Queen Margaret University"},{"numberOfDocuments":1.4245850715790807,"label":"University of Dundee"},{"numberOfDocuments":0.661618906455863,"label":"University of the Highlands and Islands"},{"numberOfDocuments":1.0909424762860498,"label":"Edinburgh Napier University"},{"numberOfDocuments":3.1397061677025593,"label":"University of Stirling"},{"numberOfDocuments":0.038982714777475246,"label":"Abertay University"},{"numberOfDocuments":1.983130468558992,"label":"University of Aberdeen"},{"numberOfDocuments":15.471037088578132,"label":"University of Edinburgh"},{"numberOfDocuments":0.06853993841537347,"label":"University of the West of Scotland"},{"numberOfDocuments":10.944262816359036,"label":"University of Glasgow"},{"numberOfDocuments":1.351099086958916,"label":"University of St Andrews"},{"numberOfDocuments":4.305669591995969,"label":"University of Strathclyde"}],"conceptId":11},{"topicData":[{"numberOfDocuments":16.93081584101083,"label":"Robert Gordon University"},{"numberOfDocuments":10.490472070237209,"label":"Heriot-Watt University"},{"numberOfDocuments":7.278319061087997,"label":"Glasgow Caledonian University"},{"numberOfDocuments":66.52921356185512,"label":"Queen Margaret University"},{"numberOfDocuments":12.73040029937211,"label":"University of Dundee"},{"numberOfDocuments":6.2145778830521365,"label":"University of the Highlands and Islands"},{"numberOfDocuments":20.683786047933356,"label":"Edinburgh Napier University"},{"numberOfDocuments":41.6753779639316,"label":"University of Stirling"},{"numberOfDocuments":5.034632693472631,"label":"Abertay University"},{"numberOfDocuments":15.418825093135293,"label":"University of Aberdeen"},{"numberOfDocuments":65.831295728153,"label":"University of Edinburgh"},{"numberOfDocuments":8.581222936816761,"label":"University of the West of Scotland"},{"numberOfDocuments":52.84058012175133,"label":"University of Glasgow"},{"numberOfDocuments":21.178743554934226,"label":"University of St Andrews"},{"numberOfDocuments":46.54854764766429,"label":"University of Strathclyde"}],"conceptId":12},{"topicData":[{"numberOfDocuments":2.5803369311994695,"label":"Robert Gordon University"},{"numberOfDocuments":3.7329680354889643,"label":"Heriot-Watt University"},{"numberOfDocuments":1.0228236640439652,"label":"Glasgow Caledonian University"},{"numberOfDocuments":2.659688092818412,"label":"Queen Margaret University"},{"numberOfDocuments":5.623640296553146,"label":"University of Dundee"},{"numberOfDocuments":3.167423317391465,"label":"University of the Highlands and Islands"},{"numberOfDocuments":5.6638605168535126,"label":"Edinburgh Napier University"},{"numberOfDocuments":11.10933039725538,"label":"University of Stirling"},{"numberOfDocuments":3.0856192127913458,"label":"Abertay University"},{"numberOfDocuments":3.565924036986933,"label":"University of Aberdeen"},{"numberOfDocuments":19.40329570859844,"label":"University of Edinburgh"},{"numberOfDocuments":1.4062489699741196,"label":"University of the West of Scotland"},{"numberOfDocuments":16.137660092274633,"label":"University of Glasgow"},{"numberOfDocuments":8.580936012189975,"label":"University of St Andrews"},{"numberOfDocuments":8.639001735648355,"label":"University of Strathclyde"}],"conceptId":13},{"topicData":[{"numberOfDocuments":4.159760316862305,"label":"Robert Gordon University"},{"numberOfDocuments":2.0559852359546436,"label":"Heriot-Watt University"},{"numberOfDocuments":4.010325918020063,"label":"Glasgow Caledonian University"},{"numberOfDocuments":3.3029189467939375,"label":"Queen Margaret University"},{"numberOfDocuments":3.9303003930647233,"label":"University of Dundee"},{"numberOfDocuments":0.8831077241879524,"label":"University of the Highlands and Islands"},{"numberOfDocuments":5.436492033532077,"label":"Edinburgh Napier University"},{"numberOfDocuments":6.440211634133089,"label":"University of Stirling"},{"numberOfDocuments":1.5344719733980372,"label":"Abertay University"},{"numberOfDocuments":1.7528679289670683,"label":"University of Aberdeen"},{"numberOfDocuments":20.178064636226306,"label":"University of Edinburgh"},{"numberOfDocuments":1.9386905687105147,"label":"University of the West of Scotland"},{"numberOfDocuments":15.998254071135678,"label":"University of Glasgow"},{"numberOfDocuments":2.781344636621525,"label":"University of St Andrews"},{"numberOfDocuments":12.989192860353743,"label":"University of Strathclyde"}],"conceptId":14},{"topicData":[{"numberOfDocuments":7.120389472520399,"label":"Robert Gordon University"},{"numberOfDocuments":3.701400806684092,"label":"Heriot-Watt University"},{"numberOfDocuments":3.030818436412253,"label":"Glasgow Caledonian University"},{"numberOfDocuments":10.159021415459659,"label":"Queen Margaret University"},{"numberOfDocuments":4.531643725407425,"label":"University of Dundee"},{"numberOfDocuments":2.945293925806396,"label":"University of the Highlands and Islands"},{"numberOfDocuments":5.6590599404763005,"label":"Edinburgh Napier University"},{"numberOfDocuments":19.375425746328702,"label":"University of Stirling"},{"numberOfDocuments":2.493764239489419,"label":"Abertay University"},{"numberOfDocuments":5.882991457565241,"label":"University of Aberdeen"},{"numberOfDocuments":26.789470910720716,"label":"University of Edinburgh"},{"numberOfDocuments":3.3296877655259096,"label":"University of the West of Scotland"},{"numberOfDocuments":16.946548345458954,"label":"University of Glasgow"},{"numberOfDocuments":8.44412666628431,"label":"University of St Andrews"},{"numberOfDocuments":16.623530350952482,"label":"University of Strathclyde"}],"conceptId":15}]