{"linkageTable":[{"node2":12,"distance":0.43905001694501,"node1":3},{"node2":10,"distance":0.44729334937595,"node1":4},{"node2":11,"distance":0.46644589853759,"node1":0},{"node2":8,"distance":0.47834758380936,"node1":6},{"node2":5,"distance":0.48144306818686,"node1":2},{"node2":13,"distance":0.4848805748792175,"node1":17},{"node2":7,"distance":0.491985904256435,"node1":18},{"node2":14,"distance":0.49223656443646124,"node1":15},{"node2":19,"distance":0.495506878569421,"node1":1},{"node2":21,"distance":0.49669632288212234,"node1":20},{"node2":16,"distance":0.4985078435760094,"node1":22},{"node2":9,"distance":0.49963152713723585,"node1":23}],"conceptsData":[{"conceptId":8,"clusterId":0,"hexCoordinates":{"x":3.4641016151377544,"y":-3},"labels":[{"weight":446,"label":"colour"},{"weight":89,"label":"red"},{"weight":81,"label":"trench"},{"weight":71,"label":"dye"},{"weight":59,"label":"lighting"},{"weight":42,"label":"cbl"},{"weight":33,"label":"natural"},{"weight":31,"label":"black"},{"weight":30,"label":"white"},{"weight":28,"label":"ripl"},{"weight":28,"label":"synthetic"},{"weight":25,"label":"carotenoid"},{"weight":23,"label":"hadal"},{"weight":22,"label":"purple"},{"weight":22,"label":"deep"},{"weight":20,"label":"prawn"},{"weight":19,"label":"color"},{"weight":18,"label":"shades"},{"weight":16,"label":"amphipod"},{"weight":15,"label":"yellow"},{"weight":13,"label":"luminous"},{"weight":13,"label":"identification"},{"weight":12,"label":"lhr"},{"weight":12,"label":"microfibre"},{"weight":12,"label":"icv"}],"subTopicId":715},{"conceptId":3,"clusterId":0,"hexCoordinates":{"x":0,"y":0},"labels":[{"weight":475,"label":"shell"},{"weight":246,"label":"mussel"},{"weight":134,"label":"calcite"},{"weight":79,"label":"carbonate"},{"weight":72,"label":"acidification"},{"weight":71,"label":"oyster"},{"weight":68,"label":"mytilus"},{"weight":65,"label":"edulis"},{"weight":63,"label":"acc"},{"weight":57,"label":"aragonite"},{"weight":53,"label":"formation"},{"weight":52,"label":"organism"},{"weight":45,"label":"mollusc"},{"weight":44,"label":"calcium"},{"weight":42,"label":"bivalve"},{"weight":38,"label":"biomineral"},{"weight":38,"label":"produce"},{"weight":35,"label":"marine"},{"weight":33,"label":"species"},{"weight":32,"label":"grow"},{"weight":29,"label":"ocean"},{"weight":29,"label":"form"},{"weight":29,"label":"condition"},{"weight":28,"label":"site"},{"weight":28,"label":"analysis"}],"subTopicId":191},{"conceptId":2,"clusterId":0,"hexCoordinates":{"x":2.598076211353316,"y":-1.5},"labels":[{"weight":513,"label":"sediment"},{"weight":432,"label":"nutrient"},{"weight":334,"label":"carbon"},{"weight":300,"label":"nitrogen"},{"weight":298,"label":"phytoplankton"},{"weight":257,"label":"community"},{"weight":243,"label":"water"},{"weight":232,"label":"organic"},{"weight":202,"label":"production"},{"weight":200,"label":"sea"},{"weight":199,"label":"biomass"},{"weight":172,"label":"marine"},{"weight":167,"label":"uptake"},{"weight":163,"label":"concentration"},{"weight":161,"label":"ocean"},{"weight":158,"label":"diatom"},{"weight":157,"label":"ecosystem"},{"weight":149,"label":"benthic"},{"weight":135,"label":"source"},{"weight":129,"label":"rate"},{"weight":123,"label":"biogeochemical"},{"weight":120,"label":"cycling"},{"weight":118,"label":"matter"},{"weight":117,"label":"food"},{"weight":117,"label":"primary"}],"subTopicId":165},{"conceptId":12,"clusterId":0,"hexCoordinates":{"x":1.7320508075688772,"y":0},"labels":[{"weight":264,"label":"ocean"},{"weight":219,"label":"coral"},{"weight":169,"label":"seawater"},{"weight":133,"label":"acidification"},{"weight":126,"label":"calcification"},{"weight":124,"label":"pco"},{"weight":107,"label":"temperature"},{"weight":103,"label":"species"},{"weight":96,"label":"change"},{"weight":95,"label":"high"},{"weight":92,"label":"carbonate"},{"weight":79,"label":"coralline"},{"weight":79,"label":"reef"},{"weight":78,"label":"growth"},{"weight":78,"label":"increase"},{"weight":71,"label":"marine"},{"weight":70,"label":"dic"},{"weight":68,"label":"condition"},{"weight":64,"label":"response"},{"weight":63,"label":"calcite"},{"weight":61,"label":"carbon"},{"weight":60,"label":"chemistry"},{"weight":58,"label":"algae"},{"weight":57,"label":"skeletal"},{"weight":57,"label":"water"}],"subTopicId":858},{"conceptId":4,"clusterId":0,"hexCoordinates":{"x":4.330127018922193,"y":-1.5},"labels":[{"weight":289,"label":"fish"},{"weight":200,"label":"species"},{"weight":113,"label":"cod"},{"weight":108,"label":"abundance"},{"weight":100,"label":"food"},{"weight":95,"label":"fishing"},{"weight":95,"label":"stock"},{"weight":88,"label":"sea"},{"weight":87,"label":"fishery"},{"weight":81,"label":"size"},{"weight":77,"label":"trophic"},{"weight":77,"label":"atlantic"},{"weight":76,"label":"prey"},{"weight":74,"label":"web"},{"weight":71,"label":"north"},{"weight":67,"label":"biomass"},{"weight":63,"label":"mortality"},{"weight":62,"label":"ecosystem"},{"weight":61,"label":"production"},{"weight":61,"label":"population"},{"weight":60,"label":"marine"},{"weight":59,"label":"decline"},{"weight":53,"label":"trawl"},{"weight":53,"label":"predator"},{"weight":48,"label":"whiting"}],"subTopicId":513},{"conceptId":-1,"clusterId":-1,"hexCoordinates":{"x":8.660254037844386,"y":1.5},"labels":[{"weight":2500,"label":"Unclassified"},{"weight":0,"label":""},{"weight":0,"label":""},{"weight":0,"label":""},{"weight":0,"label":""},{"weight":0,"label":""},{"weight":0,"label":""},{"weight":0,"label":""},{"weight":0,"label":""},{"weight":0,"label":""},{"weight":0,"label":""}],"subTopicId":null},{"conceptId":11,"clusterId":0,"hexCoordinates":{"x":4.330127018922193,"y":1.5},"labels":[{"weight":90,"label":"sediment"},{"weight":79,"label":"carbon"},{"weight":76,"label":"marine"},{"weight":73,"label":"fjord"},{"weight":70,"label":"loch"},{"weight":58,"label":"sea"},{"weight":57,"label":"activity"},{"weight":54,"label":"enrichment"},{"weight":52,"label":"west"},{"weight":49,"label":"scotland"},{"weight":48,"label":"sellafield"},{"weight":44,"label":"coastal"},{"weight":40,"label":"terrestrial"},{"weight":36,"label":"store"},{"weight":35,"label":"irish"},{"weight":34,"label":"environment"},{"weight":33,"label":"scottish"},{"weight":32,"label":"enriched"},{"weight":32,"label":"transfer"},{"weight":27,"label":"sedimentary"},{"weight":27,"label":"hold"},{"weight":26,"label":"seawater"},{"weight":24,"label":"pockmark"},{"weight":24,"label":"discharge"},{"weight":24,"label":"organic"}],"subTopicId":792},{"conceptId":1,"clusterId":0,"hexCoordinates":{"x":-0.8660254037844386,"y":-1.5},"labels":[{"weight":173,"label":"reef"},{"weight":162,"label":"coral"},{"weight":68,"label":"deer"},{"weight":66,"label":"colony"},{"weight":62,"label":"bleaching"},{"weight":51,"label":"morphology"},{"weight":40,"label":"gbr"},{"weight":27,"label":"damage"},{"weight":25,"label":"sponge"},{"weight":23,"label":"dead"},{"weight":23,"label":"barrier"},{"weight":23,"label":"side"},{"weight":22,"label":"great"},{"weight":22,"label":"cover"},{"weight":21,"label":"red"},{"weight":20,"label":"growth"},{"weight":17,"label":"aspen"},{"weight":17,"label":"frequency"},{"weight":16,"label":"cyclone"},{"weight":16,"label":"associate"},{"weight":15,"label":"proportion"},{"weight":15,"label":"live"},{"weight":15,"label":"layer"},{"weight":14,"label":"event"},{"weight":13,"label":"cervus"}],"subTopicId":92},{"conceptId":10,"clusterId":0,"hexCoordinates":{"x":3.4641016151377544,"y":0},"labels":[{"weight":655,"label":"marine"},{"weight":469,"label":"fishery"},{"weight":457,"label":"fishing"},{"weight":365,"label":"management"},{"weight":343,"label":"ecosystem"},{"weight":276,"label":"fish"},{"weight":266,"label":"conservation"},{"weight":259,"label":"area"},{"weight":223,"label":"habitat"},{"weight":212,"label":"sea"},{"weight":207,"label":"species"},{"weight":195,"label":"mpa"},{"weight":174,"label":"impact"},{"weight":128,"label":"catch"},{"weight":127,"label":"scale"},{"weight":123,"label":"stock"},{"weight":117,"label":"activity"},{"weight":117,"label":"community"},{"weight":116,"label":"protected"},{"weight":111,"label":"gear"},{"weight":103,"label":"coastal"},{"weight":102,"label":"fisher"},{"weight":98,"label":"survey"},{"weight":97,"label":"biodiversity"},{"weight":92,"label":"trawl"}],"subTopicId":786},{"conceptId":6,"clusterId":0,"hexCoordinates":{"x":5.196152422706632,"y":-3},"labels":[{"weight":243,"label":"plastic"},{"weight":129,"label":"microplastic"},{"weight":80,"label":"marine"},{"weight":76,"label":"debris"},{"weight":69,"label":"pam"},{"weight":59,"label":"ingest"},{"weight":56,"label":"species"},{"weight":49,"label":"ingestion"},{"weight":46,"label":"pollution"},{"weight":40,"label":"environment"},{"weight":31,"label":"ocean"},{"weight":28,"label":"imi"},{"weight":27,"label":"seabird"},{"weight":27,"label":"flatten"},{"weight":26,"label":"item"},{"weight":22,"label":"shearwater"},{"weight":21,"label":"sample"},{"weight":20,"label":"wrinkle"},{"weight":19,"label":"organism"},{"weight":18,"label":"beach"},{"weight":17,"label":"fibre"},{"weight":17,"label":"prevalence"},{"weight":16,"label":"litter"},{"weight":16,"label":"exemplar"},{"weight":14,"label":"type"}],"subTopicId":594},{"conceptId":0,"clusterId":0,"hexCoordinates":{"x":5.196152422706632,"y":0},"labels":[{"weight":446,"label":"seal"},{"weight":164,"label":"grey"},{"weight":84,"label":"pup"},{"weight":73,"label":"harbour"},{"weight":57,"label":"mammal"},{"weight":49,"label":"blubber"},{"weight":43,"label":"grypus"},{"weight":43,"label":"halichoerus"},{"weight":28,"label":"wean"},{"weight":27,"label":"fancd"},{"weight":27,"label":"usp"},{"weight":26,"label":"marine"},{"weight":24,"label":"deb"},{"weight":23,"label":"fancl"},{"weight":23,"label":"anemia"},{"weight":23,"label":"turkey"},{"weight":22,"label":"interaction"},{"weight":21,"label":"phoca"},{"weight":20,"label":"vitulina"},{"weight":20,"label":"strand"},{"weight":20,"label":"find"},{"weight":19,"label":"predation"},{"weight":18,"label":"colony"},{"weight":16,"label":"pinniped"},{"weight":15,"label":"porpoise"}],"subTopicId":18},{"conceptId":5,"clusterId":0,"hexCoordinates":{"x":0.8660254037844386,"y":-1.5},"labels":[{"weight":226,"label":"species"},{"weight":181,"label":"habitat"},{"weight":114,"label":"community"},{"weight":105,"label":"assemblage"},{"weight":103,"label":"structure"},{"weight":101,"label":"benthic"},{"weight":101,"label":"abundance"},{"weight":101,"label":"site"},{"weight":95,"label":"composition"},{"weight":94,"label":"diversity"},{"weight":76,"label":"reef"},{"weight":75,"label":"area"},{"weight":67,"label":"fauna"},{"weight":65,"label":"vegetation"},{"weight":64,"label":"kelp"},{"weight":59,"label":"study"},{"weight":53,"label":"richness"},{"weight":52,"label":"high"},{"weight":51,"label":"settlement"},{"weight":50,"label":"pond"},{"weight":50,"label":"water"},{"weight":49,"label":"survey"},{"weight":47,"label":"turnover"},{"weight":45,"label":"range"},{"weight":44,"label":"algae"}],"subTopicId":545},{"conceptId":9,"clusterId":0,"hexCoordinates":{"x":2.598076211353316,"y":1.5},"labels":[{"weight":976,"label":"recovery"},{"weight":157,"label":"recover"},{"weight":54,"label":"year"},{"weight":37,"label":"individual"},{"weight":34,"label":"metazoan"},{"weight":32,"label":"reef"},{"weight":32,"label":"skeletal"},{"weight":30,"label":"form"},{"weight":28,"label":"post"},{"weight":27,"label":"ediacaran"},{"weight":26,"label":"cambrian"},{"weight":26,"label":"remission"},{"weight":26,"label":"functional"},{"weight":26,"label":"return"},{"weight":25,"label":"early"},{"weight":24,"label":"ramp"},{"weight":24,"label":"community"},{"weight":22,"label":"cloudina"},{"weight":22,"label":"complete"},{"weight":21,"label":"group"},{"weight":20,"label":"episode"},{"weight":19,"label":"namacalathus"},{"weight":19,"label":"show"},{"weight":18,"label":"biota"},{"weight":18,"label":"substrate"}],"subTopicId":720},{"conceptId":7,"clusterId":0,"hexCoordinates":{"x":1.7320508075688772,"y":-3},"labels":[{"weight":106,"label":"bear"},{"weight":100,"label":"coral"},{"weight":63,"label":"reef"},{"weight":54,"label":"fusion"},{"weight":51,"label":"map"},{"weight":45,"label":"seamount"},{"weight":39,"label":"water"},{"weight":37,"label":"cold"},{"weight":36,"label":"garden"},{"weight":32,"label":"famine"},{"weight":23,"label":"smc"},{"weight":23,"label":"area"},{"weight":20,"label":"environment"},{"weight":18,"label":"corallith"},{"weight":18,"label":"complex"},{"weight":16,"label":"substrate"},{"weight":15,"label":"mound"},{"weight":15,"label":"sponge"},{"weight":15,"label":"framework"},{"weight":14,"label":"mingulay"},{"weight":14,"label":"free"},{"weight":14,"label":"depth"},{"weight":13,"label":"rubble"},{"weight":13,"label":"hyperopia"},{"weight":13,"label":"quantify"}],"subTopicId":696}]}