{"linkageTable":[{"node2":12,"distance":0.45934295569487,"node1":3},{"node2":5,"distance":0.477739258904075,"node1":2},{"node2":15,"distance":0.482987075999365,"node1":7},{"node2":10,"distance":0.48512336257834,"node1":4},{"node2":8,"distance":0.4858717092454175,"node1":16},{"node2":20,"distance":0.48757886938396333,"node1":17},{"node2":18,"distance":0.49025781604420154,"node1":21},{"node2":6,"distance":0.49165935621753,"node1":0},{"node2":9,"distance":0.492193105728855,"node1":22},{"node2":13,"distance":0.4937995993504994,"node1":24},{"node2":14,"distance":0.4944235149503375,"node1":23},{"node2":25,"distance":0.4945212700261426,"node1":26},{"node2":19,"distance":0.49524683419998,"node1":1},{"node2":28,"distance":0.49751491457776975,"node1":27},{"node2":11,"distance":0.49872703396958495,"node1":29}],"conceptsData":[{"conceptId":3,"clusterId":0,"hexCoordinates":{"x":0,"y":0},"labels":[{"weight":2303,"label":"event"},{"weight":377,"label":"volunteer"},{"weight":195,"label":"festival"},{"weight":166,"label":"motivation"},{"weight":132,"label":"legacy"},{"weight":130,"label":"impact"},{"weight":99,"label":"game"},{"weight":92,"label":"attendee"},{"weight":87,"label":"host"},{"weight":81,"label":"attend"},{"weight":81,"label":"mega"},{"weight":79,"label":"sport"},{"weight":76,"label":"organiser"},{"weight":59,"label":"commonwealth"},{"weight":59,"label":"suggest"},{"weight":52,"label":"industry"},{"weight":51,"label":"glasgow"},{"weight":47,"label":"experience"},{"weight":44,"label":"attendance"},{"weight":44,"label":"literature"},{"weight":37,"label":"case"},{"weight":36,"label":"positive"},{"weight":32,"label":"music"},{"weight":31,"label":"live"},{"weight":31,"label":"year"}],"subTopicId":167},{"conceptId":1,"clusterId":0,"hexCoordinates":{"x":5.196152422706632,"y":-3},"labels":[{"weight":140,"label":"roma"},{"weight":100,"label":"community"},{"weight":99,"label":"traveller"},{"weight":81,"label":"norm"},{"weight":77,"label":"gypsy"},{"weight":69,"label":"barrier"},{"weight":48,"label":"study"},{"weight":43,"label":"tri"},{"weight":40,"label":"immunisation"},{"weight":28,"label":"romanian"},{"weight":26,"label":"qualify"},{"weight":24,"label":"settle"},{"weight":24,"label":"identify"},{"weight":23,"label":"uptake"},{"weight":19,"label":"physiotherapist"},{"weight":19,"label":"readiness"},{"weight":19,"label":"speak"},{"weight":18,"label":"english"},{"weight":16,"label":"romania"},{"weight":16,"label":"irish"},{"weight":15,"label":"pseudo"},{"weight":14,"label":"ingroup"},{"weight":14,"label":"highly"},{"weight":14,"label":"improve"},{"weight":14,"label":"discrimination"}],"subTopicId":101},{"conceptId":2,"clusterId":0,"hexCoordinates":{"x":2.598076211353316,"y":-1.5},"labels":[{"weight":1733,"label":"experience"},{"weight":686,"label":"narrative"},{"weight":655,"label":"explore"},{"weight":640,"label":"life"},{"weight":534,"label":"live"},{"weight":476,"label":"research"},{"weight":464,"label":"interview"},{"weight":464,"label":"people"},{"weight":408,"label":"relationship"},{"weight":395,"label":"individual"},{"weight":374,"label":"social"},{"weight":339,"label":"understand"},{"weight":319,"label":"context"},{"weight":314,"label":"study"},{"weight":310,"label":"place"},{"weight":303,"label":"participant"},{"weight":301,"label":"sense"},{"weight":299,"label":"story"},{"weight":289,"label":"paper"},{"weight":280,"label":"understanding"},{"weight":272,"label":"personal"},{"weight":257,"label":"qualitative"},{"weight":250,"label":"everyday"},{"weight":239,"label":"identity"},{"weight":233,"label":"focus"}],"subTopicId":117},{"conceptId":12,"clusterId":0,"hexCoordinates":{"x":1.7320508075688772,"y":0},"labels":[{"weight":3468,"label":"research"},{"weight":2468,"label":"study"},{"weight":1082,"label":"qualitative"},{"weight":1008,"label":"method"},{"weight":842,"label":"data"},{"weight":686,"label":"analysis"},{"weight":674,"label":"approach"},{"weight":661,"label":"researcher"},{"weight":622,"label":"focus"},{"weight":614,"label":"finding"},{"weight":613,"label":"literature"},{"weight":598,"label":"quantitative"},{"weight":525,"label":"explore"},{"weight":435,"label":"conduct"},{"weight":424,"label":"aim"},{"weight":335,"label":"participant"},{"weight":323,"label":"provide"},{"weight":322,"label":"interview"},{"weight":318,"label":"mixed"},{"weight":316,"label":"discuss"},{"weight":308,"label":"understanding"},{"weight":290,"label":"present"},{"weight":287,"label":"project"},{"weight":277,"label":"investigate"},{"weight":250,"label":"involve"}],"subTopicId":847},{"conceptId":4,"clusterId":0,"hexCoordinates":{"x":4.330127018922193,"y":-1.5},"labels":[{"weight":257,"label":"migrant"},{"weight":147,"label":"country"},{"weight":134,"label":"immigrant"},{"weight":125,"label":"migration"},{"weight":100,"label":"immigration"},{"weight":81,"label":"fertility"},{"weight":78,"label":"british"},{"weight":76,"label":"mobility"},{"weight":67,"label":"cultural"},{"weight":52,"label":"host"},{"weight":48,"label":"resident"},{"weight":44,"label":"origin"},{"weight":44,"label":"bear"},{"weight":43,"label":"generation"},{"weight":42,"label":"culture"},{"weight":42,"label":"cross"},{"weight":41,"label":"acculturation"},{"weight":37,"label":"chinese"},{"weight":37,"label":"move"},{"weight":36,"label":"european"},{"weight":31,"label":"childlessness"},{"weight":31,"label":"destination"},{"weight":30,"label":"international"},{"weight":29,"label":"persian"},{"weight":29,"label":"migrate"}],"subTopicId":173},{"conceptId":7,"clusterId":0,"hexCoordinates":{"x":3.4641016151377544,"y":-3},"labels":[{"weight":612,"label":"migrant"},{"weight":567,"label":"migration"},{"weight":398,"label":"refugee"},{"weight":259,"label":"citizenship"},{"weight":204,"label":"integration"},{"weight":178,"label":"asylum"},{"weight":160,"label":"experience"},{"weight":152,"label":"policy"},{"weight":148,"label":"article"},{"weight":130,"label":"community"},{"weight":123,"label":"context"},{"weight":117,"label":"inclusion"},{"weight":116,"label":"cultural"},{"weight":114,"label":"explore"},{"weight":113,"label":"immigration"},{"weight":107,"label":"seeker"},{"weight":102,"label":"polish"},{"weight":97,"label":"crisis"},{"weight":95,"label":"border"},{"weight":95,"label":"social"},{"weight":91,"label":"process"},{"weight":88,"label":"focus"},{"weight":87,"label":"live"},{"weight":85,"label":"european"},{"weight":84,"label":"issue"}],"subTopicId":375},{"conceptId":8,"clusterId":0,"hexCoordinates":{"x":0.8660254037844386,"y":-1.5},"labels":[{"weight":3544,"label":"community"},{"weight":516,"label":"local"},{"weight":296,"label":"project"},{"weight":248,"label":"development"},{"weight":217,"label":"social"},{"weight":201,"label":"scotland"},{"weight":173,"label":"base"},{"weight":163,"label":"place"},{"weight":144,"label":"engagement"},{"weight":131,"label":"sustainability"},{"weight":130,"label":"approach"},{"weight":130,"label":"explore"},{"weight":124,"label":"rural"},{"weight":121,"label":"lead"},{"weight":121,"label":"develop"},{"weight":119,"label":"organisation"},{"weight":115,"label":"initiative"},{"weight":114,"label":"case"},{"weight":111,"label":"participation"},{"weight":111,"label":"activity"},{"weight":102,"label":"potential"},{"weight":101,"label":"contribute"},{"weight":95,"label":"paper"},{"weight":90,"label":"build"},{"weight":85,"label":"support"}],"subTopicId":413},{"conceptId":-1,"clusterId":-1,"hexCoordinates":{"x":9.526279441628825,"y":3},"labels":[{"weight":2500,"label":"Unclassified"},{"weight":0,"label":""},{"weight":0,"label":""},{"weight":0,"label":""},{"weight":0,"label":""},{"weight":0,"label":""},{"weight":0,"label":""},{"weight":0,"label":""},{"weight":0,"label":""},{"weight":0,"label":""},{"weight":0,"label":""}],"subTopicId":null},{"conceptId":9,"clusterId":0,"hexCoordinates":{"x":-0.8660254037844386,"y":-1.5},"labels":[{"weight":832,"label":"tourism"},{"weight":314,"label":"destination"},{"weight":307,"label":"tourist"},{"weight":246,"label":"visitor"},{"weight":136,"label":"experience"},{"weight":120,"label":"hospitality"},{"weight":108,"label":"visit"},{"weight":101,"label":"authenticity"},{"weight":93,"label":"heritage"},{"weight":88,"label":"attraction"},{"weight":83,"label":"host"},{"weight":82,"label":"travel"},{"weight":81,"label":"paper"},{"weight":73,"label":"study"},{"weight":67,"label":"site"},{"weight":66,"label":"tour"},{"weight":61,"label":"iran"},{"weight":59,"label":"industry"},{"weight":58,"label":"image"},{"weight":57,"label":"cultural"},{"weight":54,"label":"development"},{"weight":52,"label":"dark"},{"weight":50,"label":"hotel"},{"weight":48,"label":"finding"},{"weight":47,"label":"motivation"}],"subTopicId":510},{"conceptId":14,"clusterId":0,"hexCoordinates":{"x":2.598076211353316,"y":1.5},"labels":[{"weight":887,"label":"online"},{"weight":478,"label":"social"},{"weight":317,"label":"mooc"},{"weight":270,"label":"engagement"},{"weight":262,"label":"media"},{"weight":158,"label":"user"},{"weight":147,"label":"content"},{"weight":134,"label":"facebook"},{"weight":131,"label":"forum"},{"weight":126,"label":"site"},{"weight":124,"label":"community"},{"weight":121,"label":"engage"},{"weight":113,"label":"platform"},{"weight":109,"label":"participant"},{"weight":99,"label":"presence"},{"weight":92,"label":"network"},{"weight":90,"label":"peer"},{"weight":89,"label":"discussion"},{"weight":87,"label":"open"},{"weight":84,"label":"share"},{"weight":81,"label":"participation"},{"weight":77,"label":"offline"},{"weight":74,"label":"massive"},{"weight":74,"label":"interaction"},{"weight":72,"label":"paper"}],"subTopicId":941},{"conceptId":5,"clusterId":0,"hexCoordinates":{"x":3.4641016151377544,"y":0},"labels":[{"weight":1194,"label":"experience"},{"weight":434,"label":"participant"},{"weight":380,"label":"interview"},{"weight":334,"label":"study"},{"weight":318,"label":"stigma"},{"weight":251,"label":"people"},{"weight":224,"label":"theme"},{"weight":215,"label":"explore"},{"weight":194,"label":"individual"},{"weight":193,"label":"live"},{"weight":173,"label":"impact"},{"weight":166,"label":"analysis"},{"weight":150,"label":"finding"},{"weight":144,"label":"phenomenological"},{"weight":144,"label":"affect"},{"weight":137,"label":"qualitative"},{"weight":136,"label":"cope"},{"weight":135,"label":"result"},{"weight":130,"label":"feeling"},{"weight":130,"label":"negative"},{"weight":130,"label":"perception"},{"weight":130,"label":"aim"},{"weight":122,"label":"semi"},{"weight":116,"label":"conduct"},{"weight":116,"label":"seek"}],"subTopicId":198},{"conceptId":13,"clusterId":0,"hexCoordinates":{"x":0,"y":-3},"labels":[{"weight":1410,"label":"space"},{"weight":704,"label":"interaction"},{"weight":312,"label":"place"},{"weight":274,"label":"environment"},{"weight":260,"label":"people"},{"weight":222,"label":"physical"},{"weight":149,"label":"experience"},{"weight":148,"label":"social"},{"weight":144,"label":"human"},{"weight":123,"label":"explore"},{"weight":118,"label":"spatial"},{"weight":104,"label":"setting"},{"weight":85,"label":"interact"},{"weight":83,"label":"understand"},{"weight":79,"label":"focus"},{"weight":79,"label":"individual"},{"weight":78,"label":"geography"},{"weight":75,"label":"body"},{"weight":74,"label":"encounter"},{"weight":72,"label":"relationship"},{"weight":71,"label":"object"},{"weight":69,"label":"attention"},{"weight":61,"label":"movement"},{"weight":60,"label":"miss"},{"weight":59,"label":"occur"}],"subTopicId":907},{"conceptId":15,"clusterId":0,"hexCoordinates":{"x":1.7320508075688772,"y":-3},"labels":[{"weight":1184,"label":"social"},{"weight":1072,"label":"cultural"},{"weight":1004,"label":"identity"},{"weight":435,"label":"capital"},{"weight":379,"label":"culture"},{"weight":309,"label":"study"},{"weight":261,"label":"relationship"},{"weight":260,"label":"influence"},{"weight":218,"label":"national"},{"weight":214,"label":"context"},{"weight":195,"label":"individual"},{"weight":151,"label":"socio"},{"weight":140,"label":"practice"},{"weight":138,"label":"research"},{"weight":135,"label":"examine"},{"weight":125,"label":"analysis"},{"weight":124,"label":"finding"},{"weight":119,"label":"relation"},{"weight":109,"label":"group"},{"weight":103,"label":"explore"},{"weight":101,"label":"role"},{"weight":101,"label":"community"},{"weight":99,"label":"specific"},{"weight":97,"label":"belief"},{"weight":96,"label":"network"}],"subTopicId":998},{"conceptId":11,"clusterId":0,"hexCoordinates":{"x":4.330127018922193,"y":1.5},"labels":[{"weight":295,"label":"tweet"},{"weight":291,"label":"topic"},{"weight":275,"label":"twitter"},{"weight":216,"label":"social"},{"weight":207,"label":"user"},{"weight":167,"label":"media"},{"weight":72,"label":"hashtag"},{"weight":72,"label":"information"},{"weight":70,"label":"event"},{"weight":68,"label":"content"},{"weight":55,"label":"post"},{"weight":54,"label":"network"},{"weight":52,"label":"news"},{"weight":51,"label":"stance"},{"weight":47,"label":"online"},{"weight":46,"label":"coherence"},{"weight":46,"label":"sentiment"},{"weight":43,"label":"share"},{"weight":43,"label":"rule"},{"weight":40,"label":"time"},{"weight":38,"label":"metric"},{"weight":36,"label":"data"},{"weight":34,"label":"generate"},{"weight":34,"label":"paper"},{"weight":30,"label":"chat"}],"subTopicId":683},{"conceptId":0,"clusterId":0,"hexCoordinates":{"x":0.8660254037844386,"y":1.5},"labels":[{"weight":2231,"label":"social"},{"weight":864,"label":"media"},{"weight":109,"label":"facebook"},{"weight":82,"label":"share"},{"weight":82,"label":"study"},{"weight":80,"label":"celebrity"},{"weight":73,"label":"relationship"},{"weight":72,"label":"online"},{"weight":72,"label":"research"},{"weight":70,"label":"communication"},{"weight":66,"label":"influence"},{"weight":65,"label":"explore"},{"weight":62,"label":"create"},{"weight":61,"label":"society"},{"weight":60,"label":"user"},{"weight":58,"label":"network"},{"weight":56,"label":"photo"},{"weight":56,"label":"image"},{"weight":53,"label":"platform"},{"weight":53,"label":"tool"},{"weight":52,"label":"marketing"},{"weight":52,"label":"interaction"},{"weight":51,"label":"individual"},{"weight":49,"label":"presence"},{"weight":47,"label":"group"}],"subTopicId":95},{"conceptId":10,"clusterId":0,"hexCoordinates":{"x":6.06217782649107,"y":-1.5},"labels":[{"weight":577,"label":"ethnic"},{"weight":432,"label":"minority"},{"weight":370,"label":"group"},{"weight":155,"label":"race"},{"weight":125,"label":"white"},{"weight":121,"label":"cultural"},{"weight":116,"label":"ethnicity"},{"weight":113,"label":"immigrant"},{"weight":98,"label":"difference"},{"weight":93,"label":"people"},{"weight":90,"label":"diversity"},{"weight":80,"label":"indigenous"},{"weight":77,"label":"majority"},{"weight":72,"label":"black"},{"weight":62,"label":"intergroup"},{"weight":62,"label":"native"},{"weight":60,"label":"contact"},{"weight":59,"label":"community"},{"weight":55,"label":"bme"},{"weight":55,"label":"member"},{"weight":54,"label":"diverse"},{"weight":53,"label":"indian"},{"weight":53,"label":"explain"},{"weight":53,"label":"bear"},{"weight":53,"label":"social"}],"subTopicId":573},{"conceptId":6,"clusterId":0,"hexCoordinates":{"x":1.7320508075688772,"y":3},"labels":[{"weight":1015,"label":"media"},{"weight":378,"label":"social"},{"weight":360,"label":"public"},{"weight":260,"label":"news"},{"weight":226,"label":"citizen"},{"weight":197,"label":"content"},{"weight":187,"label":"digital"},{"weight":173,"label":"platform"},{"weight":160,"label":"online"},{"weight":138,"label":"communication"},{"weight":120,"label":"source"},{"weight":118,"label":"audience"},{"weight":108,"label":"article"},{"weight":107,"label":"television"},{"weight":98,"label":"journalist"},{"weight":98,"label":"science"},{"weight":90,"label":"journalism"},{"weight":88,"label":"blog"},{"weight":88,"label":"change"},{"weight":86,"label":"information"},{"weight":65,"label":"scientist"},{"weight":62,"label":"internet"},{"weight":53,"label":"broadcast"},{"weight":52,"label":"story"},{"weight":49,"label":"technology"}],"subTopicId":211}]}