{"linkageTable":[{"node2":17,"distance":0.457722155391355,"node1":7},{"node2":16,"distance":0.461748372354445,"node1":8},{"node2":6,"distance":0.47921848017538,"node1":0},{"node2":11,"distance":0.48036782970061,"node1":10},{"node2":15,"distance":0.4807420580929,"node1":12},{"node2":18,"distance":0.48561935404146,"node1":1},{"node2":13,"distance":0.48909035759148,"node1":2},{"node2":14,"distance":0.490705876430895,"node1":5},{"node2":25,"distance":0.49323472114032835,"node1":23},{"node2":21,"distance":0.49380946398019127,"node1":20},{"node2":19,"distance":0.4943664796562087,"node1":24},{"node2":3,"distance":0.495206006172603,"node1":26},{"node2":22,"distance":0.49562069816286997,"node1":29},{"node2":9,"distance":0.49587538740741627,"node1":27},{"node2":30,"distance":0.4974798412459343,"node1":31},{"node2":4,"distance":0.4980978122905123,"node1":32},{"node2":28,"distance":0.4984718085328662,"node1":33}],"conceptsData":[{"conceptId":2,"clusterId":0,"hexCoordinates":{"x":2.598076211353316,"y":4.5},"labels":[{"weight":168,"label":"microbiota"},{"weight":87,"label":"gut"},{"weight":35,"label":"microbial"},{"weight":33,"label":"host"},{"weight":33,"label":"bacterial"},{"weight":31,"label":"composition"},{"weight":31,"label":"bacterium"},{"weight":30,"label":"colonization"},{"weight":28,"label":"microbiome"},{"weight":26,"label":"vibrio"},{"weight":26,"label":"health"},{"weight":23,"label":"respiratory"},{"weight":23,"label":"suggest"},{"weight":21,"label":"understand"},{"weight":21,"label":"community"},{"weight":19,"label":"rhizosphere"},{"weight":19,"label":"tube"},{"weight":19,"label":"influence"},{"weight":19,"label":"architecture"},{"weight":19,"label":"factor"},{"weight":18,"label":"commensal"},{"weight":18,"label":"impact"},{"weight":17,"label":"regeneration"},{"weight":17,"label":"era"},{"weight":14,"label":"operculum"}],"subTopicId":107},{"conceptId":9,"clusterId":0,"hexCoordinates":{"x":-3.4641016151377544,"y":3},"labels":[{"weight":329,"label":"tuberculosis"},{"weight":230,"label":"treatment"},{"weight":113,"label":"patient"},{"weight":96,"label":"rifampicin"},{"weight":90,"label":"regimen"},{"weight":86,"label":"drug"},{"weight":81,"label":"culture"},{"weight":76,"label":"isoniazid"},{"weight":75,"label":"mtb"},{"weight":59,"label":"mycobacterium"},{"weight":52,"label":"anti"},{"weight":45,"label":"smear"},{"weight":45,"label":"pulmonary"},{"weight":44,"label":"sputum"},{"weight":40,"label":"resistant"},{"weight":38,"label":"inh"},{"weight":36,"label":"positive"},{"weight":35,"label":"receive"},{"weight":34,"label":"moxifloxacin"},{"weight":32,"label":"month"},{"weight":31,"label":"outcome"},{"weight":30,"label":"ethambutol"},{"weight":28,"label":"mgit"},{"weight":28,"label":"pyrazinamide"},{"weight":27,"label":"mdr"}],"subTopicId":541},{"conceptId":0,"clusterId":0,"hexCoordinates":{"x":-2.598076211353316,"y":1.5},"labels":[{"weight":227,"label":"bacterium"},{"weight":189,"label":"bacterial"},{"weight":151,"label":"antimicrobial"},{"weight":128,"label":"honey"},{"weight":114,"label":"growth"},{"weight":78,"label":"gram"},{"weight":75,"label":"coli"},{"weight":73,"label":"surface"},{"weight":69,"label":"cfu"},{"weight":68,"label":"colony"},{"weight":61,"label":"concentration"},{"weight":59,"label":"culture"},{"weight":55,"label":"antibacterial"},{"weight":55,"label":"show"},{"weight":54,"label":"pathogen"},{"weight":54,"label":"aeruginosa"},{"weight":53,"label":"count"},{"weight":53,"label":"produce"},{"weight":52,"label":"antibiotic"},{"weight":51,"label":"sample"},{"weight":50,"label":"activity"},{"weight":50,"label":"test"},{"weight":47,"label":"aureus"},{"weight":47,"label":"microbial"},{"weight":45,"label":"control"}],"subTopicId":62},{"conceptId":13,"clusterId":0,"hexCoordinates":{"x":3.4641016151377544,"y":3},"labels":[{"weight":524,"label":"microbial"},{"weight":464,"label":"community"},{"weight":361,"label":"bacterial"},{"weight":357,"label":"gene"},{"weight":314,"label":"bacterium"},{"weight":293,"label":"microbiome"},{"weight":283,"label":"abundance"},{"weight":245,"label":"microbiota"},{"weight":237,"label":"diversity"},{"weight":218,"label":"composition"},{"weight":214,"label":"rrna"},{"weight":195,"label":"gut"},{"weight":174,"label":"sequencing"},{"weight":171,"label":"species"},{"weight":164,"label":"sample"},{"weight":147,"label":"analysis"},{"weight":123,"label":"sequence"},{"weight":116,"label":"rumen"},{"weight":113,"label":"study"},{"weight":96,"label":"metagenomic"},{"weight":83,"label":"high"},{"weight":83,"label":"identify"},{"weight":81,"label":"structure"},{"weight":80,"label":"otus"},{"weight":77,"label":"strain"}],"subTopicId":681},{"conceptId":7,"clusterId":0,"hexCoordinates":{"x":0,"y":0},"labels":[{"weight":531,"label":"strain"},{"weight":348,"label":"infection"},{"weight":340,"label":"bacterial"},{"weight":286,"label":"virulence"},{"weight":253,"label":"pathogen"},{"weight":232,"label":"host"},{"weight":222,"label":"bacterium"},{"weight":194,"label":"phage"},{"weight":191,"label":"aureus"},{"weight":145,"label":"resistance"},{"weight":135,"label":"associate"},{"weight":130,"label":"isolate"},{"weight":117,"label":"coli"},{"weight":115,"label":"antibiotic"},{"weight":109,"label":"gene"},{"weight":99,"label":"model"},{"weight":98,"label":"toxin"},{"weight":97,"label":"plasmid"},{"weight":95,"label":"disease"},{"weight":94,"label":"type"},{"weight":89,"label":"human"},{"weight":76,"label":"colonization"},{"weight":76,"label":"mutant"},{"weight":75,"label":"pseudomallei"},{"weight":72,"label":"streptococcus"}],"subTopicId":390},{"conceptId":3,"clusterId":0,"hexCoordinates":{"x":2.598076211353316,"y":-1.5},"labels":[{"weight":435,"label":"chicken"},{"weight":218,"label":"bird"},{"weight":139,"label":"human"},{"weight":124,"label":"poultry"},{"weight":124,"label":"campylobacter"},{"weight":111,"label":"avian"},{"weight":104,"label":"jejunus"},{"weight":95,"label":"squirrel"},{"weight":90,"label":"broiler"},{"weight":84,"label":"infection"},{"weight":81,"label":"line"},{"weight":70,"label":"host"},{"weight":67,"label":"egg"},{"weight":60,"label":"salmonella"},{"weight":59,"label":"pathogen"},{"weight":59,"label":"gene"},{"weight":58,"label":"animal"},{"weight":55,"label":"meat"},{"weight":54,"label":"source"},{"weight":45,"label":"avbd"},{"weight":44,"label":"species"},{"weight":44,"label":"bacterial"},{"weight":43,"label":"red"},{"weight":41,"label":"associate"},{"weight":39,"label":"strain"}],"subTopicId":171},{"conceptId":11,"clusterId":0,"hexCoordinates":{"x":-1.7320508075688772,"y":0},"labels":[{"weight":143,"label":"tilapia"},{"weight":111,"label":"abc"},{"weight":87,"label":"fno"},{"weight":84,"label":"fish"},{"weight":77,"label":"isolate"},{"weight":72,"label":"nile"},{"weight":52,"label":"strain"},{"weight":50,"label":"transporter"},{"weight":48,"label":"resistance"},{"weight":38,"label":"emb"},{"weight":31,"label":"challenge"},{"weight":30,"label":"catfish"},{"weight":30,"label":"salmonis"},{"weight":28,"label":"drug"},{"weight":25,"label":"mic"},{"weight":25,"label":"susceptibility"},{"weight":24,"label":"leniusculus"},{"weight":24,"label":"niloticus"},{"weight":24,"label":"plasmid"},{"weight":23,"label":"mortality"},{"weight":22,"label":"ioa"},{"weight":22,"label":"deltamethrin"},{"weight":21,"label":"serovar"},{"weight":21,"label":"red"},{"weight":21,"label":"resistant"}],"subTopicId":617},{"conceptId":-1,"clusterId":-1,"hexCoordinates":{"x":7.794228634059947,"y":4.5},"labels":[{"weight":2500,"label":"Unclassified"},{"weight":0,"label":""},{"weight":0,"label":""},{"weight":0,"label":""},{"weight":0,"label":""},{"weight":0,"label":""},{"weight":0,"label":""},{"weight":0,"label":""},{"weight":0,"label":""},{"weight":0,"label":""},{"weight":0,"label":""}],"subTopicId":null},{"conceptId":16,"clusterId":0,"hexCoordinates":{"x":0.8660254037844386,"y":4.5},"labels":[{"weight":136,"label":"sri"},{"weight":99,"label":"lanka"},{"weight":88,"label":"pesticide"},{"weight":60,"label":"cse"},{"weight":47,"label":"mobilization"},{"weight":46,"label":"swimmer"},{"weight":43,"label":"colony"},{"weight":30,"label":"zoospore"},{"weight":30,"label":"mobilize"},{"weight":25,"label":"aip"},{"weight":25,"label":"lankan"},{"weight":24,"label":"winter"},{"weight":23,"label":"swimming"},{"weight":23,"label":"publishing"},{"weight":21,"label":"motility"},{"weight":20,"label":"flagellar"},{"weight":19,"label":"markedness"},{"weight":18,"label":"colloid"},{"weight":17,"label":"llc"},{"weight":17,"label":"motile"},{"weight":17,"label":"beekeeper"},{"weight":16,"label":"speed"},{"weight":15,"label":"cot"},{"weight":14,"label":"icv"},{"weight":14,"label":"marked"}],"subTopicId":740},{"conceptId":8,"clusterId":0,"hexCoordinates":{"x":1.7320508075688772,"y":3},"labels":[{"weight":334,"label":"bacterial"},{"weight":307,"label":"microbial"},{"weight":264,"label":"community"},{"weight":244,"label":"bacterium"},{"weight":149,"label":"culture"},{"weight":122,"label":"biofilm"},{"weight":107,"label":"microorganism"},{"weight":90,"label":"strain"},{"weight":88,"label":"degradation"},{"weight":82,"label":"condition"},{"weight":80,"label":"isolate"},{"weight":78,"label":"marine"},{"weight":75,"label":"hydrocarbon"},{"weight":75,"label":"growth"},{"weight":64,"label":"degrading"},{"weight":64,"label":"study"},{"weight":63,"label":"environment"},{"weight":61,"label":"associate"},{"weight":56,"label":"microcosm"},{"weight":52,"label":"sediment"},{"weight":50,"label":"diversity"},{"weight":49,"label":"anaerobic"},{"weight":49,"label":"environmental"},{"weight":44,"label":"biodegradation"},{"weight":44,"label":"organism"}],"subTopicId":445},{"conceptId":17,"clusterId":0,"hexCoordinates":{"x":1.7320508075688772,"y":0},"labels":[{"weight":498,"label":"protein"},{"weight":382,"label":"cell"},{"weight":303,"label":"membrane"},{"weight":296,"label":"show"},{"weight":278,"label":"pathway"},{"weight":268,"label":"enzyme"},{"weight":238,"label":"growth"},{"weight":233,"label":"system"},{"weight":225,"label":"bacterial"},{"weight":224,"label":"secretion"},{"weight":221,"label":"bacterium"},{"weight":201,"label":"essential"},{"weight":186,"label":"activity"},{"weight":175,"label":"transporter"},{"weight":174,"label":"coli"},{"weight":170,"label":"lipid"},{"weight":168,"label":"mutant"},{"weight":167,"label":"acid"},{"weight":158,"label":"transport"},{"weight":158,"label":"role"},{"weight":152,"label":"synthesis"},{"weight":143,"label":"type"},{"weight":141,"label":"metabolism"},{"weight":135,"label":"demonstrate"},{"weight":129,"label":"involve"}],"subTopicId":877},{"conceptId":14,"clusterId":0,"hexCoordinates":{"x":2.598076211353316,"y":1.5},"labels":[{"weight":715,"label":"biofilm"},{"weight":287,"label":"yeast"},{"weight":198,"label":"albican"},{"weight":163,"label":"fungal"},{"weight":146,"label":"infection"},{"weight":141,"label":"candida"},{"weight":137,"label":"resistance"},{"weight":132,"label":"antifungal"},{"weight":124,"label":"species"},{"weight":120,"label":"formation"},{"weight":118,"label":"strain"},{"weight":103,"label":"fungus"},{"weight":82,"label":"denture"},{"weight":82,"label":"cerevisiae"},{"weight":77,"label":"show"},{"weight":76,"label":"bacterium"},{"weight":75,"label":"pathogen"},{"weight":73,"label":"isolate"},{"weight":69,"label":"clinical"},{"weight":69,"label":"vitro"},{"weight":66,"label":"form"},{"weight":64,"label":"ability"},{"weight":63,"label":"auris"},{"weight":60,"label":"growth"},{"weight":60,"label":"cell"}],"subTopicId":702},{"conceptId":10,"clusterId":0,"hexCoordinates":{"x":-0.8660254037844386,"y":1.5},"labels":[{"weight":999,"label":"resistance"},{"weight":527,"label":"resistant"},{"weight":453,"label":"antibiotic"},{"weight":273,"label":"mrsa"},{"weight":264,"label":"isolate"},{"weight":241,"label":"aureus"},{"weight":234,"label":"infection"},{"weight":227,"label":"antimicrobial"},{"weight":168,"label":"staphylococcus"},{"weight":144,"label":"coli"},{"weight":123,"label":"bacterium"},{"weight":119,"label":"strain"},{"weight":114,"label":"gene"},{"weight":102,"label":"bacterial"},{"weight":100,"label":"susceptible"},{"weight":96,"label":"human"},{"weight":93,"label":"methicillin"},{"weight":87,"label":"drug"},{"weight":85,"label":"mdr"},{"weight":83,"label":"pathogen"},{"weight":83,"label":"susceptibility"},{"weight":77,"label":"amr"},{"weight":77,"label":"clinical"},{"weight":72,"label":"positive"},{"weight":70,"label":"multidrug"}],"subTopicId":596},{"conceptId":12,"clusterId":0,"hexCoordinates":{"x":4.330127018922193,"y":1.5},"labels":[{"weight":280,"label":"fungal"},{"weight":201,"label":"albican"},{"weight":147,"label":"wall"},{"weight":126,"label":"cell"},{"weight":120,"label":"dectin"},{"weight":111,"label":"infection"},{"weight":96,"label":"candida"},{"weight":89,"label":"pathogen"},{"weight":88,"label":"macrophage"},{"weight":85,"label":"human"},{"weight":78,"label":"host"},{"weight":77,"label":"receptor"},{"weight":76,"label":"fungus"},{"weight":73,"label":"response"},{"weight":70,"label":"immune"},{"weight":62,"label":"antifungal"},{"weight":58,"label":"allergen"},{"weight":53,"label":"clec"},{"weight":53,"label":"yeast"},{"weight":52,"label":"phagocytosis"},{"weight":51,"label":"lectin"},{"weight":49,"label":"recognition"},{"weight":47,"label":"virulence"},{"weight":45,"label":"glucan"},{"weight":45,"label":"mouse"}],"subTopicId":678},{"conceptId":1,"clusterId":0,"hexCoordinates":{"x":0.8660254037844386,"y":-1.5},"labels":[{"weight":75,"label":"mmp"},{"weight":72,"label":"module"},{"weight":53,"label":"beaked"},{"weight":45,"label":"plasmid"},{"weight":38,"label":"timp"},{"weight":35,"label":"ess"},{"weight":26,"label":"essc"},{"weight":21,"label":"esa"},{"weight":21,"label":"type"},{"weight":19,"label":"deep"},{"weight":18,"label":"spironolactone"},{"weight":18,"label":"variant"},{"weight":16,"label":"bnf"},{"weight":15,"label":"med"},{"weight":14,"label":"mesoplodon"},{"weight":14,"label":"formation"},{"weight":13,"label":"mbnf"},{"weight":13,"label":"sac"},{"weight":13,"label":"collagen"},{"weight":13,"label":"strand"},{"weight":12,"label":"metalloproteinase"},{"weight":11,"label":"blainville"},{"weight":11,"label":"dive"},{"weight":11,"label":"staphylococcus"},{"weight":10,"label":"picp"}],"subTopicId":81},{"conceptId":4,"clusterId":0,"hexCoordinates":{"x":0,"y":3},"labels":[{"weight":420,"label":"fracture"},{"weight":203,"label":"biofilm"},{"weight":128,"label":"formation"},{"weight":54,"label":"show"},{"weight":42,"label":"lbf"},{"weight":42,"label":"hbf"},{"weight":37,"label":"significantly"},{"weight":33,"label":"isolate"},{"weight":32,"label":"associate"},{"weight":31,"label":"fractured"},{"weight":31,"label":"liner"},{"weight":26,"label":"find"},{"weight":25,"label":"edna"},{"weight":25,"label":"heterogeneity"},{"weight":24,"label":"construct"},{"weight":24,"label":"analysis"},{"weight":23,"label":"compare"},{"weight":21,"label":"mfhw"},{"weight":21,"label":"fracturing"},{"weight":21,"label":"matrix"},{"weight":19,"label":"form"},{"weight":19,"label":"high"},{"weight":18,"label":"chitinase"},{"weight":18,"label":"aperture"},{"weight":18,"label":"low"}],"subTopicId":194},{"conceptId":5,"clusterId":0,"hexCoordinates":{"x":0.8660254037844386,"y":1.5},"labels":[{"weight":176,"label":"coli"},{"weight":133,"label":"mastitis"},{"weight":107,"label":"bovine"},{"weight":104,"label":"infection"},{"weight":92,"label":"milk"},{"weight":86,"label":"salmonella"},{"weight":74,"label":"strain"},{"weight":70,"label":"bacterial"},{"weight":68,"label":"isolate"},{"weight":58,"label":"mammary"},{"weight":58,"label":"escherichia"},{"weight":57,"label":"ipf"},{"weight":53,"label":"aureus"},{"weight":53,"label":"bacterium"},{"weight":49,"label":"cattle"},{"weight":48,"label":"typhimurium"},{"weight":47,"label":"stx"},{"weight":41,"label":"dairy"},{"weight":40,"label":"cow"},{"weight":38,"label":"factor"},{"weight":37,"label":"enterica"},{"weight":36,"label":"associate"},{"weight":33,"label":"significantly"},{"weight":32,"label":"farm"},{"weight":31,"label":"clinical"}],"subTopicId":326},{"conceptId":6,"clusterId":0,"hexCoordinates":{"x":-1.7320508075688772,"y":3},"labels":[{"weight":257,"label":"light"},{"weight":77,"label":"inactivation"},{"weight":66,"label":"efficacy"},{"weight":66,"label":"dose"},{"weight":64,"label":"exposure"},{"weight":59,"label":"spore"},{"weight":57,"label":"expose"},{"weight":44,"label":"decontamination"},{"weight":44,"label":"demonstrate"},{"weight":41,"label":"log"},{"weight":40,"label":"achieve"},{"weight":38,"label":"contamination"},{"weight":38,"label":"bacterial"},{"weight":37,"label":"wheel"},{"weight":35,"label":"aerosol"},{"weight":35,"label":"reduction"},{"weight":34,"label":"viability"},{"weight":32,"label":"disinfection"},{"weight":31,"label":"study"},{"weight":30,"label":"result"},{"weight":28,"label":"violet"},{"weight":27,"label":"airborne"},{"weight":26,"label":"lethal"},{"weight":25,"label":"susceptibility"},{"weight":25,"label":"environmental"}],"subTopicId":351},{"conceptId":15,"clusterId":0,"hexCoordinates":{"x":3.4641016151377544,"y":0},"labels":[{"weight":252,"label":"infection"},{"weight":175,"label":"parasite"},{"weight":174,"label":"mouse"},{"weight":111,"label":"host"},{"weight":66,"label":"polygyrus"},{"weight":65,"label":"burden"},{"weight":60,"label":"strain"},{"weight":58,"label":"wild"},{"weight":49,"label":"resistance"},{"weight":42,"label":"monocytogene"},{"weight":42,"label":"spp"},{"weight":39,"label":"type"},{"weight":38,"label":"compare"},{"weight":37,"label":"worm"},{"weight":36,"label":"infected"},{"weight":34,"label":"susceptibility"},{"weight":34,"label":"find"},{"weight":32,"label":"balb"},{"weight":32,"label":"difficile"},{"weight":32,"label":"nematode"},{"weight":32,"label":"treatment"},{"weight":31,"label":"helminth"},{"weight":30,"label":"prfa"},{"weight":28,"label":"mil"},{"weight":28,"label":"toxin"}],"subTopicId":731}]}