{"linkageTable":[{"node2":11,"distance":0.435587200214805,"node1":9},{"node2":14,"distance":0.435838531258445,"node1":3},{"node2":15,"distance":0.448133926269925,"node1":7},{"node2":17,"distance":0.45570356947951,"node1":5},{"node2":6,"distance":0.475503318856495,"node1":4},{"node2":13,"distance":0.47679465245485,"node1":22},{"node2":8,"distance":0.47842215555321,"node1":1},{"node2":10,"distance":0.48211326391513,"node1":18},{"node2":23,"distance":0.48662610386270244,"node1":19},{"node2":16,"distance":0.490389384427645,"node1":2},{"node2":20,"distance":0.4916543889505739,"node1":26},{"node2":28,"distance":0.4923093538333746,"node1":24},{"node2":25,"distance":0.494073205808509,"node1":29},{"node2":12,"distance":0.49499860647365,"node1":21},{"node2":31,"distance":0.4970749660785292,"node1":27},{"node2":30,"distance":0.4973804696001621,"node1":0},{"node2":32,"distance":0.49782131963416715,"node1":33}],"conceptsData":[{"conceptId":16,"clusterId":0,"hexCoordinates":{"x":-3.4641016151377544,"y":0},"labels":[{"weight":408,"label":"hpv"},{"weight":188,"label":"lesion"},{"weight":108,"label":"oral"},{"weight":82,"label":"infection"},{"weight":74,"label":"cancer"},{"weight":56,"label":"dwi"},{"weight":51,"label":"oropharyngeal"},{"weight":49,"label":"positive"},{"weight":43,"label":"dental"},{"weight":43,"label":"cervical"},{"weight":39,"label":"papillomavirus"},{"weight":37,"label":"negative"},{"weight":35,"label":"prevalence"},{"weight":34,"label":"human"},{"weight":32,"label":"high"},{"weight":30,"label":"scc"},{"weight":29,"label":"diagnose"},{"weight":28,"label":"status"},{"weight":28,"label":"detection"},{"weight":26,"label":"squamous"},{"weight":26,"label":"sample"},{"weight":24,"label":"hnscc"},{"weight":23,"label":"specimen"},{"weight":22,"label":"provide"},{"weight":21,"label":"opscc"}],"subTopicId":895},{"conceptId":3,"clusterId":0,"hexCoordinates":{"x":-1.7320508075688772,"y":0},"labels":[{"weight":237,"label":"dose"},{"weight":83,"label":"schedule"},{"weight":79,"label":"phase"},{"weight":66,"label":"toxicity"},{"weight":62,"label":"patient"},{"weight":57,"label":"cycle"},{"weight":54,"label":"clinical"},{"weight":53,"label":"escalation"},{"weight":51,"label":"carboplatin"},{"weight":50,"label":"chemotherapy"},{"weight":48,"label":"hockey"},{"weight":47,"label":"day"},{"weight":44,"label":"cancer"},{"weight":39,"label":"pharmacokinetic"},{"weight":36,"label":"tolerate"},{"weight":34,"label":"daily"},{"weight":34,"label":"symptom"},{"weight":32,"label":"trastuzumab"},{"weight":32,"label":"fit"},{"weight":27,"label":"week"},{"weight":27,"label":"safety"},{"weight":26,"label":"weekly"},{"weight":26,"label":"observe"},{"weight":24,"label":"myeloma"},{"weight":24,"label":"dosing"}],"subTopicId":86},{"conceptId":4,"clusterId":0,"hexCoordinates":{"x":0,"y":0},"labels":[{"weight":2977,"label":"cancer"},{"weight":604,"label":"lung"},{"weight":494,"label":"patient"},{"weight":286,"label":"breast"},{"weight":196,"label":"ovarian"},{"weight":191,"label":"diagnosis"},{"weight":160,"label":"treatment"},{"weight":139,"label":"colorectal"},{"weight":125,"label":"survival"},{"weight":120,"label":"stage"},{"weight":110,"label":"brca"},{"weight":110,"label":"chemotherapy"},{"weight":99,"label":"type"},{"weight":90,"label":"early"},{"weight":88,"label":"risk"},{"weight":67,"label":"uadt"},{"weight":63,"label":"carcinoma"},{"weight":63,"label":"prostate"},{"weight":61,"label":"diagnose"},{"weight":59,"label":"disease"},{"weight":56,"label":"survivor"},{"weight":55,"label":"background"},{"weight":54,"label":"platinum"},{"weight":53,"label":"study"},{"weight":51,"label":"increase"}],"subTopicId":188},{"conceptId":6,"clusterId":0,"hexCoordinates":{"x":1.7320508075688772,"y":0},"labels":[{"weight":378,"label":"cancer"},{"weight":368,"label":"tumour"},{"weight":323,"label":"tumor"},{"weight":215,"label":"mutation"},{"weight":208,"label":"cell"},{"weight":181,"label":"pancreatic"},{"weight":162,"label":"pdac"},{"weight":151,"label":"lymphoma"},{"weight":144,"label":"carcinoma"},{"weight":124,"label":"adenocarcinoma"},{"weight":106,"label":"genomic"},{"weight":97,"label":"patient"},{"weight":94,"label":"progression"},{"weight":93,"label":"normal"},{"weight":91,"label":"sequencing"},{"weight":80,"label":"molecular"},{"weight":80,"label":"associate"},{"weight":79,"label":"gene"},{"weight":79,"label":"high"},{"weight":76,"label":"cscc"},{"weight":75,"label":"alteration"},{"weight":74,"label":"signature"},{"weight":74,"label":"analysis"},{"weight":72,"label":"mutational"},{"weight":72,"label":"reveal"}],"subTopicId":327},{"conceptId":2,"clusterId":0,"hexCoordinates":{"x":-2.598076211353316,"y":-1.5},"labels":[{"weight":368,"label":"hpv"},{"weight":212,"label":"cervical"},{"weight":183,"label":"woman"},{"weight":133,"label":"cin"},{"weight":98,"label":"vaccine"},{"weight":78,"label":"type"},{"weight":70,"label":"screening"},{"weight":66,"label":"high"},{"weight":60,"label":"vaccination"},{"weight":58,"label":"disease"},{"weight":58,"label":"grade"},{"weight":56,"label":"programme"},{"weight":55,"label":"risk"},{"weight":53,"label":"vaccinate"},{"weight":48,"label":"colposcopy"},{"weight":48,"label":"infection"},{"weight":43,"label":"cytology"},{"weight":38,"label":"papillomavirus"},{"weight":37,"label":"tbp"},{"weight":36,"label":"prevalence"},{"weight":35,"label":"cancer"},{"weight":35,"label":"human"},{"weight":34,"label":"bear"},{"weight":31,"label":"neoplasia"},{"weight":30,"label":"unvaccinated"}],"subTopicId":82},{"conceptId":5,"clusterId":0,"hexCoordinates":{"x":-3.4641016151377544,"y":-3},"labels":[{"weight":1129,"label":"screening"},{"weight":531,"label":"screen"},{"weight":282,"label":"attendance"},{"weight":252,"label":"woman"},{"weight":237,"label":"uptake"},{"weight":190,"label":"breast"},{"weight":152,"label":"attend"},{"weight":151,"label":"cancer"},{"weight":128,"label":"test"},{"weight":120,"label":"appointment"},{"weight":119,"label":"increase"},{"weight":114,"label":"programme"},{"weight":107,"label":"invitation"},{"weight":104,"label":"bowel"},{"weight":102,"label":"result"},{"weight":99,"label":"practice"},{"weight":97,"label":"invite"},{"weight":80,"label":"mammography"},{"weight":73,"label":"reminder"},{"weight":73,"label":"participation"},{"weight":71,"label":"participate"},{"weight":70,"label":"year"},{"weight":67,"label":"health"},{"weight":64,"label":"method"},{"weight":63,"label":"barrier"}],"subTopicId":322},{"conceptId":9,"clusterId":0,"hexCoordinates":{"x":-0.8660254037844386,"y":1.5},"labels":[{"weight":943,"label":"cell"},{"weight":406,"label":"cancer"},{"weight":225,"label":"treatment"},{"weight":223,"label":"drug"},{"weight":193,"label":"inhibitor"},{"weight":171,"label":"induce"},{"weight":168,"label":"line"},{"weight":160,"label":"effect"},{"weight":114,"label":"activity"},{"weight":106,"label":"apoptosis"},{"weight":102,"label":"target"},{"weight":100,"label":"death"},{"weight":98,"label":"cisplatin"},{"weight":94,"label":"agent"},{"weight":91,"label":"dna"},{"weight":83,"label":"tumor"},{"weight":83,"label":"increase"},{"weight":81,"label":"breast"},{"weight":73,"label":"resistance"},{"weight":73,"label":"combination"},{"weight":71,"label":"therapeutic"},{"weight":70,"label":"cytotoxic"},{"weight":70,"label":"kinase"},{"weight":69,"label":"chemotherapy"},{"weight":68,"label":"study"}],"subTopicId":491},{"conceptId":10,"clusterId":0,"hexCoordinates":{"x":0.8660254037844386,"y":1.5},"labels":[{"weight":1267,"label":"cancer"},{"weight":1034,"label":"cell"},{"weight":991,"label":"tumor"},{"weight":711,"label":"tumour"},{"weight":319,"label":"growth"},{"weight":188,"label":"metastasis"},{"weight":182,"label":"therapeutic"},{"weight":176,"label":"target"},{"weight":159,"label":"model"},{"weight":157,"label":"therapy"},{"weight":156,"label":"human"},{"weight":155,"label":"anti"},{"weight":153,"label":"breast"},{"weight":150,"label":"metastatic"},{"weight":149,"label":"progression"},{"weight":149,"label":"microenvironment"},{"weight":118,"label":"potential"},{"weight":108,"label":"treatment"},{"weight":105,"label":"promote"},{"weight":104,"label":"show"},{"weight":103,"label":"mouse"},{"weight":91,"label":"tissue"},{"weight":89,"label":"glioma"},{"weight":89,"label":"strategy"},{"weight":88,"label":"proliferation"}],"subTopicId":538},{"conceptId":11,"clusterId":0,"hexCoordinates":{"x":0,"y":3},"labels":[{"weight":147,"label":"vole"},{"weight":119,"label":"radiation"},{"weight":114,"label":"myc"},{"weight":70,"label":"damage"},{"weight":55,"label":"pro"},{"weight":54,"label":"lightning"},{"weight":51,"label":"agnp"},{"weight":48,"label":"dna"},{"weight":39,"label":"ionize"},{"weight":37,"label":"gsc"},{"weight":34,"label":"parp"},{"weight":29,"label":"cycle"},{"weight":28,"label":"dsf"},{"weight":28,"label":"drive"},{"weight":27,"label":"pda"},{"weight":27,"label":"strike"},{"weight":25,"label":"induce"},{"weight":25,"label":"common"},{"weight":24,"label":"spheroid"},{"weight":23,"label":"cip"},{"weight":23,"label":"protection"},{"weight":21,"label":"radiotherapy"},{"weight":21,"label":"delay"},{"weight":20,"label":"microtus"},{"weight":20,"label":"agent"}],"subTopicId":612},{"conceptId":12,"clusterId":0,"hexCoordinates":{"x":-4.330127018922193,"y":-1.5},"labels":[{"weight":1166,"label":"cancer"},{"weight":689,"label":"breast"},{"weight":384,"label":"risk"},{"weight":219,"label":"woman"},{"weight":193,"label":"brca"},{"weight":128,"label":"head"},{"weight":122,"label":"neck"},{"weight":103,"label":"hnc"},{"weight":83,"label":"case"},{"weight":79,"label":"family"},{"weight":77,"label":"control"},{"weight":72,"label":"brd"},{"weight":69,"label":"carrier"},{"weight":62,"label":"mutation"},{"weight":53,"label":"bet"},{"weight":51,"label":"bromodomain"},{"weight":51,"label":"ovarian"},{"weight":48,"label":"increase"},{"weight":47,"label":"history"},{"weight":40,"label":"alcohol"},{"weight":38,"label":"screening"},{"weight":35,"label":"association"},{"weight":33,"label":"genetics"},{"weight":33,"label":"disease"},{"weight":31,"label":"larynx"}],"subTopicId":684},{"conceptId":13,"clusterId":0,"hexCoordinates":{"x":0.8660254037844386,"y":-1.5},"labels":[{"weight":264,"label":"melanoma"},{"weight":172,"label":"cancer"},{"weight":135,"label":"mutation"},{"weight":131,"label":"braf"},{"weight":111,"label":"patient"},{"weight":79,"label":"kra"},{"weight":76,"label":"pathway"},{"weight":63,"label":"molecular"},{"weight":61,"label":"crc"},{"weight":60,"label":"tumour"},{"weight":56,"label":"colorectal"},{"weight":45,"label":"ras"},{"weight":44,"label":"type"},{"weight":42,"label":"kras"},{"weight":38,"label":"raf"},{"weight":38,"label":"inhibitor"},{"weight":37,"label":"signature"},{"weight":37,"label":"tumor"},{"weight":34,"label":"mutate"},{"weight":32,"label":"pancreatic"},{"weight":31,"label":"mutant"},{"weight":30,"label":"vemurafenib"},{"weight":30,"label":"cohort"},{"weight":30,"label":"clinical"},{"weight":29,"label":"gfr"}],"subTopicId":778},{"conceptId":17,"clusterId":0,"hexCoordinates":{"x":-5.196152422706632,"y":-3},"labels":[{"weight":235,"label":"crc"},{"weight":221,"label":"cancer"},{"weight":176,"label":"colorectal"},{"weight":153,"label":"screening"},{"weight":114,"label":"faecal"},{"weight":106,"label":"test"},{"weight":76,"label":"result"},{"weight":74,"label":"fobt"},{"weight":73,"label":"colonoscopy"},{"weight":65,"label":"gastric"},{"weight":65,"label":"fit"},{"weight":64,"label":"bowel"},{"weight":63,"label":"pylori"},{"weight":53,"label":"negative"},{"weight":49,"label":"intention"},{"weight":45,"label":"uptake"},{"weight":43,"label":"symptom"},{"weight":40,"label":"occult"},{"weight":40,"label":"blood"},{"weight":38,"label":"haemoglobin"},{"weight":38,"label":"colon"},{"weight":37,"label":"participant"},{"weight":34,"label":"positive"},{"weight":34,"label":"programme"},{"weight":32,"label":"detection"}],"subTopicId":935},{"conceptId":14,"clusterId":0,"hexCoordinates":{"x":-0.8660254037844386,"y":-1.5},"labels":[{"weight":958,"label":"patient"},{"weight":402,"label":"survival"},{"weight":377,"label":"treatment"},{"weight":305,"label":"chemotherapy"},{"weight":294,"label":"cancer"},{"weight":204,"label":"therapy"},{"weight":196,"label":"response"},{"weight":184,"label":"free"},{"weight":167,"label":"disease"},{"weight":165,"label":"month"},{"weight":154,"label":"grade"},{"weight":132,"label":"receive"},{"weight":131,"label":"progression"},{"weight":128,"label":"analysis"},{"weight":127,"label":"treat"},{"weight":125,"label":"study"},{"weight":110,"label":"rate"},{"weight":107,"label":"neoadjuvant"},{"weight":106,"label":"median"},{"weight":106,"label":"follow"},{"weight":103,"label":"trial"},{"weight":99,"label":"advanced"},{"weight":98,"label":"cohort"},{"weight":97,"label":"pancreatic"},{"weight":97,"label":"phase"}],"subTopicId":787},{"conceptId":15,"clusterId":0,"hexCoordinates":{"x":-1.7320508075688772,"y":-3},"labels":[{"weight":443,"label":"concentration"},{"weight":395,"label":"crp"},{"weight":353,"label":"serum"},{"weight":224,"label":"protein"},{"weight":203,"label":"inflammation"},{"weight":203,"label":"systemic"},{"weight":187,"label":"inflammatory"},{"weight":185,"label":"patient"},{"weight":160,"label":"associate"},{"weight":159,"label":"reactive"},{"weight":150,"label":"plasma"},{"weight":148,"label":"level"},{"weight":130,"label":"study"},{"weight":127,"label":"response"},{"weight":126,"label":"marker"},{"weight":123,"label":"measure"},{"weight":123,"label":"ratio"},{"weight":115,"label":"albumin"},{"weight":103,"label":"median"},{"weight":94,"label":"biomarker"},{"weight":91,"label":"elevated"},{"weight":90,"label":"sir"},{"weight":88,"label":"relationship"},{"weight":84,"label":"higher"},{"weight":83,"label":"blood"}],"subTopicId":791},{"conceptId":1,"clusterId":0,"hexCoordinates":{"x":1.7320508075688772,"y":-3},"labels":[{"weight":736,"label":"cancer"},{"weight":689,"label":"prostate"},{"weight":243,"label":"man"},{"weight":171,"label":"pca"},{"weight":154,"label":"biopsy"},{"weight":134,"label":"androgen"},{"weight":115,"label":"patient"},{"weight":93,"label":"treatment"},{"weight":83,"label":"disease"},{"weight":79,"label":"therapy"},{"weight":70,"label":"progression"},{"weight":68,"label":"tumour"},{"weight":62,"label":"psa"},{"weight":56,"label":"soc"},{"weight":53,"label":"metastatic"},{"weight":49,"label":"adt"},{"weight":49,"label":"radical"},{"weight":47,"label":"follow"},{"weight":45,"label":"castration"},{"weight":45,"label":"specific"},{"weight":41,"label":"gleason"},{"weight":41,"label":"hormone"},{"weight":41,"label":"grade"},{"weight":41,"label":"high"},{"weight":39,"label":"prostatectomy"}],"subTopicId":50},{"conceptId":8,"clusterId":0,"hexCoordinates":{"x":2.598076211353316,"y":-1.5},"labels":[{"weight":988,"label":"expression"},{"weight":681,"label":"gene"},{"weight":249,"label":"mir"},{"weight":189,"label":"tissue"},{"weight":160,"label":"pcr"},{"weight":160,"label":"level"},{"weight":153,"label":"analysis"},{"weight":135,"label":"significantly"},{"weight":133,"label":"cell"},{"weight":132,"label":"study"},{"weight":130,"label":"express"},{"weight":125,"label":"compare"},{"weight":124,"label":"show"},{"weight":123,"label":"fold"},{"weight":114,"label":"rna"},{"weight":112,"label":"sample"},{"weight":111,"label":"control"},{"weight":107,"label":"change"},{"weight":103,"label":"microarray"},{"weight":102,"label":"mrna"},{"weight":100,"label":"identify"},{"weight":91,"label":"quantitative"},{"weight":89,"label":"qpcr"},{"weight":79,"label":"protein"},{"weight":79,"label":"regulate"}],"subTopicId":403},{"conceptId":-1,"clusterId":-1,"hexCoordinates":{"x":6.06217782649107,"y":3},"labels":[{"weight":2500,"label":"Unclassified"},{"weight":0,"label":""},{"weight":0,"label":""},{"weight":0,"label":""},{"weight":0,"label":""},{"weight":0,"label":""},{"weight":0,"label":""},{"weight":0,"label":""},{"weight":0,"label":""},{"weight":0,"label":""},{"weight":0,"label":""}],"subTopicId":null},{"conceptId":0,"clusterId":0,"hexCoordinates":{"x":0.8660254037844386,"y":-4.5},"labels":[{"weight":305,"label":"dose"},{"weight":230,"label":"patient"},{"weight":216,"label":"radiotherapy"},{"weight":193,"label":"treatment"},{"weight":130,"label":"pdt"},{"weight":108,"label":"fcr"},{"weight":90,"label":"cancer"},{"weight":68,"label":"tumour"},{"weight":66,"label":"therapy"},{"weight":63,"label":"radiation"},{"weight":59,"label":"recurrence"},{"weight":58,"label":"ppix"},{"weight":58,"label":"result"},{"weight":54,"label":"effective"},{"weight":50,"label":"bcc"},{"weight":50,"label":"lesion"},{"weight":49,"label":"light"},{"weight":48,"label":"photodynamic"},{"weight":44,"label":"ssri"},{"weight":43,"label":"skin"},{"weight":42,"label":"treat"},{"weight":41,"label":"conclusion"},{"weight":38,"label":"irradiation"},{"weight":36,"label":"ebrt"},{"weight":36,"label":"oxygen"}],"subTopicId":21},{"conceptId":7,"clusterId":0,"hexCoordinates":{"x":0,"y":-3},"labels":[{"weight":1215,"label":"cancer"},{"weight":605,"label":"breast"},{"weight":566,"label":"patient"},{"weight":481,"label":"survival"},{"weight":428,"label":"tumour"},{"weight":257,"label":"associate"},{"weight":244,"label":"stage"},{"weight":233,"label":"prognostic"},{"weight":178,"label":"positive"},{"weight":162,"label":"specific"},{"weight":156,"label":"colorectal"},{"weight":153,"label":"crc"},{"weight":151,"label":"disease"},{"weight":151,"label":"analysis"},{"weight":145,"label":"expression"},{"weight":144,"label":"tumor"},{"weight":137,"label":"negative"},{"weight":133,"label":"node"},{"weight":126,"label":"high"},{"weight":108,"label":"cohort"},{"weight":107,"label":"recurrence"},{"weight":102,"label":"grade"},{"weight":98,"label":"factor"},{"weight":96,"label":"score"},{"weight":94,"label":"invasion"}],"subTopicId":373}]}