{"linkageTable":[{"node2":11,"distance":0.44219549765788,"node1":5},{"node2":10,"distance":0.451645766601325,"node1":2},{"node2":19,"distance":0.45322319279,"node1":17},{"node2":12,"distance":0.45468815368154003,"node1":3},{"node2":25,"distance":0.4667378672074125,"node1":15},{"node2":20,"distance":0.47043992506296,"node1":14},{"node2":21,"distance":0.47127477843555754,"node1":24},{"node2":7,"distance":0.4737996924766025,"node1":26},{"node2":22,"distance":0.4787557647727034,"node1":30},{"node2":13,"distance":0.483089508323595,"node1":6},{"node2":31,"distance":0.4857460172592454,"node1":29},{"node2":28,"distance":0.48583538648775,"node1":9},{"node2":8,"distance":0.488379758584695,"node1":1},{"node2":34,"distance":0.4901454988069769,"node1":33},{"node2":16,"distance":0.491323320861465,"node1":4},{"node2":27,"distance":0.49179481165740996,"node1":32},{"node2":38,"distance":0.4927402155325563,"node1":36},{"node2":37,"distance":0.4943406818980421,"node1":39},{"node2":18,"distance":0.4956683958920274,"node1":40},{"node2":41,"distance":0.49675184778728276,"node1":35},{"node2":23,"distance":0.4982598202243057,"node1":42},{"node2":43,"distance":0.49867068604022663,"node1":0}],"conceptsData":[{"conceptId":3,"clusterId":0,"hexCoordinates":{"x":0,"y":0},"labels":[{"weight":129,"label":"valsartan"},{"weight":126,"label":"sacubitril"},{"weight":113,"label":"angiotensin"},{"weight":78,"label":"dislocation"},{"weight":76,"label":"enalapril"},{"weight":72,"label":"method"},{"weight":68,"label":"inhibitor"},{"weight":61,"label":"kill"},{"weight":60,"label":"bird"},{"weight":59,"label":"paradigm"},{"weight":59,"label":"receptor"},{"weight":55,"label":"blocker"},{"weight":52,"label":"cervical"},{"weight":52,"label":"device"},{"weight":41,"label":"mechanical"},{"weight":41,"label":"convert"},{"weight":41,"label":"enzyme"},{"weight":38,"label":"killing"},{"weight":37,"label":"neprilysin"},{"weight":37,"label":"modify"},{"weight":33,"label":"arb"},{"weight":32,"label":"lcz"},{"weight":32,"label":"acei"},{"weight":29,"label":"compare"},{"weight":29,"label":"antagonist"}],"subTopicId":230},{"conceptId":0,"clusterId":0,"hexCoordinates":{"x":5.196152422706632,"y":3},"labels":[{"weight":185,"label":"thyroid"},{"weight":81,"label":"tsh"},{"weight":57,"label":"subclinical"},{"weight":49,"label":"hypothyroidism"},{"weight":49,"label":"hormone"},{"weight":47,"label":"level"},{"weight":45,"label":"sli"},{"weight":35,"label":"miu"},{"weight":32,"label":"ipl"},{"weight":31,"label":"thyroxine"},{"weight":31,"label":"levothyroxine"},{"weight":28,"label":"function"},{"weight":24,"label":"bir"},{"weight":21,"label":"bgm"},{"weight":21,"label":"grave"},{"weight":19,"label":"free"},{"weight":18,"label":"amiodarone"},{"weight":17,"label":"dysfunction"},{"weight":16,"label":"stimulating"},{"weight":16,"label":"laboratory"},{"weight":15,"label":"adult"},{"weight":14,"label":"tpoab"},{"weight":14,"label":"hyperthyroidism"},{"weight":14,"label":"infant"},{"weight":13,"label":"serpinb"}],"subTopicId":53},{"conceptId":2,"clusterId":0,"hexCoordinates":{"x":2.598076211353316,"y":-1.5},"labels":[{"weight":387,"label":"patient"},{"weight":271,"label":"egfr"},{"weight":236,"label":"biomarker"},{"weight":228,"label":"renal"},{"weight":216,"label":"probnp"},{"weight":206,"label":"ckd"},{"weight":198,"label":"heart"},{"weight":173,"label":"associate"},{"weight":170,"label":"failure"},{"weight":167,"label":"kidney"},{"weight":159,"label":"baseline"},{"weight":149,"label":"troponin"},{"weight":147,"label":"plasma"},{"weight":139,"label":"concentration"},{"weight":136,"label":"disease"},{"weight":131,"label":"function"},{"weight":122,"label":"serum"},{"weight":121,"label":"peptide"},{"weight":121,"label":"min"},{"weight":120,"label":"natriuretic"},{"weight":117,"label":"clinical"},{"weight":114,"label":"outcome"},{"weight":110,"label":"pro"},{"weight":109,"label":"association"},{"weight":106,"label":"chronic"}],"subTopicId":223},{"conceptId":9,"clusterId":0,"hexCoordinates":{"x":4.330127018922193,"y":1.5},"labels":[{"weight":1586,"label":"pressure"},{"weight":1312,"label":"blood"},{"weight":356,"label":"systolic"},{"weight":283,"label":"cardiovascular"},{"weight":259,"label":"mmhg"},{"weight":240,"label":"hypertension"},{"weight":212,"label":"diastolic"},{"weight":212,"label":"study"},{"weight":209,"label":"sbp"},{"weight":172,"label":"significant"},{"weight":171,"label":"pulse"},{"weight":169,"label":"pwv"},{"weight":162,"label":"effect"},{"weight":152,"label":"heart"},{"weight":151,"label":"arterial"},{"weight":130,"label":"velocity"},{"weight":129,"label":"wave"},{"weight":127,"label":"lower"},{"weight":118,"label":"stiffness"},{"weight":118,"label":"index"},{"weight":107,"label":"measure"},{"weight":107,"label":"change"},{"weight":106,"label":"rate"},{"weight":100,"label":"participant"},{"weight":99,"label":"healthy"}],"subTopicId":568},{"conceptId":18,"clusterId":0,"hexCoordinates":{"x":0,"y":-3},"labels":[{"weight":330,"label":"diabetes"},{"weight":299,"label":"hba"},{"weight":224,"label":"insulin"},{"weight":202,"label":"metformin"},{"weight":156,"label":"type"},{"weight":136,"label":"mmol"},{"weight":124,"label":"control"},{"weight":118,"label":"therapy"},{"weight":117,"label":"hypoglycaemia"},{"weight":109,"label":"mol"},{"weight":104,"label":"glucose"},{"weight":89,"label":"glycaemic"},{"weight":87,"label":"response"},{"weight":82,"label":"treatment"},{"weight":79,"label":"pump"},{"weight":69,"label":"participant"},{"weight":65,"label":"clinical"},{"weight":56,"label":"year"},{"weight":55,"label":"reduce"},{"weight":53,"label":"inhibitor"},{"weight":53,"label":"patient"},{"weight":51,"label":"reduction"},{"weight":51,"label":"effect"},{"weight":46,"label":"glp"},{"weight":46,"label":"month"}],"subTopicId":910},{"conceptId":12,"clusterId":0,"hexCoordinates":{"x":1.7320508075688772,"y":0},"labels":[{"weight":515,"label":"patient"},{"weight":379,"label":"event"},{"weight":350,"label":"outcome"},{"weight":300,"label":"cardiovascular"},{"weight":235,"label":"risk"},{"weight":228,"label":"hospitalization"},{"weight":209,"label":"primary"},{"weight":208,"label":"death"},{"weight":205,"label":"heart"},{"weight":201,"label":"endpoint"},{"weight":158,"label":"failure"},{"weight":147,"label":"trial"},{"weight":143,"label":"ratio"},{"weight":138,"label":"adverse"},{"weight":131,"label":"year"},{"weight":130,"label":"composite"},{"weight":123,"label":"mortality"},{"weight":111,"label":"treatment"},{"weight":105,"label":"reduce"},{"weight":102,"label":"rate"},{"weight":99,"label":"hazard"},{"weight":94,"label":"baseline"},{"weight":90,"label":"disease"},{"weight":89,"label":"confidence"},{"weight":87,"label":"conclusion"}],"subTopicId":633},{"conceptId":16,"clusterId":0,"hexCoordinates":{"x":5.196152422706632,"y":0},"labels":[{"weight":679,"label":"coronary"},{"weight":503,"label":"patient"},{"weight":454,"label":"myocardial"},{"weight":320,"label":"infarction"},{"weight":252,"label":"troponin"},{"weight":251,"label":"cardiac"},{"weight":205,"label":"cad"},{"weight":202,"label":"disease"},{"weight":183,"label":"angiography"},{"weight":183,"label":"angina"},{"weight":176,"label":"heart"},{"weight":168,"label":"artery"},{"weight":151,"label":"high"},{"weight":139,"label":"acute"},{"weight":132,"label":"risk"},{"weight":120,"label":"suspect"},{"weight":113,"label":"stable"},{"weight":112,"label":"syndrome"},{"weight":107,"label":"concentration"},{"weight":102,"label":"sensitivity"},{"weight":101,"label":"ffr"},{"weight":96,"label":"invasive"},{"weight":94,"label":"cardiovascular"},{"weight":94,"label":"result"},{"weight":93,"label":"diagnostic"}],"subTopicId":901},{"conceptId":5,"clusterId":0,"hexCoordinates":{"x":1.7320508075688772,"y":-6},"labels":[{"weight":214,"label":"volume"},{"weight":153,"label":"ich"},{"weight":88,"label":"haemorrhage"},{"weight":77,"label":"center"},{"weight":56,"label":"intracerebral"},{"weight":42,"label":"tenecteplase"},{"weight":32,"label":"rvo"},{"weight":29,"label":"ctp"},{"weight":27,"label":"brain"},{"weight":25,"label":"vol"},{"weight":25,"label":"drain"},{"weight":24,"label":"alteplase"},{"weight":24,"label":"ais"},{"weight":24,"label":"tpa"},{"weight":24,"label":"intracranial"},{"weight":23,"label":"modify"},{"weight":22,"label":"plasminogen"},{"weight":21,"label":"growth"},{"weight":20,"label":"angiography"},{"weight":20,"label":"platelet"},{"weight":18,"label":"oedema"},{"weight":18,"label":"perfusion"},{"weight":18,"label":"extension"},{"weight":16,"label":"transfusion"},{"weight":16,"label":"activator"}],"subTopicId":345},{"conceptId":1,"clusterId":0,"hexCoordinates":{"x":6.06217782649107,"y":-1.5},"labels":[{"weight":439,"label":"patient"},{"weight":319,"label":"renal"},{"weight":190,"label":"dialysis"},{"weight":173,"label":"kidney"},{"weight":131,"label":"ckd"},{"weight":103,"label":"transplant"},{"weight":73,"label":"function"},{"weight":70,"label":"esrd"},{"weight":66,"label":"failure"},{"weight":62,"label":"require"},{"weight":58,"label":"gout"},{"weight":56,"label":"blood"},{"weight":54,"label":"chronic"},{"weight":51,"label":"sua"},{"weight":51,"label":"serum"},{"weight":51,"label":"vascular"},{"weight":50,"label":"haemodialysis"},{"weight":49,"label":"rrt"},{"weight":48,"label":"end"},{"weight":47,"label":"allopurinol"},{"weight":47,"label":"transplantation"},{"weight":47,"label":"outcome"},{"weight":43,"label":"stage"},{"weight":41,"label":"hemodialysis"},{"weight":41,"label":"fistula"}],"subTopicId":201},{"conceptId":22,"clusterId":0,"hexCoordinates":{"x":0.8660254037844386,"y":1.5},"labels":[{"weight":720,"label":"heart"},{"weight":525,"label":"failure"},{"weight":349,"label":"patient"},{"weight":288,"label":"cardiac"},{"weight":120,"label":"trial"},{"weight":119,"label":"fraction"},{"weight":111,"label":"reduce"},{"weight":103,"label":"crt"},{"weight":101,"label":"ejection"},{"weight":74,"label":"exercise"},{"weight":72,"label":"mortality"},{"weight":71,"label":"cardiovascular"},{"weight":59,"label":"clinical"},{"weight":58,"label":"ventricular"},{"weight":57,"label":"rate"},{"weight":56,"label":"left"},{"weight":56,"label":"death"},{"weight":56,"label":"therapy"},{"weight":53,"label":"hospitalization"},{"weight":51,"label":"duration"},{"weight":50,"label":"reach"},{"weight":46,"label":"hospitalisation"},{"weight":45,"label":"ischaemic"},{"weight":45,"label":"device"},{"weight":42,"label":"class"}],"subTopicId":969},{"conceptId":-1,"clusterId":-1,"hexCoordinates":{"x":9.526279441628825,"y":3},"labels":[{"weight":2500,"label":"Unclassified"},{"weight":0,"label":""},{"weight":0,"label":""},{"weight":0,"label":""},{"weight":0,"label":""},{"weight":0,"label":""},{"weight":0,"label":""},{"weight":0,"label":""},{"weight":0,"label":""},{"weight":0,"label":""},{"weight":0,"label":""}],"subTopicId":null},{"conceptId":14,"clusterId":0,"hexCoordinates":{"x":2.598076211353316,"y":1.5},"labels":[{"weight":611,"label":"cardiac"},{"weight":422,"label":"ventricular"},{"weight":351,"label":"heart"},{"weight":318,"label":"patient"},{"weight":231,"label":"left"},{"weight":190,"label":"aortic"},{"weight":171,"label":"myocardial"},{"weight":166,"label":"volume"},{"weight":163,"label":"fibrosis"},{"weight":158,"label":"strain"},{"weight":147,"label":"ecg"},{"weight":146,"label":"function"},{"weight":145,"label":"cmr"},{"weight":132,"label":"valve"},{"weight":120,"label":"diastolic"},{"weight":120,"label":"leave"},{"weight":118,"label":"resonance"},{"weight":116,"label":"magnetic"},{"weight":115,"label":"mass"},{"weight":109,"label":"increase"},{"weight":103,"label":"imaging"},{"weight":101,"label":"echocardiography"},{"weight":99,"label":"systolic"},{"weight":98,"label":"lge"},{"weight":96,"label":"dysfunction"}],"subTopicId":809},{"conceptId":11,"clusterId":0,"hexCoordinates":{"x":3.4641016151377544,"y":-6},"labels":[{"weight":614,"label":"stroke"},{"weight":400,"label":"patient"},{"weight":338,"label":"outcome"},{"weight":170,"label":"imaging"},{"weight":165,"label":"functional"},{"weight":159,"label":"acute"},{"weight":141,"label":"cerebral"},{"weight":140,"label":"ischaemic"},{"weight":138,"label":"treatment"},{"weight":135,"label":"ischemic"},{"weight":134,"label":"time"},{"weight":133,"label":"alteplase"},{"weight":117,"label":"hour"},{"weight":115,"label":"occlusion"},{"weight":112,"label":"thrombolysis"},{"weight":111,"label":"score"},{"weight":110,"label":"day"},{"weight":102,"label":"onset"},{"weight":100,"label":"haemorrhage"},{"weight":97,"label":"trial"},{"weight":94,"label":"scale"},{"weight":93,"label":"clinical"},{"weight":89,"label":"intracranial"},{"weight":86,"label":"intravenous"},{"weight":79,"label":"infarct"}],"subTopicId":616},{"conceptId":4,"clusterId":0,"hexCoordinates":{"x":6.06217782649107,"y":1.5},"labels":[{"weight":495,"label":"injury"},{"weight":400,"label":"myocardial"},{"weight":229,"label":"tbi"},{"weight":229,"label":"patient"},{"weight":228,"label":"infarction"},{"weight":160,"label":"acute"},{"weight":157,"label":"post"},{"weight":156,"label":"infarct"},{"weight":150,"label":"traumatic"},{"weight":137,"label":"stemi"},{"weight":137,"label":"day"},{"weight":130,"label":"elevation"},{"weight":122,"label":"associate"},{"weight":117,"label":"month"},{"weight":110,"label":"segment"},{"weight":110,"label":"follow"},{"weight":99,"label":"reperfusion"},{"weight":95,"label":"heart"},{"weight":87,"label":"cardiac"},{"weight":85,"label":"brain"},{"weight":82,"label":"microvascular"},{"weight":78,"label":"remote"},{"weight":73,"label":"coronary"},{"weight":73,"label":"outcome"},{"weight":65,"label":"hemorrhage"}],"subTopicId":258},{"conceptId":15,"clusterId":0,"hexCoordinates":{"x":2.598076211353316,"y":-4.5},"labels":[{"weight":331,"label":"patient"},{"weight":246,"label":"trial"},{"weight":238,"label":"dose"},{"weight":208,"label":"event"},{"weight":165,"label":"placebo"},{"weight":160,"label":"treatment"},{"weight":144,"label":"primary"},{"weight":139,"label":"therapy"},{"weight":114,"label":"end"},{"weight":107,"label":"year"},{"weight":105,"label":"adverse"},{"weight":100,"label":"point"},{"weight":88,"label":"receive"},{"weight":87,"label":"phase"},{"weight":86,"label":"outcome"},{"weight":79,"label":"safety"},{"weight":76,"label":"allopurinol"},{"weight":76,"label":"daily"},{"weight":76,"label":"standard"},{"weight":76,"label":"participant"},{"weight":75,"label":"analysis"},{"weight":74,"label":"study"},{"weight":72,"label":"rate"},{"weight":69,"label":"week"},{"weight":69,"label":"ratio"}],"subTopicId":857},{"conceptId":13,"clusterId":0,"hexCoordinates":{"x":1.7320508075688772,"y":-3},"labels":[{"weight":409,"label":"patient"},{"weight":334,"label":"adherence"},{"weight":314,"label":"treatment"},{"weight":291,"label":"therapy"},{"weight":173,"label":"medication"},{"weight":140,"label":"aspirin"},{"weight":99,"label":"antihypertensive"},{"weight":99,"label":"duration"},{"weight":95,"label":"effect"},{"weight":77,"label":"moderate"},{"weight":75,"label":"follow"},{"weight":74,"label":"month"},{"weight":70,"label":"drug"},{"weight":67,"label":"compare"},{"weight":65,"label":"benefit"},{"weight":64,"label":"receive"},{"weight":63,"label":"severe"},{"weight":62,"label":"discontinuation"},{"weight":62,"label":"event"},{"weight":60,"label":"trial"},{"weight":59,"label":"prescribe"},{"weight":56,"label":"dosing"},{"weight":55,"label":"versus"},{"weight":55,"label":"year"},{"weight":54,"label":"mild"}],"subTopicId":646},{"conceptId":19,"clusterId":0,"hexCoordinates":{"x":4.330127018922193,"y":-4.5},"labels":[{"weight":533,"label":"patient"},{"weight":224,"label":"outcome"},{"weight":170,"label":"cardiovascular"},{"weight":165,"label":"bleeding"},{"weight":165,"label":"risk"},{"weight":153,"label":"coronary"},{"weight":153,"label":"major"},{"weight":148,"label":"mortality"},{"weight":143,"label":"atrial"},{"weight":137,"label":"fibrillation"},{"weight":137,"label":"heart"},{"weight":135,"label":"trial"},{"weight":134,"label":"event"},{"weight":121,"label":"compare"},{"weight":119,"label":"rivaroxaban"},{"weight":117,"label":"death"},{"weight":114,"label":"aspirin"},{"weight":109,"label":"disease"},{"weight":105,"label":"failure"},{"weight":93,"label":"infarction"},{"weight":93,"label":"artery"},{"weight":86,"label":"hazard"},{"weight":86,"label":"stroke"},{"weight":79,"label":"versus"},{"weight":77,"label":"myocardial"}],"subTopicId":953},{"conceptId":6,"clusterId":0,"hexCoordinates":{"x":0.8660254037844386,"y":-4.5},"labels":[{"weight":495,"label":"cholesterol"},{"weight":316,"label":"ldl"},{"weight":242,"label":"lipid"},{"weight":232,"label":"lipoprotein"},{"weight":216,"label":"hdl"},{"weight":216,"label":"statin"},{"weight":193,"label":"density"},{"weight":156,"label":"disease"},{"weight":119,"label":"low"},{"weight":116,"label":"alirocumab"},{"weight":115,"label":"risk"},{"weight":112,"label":"high"},{"weight":109,"label":"lower"},{"weight":100,"label":"level"},{"weight":99,"label":"increase"},{"weight":96,"label":"pcsk"},{"weight":88,"label":"cardiovascular"},{"weight":82,"label":"therapy"},{"weight":75,"label":"coronary"},{"weight":73,"label":"reduction"},{"weight":72,"label":"effect"},{"weight":71,"label":"individual"},{"weight":66,"label":"mmol"},{"weight":65,"label":"lowering"},{"weight":64,"label":"triglyceride"}],"subTopicId":369},{"conceptId":17,"clusterId":0,"hexCoordinates":{"x":3.4641016151377544,"y":-3},"labels":[{"weight":2323,"label":"stroke"},{"weight":528,"label":"patient"},{"weight":194,"label":"acute"},{"weight":190,"label":"ischemic"},{"weight":171,"label":"ischaemic"},{"weight":171,"label":"risk"},{"weight":128,"label":"atrial"},{"weight":118,"label":"fibrillation"},{"weight":118,"label":"early"},{"weight":117,"label":"tia"},{"weight":103,"label":"anticoagulant"},{"weight":96,"label":"associate"},{"weight":86,"label":"day"},{"weight":84,"label":"outcome"},{"weight":79,"label":"haemorrhage"},{"weight":79,"label":"recurrent"},{"weight":78,"label":"antiplatelet"},{"weight":73,"label":"anticoagulation"},{"weight":71,"label":"recurrence"},{"weight":69,"label":"method"},{"weight":64,"label":"death"},{"weight":64,"label":"scale"},{"weight":63,"label":"transient"},{"weight":62,"label":"attack"},{"weight":62,"label":"background"}],"subTopicId":906},{"conceptId":10,"clusterId":0,"hexCoordinates":{"x":3.4641016151377544,"y":0},"labels":[{"weight":2793,"label":"risk"},{"weight":895,"label":"disease"},{"weight":855,"label":"cardiovascular"},{"weight":793,"label":"cvd"},{"weight":580,"label":"factor"},{"weight":573,"label":"association"},{"weight":481,"label":"associate"},{"weight":412,"label":"high"},{"weight":401,"label":"year"},{"weight":351,"label":"mortality"},{"weight":340,"label":"study"},{"weight":292,"label":"participant"},{"weight":275,"label":"increase"},{"weight":267,"label":"event"},{"weight":222,"label":"incident"},{"weight":205,"label":"conclusion"},{"weight":200,"label":"hazard"},{"weight":200,"label":"ratio"},{"weight":194,"label":"follow"},{"weight":191,"label":"man"},{"weight":187,"label":"population"},{"weight":186,"label":"result"},{"weight":185,"label":"baseline"},{"weight":167,"label":"low"},{"weight":165,"label":"method"}],"subTopicId":582},{"conceptId":8,"clusterId":0,"hexCoordinates":{"x":5.196152422706632,"y":-3},"labels":[{"weight":320,"label":"aki"},{"weight":91,"label":"injury"},{"weight":77,"label":"kidney"},{"weight":77,"label":"day"},{"weight":47,"label":"acute"},{"weight":43,"label":"woman"},{"weight":37,"label":"endometrial"},{"weight":36,"label":"implantation"},{"weight":32,"label":"effect"},{"weight":30,"label":"bundle"},{"weight":28,"label":"cleaning"},{"weight":24,"label":"renal"},{"weight":23,"label":"endometrium"},{"weight":23,"label":"acidosis"},{"weight":22,"label":"ckd"},{"weight":22,"label":"sod"},{"weight":22,"label":"alert"},{"weight":22,"label":"hospital"},{"weight":22,"label":"pre"},{"weight":21,"label":"post"},{"weight":21,"label":"improve"},{"weight":20,"label":"side"},{"weight":20,"label":"stage"},{"weight":19,"label":"evacuation"},{"weight":18,"label":"sepsis"}],"subTopicId":563},{"conceptId":20,"clusterId":0,"hexCoordinates":{"x":3.4641016151377544,"y":3},"labels":[{"weight":294,"label":"pet"},{"weight":243,"label":"disease"},{"weight":202,"label":"carotid"},{"weight":201,"label":"artery"},{"weight":163,"label":"plaque"},{"weight":146,"label":"aortic"},{"weight":128,"label":"atherosclerosis"},{"weight":124,"label":"aneurysm"},{"weight":120,"label":"arterial"},{"weight":113,"label":"vascular"},{"weight":100,"label":"tomography"},{"weight":80,"label":"aaa"},{"weight":80,"label":"imaging"},{"weight":78,"label":"atherosclerotic"},{"weight":78,"label":"positron"},{"weight":77,"label":"uptake"},{"weight":76,"label":"progression"},{"weight":76,"label":"patient"},{"weight":74,"label":"cimt"},{"weight":73,"label":"pad"},{"weight":69,"label":"cad"},{"weight":69,"label":"stenosis"},{"weight":68,"label":"emission"},{"weight":67,"label":"clinical"},{"weight":66,"label":"cardiovascular"}],"subTopicId":962},{"conceptId":21,"clusterId":0,"hexCoordinates":{"x":4.330127018922193,"y":-1.5},"labels":[{"weight":2797,"label":"diabetes"},{"weight":1946,"label":"type"},{"weight":331,"label":"people"},{"weight":318,"label":"hba"},{"weight":264,"label":"diabetic"},{"weight":244,"label":"mellitus"},{"weight":210,"label":"control"},{"weight":122,"label":"complication"},{"weight":114,"label":"aim"},{"weight":109,"label":"patient"},{"weight":104,"label":"glycaemic"},{"weight":92,"label":"management"},{"weight":86,"label":"diagnosis"},{"weight":78,"label":"higher"},{"weight":77,"label":"associate"},{"weight":77,"label":"population"},{"weight":75,"label":"individual"},{"weight":71,"label":"glucose"},{"weight":69,"label":"duration"},{"weight":69,"label":"conclusion"},{"weight":67,"label":"disease"},{"weight":63,"label":"compare"},{"weight":63,"label":"risk"},{"weight":62,"label":"variability"},{"weight":61,"label":"level"}],"subTopicId":964},{"conceptId":7,"clusterId":0,"hexCoordinates":{"x":0.8660254037844386,"y":-1.5},"labels":[{"weight":588,"label":"patient"},{"weight":375,"label":"heart"},{"weight":264,"label":"failure"},{"weight":216,"label":"blocker"},{"weight":182,"label":"hfref"},{"weight":158,"label":"hfpef"},{"weight":147,"label":"beta"},{"weight":143,"label":"ejection"},{"weight":143,"label":"fraction"},{"weight":126,"label":"inhibitor"},{"weight":110,"label":"mortality"},{"weight":109,"label":"ace"},{"weight":106,"label":"arb"},{"weight":102,"label":"reduce"},{"weight":87,"label":"treatment"},{"weight":82,"label":"chf"},{"weight":82,"label":"dose"},{"weight":81,"label":"angiotensin"},{"weight":76,"label":"outcome"},{"weight":73,"label":"rate"},{"weight":71,"label":"receptor"},{"weight":69,"label":"conclusion"},{"weight":68,"label":"hospitalization"},{"weight":59,"label":"method"},{"weight":56,"label":"baseline"}],"subTopicId":387}]}