[{"topicData":[{"numberOfDocuments":0.0,"label":"Heriot-Watt University"},{"numberOfDocuments":0.0,"label":"Robert Gordon University"},{"numberOfDocuments":0.0,"label":"Glasgow Caledonian University"},{"numberOfDocuments":0.0,"label":"Queen Margaret University"},{"numberOfDocuments":0.0,"label":"University of the Highlands and Islands"},{"numberOfDocuments":0.0,"label":"University of Dundee"},{"numberOfDocuments":0.0,"label":"Edinburgh Napier University"},{"numberOfDocuments":0.0,"label":"University of Stirling"},{"numberOfDocuments":0.0,"label":"Abertay University"},{"numberOfDocuments":0.0,"label":"University of Aberdeen"},{"numberOfDocuments":0.0,"label":"University of Edinburgh"},{"numberOfDocuments":0.0,"label":"University of the West of Scotland"},{"numberOfDocuments":0.0,"label":"University of St Andrews"},{"numberOfDocuments":0.0,"label":"University of Glasgow"},{"numberOfDocuments":0.0,"label":"University of Strathclyde"}],"conceptId":-1},{"topicData":[{"numberOfDocuments":2.5641025029663056,"label":"Heriot-Watt University"},{"numberOfDocuments":0.10077519379844961,"label":"Robert Gordon University"},{"numberOfDocuments":0.21068756319514662,"label":"Glasgow Caledonian University"},{"numberOfDocuments":0.08932563190262396,"label":"Queen Margaret University"},{"numberOfDocuments":0.30358433896076653,"label":"University of the Highlands and Islands"},{"numberOfDocuments":0.9789721838608545,"label":"University of Dundee"},{"numberOfDocuments":0.08194444444444446,"label":"Edinburgh Napier University"},{"numberOfDocuments":1.3871335513943412,"label":"University of Stirling"},{"numberOfDocuments":0.03956876456876457,"label":"Abertay University"},{"numberOfDocuments":11.121804975942071,"label":"University of Aberdeen"},{"numberOfDocuments":7.678442961926162,"label":"University of Edinburgh"},{"numberOfDocuments":0.050305129473857825,"label":"University of the West of Scotland"},{"numberOfDocuments":1.628442300073442,"label":"University of St Andrews"},{"numberOfDocuments":11.404343548345423,"label":"University of Glasgow"},{"numberOfDocuments":8.52010526613592,"label":"University of Strathclyde"}],"conceptId":0},{"topicData":[{"numberOfDocuments":2.2743875769893767,"label":"Heriot-Watt University"},{"numberOfDocuments":0.04390451832907076,"label":"Robert Gordon University"},{"numberOfDocuments":0.003289473684210526,"label":"Glasgow Caledonian University"},{"numberOfDocuments":0.013636363636363636,"label":"Queen Margaret University"},{"numberOfDocuments":1.184557969963252,"label":"University of the Highlands and Islands"},{"numberOfDocuments":0.1945784791186755,"label":"University of Dundee"},{"numberOfDocuments":0.10427332993370729,"label":"Edinburgh Napier University"},{"numberOfDocuments":0.7092867562795049,"label":"University of Stirling"},{"numberOfDocuments":0.1347517730496454,"label":"Abertay University"},{"numberOfDocuments":21.195008265051094,"label":"University of Aberdeen"},{"numberOfDocuments":4.370747699936358,"label":"University of Edinburgh"},{"numberOfDocuments":0.09364201485063653,"label":"University of the West of Scotland"},{"numberOfDocuments":2.437307736958143,"label":"University of St Andrews"},{"numberOfDocuments":7.561829299551052,"label":"University of Glasgow"},{"numberOfDocuments":1.6800175529316215,"label":"University of Strathclyde"}],"conceptId":1},{"topicData":[{"numberOfDocuments":4.504637889716833,"label":"Heriot-Watt University"},{"numberOfDocuments":0.3258138140383789,"label":"Robert Gordon University"},{"numberOfDocuments":0.5531746031746032,"label":"Glasgow Caledonian University"},{"numberOfDocuments":0.0,"label":"Queen Margaret University"},{"numberOfDocuments":0.6103996309030182,"label":"University of the Highlands and Islands"},{"numberOfDocuments":0.0855308226597532,"label":"University of Dundee"},{"numberOfDocuments":0.17611241217798596,"label":"Edinburgh Napier University"},{"numberOfDocuments":0.4767825691182361,"label":"University of Stirling"},{"numberOfDocuments":0.02,"label":"Abertay University"},{"numberOfDocuments":22.950058613495795,"label":"University of Aberdeen"},{"numberOfDocuments":3.587730712401256,"label":"University of Edinburgh"},{"numberOfDocuments":0.8681752458068246,"label":"University of the West of Scotland"},{"numberOfDocuments":0.7956370496497287,"label":"University of St Andrews"},{"numberOfDocuments":5.163823706758421,"label":"University of Glasgow"},{"numberOfDocuments":1.6090510153543305,"label":"University of Strathclyde"}],"conceptId":2},{"topicData":[{"numberOfDocuments":0.7496467576788048,"label":"Heriot-Watt University"},{"numberOfDocuments":0.030589946562526577,"label":"Robert Gordon University"},{"numberOfDocuments":0.13044277577993504,"label":"Glasgow Caledonian University"},{"numberOfDocuments":0.05460827945863388,"label":"Queen Margaret University"},{"numberOfDocuments":0.6508127903957237,"label":"University of the Highlands and Islands"},{"numberOfDocuments":0.2536567815641682,"label":"University of Dundee"},{"numberOfDocuments":0.1782736891742033,"label":"Edinburgh Napier University"},{"numberOfDocuments":0.3541986914194575,"label":"University of Stirling"},{"numberOfDocuments":0.014084507042253521,"label":"Abertay University"},{"numberOfDocuments":19.620120910326232,"label":"University of Aberdeen"},{"numberOfDocuments":11.270757561867287,"label":"University of Edinburgh"},{"numberOfDocuments":1.725851621703577,"label":"University of the West of Scotland"},{"numberOfDocuments":49.62119928222544,"label":"University of St Andrews"},{"numberOfDocuments":23.377287746106557,"label":"University of Glasgow"},{"numberOfDocuments":0.6234796606354731,"label":"University of Strathclyde"}],"conceptId":3},{"topicData":[{"numberOfDocuments":2.018546886553757,"label":"Heriot-Watt University"},{"numberOfDocuments":0.12555119023883518,"label":"Robert Gordon University"},{"numberOfDocuments":0.04,"label":"Glasgow Caledonian University"},{"numberOfDocuments":0.01731135066582118,"label":"Queen Margaret University"},{"numberOfDocuments":1.3626190604144832,"label":"University of the Highlands and Islands"},{"numberOfDocuments":0.16603931339690875,"label":"University of Dundee"},{"numberOfDocuments":0.14008553713841998,"label":"Edinburgh Napier University"},{"numberOfDocuments":0.6411774754577042,"label":"University of Stirling"},{"numberOfDocuments":0.04201680672268907,"label":"Abertay University"},{"numberOfDocuments":29.235745861787297,"label":"University of Aberdeen"},{"numberOfDocuments":13.222021598473434,"label":"University of Edinburgh"},{"numberOfDocuments":0.7022621590630869,"label":"University of the West of Scotland"},{"numberOfDocuments":5.2800491602746575,"label":"University of St Andrews"},{"numberOfDocuments":21.451065770314177,"label":"University of Glasgow"},{"numberOfDocuments":1.6920545335913855,"label":"University of Strathclyde"}],"conceptId":4},{"topicData":[{"numberOfDocuments":2.475983546493522,"label":"Heriot-Watt University"},{"numberOfDocuments":0.18044576764575912,"label":"Robert Gordon University"},{"numberOfDocuments":0.03187112267883368,"label":"Glasgow Caledonian University"},{"numberOfDocuments":0.06290175064868664,"label":"Queen Margaret University"},{"numberOfDocuments":1.0982513784021255,"label":"University of the Highlands and Islands"},{"numberOfDocuments":1.0737847030405268,"label":"University of Dundee"},{"numberOfDocuments":0.12996428720877926,"label":"Edinburgh Napier University"},{"numberOfDocuments":2.874166492170822,"label":"University of Stirling"},{"numberOfDocuments":0.3625504268693123,"label":"Abertay University"},{"numberOfDocuments":14.272183339808063,"label":"University of Aberdeen"},{"numberOfDocuments":23.758765990349378,"label":"University of Edinburgh"},{"numberOfDocuments":4.721289232445402,"label":"University of the West of Scotland"},{"numberOfDocuments":29.590557495700395,"label":"University of St Andrews"},{"numberOfDocuments":55.56391456576239,"label":"University of Glasgow"},{"numberOfDocuments":5.007259435671162,"label":"University of Strathclyde"}],"conceptId":5},{"topicData":[{"numberOfDocuments":2.4725660394057747,"label":"Heriot-Watt University"},{"numberOfDocuments":0.3144608002922797,"label":"Robert Gordon University"},{"numberOfDocuments":0.3317307692307692,"label":"Glasgow Caledonian University"},{"numberOfDocuments":0.17245002077514737,"label":"Queen Margaret University"},{"numberOfDocuments":0.5408783696780577,"label":"University of the Highlands and Islands"},{"numberOfDocuments":4.573088417601314,"label":"University of Dundee"},{"numberOfDocuments":0.43214314899988227,"label":"Edinburgh Napier University"},{"numberOfDocuments":2.6947087799154557,"label":"University of Stirling"},{"numberOfDocuments":0.0928740290442418,"label":"Abertay University"},{"numberOfDocuments":15.719317731636133,"label":"University of Aberdeen"},{"numberOfDocuments":3.1629888162758504,"label":"University of Edinburgh"},{"numberOfDocuments":2.3407458789897766,"label":"University of the West of Scotland"},{"numberOfDocuments":1.6975267771578342,"label":"University of St Andrews"},{"numberOfDocuments":14.601559528611487,"label":"University of Glasgow"},{"numberOfDocuments":2.2674164893765782,"label":"University of Strathclyde"}],"conceptId":6},{"topicData":[{"numberOfDocuments":0.6951672180944131,"label":"Heriot-Watt University"},{"numberOfDocuments":0.3943384256238941,"label":"Robert Gordon University"},{"numberOfDocuments":0.020833333333333332,"label":"Glasgow Caledonian University"},{"numberOfDocuments":0.14368640017990666,"label":"Queen Margaret University"},{"numberOfDocuments":0.04316546762589928,"label":"University of the Highlands and Islands"},{"numberOfDocuments":0.19518173366188712,"label":"University of Dundee"},{"numberOfDocuments":0.11950365227330932,"label":"Edinburgh Napier University"},{"numberOfDocuments":4.01175942391245,"label":"University of Stirling"},{"numberOfDocuments":0.1175438596491228,"label":"Abertay University"},{"numberOfDocuments":2.012876383165522,"label":"University of Aberdeen"},{"numberOfDocuments":3.4180411248644886,"label":"University of Edinburgh"},{"numberOfDocuments":0.08904109589041095,"label":"University of the West of Scotland"},{"numberOfDocuments":1.1735999707227511,"label":"University of St Andrews"},{"numberOfDocuments":10.010445854797723,"label":"University of Glasgow"},{"numberOfDocuments":1.0927623679852523,"label":"University of Strathclyde"}],"conceptId":7},{"topicData":[{"numberOfDocuments":0.6946508732319966,"label":"Heriot-Watt University"},{"numberOfDocuments":1.1146512098521084,"label":"Robert Gordon University"},{"numberOfDocuments":0.3587504953110553,"label":"Glasgow Caledonian University"},{"numberOfDocuments":0.09811819186314336,"label":"Queen Margaret University"},{"numberOfDocuments":1.7279986765133086,"label":"University of the Highlands and Islands"},{"numberOfDocuments":0.36303362094504166,"label":"University of Dundee"},{"numberOfDocuments":0.4398896420735501,"label":"Edinburgh Napier University"},{"numberOfDocuments":0.5973595423701453,"label":"University of Stirling"},{"numberOfDocuments":0.030389192032082048,"label":"Abertay University"},{"numberOfDocuments":4.745387550522562,"label":"University of Aberdeen"},{"numberOfDocuments":8.825443787652603,"label":"University of Edinburgh"},{"numberOfDocuments":0.25439119331161464,"label":"University of the West of Scotland"},{"numberOfDocuments":8.320416414415655,"label":"University of St Andrews"},{"numberOfDocuments":15.748954173128721,"label":"University of Glasgow"},{"numberOfDocuments":3.35919453836048,"label":"University of Strathclyde"}],"conceptId":8},{"topicData":[{"numberOfDocuments":0.9733468537686724,"label":"Heriot-Watt University"},{"numberOfDocuments":0.24741777323799796,"label":"Robert Gordon University"},{"numberOfDocuments":0.017220990391722098,"label":"Glasgow Caledonian University"},{"numberOfDocuments":0.017753109746496614,"label":"Queen Margaret University"},{"numberOfDocuments":0.1980978071918603,"label":"University of the Highlands and Islands"},{"numberOfDocuments":1.0693523364419584,"label":"University of Dundee"},{"numberOfDocuments":0.13316216578112894,"label":"Edinburgh Napier University"},{"numberOfDocuments":5.682555369866267,"label":"University of Stirling"},{"numberOfDocuments":0.02857142857142857,"label":"Abertay University"},{"numberOfDocuments":6.618373358160837,"label":"University of Aberdeen"},{"numberOfDocuments":9.247677597899644,"label":"University of Edinburgh"},{"numberOfDocuments":0.26988533763503947,"label":"University of the West of Scotland"},{"numberOfDocuments":13.149005278318024,"label":"University of St Andrews"},{"numberOfDocuments":9.937450030593578,"label":"University of Glasgow"},{"numberOfDocuments":2.4971237543713634,"label":"University of Strathclyde"}],"conceptId":9},{"topicData":[{"numberOfDocuments":0.15335206744279406,"label":"Heriot-Watt University"},{"numberOfDocuments":0.25560583207642035,"label":"Robert Gordon University"},{"numberOfDocuments":0.0,"label":"Glasgow Caledonian University"},{"numberOfDocuments":0.18493150684931506,"label":"Queen Margaret University"},{"numberOfDocuments":0.14285714285714285,"label":"University of the Highlands and Islands"},{"numberOfDocuments":0.6853958679552343,"label":"University of Dundee"},{"numberOfDocuments":0.061224489795918366,"label":"Edinburgh Napier University"},{"numberOfDocuments":0.5967288138535827,"label":"University of Stirling"},{"numberOfDocuments":0.0,"label":"Abertay University"},{"numberOfDocuments":2.11873997952833,"label":"University of Aberdeen"},{"numberOfDocuments":2.5255425562540776,"label":"University of Edinburgh"},{"numberOfDocuments":0.0,"label":"University of the West of Scotland"},{"numberOfDocuments":0.2977263444520082,"label":"University of St Andrews"},{"numberOfDocuments":1.0267290568003655,"label":"University of Glasgow"},{"numberOfDocuments":1.878485037017805,"label":"University of Strathclyde"}],"conceptId":10},{"topicData":[{"numberOfDocuments":13.215594033754757,"label":"Heriot-Watt University"},{"numberOfDocuments":0.11326246586620432,"label":"Robert Gordon University"},{"numberOfDocuments":0.0858162472807358,"label":"Glasgow Caledonian University"},{"numberOfDocuments":0.03073296884995104,"label":"Queen Margaret University"},{"numberOfDocuments":8.72296336719189,"label":"University of the Highlands and Islands"},{"numberOfDocuments":0.4411953135540674,"label":"University of Dundee"},{"numberOfDocuments":0.1916378809314192,"label":"Edinburgh Napier University"},{"numberOfDocuments":3.9534127439175992,"label":"University of Stirling"},{"numberOfDocuments":0.09312520617783776,"label":"Abertay University"},{"numberOfDocuments":28.624681713510768,"label":"University of Aberdeen"},{"numberOfDocuments":28.225895509448264,"label":"University of Edinburgh"},{"numberOfDocuments":0.42272904482256624,"label":"University of the West of Scotland"},{"numberOfDocuments":36.36237898290403,"label":"University of St Andrews"},{"numberOfDocuments":19.450862314079295,"label":"University of Glasgow"},{"numberOfDocuments":2.7152960201710807,"label":"University of Strathclyde"}],"conceptId":11},{"topicData":[{"numberOfDocuments":0.2501932977885267,"label":"Heriot-Watt University"},{"numberOfDocuments":0.04612710890083153,"label":"Robert Gordon University"},{"numberOfDocuments":0.05629603516298885,"label":"Glasgow Caledonian University"},{"numberOfDocuments":0.04,"label":"Queen Margaret University"},{"numberOfDocuments":0.19770408163265307,"label":"University of the Highlands and Islands"},{"numberOfDocuments":0.23209760420358244,"label":"University of Dundee"},{"numberOfDocuments":0.1148825758917502,"label":"Edinburgh Napier University"},{"numberOfDocuments":0.7769611197865793,"label":"University of Stirling"},{"numberOfDocuments":0.0,"label":"Abertay University"},{"numberOfDocuments":3.676655266726145,"label":"University of Aberdeen"},{"numberOfDocuments":12.564993809014492,"label":"University of Edinburgh"},{"numberOfDocuments":0.04812134592583507,"label":"University of the West of Scotland"},{"numberOfDocuments":12.358645848472731,"label":"University of St Andrews"},{"numberOfDocuments":19.448213110833976,"label":"University of Glasgow"},{"numberOfDocuments":1.8861253875267074,"label":"University of Strathclyde"}],"conceptId":12}]