[{"topicData":[{"numberOfDocuments":0.0,"label":"Robert Gordon University"},{"numberOfDocuments":0.0,"label":"Heriot-Watt University"},{"numberOfDocuments":0.0,"label":"Glasgow Caledonian University"},{"numberOfDocuments":0.0,"label":"Queen Margaret University"},{"numberOfDocuments":0.0,"label":"University of the Highlands and Islands"},{"numberOfDocuments":0.0,"label":"University of Dundee"},{"numberOfDocuments":0.0,"label":"Edinburgh Napier University"},{"numberOfDocuments":0.0,"label":"University of Stirling"},{"numberOfDocuments":0.0,"label":"Abertay University"},{"numberOfDocuments":0.0,"label":"University of Aberdeen"},{"numberOfDocuments":0.0,"label":"University of Edinburgh"},{"numberOfDocuments":0.0,"label":"University of the West of Scotland"},{"numberOfDocuments":0.0,"label":"University of St Andrews"},{"numberOfDocuments":0.0,"label":"University of Glasgow"},{"numberOfDocuments":0.0,"label":"University of Strathclyde"}],"conceptId":-1},{"topicData":[{"numberOfDocuments":0.06664212980002454,"label":"Robert Gordon University"},{"numberOfDocuments":3.7550550559717277,"label":"Heriot-Watt University"},{"numberOfDocuments":0.011494252873563218,"label":"Glasgow Caledonian University"},{"numberOfDocuments":5.637927354082783,"label":"Queen Margaret University"},{"numberOfDocuments":0.0,"label":"University of the Highlands and Islands"},{"numberOfDocuments":6.430905919758677,"label":"University of Dundee"},{"numberOfDocuments":0.6823555795275645,"label":"Edinburgh Napier University"},{"numberOfDocuments":2.9249079481384554,"label":"University of Stirling"},{"numberOfDocuments":0.8146964097454732,"label":"Abertay University"},{"numberOfDocuments":2.6254330104492896,"label":"University of Aberdeen"},{"numberOfDocuments":19.051463578637634,"label":"University of Edinburgh"},{"numberOfDocuments":1.9035135521977624,"label":"University of the West of Scotland"},{"numberOfDocuments":2.704360834197624,"label":"University of St Andrews"},{"numberOfDocuments":6.227467180110608,"label":"University of Glasgow"},{"numberOfDocuments":5.6677012178056465,"label":"University of Strathclyde"}],"conceptId":0},{"topicData":[{"numberOfDocuments":0.613200063279368,"label":"Robert Gordon University"},{"numberOfDocuments":1.4867369375058714,"label":"Heriot-Watt University"},{"numberOfDocuments":0.36702542621523304,"label":"Glasgow Caledonian University"},{"numberOfDocuments":6.874647345708396,"label":"Queen Margaret University"},{"numberOfDocuments":0.44749780531567734,"label":"University of the Highlands and Islands"},{"numberOfDocuments":5.541426638356311,"label":"University of Dundee"},{"numberOfDocuments":1.207525180178409,"label":"Edinburgh Napier University"},{"numberOfDocuments":8.9158715967703,"label":"University of Stirling"},{"numberOfDocuments":1.0632825319783976,"label":"Abertay University"},{"numberOfDocuments":4.485494996239122,"label":"University of Aberdeen"},{"numberOfDocuments":20.951237857768565,"label":"University of Edinburgh"},{"numberOfDocuments":1.2559294842687478,"label":"University of the West of Scotland"},{"numberOfDocuments":6.1148009831164165,"label":"University of St Andrews"},{"numberOfDocuments":12.53806501174975,"label":"University of Glasgow"},{"numberOfDocuments":12.151828530476562,"label":"University of Strathclyde"}],"conceptId":1},{"topicData":[{"numberOfDocuments":0.5199026391874637,"label":"Robert Gordon University"},{"numberOfDocuments":0.3685750042899838,"label":"Heriot-Watt University"},{"numberOfDocuments":0.9209825333319341,"label":"Glasgow Caledonian University"},{"numberOfDocuments":1.3754533188174582,"label":"Queen Margaret University"},{"numberOfDocuments":0.007633587786259542,"label":"University of the Highlands and Islands"},{"numberOfDocuments":1.9371894202091267,"label":"University of Dundee"},{"numberOfDocuments":0.9208183142170113,"label":"Edinburgh Napier University"},{"numberOfDocuments":2.2032275608609413,"label":"University of Stirling"},{"numberOfDocuments":0.47109181141439205,"label":"Abertay University"},{"numberOfDocuments":1.706584800796435,"label":"University of Aberdeen"},{"numberOfDocuments":9.24719268792741,"label":"University of Edinburgh"},{"numberOfDocuments":0.7900283217219648,"label":"University of the West of Scotland"},{"numberOfDocuments":1.7033154849640848,"label":"University of St Andrews"},{"numberOfDocuments":3.753932207863867,"label":"University of Glasgow"},{"numberOfDocuments":8.525933978872205,"label":"University of Strathclyde"}],"conceptId":2},{"topicData":[{"numberOfDocuments":1.0167793467292718,"label":"Robert Gordon University"},{"numberOfDocuments":0.8737446540734869,"label":"Heriot-Watt University"},{"numberOfDocuments":1.3735123230036446,"label":"Glasgow Caledonian University"},{"numberOfDocuments":3.912931070625276,"label":"Queen Margaret University"},{"numberOfDocuments":1.1152589635316563,"label":"University of the Highlands and Islands"},{"numberOfDocuments":3.38720249877258,"label":"University of Dundee"},{"numberOfDocuments":1.3456181455707623,"label":"Edinburgh Napier University"},{"numberOfDocuments":6.699282985978491,"label":"University of Stirling"},{"numberOfDocuments":1.5486509364142216,"label":"Abertay University"},{"numberOfDocuments":1.688495979877637,"label":"University of Aberdeen"},{"numberOfDocuments":14.587735113958317,"label":"University of Edinburgh"},{"numberOfDocuments":3.862232739973214,"label":"University of the West of Scotland"},{"numberOfDocuments":10.240067100406232,"label":"University of St Andrews"},{"numberOfDocuments":20.20786416329592,"label":"University of Glasgow"},{"numberOfDocuments":18.333720499708356,"label":"University of Strathclyde"}],"conceptId":3},{"topicData":[{"numberOfDocuments":1.4437244938685965,"label":"Robert Gordon University"},{"numberOfDocuments":1.3280907191449343,"label":"Heriot-Watt University"},{"numberOfDocuments":1.0590872860040592,"label":"Glasgow Caledonian University"},{"numberOfDocuments":7.51822767147974,"label":"Queen Margaret University"},{"numberOfDocuments":0.5725265690828996,"label":"University of the Highlands and Islands"},{"numberOfDocuments":4.060721682932972,"label":"University of Dundee"},{"numberOfDocuments":1.6109218978753352,"label":"Edinburgh Napier University"},{"numberOfDocuments":13.544067557263565,"label":"University of Stirling"},{"numberOfDocuments":1.5011060138503258,"label":"Abertay University"},{"numberOfDocuments":3.4981699134171924,"label":"University of Aberdeen"},{"numberOfDocuments":19.401469030582888,"label":"University of Edinburgh"},{"numberOfDocuments":1.5124317870882367,"label":"University of the West of Scotland"},{"numberOfDocuments":6.0625464256280175,"label":"University of St Andrews"},{"numberOfDocuments":19.18840042074047,"label":"University of Glasgow"},{"numberOfDocuments":14.66500528568134,"label":"University of Strathclyde"}],"conceptId":4},{"topicData":[{"numberOfDocuments":0.06746031746031746,"label":"Robert Gordon University"},{"numberOfDocuments":0.2625356564644206,"label":"Heriot-Watt University"},{"numberOfDocuments":0.013157894736842105,"label":"Glasgow Caledonian University"},{"numberOfDocuments":0.33826770201151957,"label":"Queen Margaret University"},{"numberOfDocuments":0.2818954200121588,"label":"University of the Highlands and Islands"},{"numberOfDocuments":0.7092857270445596,"label":"University of Dundee"},{"numberOfDocuments":0.29427176777059977,"label":"Edinburgh Napier University"},{"numberOfDocuments":0.8083330920409518,"label":"University of Stirling"},{"numberOfDocuments":0.4625088420323882,"label":"Abertay University"},{"numberOfDocuments":1.0614598749448578,"label":"University of Aberdeen"},{"numberOfDocuments":3.7040662432588176,"label":"University of Edinburgh"},{"numberOfDocuments":0.7878202090119333,"label":"University of the West of Scotland"},{"numberOfDocuments":1.867373308023112,"label":"University of St Andrews"},{"numberOfDocuments":2.3593629673134378,"label":"University of Glasgow"},{"numberOfDocuments":3.143183136545198,"label":"University of Strathclyde"}],"conceptId":5},{"topicData":[{"numberOfDocuments":2.99052378589464,"label":"Robert Gordon University"},{"numberOfDocuments":0.8408663205243351,"label":"Heriot-Watt University"},{"numberOfDocuments":0.88449329076201,"label":"Glasgow Caledonian University"},{"numberOfDocuments":6.019573676757508,"label":"Queen Margaret University"},{"numberOfDocuments":1.2935665084507626,"label":"University of the Highlands and Islands"},{"numberOfDocuments":5.017676218812805,"label":"University of Dundee"},{"numberOfDocuments":2.272494805514813,"label":"Edinburgh Napier University"},{"numberOfDocuments":14.134660807795358,"label":"University of Stirling"},{"numberOfDocuments":1.1861526832326523,"label":"Abertay University"},{"numberOfDocuments":2.5036767280719445,"label":"University of Aberdeen"},{"numberOfDocuments":16.97051804155188,"label":"University of Edinburgh"},{"numberOfDocuments":0.9444587341663488,"label":"University of the West of Scotland"},{"numberOfDocuments":4.280783068018365,"label":"University of St Andrews"},{"numberOfDocuments":12.72578538562412,"label":"University of Glasgow"},{"numberOfDocuments":13.457860439905438,"label":"University of Strathclyde"}],"conceptId":6},{"topicData":[{"numberOfDocuments":0.2959451728573898,"label":"Robert Gordon University"},{"numberOfDocuments":0.842882074296978,"label":"Heriot-Watt University"},{"numberOfDocuments":1.8080334546782844,"label":"Glasgow Caledonian University"},{"numberOfDocuments":6.135735650518421,"label":"Queen Margaret University"},{"numberOfDocuments":0.059153175591531756,"label":"University of the Highlands and Islands"},{"numberOfDocuments":1.8111592766940543,"label":"University of Dundee"},{"numberOfDocuments":0.5194894493120278,"label":"Edinburgh Napier University"},{"numberOfDocuments":3.8851475521362113,"label":"University of Stirling"},{"numberOfDocuments":0.2791419006627041,"label":"Abertay University"},{"numberOfDocuments":0.41432796660756493,"label":"University of Aberdeen"},{"numberOfDocuments":2.3374269824415848,"label":"University of Edinburgh"},{"numberOfDocuments":0.011363636363636364,"label":"University of the West of Scotland"},{"numberOfDocuments":0.2929307956328443,"label":"University of St Andrews"},{"numberOfDocuments":1.7813021396978777,"label":"University of Glasgow"},{"numberOfDocuments":5.691790859371799,"label":"University of Strathclyde"}],"conceptId":7},{"topicData":[{"numberOfDocuments":3.196324598942674,"label":"Robert Gordon University"},{"numberOfDocuments":2.2408576289460793,"label":"Heriot-Watt University"},{"numberOfDocuments":0.8882091907955276,"label":"Glasgow Caledonian University"},{"numberOfDocuments":3.958092930804824,"label":"Queen Margaret University"},{"numberOfDocuments":0.17744011212956903,"label":"University of the Highlands and Islands"},{"numberOfDocuments":2.068123883409338,"label":"University of Dundee"},{"numberOfDocuments":0.7993823697227667,"label":"Edinburgh Napier University"},{"numberOfDocuments":14.475672103909233,"label":"University of Stirling"},{"numberOfDocuments":0.3653254148390291,"label":"Abertay University"},{"numberOfDocuments":2.943566083950978,"label":"University of Aberdeen"},{"numberOfDocuments":16.724453924261137,"label":"University of Edinburgh"},{"numberOfDocuments":1.4816160803525649,"label":"University of the West of Scotland"},{"numberOfDocuments":2.2266786213947865,"label":"University of St Andrews"},{"numberOfDocuments":8.377388792318484,"label":"University of Glasgow"},{"numberOfDocuments":40.217158032337345,"label":"University of Strathclyde"}],"conceptId":8},{"topicData":[{"numberOfDocuments":1.2097838377084895,"label":"Robert Gordon University"},{"numberOfDocuments":1.307877337866491,"label":"Heriot-Watt University"},{"numberOfDocuments":2.386410992483121,"label":"Glasgow Caledonian University"},{"numberOfDocuments":6.022232958299936,"label":"Queen Margaret University"},{"numberOfDocuments":1.6939749025268322,"label":"University of the Highlands and Islands"},{"numberOfDocuments":8.468250538277506,"label":"University of Dundee"},{"numberOfDocuments":4.532630204576847,"label":"Edinburgh Napier University"},{"numberOfDocuments":15.071716090686268,"label":"University of Stirling"},{"numberOfDocuments":0.9586894239962606,"label":"Abertay University"},{"numberOfDocuments":3.026618257808138,"label":"University of Aberdeen"},{"numberOfDocuments":18.624056584276204,"label":"University of Edinburgh"},{"numberOfDocuments":2.45249600495102,"label":"University of the West of Scotland"},{"numberOfDocuments":5.349157851242287,"label":"University of St Andrews"},{"numberOfDocuments":16.378323932777402,"label":"University of Glasgow"},{"numberOfDocuments":34.296247389780234,"label":"University of Strathclyde"}],"conceptId":9},{"topicData":[{"numberOfDocuments":0.5671008220095327,"label":"Robert Gordon University"},{"numberOfDocuments":0.1343101343101343,"label":"Heriot-Watt University"},{"numberOfDocuments":0.0,"label":"Glasgow Caledonian University"},{"numberOfDocuments":0.8273127854174824,"label":"Queen Margaret University"},{"numberOfDocuments":0.5282081243744022,"label":"University of the Highlands and Islands"},{"numberOfDocuments":0.7322648751700294,"label":"University of Dundee"},{"numberOfDocuments":1.4309465297157566,"label":"Edinburgh Napier University"},{"numberOfDocuments":0.7397941171878784,"label":"University of Stirling"},{"numberOfDocuments":0.010526315789473684,"label":"Abertay University"},{"numberOfDocuments":1.325279689063219,"label":"University of Aberdeen"},{"numberOfDocuments":3.305561992477301,"label":"University of Edinburgh"},{"numberOfDocuments":0.25170042063245945,"label":"University of the West of Scotland"},{"numberOfDocuments":1.4741136787674558,"label":"University of St Andrews"},{"numberOfDocuments":2.8323033744089234,"label":"University of Glasgow"},{"numberOfDocuments":2.50618429812348,"label":"University of Strathclyde"}],"conceptId":10},{"topicData":[{"numberOfDocuments":0.2278325123152709,"label":"Robert Gordon University"},{"numberOfDocuments":0.10066352122244246,"label":"Heriot-Watt University"},{"numberOfDocuments":0.18721227621483377,"label":"Glasgow Caledonian University"},{"numberOfDocuments":0.4093943661566106,"label":"Queen Margaret University"},{"numberOfDocuments":5.899504195270786,"label":"University of the Highlands and Islands"},{"numberOfDocuments":4.3589942527623196,"label":"University of Dundee"},{"numberOfDocuments":0.33358348968105067,"label":"Edinburgh Napier University"},{"numberOfDocuments":1.4702192129038512,"label":"University of Stirling"},{"numberOfDocuments":0.09345794392523364,"label":"Abertay University"},{"numberOfDocuments":0.4213413109794751,"label":"University of Aberdeen"},{"numberOfDocuments":2.889127469952806,"label":"University of Edinburgh"},{"numberOfDocuments":0.0923600432692894,"label":"University of the West of Scotland"},{"numberOfDocuments":0.38858092066201144,"label":"University of St Andrews"},{"numberOfDocuments":2.0299577486917593,"label":"University of Glasgow"},{"numberOfDocuments":0.36414370279648905,"label":"University of Strathclyde"}],"conceptId":11},{"topicData":[{"numberOfDocuments":0.0,"label":"Robert Gordon University"},{"numberOfDocuments":0.2813949938949939,"label":"Heriot-Watt University"},{"numberOfDocuments":0.20281884841928116,"label":"Glasgow Caledonian University"},{"numberOfDocuments":0.008403361344537815,"label":"Queen Margaret University"},{"numberOfDocuments":0.0158125,"label":"University of the Highlands and Islands"},{"numberOfDocuments":0.2511483889964046,"label":"University of Dundee"},{"numberOfDocuments":0.03488372093023256,"label":"Edinburgh Napier University"},{"numberOfDocuments":0.683358335724952,"label":"University of Stirling"},{"numberOfDocuments":0.0,"label":"Abertay University"},{"numberOfDocuments":1.4421791243039317,"label":"University of Aberdeen"},{"numberOfDocuments":3.7697765297719386,"label":"University of Edinburgh"},{"numberOfDocuments":0.0,"label":"University of the West of Scotland"},{"numberOfDocuments":0.6567475183703613,"label":"University of St Andrews"},{"numberOfDocuments":2.8221446643714514,"label":"University of Glasgow"},{"numberOfDocuments":5.645489298704532,"label":"University of Strathclyde"}],"conceptId":12},{"topicData":[{"numberOfDocuments":0.4171589322763807,"label":"Robert Gordon University"},{"numberOfDocuments":0.07699269230358116,"label":"Heriot-Watt University"},{"numberOfDocuments":0.8657741758132824,"label":"Glasgow Caledonian University"},{"numberOfDocuments":3.1674675564833827,"label":"Queen Margaret University"},{"numberOfDocuments":0.1224026606699574,"label":"University of the Highlands and Islands"},{"numberOfDocuments":3.521004656152103,"label":"University of Dundee"},{"numberOfDocuments":2.734611790338573,"label":"Edinburgh Napier University"},{"numberOfDocuments":8.081023002430097,"label":"University of Stirling"},{"numberOfDocuments":1.0422023852817144,"label":"Abertay University"},{"numberOfDocuments":0.40909564451992,"label":"University of Aberdeen"},{"numberOfDocuments":19.378252036556503,"label":"University of Edinburgh"},{"numberOfDocuments":0.47983443437816686,"label":"University of the West of Scotland"},{"numberOfDocuments":1.4043901943381338,"label":"University of St Andrews"},{"numberOfDocuments":9.127913974506628,"label":"University of Glasgow"},{"numberOfDocuments":6.096197692958617,"label":"University of Strathclyde"}],"conceptId":13}]