[{"topicData":[{"numberOfDocuments":0.0,"label":"Robert Gordon University"},{"numberOfDocuments":0.0,"label":"Heriot-Watt University"},{"numberOfDocuments":0.0,"label":"Glasgow Caledonian University"},{"numberOfDocuments":0.0,"label":"Queen Margaret University"},{"numberOfDocuments":0.0,"label":"University of the Highlands and Islands"},{"numberOfDocuments":0.0,"label":"University of Dundee"},{"numberOfDocuments":0.0,"label":"Edinburgh Napier University"},{"numberOfDocuments":0.0,"label":"University of Stirling"},{"numberOfDocuments":0.0,"label":"Abertay University"},{"numberOfDocuments":0.0,"label":"University of Aberdeen"},{"numberOfDocuments":0.0,"label":"University of Edinburgh"},{"numberOfDocuments":0.0,"label":"University of the West of Scotland"},{"numberOfDocuments":0.0,"label":"University of Glasgow"},{"numberOfDocuments":0.0,"label":"University of St Andrews"},{"numberOfDocuments":0.0,"label":"University of Strathclyde"}],"conceptId":-1},{"topicData":[{"numberOfDocuments":4.292531028963292,"label":"Robert Gordon University"},{"numberOfDocuments":1.8752312683456365,"label":"Heriot-Watt University"},{"numberOfDocuments":0.0,"label":"Glasgow Caledonian University"},{"numberOfDocuments":0.08266049138101843,"label":"Queen Margaret University"},{"numberOfDocuments":0.15587698837447408,"label":"University of the Highlands and Islands"},{"numberOfDocuments":0.09738646068569343,"label":"University of Dundee"},{"numberOfDocuments":0.9582042700234596,"label":"Edinburgh Napier University"},{"numberOfDocuments":0.4291636008749532,"label":"University of Stirling"},{"numberOfDocuments":0.3779952537689444,"label":"Abertay University"},{"numberOfDocuments":0.36834951477732886,"label":"University of Aberdeen"},{"numberOfDocuments":4.249149684826166,"label":"University of Edinburgh"},{"numberOfDocuments":0.4458256096710114,"label":"University of the West of Scotland"},{"numberOfDocuments":2.6926085215826037,"label":"University of Glasgow"},{"numberOfDocuments":0.3841221239409034,"label":"University of St Andrews"},{"numberOfDocuments":6.236824876028822,"label":"University of Strathclyde"}],"conceptId":0},{"topicData":[{"numberOfDocuments":0.07347898263145941,"label":"Robert Gordon University"},{"numberOfDocuments":1.0170492017637223,"label":"Heriot-Watt University"},{"numberOfDocuments":0.01953125,"label":"Glasgow Caledonian University"},{"numberOfDocuments":0.006211180124223602,"label":"Queen Margaret University"},{"numberOfDocuments":0.053793377746842994,"label":"University of the Highlands and Islands"},{"numberOfDocuments":0.35074691216341014,"label":"University of Dundee"},{"numberOfDocuments":0.08404534062428799,"label":"Edinburgh Napier University"},{"numberOfDocuments":0.19932232339572373,"label":"University of Stirling"},{"numberOfDocuments":0.33127721335268506,"label":"Abertay University"},{"numberOfDocuments":0.9672903054051378,"label":"University of Aberdeen"},{"numberOfDocuments":1.746194406168599,"label":"University of Edinburgh"},{"numberOfDocuments":0.4215628439575337,"label":"University of the West of Scotland"},{"numberOfDocuments":4.975127516466233,"label":"University of Glasgow"},{"numberOfDocuments":3.0664048606297754,"label":"University of St Andrews"},{"numberOfDocuments":25.830347992879712,"label":"University of Strathclyde"}],"conceptId":1},{"topicData":[{"numberOfDocuments":0.2455022432887657,"label":"Robert Gordon University"},{"numberOfDocuments":1.8406507850646137,"label":"Heriot-Watt University"},{"numberOfDocuments":0.0,"label":"Glasgow Caledonian University"},{"numberOfDocuments":0.04568764568764569,"label":"Queen Margaret University"},{"numberOfDocuments":0.3130954494348778,"label":"University of the Highlands and Islands"},{"numberOfDocuments":0.15694333266914756,"label":"University of Dundee"},{"numberOfDocuments":0.23017241500733127,"label":"Edinburgh Napier University"},{"numberOfDocuments":0.15157826444187142,"label":"University of Stirling"},{"numberOfDocuments":0.0,"label":"Abertay University"},{"numberOfDocuments":0.8559296176834607,"label":"University of Aberdeen"},{"numberOfDocuments":2.4126477105166844,"label":"University of Edinburgh"},{"numberOfDocuments":0.27451749300961603,"label":"University of the West of Scotland"},{"numberOfDocuments":3.5410283062798817,"label":"University of Glasgow"},{"numberOfDocuments":4.6920087500347885,"label":"University of St Andrews"},{"numberOfDocuments":4.478766359855457,"label":"University of Strathclyde"}],"conceptId":2},{"topicData":[{"numberOfDocuments":8.191363227909637,"label":"Robert Gordon University"},{"numberOfDocuments":8.800478947355074,"label":"Heriot-Watt University"},{"numberOfDocuments":0.6270874223903953,"label":"Glasgow Caledonian University"},{"numberOfDocuments":0.02631402745229327,"label":"Queen Margaret University"},{"numberOfDocuments":0.07406813313394228,"label":"University of the Highlands and Islands"},{"numberOfDocuments":1.4825371572570287,"label":"University of Dundee"},{"numberOfDocuments":0.19325633726836178,"label":"Edinburgh Napier University"},{"numberOfDocuments":0.053648864586187124,"label":"University of Stirling"},{"numberOfDocuments":0.1798693455544359,"label":"Abertay University"},{"numberOfDocuments":3.5806600686171977,"label":"University of Aberdeen"},{"numberOfDocuments":12.44969645350399,"label":"University of Edinburgh"},{"numberOfDocuments":8.753633611376035,"label":"University of the West of Scotland"},{"numberOfDocuments":12.875650039965201,"label":"University of Glasgow"},{"numberOfDocuments":12.479493366428116,"label":"University of St Andrews"},{"numberOfDocuments":13.06614452470278,"label":"University of Strathclyde"}],"conceptId":3},{"topicData":[{"numberOfDocuments":2.020707680139696,"label":"Robert Gordon University"},{"numberOfDocuments":3.650278840213294,"label":"Heriot-Watt University"},{"numberOfDocuments":0.3908045977011494,"label":"Glasgow Caledonian University"},{"numberOfDocuments":0.058569323948273036,"label":"Queen Margaret University"},{"numberOfDocuments":0.262706959316406,"label":"University of the Highlands and Islands"},{"numberOfDocuments":3.248340922739513,"label":"University of Dundee"},{"numberOfDocuments":2.5839025073757376,"label":"Edinburgh Napier University"},{"numberOfDocuments":0.3204704400934514,"label":"University of Stirling"},{"numberOfDocuments":1.3897341193268145,"label":"Abertay University"},{"numberOfDocuments":0.5472202807196995,"label":"University of Aberdeen"},{"numberOfDocuments":3.904100639908023,"label":"University of Edinburgh"},{"numberOfDocuments":3.3233131514384833,"label":"University of the West of Scotland"},{"numberOfDocuments":3.3914916666061594,"label":"University of Glasgow"},{"numberOfDocuments":2.19315292799903,"label":"University of St Andrews"},{"numberOfDocuments":7.459288507928906,"label":"University of Strathclyde"}],"conceptId":4},{"topicData":[{"numberOfDocuments":4.912576447917619,"label":"Robert Gordon University"},{"numberOfDocuments":12.323266505628911,"label":"Heriot-Watt University"},{"numberOfDocuments":0.4950870646766169,"label":"Glasgow Caledonian University"},{"numberOfDocuments":0.020150169571064393,"label":"Queen Margaret University"},{"numberOfDocuments":0.2379524187297033,"label":"University of the Highlands and Islands"},{"numberOfDocuments":4.031614338555262,"label":"University of Dundee"},{"numberOfDocuments":0.7745581645721686,"label":"Edinburgh Napier University"},{"numberOfDocuments":0.8962807190435225,"label":"University of Stirling"},{"numberOfDocuments":1.261006115104833,"label":"Abertay University"},{"numberOfDocuments":1.5756283573647893,"label":"University of Aberdeen"},{"numberOfDocuments":11.062912133352969,"label":"University of Edinburgh"},{"numberOfDocuments":8.698152555943771,"label":"University of the West of Scotland"},{"numberOfDocuments":41.833304739225916,"label":"University of Glasgow"},{"numberOfDocuments":17.439009131250675,"label":"University of St Andrews"},{"numberOfDocuments":26.09820462227248,"label":"University of Strathclyde"}],"conceptId":5},{"topicData":[{"numberOfDocuments":0.5794884469121528,"label":"Robert Gordon University"},{"numberOfDocuments":6.139243175518749,"label":"Heriot-Watt University"},{"numberOfDocuments":0.16342402115976393,"label":"Glasgow Caledonian University"},{"numberOfDocuments":0.13965850414718234,"label":"Queen Margaret University"},{"numberOfDocuments":0.3206972878578434,"label":"University of the Highlands and Islands"},{"numberOfDocuments":0.9514069305854675,"label":"University of Dundee"},{"numberOfDocuments":0.25043557456244553,"label":"Edinburgh Napier University"},{"numberOfDocuments":1.1997481419143863,"label":"University of Stirling"},{"numberOfDocuments":0.2268593475082106,"label":"Abertay University"},{"numberOfDocuments":9.303814590678785,"label":"University of Aberdeen"},{"numberOfDocuments":74.0456559946335,"label":"University of Edinburgh"},{"numberOfDocuments":0.07058376218013333,"label":"University of the West of Scotland"},{"numberOfDocuments":20.590746257930032,"label":"University of Glasgow"},{"numberOfDocuments":33.02948207655379,"label":"University of St Andrews"},{"numberOfDocuments":18.560435593064486,"label":"University of Strathclyde"}],"conceptId":6},{"topicData":[{"numberOfDocuments":14.071030655339776,"label":"Robert Gordon University"},{"numberOfDocuments":11.810302463509768,"label":"Heriot-Watt University"},{"numberOfDocuments":0.14703296703296703,"label":"Glasgow Caledonian University"},{"numberOfDocuments":0.041267919719655946,"label":"Queen Margaret University"},{"numberOfDocuments":0.8363733438581752,"label":"University of the Highlands and Islands"},{"numberOfDocuments":6.993079855634319,"label":"University of Dundee"},{"numberOfDocuments":0.9258394658262301,"label":"Edinburgh Napier University"},{"numberOfDocuments":0.9726498005449159,"label":"University of Stirling"},{"numberOfDocuments":1.0777905650183746,"label":"Abertay University"},{"numberOfDocuments":6.1836485994514945,"label":"University of Aberdeen"},{"numberOfDocuments":17.360384110446336,"label":"University of Edinburgh"},{"numberOfDocuments":2.429268108477481,"label":"University of the West of Scotland"},{"numberOfDocuments":18.123726651351063,"label":"University of Glasgow"},{"numberOfDocuments":16.07225607243505,"label":"University of St Andrews"},{"numberOfDocuments":13.453750854721239,"label":"University of Strathclyde"}],"conceptId":7},{"topicData":[{"numberOfDocuments":0.08122977346278316,"label":"Robert Gordon University"},{"numberOfDocuments":4.330427683012993,"label":"Heriot-Watt University"},{"numberOfDocuments":0.030927835051546393,"label":"Glasgow Caledonian University"},{"numberOfDocuments":0.02795883361921098,"label":"Queen Margaret University"},{"numberOfDocuments":0.17166109393729104,"label":"University of the Highlands and Islands"},{"numberOfDocuments":1.5259248098389084,"label":"University of Dundee"},{"numberOfDocuments":0.07562612538877067,"label":"Edinburgh Napier University"},{"numberOfDocuments":1.1384335168594615,"label":"University of Stirling"},{"numberOfDocuments":0.057692307692307696,"label":"Abertay University"},{"numberOfDocuments":0.9290790417468271,"label":"University of Aberdeen"},{"numberOfDocuments":2.3166678776824368,"label":"University of Edinburgh"},{"numberOfDocuments":0.15105506948018527,"label":"University of the West of Scotland"},{"numberOfDocuments":4.889380670829052,"label":"University of Glasgow"},{"numberOfDocuments":3.7496525787491937,"label":"University of St Andrews"},{"numberOfDocuments":4.496431398515153,"label":"University of Strathclyde"}],"conceptId":8},{"topicData":[{"numberOfDocuments":0.48409804737372375,"label":"Robert Gordon University"},{"numberOfDocuments":4.465330181106279,"label":"Heriot-Watt University"},{"numberOfDocuments":0.07338489268437079,"label":"Glasgow Caledonian University"},{"numberOfDocuments":0.02895076674737692,"label":"Queen Margaret University"},{"numberOfDocuments":0.1463892319910026,"label":"University of the Highlands and Islands"},{"numberOfDocuments":0.8690581818390171,"label":"University of Dundee"},{"numberOfDocuments":0.040351048656814825,"label":"Edinburgh Napier University"},{"numberOfDocuments":0.25131309208367014,"label":"University of Stirling"},{"numberOfDocuments":0.08774471637885277,"label":"Abertay University"},{"numberOfDocuments":1.222901120605626,"label":"University of Aberdeen"},{"numberOfDocuments":22.771179490072655,"label":"University of Edinburgh"},{"numberOfDocuments":0.3072007202122009,"label":"University of the West of Scotland"},{"numberOfDocuments":26.9090311351351,"label":"University of Glasgow"},{"numberOfDocuments":28.683548285530264,"label":"University of St Andrews"},{"numberOfDocuments":13.794381322954068,"label":"University of Strathclyde"}],"conceptId":9},{"topicData":[{"numberOfDocuments":33.0058412506068,"label":"Robert Gordon University"},{"numberOfDocuments":20.86528415013107,"label":"Heriot-Watt University"},{"numberOfDocuments":0.2122133621992223,"label":"Glasgow Caledonian University"},{"numberOfDocuments":0.06328047773973,"label":"Queen Margaret University"},{"numberOfDocuments":0.2172734213617678,"label":"University of the Highlands and Islands"},{"numberOfDocuments":1.1323170234781732,"label":"University of Dundee"},{"numberOfDocuments":0.03638734665439953,"label":"Edinburgh Napier University"},{"numberOfDocuments":0.4963489491324177,"label":"University of Stirling"},{"numberOfDocuments":0.5892279441869607,"label":"Abertay University"},{"numberOfDocuments":11.820848812064137,"label":"University of Aberdeen"},{"numberOfDocuments":16.79042745198343,"label":"University of Edinburgh"},{"numberOfDocuments":0.8019546781722031,"label":"University of the West of Scotland"},{"numberOfDocuments":20.2694599375766,"label":"University of Glasgow"},{"numberOfDocuments":10.221661601435573,"label":"University of St Andrews"},{"numberOfDocuments":7.906058602522379,"label":"University of Strathclyde"}],"conceptId":10},{"topicData":[{"numberOfDocuments":16.819685858157495,"label":"Robert Gordon University"},{"numberOfDocuments":17.068181110249206,"label":"Heriot-Watt University"},{"numberOfDocuments":1.4329827951960672,"label":"Glasgow Caledonian University"},{"numberOfDocuments":0.32322221516421606,"label":"Queen Margaret University"},{"numberOfDocuments":1.9884332846467356,"label":"University of the Highlands and Islands"},{"numberOfDocuments":7.28819260371909,"label":"University of Dundee"},{"numberOfDocuments":0.9955095157293419,"label":"Edinburgh Napier University"},{"numberOfDocuments":3.0275487086759023,"label":"University of Stirling"},{"numberOfDocuments":3.3652031087833825,"label":"Abertay University"},{"numberOfDocuments":8.499333062585468,"label":"University of Aberdeen"},{"numberOfDocuments":23.66892092018987,"label":"University of Edinburgh"},{"numberOfDocuments":6.271082720235178,"label":"University of the West of Scotland"},{"numberOfDocuments":66.2964509152325,"label":"University of Glasgow"},{"numberOfDocuments":31.650258249377952,"label":"University of St Andrews"},{"numberOfDocuments":50.7736119801486,"label":"University of Strathclyde"}],"conceptId":11},{"topicData":[{"numberOfDocuments":0.6117335079640625,"label":"Robert Gordon University"},{"numberOfDocuments":7.170983892554066,"label":"Heriot-Watt University"},{"numberOfDocuments":0.2998155935147254,"label":"Glasgow Caledonian University"},{"numberOfDocuments":0.15393285120320416,"label":"Queen Margaret University"},{"numberOfDocuments":0.03520589845133456,"label":"University of the Highlands and Islands"},{"numberOfDocuments":0.5923398521161091,"label":"University of Dundee"},{"numberOfDocuments":0.2962813149839625,"label":"Edinburgh Napier University"},{"numberOfDocuments":0.6396928003839457,"label":"University of Stirling"},{"numberOfDocuments":0.16441438631829472,"label":"Abertay University"},{"numberOfDocuments":4.406449164917664,"label":"University of Aberdeen"},{"numberOfDocuments":9.429049088308064,"label":"University of Edinburgh"},{"numberOfDocuments":1.5210259262487367,"label":"University of the West of Scotland"},{"numberOfDocuments":99.34523504415145,"label":"University of Glasgow"},{"numberOfDocuments":25.4629854862149,"label":"University of St Andrews"},{"numberOfDocuments":18.14865626301997,"label":"University of Strathclyde"}],"conceptId":12},{"topicData":[{"numberOfDocuments":0.049690787493935504,"label":"Robert Gordon University"},{"numberOfDocuments":1.5801643241283434,"label":"Heriot-Watt University"},{"numberOfDocuments":0.0,"label":"Glasgow Caledonian University"},{"numberOfDocuments":0.32942657884540877,"label":"Queen Margaret University"},{"numberOfDocuments":0.010309278350515464,"label":"University of the Highlands and Islands"},{"numberOfDocuments":1.501497802089852,"label":"University of Dundee"},{"numberOfDocuments":0.0,"label":"Edinburgh Napier University"},{"numberOfDocuments":0.5050283443544762,"label":"University of Stirling"},{"numberOfDocuments":0.19267233285924876,"label":"Abertay University"},{"numberOfDocuments":0.09027777777777778,"label":"University of Aberdeen"},{"numberOfDocuments":1.0921062003824413,"label":"University of Edinburgh"},{"numberOfDocuments":0.1656050955414013,"label":"University of the West of Scotland"},{"numberOfDocuments":1.2313824010769567,"label":"University of Glasgow"},{"numberOfDocuments":0.9174593875211597,"label":"University of St Andrews"},{"numberOfDocuments":1.0284689309516135,"label":"University of Strathclyde"}],"conceptId":13},{"topicData":[{"numberOfDocuments":4.9408025817616705,"label":"Robert Gordon University"},{"numberOfDocuments":12.367387308761502,"label":"Heriot-Watt University"},{"numberOfDocuments":0.9095471261978301,"label":"Glasgow Caledonian University"},{"numberOfDocuments":0.11475768838608966,"label":"Queen Margaret University"},{"numberOfDocuments":0.6212549299936956,"label":"University of the Highlands and Islands"},{"numberOfDocuments":2.8976853001756973,"label":"University of Dundee"},{"numberOfDocuments":0.1146467065081181,"label":"Edinburgh Napier University"},{"numberOfDocuments":0.24629542663061582,"label":"University of Stirling"},{"numberOfDocuments":0.3159220133434477,"label":"Abertay University"},{"numberOfDocuments":4.766760140445565,"label":"University of Aberdeen"},{"numberOfDocuments":12.605245424004368,"label":"University of Edinburgh"},{"numberOfDocuments":0.8816215135322243,"label":"University of the West of Scotland"},{"numberOfDocuments":31.737009921224672,"label":"University of Glasgow"},{"numberOfDocuments":38.79598671464401,"label":"University of St Andrews"},{"numberOfDocuments":19.34208813810169,"label":"University of Strathclyde"}],"conceptId":14},{"topicData":[{"numberOfDocuments":1.1412372682476977,"label":"Robert Gordon University"},{"numberOfDocuments":23.735088542279684,"label":"Heriot-Watt University"},{"numberOfDocuments":0.4691811596809156,"label":"Glasgow Caledonian University"},{"numberOfDocuments":0.18944574393203217,"label":"Queen Margaret University"},{"numberOfDocuments":0.6523882343641532,"label":"University of the Highlands and Islands"},{"numberOfDocuments":4.443489573942964,"label":"University of Dundee"},{"numberOfDocuments":1.9810214323805435,"label":"Edinburgh Napier University"},{"numberOfDocuments":1.4125402719104945,"label":"University of Stirling"},{"numberOfDocuments":0.5464775044968928,"label":"Abertay University"},{"numberOfDocuments":2.1470935287260984,"label":"University of Aberdeen"},{"numberOfDocuments":22.95192278028186,"label":"University of Edinburgh"},{"numberOfDocuments":7.14433496552311,"label":"University of the West of Scotland"},{"numberOfDocuments":60.88032982984159,"label":"University of Glasgow"},{"numberOfDocuments":17.34656551128113,"label":"University of St Andrews"},{"numberOfDocuments":40.51372578131476,"label":"University of Strathclyde"}],"conceptId":15},{"topicData":[{"numberOfDocuments":5.768486327336115,"label":"Robert Gordon University"},{"numberOfDocuments":1.7677443135420208,"label":"Heriot-Watt University"},{"numberOfDocuments":0.09573370123828841,"label":"Glasgow Caledonian University"},{"numberOfDocuments":0.011494252873563218,"label":"Queen Margaret University"},{"numberOfDocuments":0.10231867061256028,"label":"University of the Highlands and Islands"},{"numberOfDocuments":0.8678502823210956,"label":"University of Dundee"},{"numberOfDocuments":0.686700291977433,"label":"Edinburgh Napier University"},{"numberOfDocuments":0.253859787470655,"label":"University of Stirling"},{"numberOfDocuments":0.01639344262295082,"label":"Abertay University"},{"numberOfDocuments":0.6429684543543518,"label":"University of Aberdeen"},{"numberOfDocuments":3.15223996256067,"label":"University of Edinburgh"},{"numberOfDocuments":0.44997051951171574,"label":"University of the West of Scotland"},{"numberOfDocuments":1.5582881247407592,"label":"University of Glasgow"},{"numberOfDocuments":2.625980133261001,"label":"University of St Andrews"},{"numberOfDocuments":1.899071833831828,"label":"University of Strathclyde"}],"conceptId":16},{"topicData":[{"numberOfDocuments":1.0042949355992015,"label":"Robert Gordon University"},{"numberOfDocuments":2.850815913333819,"label":"Heriot-Watt University"},{"numberOfDocuments":0.14807987711213516,"label":"Glasgow Caledonian University"},{"numberOfDocuments":0.007462686567164179,"label":"Queen Margaret University"},{"numberOfDocuments":0.21141323953823954,"label":"University of the Highlands and Islands"},{"numberOfDocuments":0.20957104174617963,"label":"University of Dundee"},{"numberOfDocuments":0.6554798493139334,"label":"Edinburgh Napier University"},{"numberOfDocuments":0.08718656772780484,"label":"University of Stirling"},{"numberOfDocuments":0.013333333333333334,"label":"Abertay University"},{"numberOfDocuments":0.6875784498910937,"label":"University of Aberdeen"},{"numberOfDocuments":1.8647814434800272,"label":"University of Edinburgh"},{"numberOfDocuments":0.39987212276214834,"label":"University of the West of Scotland"},{"numberOfDocuments":3.476039756370026,"label":"University of Glasgow"},{"numberOfDocuments":36.794202837394614,"label":"University of St Andrews"},{"numberOfDocuments":4.742270839194783,"label":"University of Strathclyde"}],"conceptId":17}]