{"linkageTable":[{"node2":6,"distance":0.45567882830989,"node1":2},{"node2":3,"distance":0.45995751756156,"node1":13},{"node2":4,"distance":0.4746035851783266,"node1":14},{"node2":8,"distance":0.479923297513225,"node1":1},{"node2":10,"distance":0.4836043800903475,"node1":15},{"node2":9,"distance":0.484877578263095,"node1":7},{"node2":17,"distance":0.487546041413918,"node1":0},{"node2":11,"distance":0.4901082959352383,"node1":19},{"node2":18,"distance":0.4928959982464975,"node1":16},{"node2":5,"distance":0.49673054093916247,"node1":21},{"node2":12,"distance":0.49741002235833703,"node1":22},{"node2":23,"distance":0.4977216590570308,"node1":20}],"conceptsData":[{"conceptId":2,"clusterId":0,"hexCoordinates":{"x":0,"y":0},"labels":[{"weight":242,"label":"date"},{"weight":193,"label":"site"},{"weight":142,"label":"neolithic"},{"weight":135,"label":"age"},{"weight":133,"label":"archaeological"},{"weight":120,"label":"cal"},{"weight":108,"label":"radiocarbon"},{"weight":104,"label":"early"},{"weight":81,"label":"mesolithic"},{"weight":78,"label":"burial"},{"weight":72,"label":"bronze"},{"weight":70,"label":"human"},{"weight":69,"label":"period"},{"weight":68,"label":"settlement"},{"weight":68,"label":"result"},{"weight":64,"label":"chronology"},{"weight":63,"label":"evidence"},{"weight":62,"label":"activity"},{"weight":61,"label":"remains"},{"weight":60,"label":"bone"},{"weight":59,"label":"century"},{"weight":56,"label":"excavation"},{"weight":56,"label":"late"},{"weight":53,"label":"iron"},{"weight":52,"label":"millennium"}],"subTopicId":235},{"conceptId":0,"clusterId":0,"hexCoordinates":{"x":2.598076211353316,"y":-1.5},"labels":[{"weight":146,"label":"wild"},{"weight":118,"label":"domestic"},{"weight":104,"label":"pig"},{"weight":79,"label":"domestication"},{"weight":74,"label":"cattle"},{"weight":72,"label":"population"},{"weight":67,"label":"modern"},{"weight":64,"label":"animal"},{"weight":61,"label":"analysis"},{"weight":61,"label":"human"},{"weight":58,"label":"european"},{"weight":55,"label":"europe"},{"weight":54,"label":"origin"},{"weight":53,"label":"genetic"},{"weight":51,"label":"boar"},{"weight":51,"label":"early"},{"weight":43,"label":"zebu"},{"weight":39,"label":"ancestry"},{"weight":38,"label":"genome"},{"weight":37,"label":"domesticate"},{"weight":37,"label":"ancient"},{"weight":36,"label":"east"},{"weight":35,"label":"asia"},{"weight":34,"label":"taurine"},{"weight":32,"label":"admixture"}],"subTopicId":73},{"conceptId":6,"clusterId":0,"hexCoordinates":{"x":1.7320508075688772,"y":0},"labels":[{"weight":1040,"label":"site"},{"weight":308,"label":"north"},{"weight":254,"label":"island"},{"weight":174,"label":"region"},{"weight":170,"label":"human"},{"weight":167,"label":"record"},{"weight":148,"label":"northern"},{"weight":140,"label":"data"},{"weight":134,"label":"present"},{"weight":121,"label":"shetland"},{"weight":119,"label":"south"},{"weight":114,"label":"range"},{"weight":111,"label":"atlantic"},{"weight":106,"label":"suggest"},{"weight":105,"label":"marine"},{"weight":104,"label":"date"},{"weight":94,"label":"scotland"},{"weight":92,"label":"sea"},{"weight":92,"label":"resource"},{"weight":92,"label":"local"},{"weight":90,"label":"analysis"},{"weight":88,"label":"late"},{"weight":82,"label":"past"},{"weight":82,"label":"western"},{"weight":81,"label":"settlement"}],"subTopicId":467},{"conceptId":11,"clusterId":0,"hexCoordinates":{"x":-1.7320508075688772,"y":0},"labels":[{"weight":126,"label":"date"},{"weight":124,"label":"luminescence"},{"weight":118,"label":"sample"},{"weight":87,"label":"osl"},{"weight":67,"label":"sediment"},{"weight":66,"label":"age"},{"weight":56,"label":"sand"},{"weight":44,"label":"laboratory"},{"weight":43,"label":"quartz"},{"weight":43,"label":"wastage"},{"weight":40,"label":"dose"},{"weight":39,"label":"signal"},{"weight":36,"label":"chronology"},{"weight":36,"label":"profile"},{"weight":34,"label":"sequence"},{"weight":33,"label":"stimulate"},{"weight":30,"label":"sutl"},{"weight":29,"label":"material"},{"weight":28,"label":"site"},{"weight":27,"label":"optically"},{"weight":27,"label":"measurement"},{"weight":25,"label":"rate"},{"weight":23,"label":"profiling"},{"weight":23,"label":"grain"},{"weight":22,"label":"section"}],"subTopicId":842},{"conceptId":-1,"clusterId":-1,"hexCoordinates":{"x":6.06217782649107,"y":1.5},"labels":[{"weight":2500,"label":"Unclassified"},{"weight":0,"label":""},{"weight":0,"label":""},{"weight":0,"label":""},{"weight":0,"label":""},{"weight":0,"label":""},{"weight":0,"label":""},{"weight":0,"label":""},{"weight":0,"label":""},{"weight":0,"label":""},{"weight":0,"label":""}],"subTopicId":null},{"conceptId":5,"clusterId":0,"hexCoordinates":{"x":1.7320508075688772,"y":-6},"labels":[{"weight":68,"label":"spruce"},{"weight":57,"label":"ireland"},{"weight":52,"label":"larch"},{"weight":48,"label":"medieval"},{"weight":47,"label":"picea"},{"weight":45,"label":"grade"},{"weight":44,"label":"area"},{"weight":39,"label":"irish"},{"weight":39,"label":"kingdom"},{"weight":37,"label":"manuscript"},{"weight":36,"label":"sitka"},{"weight":35,"label":"japanese"},{"weight":33,"label":"church"},{"weight":32,"label":"larix"},{"weight":31,"label":"cult"},{"weight":31,"label":"print"},{"weight":31,"label":"scottish"},{"weight":29,"label":"walpole"},{"weight":29,"label":"britain"},{"weight":28,"label":"century"},{"weight":28,"label":"unite"},{"weight":28,"label":"scotland"},{"weight":27,"label":"saint"},{"weight":26,"label":"abbey"},{"weight":24,"label":"gothic"}],"subTopicId":461},{"conceptId":9,"clusterId":0,"hexCoordinates":{"x":1.7320508075688772,"y":-3},"labels":[{"weight":962,"label":"unite"},{"weight":911,"label":"kingdom"},{"weight":728,"label":"country"},{"weight":594,"label":"australia"},{"weight":498,"label":"europe"},{"weight":493,"label":"region"},{"weight":467,"label":"north"},{"weight":462,"label":"study"},{"weight":377,"label":"year"},{"weight":326,"label":"australian"},{"weight":325,"label":"state"},{"weight":308,"label":"america"},{"weight":303,"label":"western"},{"weight":255,"label":"world"},{"weight":252,"label":"south"},{"weight":252,"label":"canada"},{"weight":239,"label":"global"},{"weight":227,"label":"base"},{"weight":226,"label":"usa"},{"weight":225,"label":"united"},{"weight":225,"label":"number"},{"weight":210,"label":"report"},{"weight":201,"label":"european"},{"weight":196,"label":"east"},{"weight":191,"label":"zealand"}],"subTopicId":707},{"conceptId":10,"clusterId":0,"hexCoordinates":{"x":0.8660254037844386,"y":1.5},"labels":[{"weight":295,"label":"tolerance"},{"weight":92,"label":"charcoal"},{"weight":59,"label":"cold"},{"weight":52,"label":"fly"},{"weight":46,"label":"cave"},{"weight":45,"label":"acclimation"},{"weight":32,"label":"tolerant"},{"weight":31,"label":"high"},{"weight":29,"label":"pollen"},{"weight":26,"label":"burnt"},{"weight":26,"label":"low"},{"weight":23,"label":"sag"},{"weight":23,"label":"drosophila"},{"weight":21,"label":"freezing"},{"weight":18,"label":"mound"},{"weight":18,"label":"animal"},{"weight":16,"label":"herb"},{"weight":14,"label":"woodland"},{"weight":14,"label":"lethal"},{"weight":14,"label":"breadth"},{"weight":13,"label":"increase"},{"weight":12,"label":"bbec"},{"weight":12,"label":"physiological"},{"weight":12,"label":"function"},{"weight":11,"label":"angus"}],"subTopicId":738},{"conceptId":12,"clusterId":0,"hexCoordinates":{"x":2.598076211353316,"y":-4.5},"labels":[{"weight":921,"label":"china"},{"weight":798,"label":"chinese"},{"weight":93,"label":"kong"},{"weight":91,"label":"hong"},{"weight":79,"label":"province"},{"weight":63,"label":"western"},{"weight":57,"label":"mainland"},{"weight":45,"label":"people"},{"weight":41,"label":"beij"},{"weight":39,"label":"number"},{"weight":33,"label":"base"},{"weight":30,"label":"conduct"},{"weight":29,"label":"reform"},{"weight":28,"label":"mandarin"},{"weight":28,"label":"large"},{"weight":27,"label":"county"},{"weight":27,"label":"urban"},{"weight":25,"label":"taiwan"},{"weight":25,"label":"country"},{"weight":24,"label":"rural"},{"weight":24,"label":"city"},{"weight":24,"label":"adopt"},{"weight":23,"label":"national"},{"weight":23,"label":"status"},{"weight":19,"label":"infrastructure"}],"subTopicId":914},{"conceptId":8,"clusterId":0,"hexCoordinates":{"x":-0.8660254037844386,"y":-4.5},"labels":[{"weight":348,"label":"religious"},{"weight":145,"label":"muslim"},{"weight":139,"label":"religion"},{"weight":114,"label":"church"},{"weight":95,"label":"faith"},{"weight":68,"label":"people"},{"weight":59,"label":"secular"},{"weight":54,"label":"spiritual"},{"weight":51,"label":"belief"},{"weight":48,"label":"christian"},{"weight":45,"label":"include"},{"weight":42,"label":"islamic"},{"weight":40,"label":"young"},{"weight":39,"label":"group"},{"weight":35,"label":"society"},{"weight":34,"label":"minority"},{"weight":32,"label":"social"},{"weight":31,"label":"encounter"},{"weight":28,"label":"religiosity"},{"weight":28,"label":"focus"},{"weight":28,"label":"experience"},{"weight":27,"label":"christianity"},{"weight":26,"label":"catholic"},{"weight":25,"label":"conversion"},{"weight":23,"label":"evangelical"}],"subTopicId":653},{"conceptId":3,"clusterId":0,"hexCoordinates":{"x":0.8660254037844386,"y":-1.5},"labels":[{"weight":144,"label":"century"},{"weight":140,"label":"landscape"},{"weight":137,"label":"orkney"},{"weight":105,"label":"settlement"},{"weight":99,"label":"period"},{"weight":91,"label":"early"},{"weight":87,"label":"archaeological"},{"weight":84,"label":"evidence"},{"weight":80,"label":"place"},{"weight":76,"label":"site"},{"weight":75,"label":"building"},{"weight":62,"label":"roman"},{"weight":61,"label":"medieval"},{"weight":57,"label":"scotland"},{"weight":56,"label":"late"},{"weight":51,"label":"norse"},{"weight":51,"label":"date"},{"weight":49,"label":"burial"},{"weight":49,"label":"archaeology"},{"weight":46,"label":"source"},{"weight":43,"label":"land"},{"weight":43,"label":"excavation"},{"weight":43,"label":"include"},{"weight":42,"label":"material"},{"weight":40,"label":"development"}],"subTopicId":261},{"conceptId":4,"clusterId":0,"hexCoordinates":{"x":-0.8660254037844386,"y":-1.5},"labels":[{"weight":212,"label":"stone"},{"weight":163,"label":"archaeological"},{"weight":147,"label":"material"},{"weight":139,"label":"site"},{"weight":115,"label":"evidence"},{"weight":107,"label":"textile"},{"weight":98,"label":"historic"},{"weight":96,"label":"heritage"},{"weight":90,"label":"age"},{"weight":90,"label":"early"},{"weight":85,"label":"monument"},{"weight":82,"label":"scotland"},{"weight":72,"label":"archaeology"},{"weight":69,"label":"find"},{"weight":67,"label":"conservation"},{"weight":67,"label":"century"},{"weight":66,"label":"architectural"},{"weight":63,"label":"landscape"},{"weight":60,"label":"neolithic"},{"weight":60,"label":"part"},{"weight":59,"label":"object"},{"weight":56,"label":"bronze"},{"weight":49,"label":"paint"},{"weight":48,"label":"excavation"},{"weight":47,"label":"house"}],"subTopicId":280},{"conceptId":7,"clusterId":0,"hexCoordinates":{"x":0,"y":-3},"labels":[{"weight":722,"label":"country"},{"weight":475,"label":"european"},{"weight":288,"label":"europe"},{"weight":204,"label":"region"},{"weight":201,"label":"spain"},{"weight":183,"label":"greece"},{"weight":152,"label":"turkey"},{"weight":146,"label":"poland"},{"weight":145,"label":"greek"},{"weight":144,"label":"italy"},{"weight":144,"label":"germany"},{"weight":132,"label":"eastern"},{"weight":127,"label":"central"},{"weight":124,"label":"republic"},{"weight":115,"label":"national"},{"weight":104,"label":"netherland"},{"weight":103,"label":"state"},{"weight":100,"label":"western"},{"weight":97,"label":"sweden"},{"weight":91,"label":"soviet"},{"weight":91,"label":"portugal"},{"weight":85,"label":"czech"},{"weight":81,"label":"france"},{"weight":78,"label":"union"},{"weight":77,"label":"regional"}],"subTopicId":604},{"conceptId":1,"clusterId":0,"hexCoordinates":{"x":0.8660254037844386,"y":-4.5},"labels":[{"weight":847,"label":"century"},{"weight":565,"label":"history"},{"weight":443,"label":"british"},{"weight":394,"label":"war"},{"weight":386,"label":"article"},{"weight":366,"label":"early"},{"weight":360,"label":"historical"},{"weight":336,"label":"world"},{"weight":332,"label":"period"},{"weight":298,"label":"modern"},{"weight":219,"label":"late"},{"weight":212,"label":"american"},{"weight":204,"label":"society"},{"weight":193,"label":"political"},{"weight":189,"label":"examine"},{"weight":188,"label":"nineteenth"},{"weight":186,"label":"britain"},{"weight":161,"label":"twentieth"},{"weight":161,"label":"colonial"},{"weight":154,"label":"french"},{"weight":152,"label":"culture"},{"weight":147,"label":"place"},{"weight":142,"label":"historian"},{"weight":141,"label":"scottish"},{"weight":139,"label":"era"}],"subTopicId":154}]}