{"linkageTable":[{"node2":16,"distance":0.44456440279083,"node1":3},{"node2":12,"distance":0.470950819607915,"node1":8},{"node2":17,"distance":0.475025546010735,"node1":6},{"node2":18,"distance":0.476723782791735,"node1":9},{"node2":5,"distance":0.4770108612995675,"node1":21},{"node2":10,"distance":0.47737492907851,"node1":22},{"node2":20,"distance":0.47896106552725,"node1":23},{"node2":26,"distance":0.4874294620559523,"node1":25},{"node2":15,"distance":0.4893195386630058,"node1":28},{"node2":11,"distance":0.4914177889325364,"node1":29},{"node2":7,"distance":0.491757193821255,"node1":1},{"node2":27,"distance":0.4940570466085117,"node1":2},{"node2":30,"distance":0.4956267697746183,"node1":32},{"node2":14,"distance":0.495903561904775,"node1":13},{"node2":33,"distance":0.49747096099928506,"node1":31},{"node2":24,"distance":0.4980251569537525,"node1":35},{"node2":34,"distance":0.4982552773831475,"node1":0},{"node2":36,"distance":0.4987278036569575,"node1":37},{"node2":4,"distance":0.49925816731444,"node1":38},{"node2":19,"distance":0.49981860191734795,"node1":39}],"conceptsData":[{"conceptId":0,"clusterId":0,"hexCoordinates":{"x":-1.7320508075688772,"y":0},"labels":[{"weight":1120,"label":"behavior"},{"weight":196,"label":"behavioral"},{"weight":145,"label":"chimpanzee"},{"weight":83,"label":"social"},{"weight":56,"label":"pan"},{"weight":55,"label":"function"},{"weight":42,"label":"role"},{"weight":33,"label":"rank"},{"weight":33,"label":"relationship"},{"weight":32,"label":"victim"},{"weight":31,"label":"troglodyte"},{"weight":31,"label":"low"},{"weight":30,"label":"prosocial"},{"weight":30,"label":"examine"},{"weight":29,"label":"signal"},{"weight":27,"label":"aggressive"},{"weight":25,"label":"scream"},{"weight":25,"label":"support"},{"weight":25,"label":"important"},{"weight":24,"label":"hoot"},{"weight":24,"label":"link"},{"weight":23,"label":"pant"},{"weight":23,"label":"analysis"},{"weight":22,"label":"audience"},{"weight":21,"label":"aggression"}],"subTopicId":8},{"conceptId":4,"clusterId":0,"hexCoordinates":{"x":5.196152422706632,"y":0},"labels":[{"weight":270,"label":"plant"},{"weight":186,"label":"host"},{"weight":135,"label":"aphid"},{"weight":80,"label":"spa"},{"weight":73,"label":"parasitoid"},{"weight":57,"label":"leaf"},{"weight":55,"label":"wasp"},{"weight":46,"label":"herbivore"},{"weight":40,"label":"environment"},{"weight":37,"label":"insect"},{"weight":33,"label":"test"},{"weight":31,"label":"trait"},{"weight":31,"label":"quality"},{"weight":30,"label":"fitness"},{"weight":27,"label":"effect"},{"weight":25,"label":"foundress"},{"weight":25,"label":"maternal"},{"weight":25,"label":"species"},{"weight":25,"label":"interaction"},{"weight":25,"label":"response"},{"weight":24,"label":"arabidopsis"},{"weight":24,"label":"offspring"},{"weight":23,"label":"padi"},{"weight":23,"label":"axial"},{"weight":23,"label":"phenotype"}],"subTopicId":293},{"conceptId":8,"clusterId":0,"hexCoordinates":{"x":0,"y":0},"labels":[{"weight":286,"label":"pair"},{"weight":232,"label":"partner"},{"weight":192,"label":"female"},{"weight":190,"label":"cooperation"},{"weight":175,"label":"social"},{"weight":169,"label":"individual"},{"weight":155,"label":"inbreeding"},{"weight":148,"label":"inbreed"},{"weight":138,"label":"male"},{"weight":133,"label":"cooperative"},{"weight":132,"label":"offspring"},{"weight":130,"label":"kin"},{"weight":116,"label":"extra"},{"weight":109,"label":"relatedness"},{"weight":109,"label":"evolution"},{"weight":103,"label":"selection"},{"weight":91,"label":"fitness"},{"weight":91,"label":"reproduction"},{"weight":79,"label":"depression"},{"weight":75,"label":"conflict"},{"weight":70,"label":"strategy"},{"weight":67,"label":"cooperate"},{"weight":67,"label":"genetic"},{"weight":66,"label":"benefit"},{"weight":66,"label":"increase"}],"subTopicId":511},{"conceptId":17,"clusterId":0,"hexCoordinates":{"x":0,"y":-3},"labels":[{"weight":1190,"label":"animal"},{"weight":570,"label":"social"},{"weight":454,"label":"behaviour"},{"weight":381,"label":"individual"},{"weight":346,"label":"welfare"},{"weight":223,"label":"human"},{"weight":217,"label":"species"},{"weight":201,"label":"group"},{"weight":191,"label":"wild"},{"weight":182,"label":"behavioural"},{"weight":172,"label":"interaction"},{"weight":146,"label":"environment"},{"weight":110,"label":"food"},{"weight":106,"label":"information"},{"weight":103,"label":"conspecific"},{"weight":100,"label":"observation"},{"weight":100,"label":"time"},{"weight":97,"label":"primate"},{"weight":89,"label":"experience"},{"weight":84,"label":"captive"},{"weight":84,"label":"rat"},{"weight":79,"label":"forage"},{"weight":78,"label":"house"},{"weight":75,"label":"behavior"},{"weight":74,"label":"presence"}],"subTopicId":932},{"conceptId":19,"clusterId":0,"hexCoordinates":{"x":-0.8660254037844386,"y":1.5},"labels":[{"weight":104,"label":"lap"},{"weight":49,"label":"bird"},{"weight":35,"label":"ammonia"},{"weight":33,"label":"sham"},{"weight":31,"label":"behaviour"},{"weight":30,"label":"ifx"},{"weight":26,"label":"stunning"},{"weight":26,"label":"pressure"},{"weight":20,"label":"response"},{"weight":19,"label":"treatment"},{"weight":18,"label":"surname"},{"weight":18,"label":"ataxia"},{"weight":18,"label":"eeg"},{"weight":17,"label":"behavioural"},{"weight":17,"label":"loss"},{"weight":16,"label":"ada"},{"weight":15,"label":"sic"},{"weight":14,"label":"anti"},{"weight":14,"label":"approach"},{"weight":13,"label":"sib"},{"weight":13,"label":"decompression"},{"weight":13,"label":"duration"},{"weight":13,"label":"observe"},{"weight":11,"label":"ecg"},{"weight":11,"label":"chamber"}],"subTopicId":971},{"conceptId":12,"clusterId":0,"hexCoordinates":{"x":1.7320508075688772,"y":0},"labels":[{"weight":625,"label":"male"},{"weight":537,"label":"female"},{"weight":439,"label":"sex"},{"weight":315,"label":"mating"},{"weight":312,"label":"sexual"},{"weight":244,"label":"selection"},{"weight":216,"label":"mate"},{"weight":175,"label":"species"},{"weight":158,"label":"evolution"},{"weight":149,"label":"reproductive"},{"weight":135,"label":"trait"},{"weight":109,"label":"sperm"},{"weight":102,"label":"allocation"},{"weight":98,"label":"competition"},{"weight":89,"label":"ornament"},{"weight":87,"label":"ratio"},{"weight":75,"label":"bias"},{"weight":74,"label":"evolutionary"},{"weight":74,"label":"hypothesis"},{"weight":74,"label":"population"},{"weight":72,"label":"find"},{"weight":71,"label":"evolve"},{"weight":71,"label":"conflict"},{"weight":67,"label":"pattern"},{"weight":64,"label":"fly"}],"subTopicId":586},{"conceptId":20,"clusterId":0,"hexCoordinates":{"x":-1.7320508075688772,"y":-3},"labels":[{"weight":132,"label":"tool"},{"weight":42,"label":"crow"},{"weight":42,"label":"pnt"},{"weight":30,"label":"hook"},{"weight":29,"label":"forelimb"},{"weight":27,"label":"pmc"},{"weight":27,"label":"caledonian"},{"weight":27,"label":"manufacture"},{"weight":25,"label":"asp"},{"weight":24,"label":"stick"},{"weight":22,"label":"metamorphosis"},{"weight":22,"label":"peptidase"},{"weight":22,"label":"emergence"},{"weight":19,"label":"tspo"},{"weight":18,"label":"hooked"},{"weight":17,"label":"kinetoplast"},{"weight":17,"label":"material"},{"weight":17,"label":"require"},{"weight":15,"label":"crib"},{"weight":15,"label":"tadpole"},{"weight":14,"label":"clan"},{"weight":14,"label":"subject"},{"weight":13,"label":"stereotypic"},{"weight":13,"label":"raw"},{"weight":13,"label":"reveal"}],"subTopicId":992},{"conceptId":5,"clusterId":0,"hexCoordinates":{"x":3.4641016151377544,"y":-3},"labels":[{"weight":547,"label":"telomere"},{"weight":434,"label":"age"},{"weight":373,"label":"length"},{"weight":256,"label":"ageing"},{"weight":138,"label":"associate"},{"weight":117,"label":"epigenetic"},{"weight":103,"label":"biological"},{"weight":94,"label":"tick"},{"weight":94,"label":"aging"},{"weight":87,"label":"senescence"},{"weight":76,"label":"increase"},{"weight":75,"label":"longevity"},{"weight":72,"label":"related"},{"weight":70,"label":"lifespan"},{"weight":66,"label":"chronological"},{"weight":61,"label":"dna"},{"weight":60,"label":"measure"},{"weight":59,"label":"acceleration"},{"weight":56,"label":"shorten"},{"weight":55,"label":"burgdorferi"},{"weight":54,"label":"attrition"},{"weight":54,"label":"association"},{"weight":52,"label":"accelerate"},{"weight":50,"label":"methylation"},{"weight":49,"label":"mortality"}],"subTopicId":299},{"conceptId":13,"clusterId":0,"hexCoordinates":{"x":-2.598076211353316,"y":-1.5},"labels":[{"weight":588,"label":"human"},{"weight":322,"label":"ape"},{"weight":309,"label":"chimpanzee"},{"weight":209,"label":"primate"},{"weight":167,"label":"great"},{"weight":157,"label":"species"},{"weight":108,"label":"bonobo"},{"weight":100,"label":"food"},{"weight":99,"label":"eczema"},{"weight":98,"label":"gorilla"},{"weight":84,"label":"uvb"},{"weight":58,"label":"nonhuman"},{"weight":57,"label":"atopic"},{"weight":57,"label":"pan"},{"weight":55,"label":"flg"},{"weight":53,"label":"peanut"},{"weight":51,"label":"subject"},{"weight":49,"label":"monkey"},{"weight":46,"label":"orangutan"},{"weight":39,"label":"test"},{"weight":38,"label":"topical"},{"weight":36,"label":"troglodyte"},{"weight":36,"label":"dermatitis"},{"weight":35,"label":"comparative"},{"weight":35,"label":"evolution"}],"subTopicId":619},{"conceptId":9,"clusterId":0,"hexCoordinates":{"x":0.8660254037844386,"y":1.5},"labels":[{"weight":113,"label":"deer"},{"weight":99,"label":"red"},{"weight":85,"label":"egg"},{"weight":55,"label":"individual"},{"weight":52,"label":"cuticle"},{"weight":45,"label":"avoidance"},{"weight":42,"label":"inbreeding"},{"weight":42,"label":"breed"},{"weight":38,"label":"copulatory"},{"weight":38,"label":"praziquantel"},{"weight":36,"label":"pzq"},{"weight":35,"label":"wild"},{"weight":34,"label":"deposition"},{"weight":33,"label":"mda"},{"weight":32,"label":"evolution"},{"weight":31,"label":"fox"},{"weight":30,"label":"sex"},{"weight":30,"label":"estimate"},{"weight":29,"label":"eggshell"},{"weight":28,"label":"roe"},{"weight":26,"label":"female"},{"weight":26,"label":"find"},{"weight":25,"label":"genetic"},{"weight":25,"label":"affect"},{"weight":23,"label":"hedgehog"}],"subTopicId":535},{"conceptId":10,"clusterId":0,"hexCoordinates":{"x":0.8660254037844386,"y":-1.5},"labels":[{"weight":1400,"label":"population"},{"weight":811,"label":"variation"},{"weight":611,"label":"trait"},{"weight":607,"label":"selection"},{"weight":528,"label":"individual"},{"weight":487,"label":"life"},{"weight":425,"label":"evolutionary"},{"weight":403,"label":"history"},{"weight":386,"label":"fitness"},{"weight":360,"label":"environment"},{"weight":351,"label":"genetic"},{"weight":345,"label":"evolution"},{"weight":309,"label":"effect"},{"weight":274,"label":"phenotypic"},{"weight":264,"label":"natural"},{"weight":250,"label":"environmental"},{"weight":247,"label":"survival"},{"weight":208,"label":"rate"},{"weight":206,"label":"change"},{"weight":186,"label":"response"},{"weight":165,"label":"condition"},{"weight":152,"label":"wild"},{"weight":151,"label":"adaptation"},{"weight":142,"label":"phenotype"},{"weight":136,"label":"size"}],"subTopicId":570},{"conceptId":-1,"clusterId":-1,"hexCoordinates":{"x":8.660254037844386,"y":1.5},"labels":[{"weight":2500,"label":"Unclassified"},{"weight":0,"label":""},{"weight":0,"label":""},{"weight":0,"label":""},{"weight":0,"label":""},{"weight":0,"label":""},{"weight":0,"label":""},{"weight":0,"label":""},{"weight":0,"label":""},{"weight":0,"label":""},{"weight":0,"label":""}],"subTopicId":null},{"conceptId":16,"clusterId":0,"hexCoordinates":{"x":2.598076211353316,"y":-1.5},"labels":[{"weight":446,"label":"survival"},{"weight":430,"label":"condition"},{"weight":401,"label":"life"},{"weight":355,"label":"resource"},{"weight":302,"label":"reproductive"},{"weight":267,"label":"individual"},{"weight":239,"label":"effect"},{"weight":223,"label":"early"},{"weight":213,"label":"increase"},{"weight":211,"label":"growth"},{"weight":206,"label":"environmental"},{"weight":204,"label":"adult"},{"weight":203,"label":"reproduction"},{"weight":195,"label":"affect"},{"weight":163,"label":"rate"},{"weight":161,"label":"reduce"},{"weight":153,"label":"food"},{"weight":150,"label":"result"},{"weight":145,"label":"environment"},{"weight":143,"label":"fitness"},{"weight":142,"label":"history"},{"weight":139,"label":"success"},{"weight":138,"label":"variation"},{"weight":138,"label":"suggest"},{"weight":136,"label":"development"}],"subTopicId":928},{"conceptId":18,"clusterId":0,"hexCoordinates":{"x":2.598076211353316,"y":1.5},"labels":[{"weight":1822,"label":"post"},{"weight":1400,"label":"pre"},{"weight":197,"label":"day"},{"weight":196,"label":"pig"},{"weight":158,"label":"litter"},{"weight":110,"label":"time"},{"weight":108,"label":"hour"},{"weight":103,"label":"period"},{"weight":86,"label":"study"},{"weight":85,"label":"piglet"},{"weight":85,"label":"difference"},{"weight":80,"label":"increase"},{"weight":70,"label":"wean"},{"weight":63,"label":"compare"},{"weight":62,"label":"effect"},{"weight":62,"label":"follow"},{"weight":60,"label":"phase"},{"weight":59,"label":"sow"},{"weight":59,"label":"investigate"},{"weight":55,"label":"prior"},{"weight":55,"label":"suggest"},{"weight":53,"label":"mortem"},{"weight":50,"label":"week"},{"weight":49,"label":"large"},{"weight":49,"label":"significant"}],"subTopicId":946},{"conceptId":11,"clusterId":0,"hexCoordinates":{"x":4.330127018922193,"y":-1.5},"labels":[{"weight":298,"label":"egg"},{"weight":106,"label":"female"},{"weight":101,"label":"reproductive"},{"weight":93,"label":"spawn"},{"weight":87,"label":"wild"},{"weight":72,"label":"captive"},{"weight":65,"label":"breed"},{"weight":62,"label":"broodstock"},{"weight":62,"label":"species"},{"weight":59,"label":"development"},{"weight":54,"label":"snook"},{"weight":49,"label":"common"},{"weight":47,"label":"spawning"},{"weight":42,"label":"offspring"},{"weight":42,"label":"season"},{"weight":40,"label":"maternal"},{"weight":39,"label":"quality"},{"weight":39,"label":"individual"},{"weight":36,"label":"reproduction"},{"weight":34,"label":"lay"},{"weight":34,"label":"male"},{"weight":31,"label":"ovulation"},{"weight":31,"label":"deposition"},{"weight":30,"label":"cuticle"},{"weight":30,"label":"environmental"}],"subTopicId":585},{"conceptId":3,"clusterId":0,"hexCoordinates":{"x":1.7320508075688772,"y":-3},"labels":[{"weight":157,"label":"offspring"},{"weight":156,"label":"care"},{"weight":122,"label":"female"},{"weight":115,"label":"parental"},{"weight":84,"label":"inbred"},{"weight":80,"label":"male"},{"weight":71,"label":"parent"},{"weight":65,"label":"maternal"},{"weight":61,"label":"size"},{"weight":49,"label":"brood"},{"weight":49,"label":"effect"},{"weight":45,"label":"inbreed"},{"weight":44,"label":"provide"},{"weight":39,"label":"inbreeding"},{"weight":39,"label":"larval"},{"weight":38,"label":"carcass"},{"weight":38,"label":"depression"},{"weight":37,"label":"competition"},{"weight":34,"label":"beetle"},{"weight":33,"label":"egg"},{"weight":32,"label":"larva"},{"weight":32,"label":"bury"},{"weight":32,"label":"evidence"},{"weight":31,"label":"outbred"},{"weight":30,"label":"vespilloide"}],"subTopicId":266},{"conceptId":2,"clusterId":0,"hexCoordinates":{"x":-0.8660254037844386,"y":-4.5},"labels":[{"weight":258,"label":"larva"},{"weight":175,"label":"larval"},{"weight":79,"label":"chart"},{"weight":51,"label":"pattern"},{"weight":46,"label":"stage"},{"weight":45,"label":"dispersal"},{"weight":42,"label":"drosophila"},{"weight":32,"label":"body"},{"weight":28,"label":"animal"},{"weight":25,"label":"larvae"},{"weight":25,"label":"metamorphosis"},{"weight":24,"label":"survival"},{"weight":22,"label":"anointing"},{"weight":22,"label":"locomotion"},{"weight":21,"label":"settlement"},{"weight":21,"label":"function"},{"weight":19,"label":"fim"},{"weight":18,"label":"behavioural"},{"weight":17,"label":"caveolae"},{"weight":17,"label":"choanocyte"},{"weight":16,"label":"dph"},{"weight":15,"label":"sbl"},{"weight":15,"label":"crawl"},{"weight":14,"label":"segment"},{"weight":14,"label":"shift"}],"subTopicId":265},{"conceptId":7,"clusterId":0,"hexCoordinates":{"x":2.598076211353316,"y":-4.5},"labels":[{"weight":242,"label":"song"},{"weight":55,"label":"hydrogenase"},{"weight":46,"label":"tau"},{"weight":46,"label":"population"},{"weight":42,"label":"ard"},{"weight":35,"label":"vocal"},{"weight":33,"label":"complexity"},{"weight":31,"label":"leap"},{"weight":28,"label":"nife"},{"weight":28,"label":"acoustic"},{"weight":27,"label":"hyd"},{"weight":25,"label":"fpr"},{"weight":24,"label":"peptide"},{"weight":23,"label":"humpback"},{"weight":22,"label":"male"},{"weight":22,"label":"provide"},{"weight":20,"label":"lyric"},{"weight":19,"label":"produce"},{"weight":18,"label":"bird"},{"weight":18,"label":"display"},{"weight":18,"label":"hydrogen"},{"weight":17,"label":"module"},{"weight":16,"label":"whale"},{"weight":16,"label":"mitochondrial"},{"weight":16,"label":"functional"}],"subTopicId":430},{"conceptId":14,"clusterId":0,"hexCoordinates":{"x":-3.4641016151377544,"y":0},"labels":[{"weight":108,"label":"pattern"},{"weight":75,"label":"happiness"},{"weight":62,"label":"csr"},{"weight":58,"label":"orientation"},{"weight":44,"label":"attributional"},{"weight":44,"label":"lca"},{"weight":44,"label":"light"},{"weight":37,"label":"camouflage"},{"weight":36,"label":"optimal"},{"weight":27,"label":"environment"},{"weight":27,"label":"specific"},{"weight":26,"label":"countershading"},{"weight":24,"label":"shape"},{"weight":22,"label":"background"},{"weight":21,"label":"body"},{"weight":20,"label":"countershade"},{"weight":20,"label":"concealment"},{"weight":20,"label":"illumination"},{"weight":19,"label":"match"},{"weight":19,"label":"sky"},{"weight":17,"label":"crypsis"},{"weight":17,"label":"consequential"},{"weight":16,"label":"sorghum"},{"weight":16,"label":"coloration"},{"weight":16,"label":"animal"}],"subTopicId":744},{"conceptId":6,"clusterId":0,"hexCoordinates":{"x":-0.8660254037844386,"y":-1.5},"labels":[{"weight":255,"label":"rate"},{"weight":249,"label":"metabolic"},{"weight":249,"label":"individual"},{"weight":241,"label":"prey"},{"weight":193,"label":"forage"},{"weight":188,"label":"predator"},{"weight":172,"label":"dive"},{"weight":159,"label":"energy"},{"weight":156,"label":"animal"},{"weight":150,"label":"body"},{"weight":145,"label":"fish"},{"weight":134,"label":"food"},{"weight":126,"label":"increase"},{"weight":120,"label":"physiological"},{"weight":118,"label":"swimming"},{"weight":114,"label":"time"},{"weight":110,"label":"swim"},{"weight":104,"label":"response"},{"weight":100,"label":"diving"},{"weight":95,"label":"cost"},{"weight":93,"label":"behaviour"},{"weight":86,"label":"smr"},{"weight":86,"label":"change"},{"weight":81,"label":"energetic"},{"weight":79,"label":"predation"}],"subTopicId":427},{"conceptId":15,"clusterId":0,"hexCoordinates":{"x":3.4641016151377544,"y":0},"labels":[{"weight":263,"label":"mother"},{"weight":232,"label":"offspring"},{"weight":212,"label":"maternal"},{"weight":200,"label":"father"},{"weight":102,"label":"parental"},{"weight":101,"label":"parent"},{"weight":92,"label":"effect"},{"weight":91,"label":"paternal"},{"weight":65,"label":"daughter"},{"weight":56,"label":"family"},{"weight":51,"label":"son"},{"weight":47,"label":"intergenerational"},{"weight":46,"label":"dmd"},{"weight":44,"label":"origin"},{"weight":43,"label":"inheritance"},{"weight":34,"label":"inherit"},{"weight":24,"label":"transmission"},{"weight":22,"label":"transmit"},{"weight":22,"label":"generation"},{"weight":20,"label":"length"},{"weight":18,"label":"muscular"},{"weight":17,"label":"dystrophy"},{"weight":16,"label":"transgenerational"},{"weight":16,"label":"exhibit"},{"weight":15,"label":"mdx"}],"subTopicId":754},{"conceptId":1,"clusterId":0,"hexCoordinates":{"x":0.8660254037844386,"y":-4.5},"labels":[{"weight":436,"label":"nest"},{"weight":368,"label":"bird"},{"weight":106,"label":"nesting"},{"weight":104,"label":"tit"},{"weight":86,"label":"breed"},{"weight":75,"label":"building"},{"weight":74,"label":"species"},{"weight":72,"label":"zebra"},{"weight":71,"label":"finch"},{"weight":69,"label":"great"},{"weight":64,"label":"clutch"},{"weight":60,"label":"chick"},{"weight":59,"label":"lay"},{"weight":59,"label":"material"},{"weight":51,"label":"avian"},{"weight":48,"label":"male"},{"weight":41,"label":"date"},{"weight":40,"label":"passerine"},{"weight":39,"label":"build"},{"weight":38,"label":"behaviour"},{"weight":37,"label":"breeding"},{"weight":36,"label":"productivity"},{"weight":36,"label":"blue"},{"weight":30,"label":"size"},{"weight":29,"label":"fledge"}],"subTopicId":27}]}