{"linkageTable":[{"node2":4,"distance":0.403427090302205,"node1":0},{"node2":9,"distance":0.4672297696830525,"node1":18},{"node2":10,"distance":0.470379379016915,"node1":8},{"node2":13,"distance":0.479510549988375,"node1":7},{"node2":14,"distance":0.4800192850722717,"node1":19},{"node2":17,"distance":0.48018758432074,"node1":2},{"node2":16,"distance":0.48256916794593,"node1":23},{"node2":11,"distance":0.484599023857225,"node1":3},{"node2":6,"distance":0.484781448627475,"node1":1},{"node2":15,"distance":0.486354887229595,"node1":12},{"node2":20,"distance":0.4896229581925131,"node1":22},{"node2":5,"distance":0.49247363219207835,"node1":24},{"node2":21,"distance":0.49283625379121715,"node1":28},{"node2":29,"distance":0.4945657744089202,"node1":30},{"node2":26,"distance":0.4964472423464537,"node1":31},{"node2":27,"distance":0.4973896648761052,"node1":32},{"node2":25,"distance":0.49802166776504,"node1":33}],"conceptsData":[{"conceptId":0,"clusterId":0,"hexCoordinates":{"x":0.0,"y":0.0},"labels":[{"weight":211.0,"label":"drug"},{"weight":204.0,"label":"parasite"},{"weight":163.0,"label":"brucei"},{"weight":153.0,"label":"resistance"},{"weight":151.0,"label":"leishmania"},{"weight":148.0,"label":"trypanosoma"},{"weight":140.0,"label":"disease"},{"weight":74.0,"label":"resistant"},{"weight":65.0,"label":"leishmaniasis"},{"weight":64.0,"label":"compound"},{"weight":62.0,"label":"cruzi"},{"weight":60.0,"label":"african"},{"weight":58.0,"label":"trypanosomiasis"},{"weight":57.0,"label":"treatment"},{"weight":56.0,"label":"pentamidine"},{"weight":55.0,"label":"chaga"},{"weight":54.0,"label":"transporter"},{"weight":53.0,"label":"nmt"},{"weight":50.0,"label":"trypanosome"},{"weight":48.0,"label":"bruceus"},{"weight":47.0,"label":"kinetoplastid"},{"weight":47.0,"label":"action"},{"weight":45.0,"label":"parasitic"},{"weight":45.0,"label":"human"},{"weight":44.0,"label":"donovanus"}]},{"conceptId":4,"clusterId":0,"hexCoordinates":{"x":1.7320508075688772,"y":0.0},"labels":[{"weight":1198.0,"label":"compound"},{"weight":773.0,"label":"activity"},{"weight":381.0,"label":"inhibitor"},{"weight":371.0,"label":"assay"},{"weight":302.0,"label":"target"},{"weight":265.0,"label":"show"},{"weight":234.0,"label":"anti"},{"weight":232.0,"label":"potential"},{"weight":222.0,"label":"study"},{"weight":211.0,"label":"potent"},{"weight":209.0,"label":"inhibition"},{"weight":205.0,"label":"cell"},{"weight":192.0,"label":"drug"},{"weight":190.0,"label":"vitro"},{"weight":189.0,"label":"active"},{"weight":188.0,"label":"hit"},{"weight":181.0,"label":"chemical"},{"weight":181.0,"label":"property"},{"weight":165.0,"label":"molecule"},{"weight":159.0,"label":"lead"},{"weight":157.0,"label":"structure"},{"weight":153.0,"label":"inhibit"},{"weight":147.0,"label":"high"},{"weight":142.0,"label":"base"},{"weight":139.0,"label":"concentration"}]},{"conceptId":2,"clusterId":0,"hexCoordinates":{"x":2.598076211353316,"y":1.5},"labels":[{"weight":140.0,"label":"isolate"},{"weight":106.0,"label":"strain"},{"weight":92.0,"label":"metabolite"},{"weight":81.0,"label":"streptomyce"},{"weight":70.0,"label":"compound"},{"weight":63.0,"label":"oct"},{"weight":60.0,"label":"extract"},{"weight":54.0,"label":"bioactive"},{"weight":46.0,"label":"activity"},{"weight":43.0,"label":"glenoid"},{"weight":43.0,"label":"isolation"},{"weight":39.0,"label":"produce"},{"weight":38.0,"label":"product"},{"weight":38.0,"label":"production"},{"weight":35.0,"label":"secondary"},{"weight":34.0,"label":"sox"},{"weight":32.0,"label":"natural"},{"weight":31.0,"label":"actinomycete"},{"weight":29.0,"label":"labrum"},{"weight":27.0,"label":"fermentation"},{"weight":27.0,"label":"sponge"},{"weight":26.0,"label":"actinobacteria"},{"weight":26.0,"label":"identify"},{"weight":24.0,"label":"nsc"},{"weight":24.0,"label":"culture"}]},{"conceptId":17,"clusterId":0,"hexCoordinates":{"x":1.7320508075688772,"y":3.0},"labels":[{"weight":675.0,"label":"mass"},{"weight":473.0,"label":"spectrometry"},{"weight":391.0,"label":"sample"},{"weight":381.0,"label":"analysis"},{"weight":331.0,"label":"chromatography"},{"weight":287.0,"label":"liquid"},{"weight":279.0,"label":"method"},{"weight":194.0,"label":"high"},{"weight":161.0,"label":"metabolite"},{"weight":152.0,"label":"concentration"},{"weight":148.0,"label":"extract"},{"weight":133.0,"label":"compound"},{"weight":127.0,"label":"couple"},{"weight":123.0,"label":"species"},{"weight":122.0,"label":"phase"},{"weight":118.0,"label":"acid"},{"weight":109.0,"label":"ion"},{"weight":109.0,"label":"range"},{"weight":104.0,"label":"tandem"},{"weight":102.0,"label":"analytical"},{"weight":101.0,"label":"resolution"},{"weight":100.0,"label":"tof"},{"weight":98.0,"label":"column"},{"weight":95.0,"label":"identify"},{"weight":89.0,"label":"plasma"}]},{"conceptId":10,"clusterId":0,"hexCoordinates":{"x":-1.7320508075688772,"y":0.0},"labels":[{"weight":296.0,"label":"metabolic"},{"weight":288.0,"label":"acid"},{"weight":250.0,"label":"metabolism"},{"weight":184.0,"label":"glucose"},{"weight":165.0,"label":"metabolite"},{"weight":138.0,"label":"increase"},{"weight":102.0,"label":"lactate"},{"weight":100.0,"label":"fatty"},{"weight":100.0,"label":"level"},{"weight":82.0,"label":"change"},{"weight":70.0,"label":"cycle"},{"weight":68.0,"label":"hif"},{"weight":68.0,"label":"metabolomic"},{"weight":65.0,"label":"lipid"},{"weight":65.0,"label":"oxygen"},{"weight":65.0,"label":"amino"},{"weight":60.0,"label":"glutamine"},{"weight":57.0,"label":"associate"},{"weight":54.0,"label":"glycolysis"},{"weight":53.0,"label":"membrane"},{"weight":52.0,"label":"decrease"},{"weight":49.0,"label":"fumarate"},{"weight":48.0,"label":"alteration"},{"weight":48.0,"label":"effect"},{"weight":47.0,"label":"induce"}]},{"conceptId":8,"clusterId":0,"hexCoordinates":{"x":-0.8660254037844386,"y":-1.5},"labels":[{"weight":138.0,"label":"phosphate"},{"weight":92.0,"label":"enzyme"},{"weight":76.0,"label":"pathway"},{"weight":67.0,"label":"glucose"},{"weight":66.0,"label":"inositol"},{"weight":59.0,"label":"transporter"},{"weight":57.0,"label":"stomatal"},{"weight":53.0,"label":"purine"},{"weight":51.0,"label":"metabolism"},{"weight":49.0,"label":"transport"},{"weight":48.0,"label":"sugar"},{"weight":45.0,"label":"parasite"},{"weight":43.0,"label":"choline"},{"weight":43.0,"label":"biosynthesis"},{"weight":43.0,"label":"nucleotide"},{"weight":39.0,"label":"guard"},{"weight":36.0,"label":"gpi"},{"weight":35.0,"label":"sphingosine"},{"weight":33.0,"label":"leishmania"},{"weight":32.0,"label":"affinity"},{"weight":30.0,"label":"glycerol"},{"weight":30.0,"label":"resistant"},{"weight":29.0,"label":"pyruvate"},{"weight":29.0,"label":"fructose"},{"weight":29.0,"label":"synthase"}]},{"conceptId":9,"clusterId":0,"hexCoordinates":{"x":0.8660254037844386,"y":-1.5},"labels":[{"weight":1402.0,"label":"drug"},{"weight":756.0,"label":"target"},{"weight":346.0,"label":"compound"},{"weight":328.0,"label":"inhibitor"},{"weight":199.0,"label":"discovery"},{"weight":182.0,"label":"development"},{"weight":173.0,"label":"delivery"},{"weight":172.0,"label":"identify"},{"weight":170.0,"label":"potential"},{"weight":159.0,"label":"vivo"},{"weight":150.0,"label":"activity"},{"weight":145.0,"label":"therapeutic"},{"weight":141.0,"label":"screening"},{"weight":140.0,"label":"approach"},{"weight":135.0,"label":"effect"},{"weight":134.0,"label":"molecule"},{"weight":133.0,"label":"base"},{"weight":128.0,"label":"vitro"},{"weight":124.0,"label":"anti"},{"weight":122.0,"label":"inhibition"},{"weight":119.0,"label":"efficacy"},{"weight":117.0,"label":"agent"},{"weight":108.0,"label":"potent"},{"weight":105.0,"label":"action"},{"weight":103.0,"label":"develop"}]},{"conceptId":13,"clusterId":0,"hexCoordinates":{"x":2.598076211353316,"y":-1.5},"labels":[{"weight":486.0,"label":"peptide"},{"weight":473.0,"label":"enzyme"},{"weight":469.0,"label":"acid"},{"weight":342.0,"label":"amino"},{"weight":174.0,"label":"substrate"},{"weight":137.0,"label":"residue"},{"weight":132.0,"label":"activity"},{"weight":109.0,"label":"structure"},{"weight":105.0,"label":"catalytic"},{"weight":102.0,"label":"protein"},{"weight":94.0,"label":"site"},{"weight":94.0,"label":"mechanism"},{"weight":93.0,"label":"asp"},{"weight":89.0,"label":"show"},{"weight":81.0,"label":"histidine"},{"weight":81.0,"label":"sequence"},{"weight":81.0,"label":"active"},{"weight":75.0,"label":"protease"},{"weight":70.0,"label":"ncx"},{"weight":68.0,"label":"form"},{"weight":62.0,"label":"product"},{"weight":56.0,"label":"reaction"},{"weight":55.0,"label":"cysteine"},{"weight":54.0,"label":"phe"},{"weight":52.0,"label":"phenylalanine"}]},{"conceptId":-1,"clusterId":-1,"hexCoordinates":{"x":6.928203230275509,"y":4.5},"labels":[{"weight":2500,"label":"Unclassified"},{"weight":0,"label":""},{"weight":0,"label":""},{"weight":0,"label":""},{"weight":0,"label":""},{"weight":0,"label":""},{"weight":0,"label":""},{"weight":0,"label":""},{"weight":0,"label":""},{"weight":0,"label":""},{"weight":0,"label":""}]},{"conceptId":15,"clusterId":0,"hexCoordinates":{"x":-2.598076211353316,"y":1.5},"labels":[{"weight":739.0,"label":"protein"},{"weight":628.0,"label":"biomarker"},{"weight":438.0,"label":"kidney"},{"weight":345.0,"label":"proteomic"},{"weight":308.0,"label":"renal"},{"weight":281.0,"label":"urinary"},{"weight":244.0,"label":"analysis"},{"weight":241.0,"label":"peptide"},{"weight":233.0,"label":"identify"},{"weight":232.0,"label":"disease"},{"weight":209.0,"label":"proteome"},{"weight":197.0,"label":"urine"},{"weight":166.0,"label":"study"},{"weight":158.0,"label":"marker"},{"weight":157.0,"label":"ckd"},{"weight":148.0,"label":"mass"},{"weight":140.0,"label":"plasma"},{"weight":133.0,"label":"sample"},{"weight":132.0,"label":"serum"},{"weight":113.0,"label":"spectrometry"},{"weight":109.0,"label":"associate"},{"weight":108.0,"label":"molecular"},{"weight":107.0,"label":"approach"},{"weight":107.0,"label":"potential"},{"weight":106.0,"label":"patient"}]},{"conceptId":12,"clusterId":0,"hexCoordinates":{"x":-1.7320508075688772,"y":3.0},"labels":[{"weight":178.0,"label":"metabolite"},{"weight":142.0,"label":"mass"},{"weight":125.0,"label":"link"},{"weight":116.0,"label":"metabolomic"},{"weight":105.0,"label":"peptide"},{"weight":92.0,"label":"kynurenine"},{"weight":90.0,"label":"cross"},{"weight":80.0,"label":"spectrometry"},{"weight":79.0,"label":"acid"},{"weight":77.0,"label":"protein"},{"weight":59.0,"label":"change"},{"weight":58.0,"label":"tryptophan"},{"weight":44.0,"label":"amino"},{"weight":43.0,"label":"sample"},{"weight":42.0,"label":"fragmentation"},{"weight":42.0,"label":"peak"},{"weight":42.0,"label":"spectrum"},{"weight":41.0,"label":"pathway"},{"weight":40.0,"label":"kmo"},{"weight":40.0,"label":"biochemical"},{"weight":39.0,"label":"omic"},{"weight":38.0,"label":"metabolism"},{"weight":38.0,"label":"data"},{"weight":36.0,"label":"increase"},{"weight":34.0,"label":"proteomic"}]},{"conceptId":11,"clusterId":0,"hexCoordinates":{"x":0.8660254037844386,"y":4.5},"labels":[{"weight":115.0,"label":"metabolite"},{"weight":64.0,"label":"glucose"},{"weight":56.0,"label":"exogenous"},{"weight":46.0,"label":"concentration"},{"weight":40.0,"label":"min"},{"weight":40.0,"label":"endogenous"},{"weight":39.0,"label":"oxidation"},{"weight":32.0,"label":"altitude"},{"weight":29.0,"label":"physiologically"},{"weight":27.0,"label":"groom"},{"weight":26.0,"label":"level"},{"weight":21.0,"label":"plasma"},{"weight":20.0,"label":"consume"},{"weight":20.0,"label":"reduce"},{"weight":19.0,"label":"hydra"},{"weight":19.0,"label":"vitamin"},{"weight":19.0,"label":"physiological"},{"weight":18.0,"label":"cholesterol"},{"weight":18.0,"label":"relevant"},{"weight":17.0,"label":"rate"},{"weight":16.0,"label":"sulfate"},{"weight":16.0,"label":"exposure"},{"weight":15.0,"label":"metabolome"},{"weight":15.0,"label":"metabolic"},{"weight":15.0,"label":"activity"}]},{"conceptId":14,"clusterId":0,"hexCoordinates":{"x":0.8660254037844386,"y":1.5},"labels":[{"weight":317.0,"label":"trypanosome"},{"weight":303.0,"label":"parasite"},{"weight":260.0,"label":"brucei"},{"weight":221.0,"label":"trypanosoma"},{"weight":206.0,"label":"hat"},{"weight":195.0,"label":"form"},{"weight":191.0,"label":"african"},{"weight":168.0,"label":"tsetse"},{"weight":145.0,"label":"human"},{"weight":135.0,"label":"trypanosomiasis"},{"weight":104.0,"label":"bloodstream"},{"weight":94.0,"label":"fly"},{"weight":94.0,"label":"host"},{"weight":89.0,"label":"infection"},{"weight":87.0,"label":"rhodesiense"},{"weight":87.0,"label":"bruceus"},{"weight":83.0,"label":"stage"},{"weight":71.0,"label":"stumpy"},{"weight":69.0,"label":"gambiense"},{"weight":67.0,"label":"sickness"},{"weight":64.0,"label":"control"},{"weight":62.0,"label":"sleep"},{"weight":60.0,"label":"mitochondrial"},{"weight":58.0,"label":"trypanosomatid"},{"weight":58.0,"label":"procyclic"}]},{"conceptId":7,"clusterId":0,"hexCoordinates":{"x":3.4641016151377544,"y":0.0},"labels":[{"weight":1006.0,"label":"receptor"},{"weight":211.0,"label":"ligand"},{"weight":173.0,"label":"agonist"},{"weight":147.0,"label":"gpr"},{"weight":135.0,"label":"gpcr"},{"weight":126.0,"label":"antagonist"},{"weight":121.0,"label":"hif"},{"weight":120.0,"label":"hypoxia"},{"weight":105.0,"label":"couple"},{"weight":81.0,"label":"activation"},{"weight":66.0,"label":"target"},{"weight":65.0,"label":"peptide"},{"weight":64.0,"label":"activate"},{"weight":63.0,"label":"function"},{"weight":61.0,"label":"gsk"},{"weight":58.0,"label":"selective"},{"weight":57.0,"label":"affinity"},{"weight":57.0,"label":"phd"},{"weight":50.0,"label":"protein"},{"weight":47.0,"label":"therapeutic"},{"weight":45.0,"label":"binding"},{"weight":45.0,"label":"cell"},{"weight":44.0,"label":"allosteric"},{"weight":44.0,"label":"effect"},{"weight":43.0,"label":"cannabinoid"}]},{"conceptId":16,"clusterId":0,"hexCoordinates":{"x":3.4641016151377544,"y":3.0},"labels":[{"weight":66.0,"label":"metabolite"},{"weight":61.0,"label":"fungus"},{"weight":58.0,"label":"fungal"},{"weight":52.0,"label":"premise"},{"weight":47.0,"label":"strain"},{"weight":39.0,"label":"cellulose"},{"weight":38.0,"label":"secondary"},{"weight":37.0,"label":"product"},{"weight":36.0,"label":"plant"},{"weight":35.0,"label":"endophytic"},{"weight":35.0,"label":"isolate"},{"weight":33.0,"label":"growth"},{"weight":27.0,"label":"endophyte"},{"weight":21.0,"label":"natural"},{"weight":16.0,"label":"lcn"},{"weight":16.0,"label":"production"},{"weight":15.0,"label":"jejunus"},{"weight":14.0,"label":"biosynthetic"},{"weight":14.0,"label":"bioactivity"},{"weight":13.0,"label":"pgp"},{"weight":13.0,"label":"click"},{"weight":13.0,"label":"licensed"},{"weight":13.0,"label":"bacillus"},{"weight":13.0,"label":"source"},{"weight":12.0,"label":"ehp"}]},{"conceptId":1,"clusterId":0,"hexCoordinates":{"x":-0.8660254037844386,"y":1.5},"labels":[{"weight":149.0,"label":"glycan"},{"weight":77.0,"label":"glycosylation"},{"weight":71.0,"label":"slc"},{"weight":52.0,"label":"pathway"},{"weight":47.0,"label":"sugar"},{"weight":42.0,"label":"udp"},{"weight":42.0,"label":"gene"},{"weight":41.0,"label":"enzyme"},{"weight":37.0,"label":"biosynthesis"},{"weight":37.0,"label":"phenotype"},{"weight":34.0,"label":"glucose"},{"weight":33.0,"label":"galactose"},{"weight":32.0,"label":"identify"},{"weight":30.0,"label":"gal"},{"weight":27.0,"label":"mannose"},{"weight":27.0,"label":"structure"},{"weight":26.0,"label":"usp"},{"weight":26.0,"label":"gdp"},{"weight":26.0,"label":"express"},{"weight":25.0,"label":"reveal"},{"weight":21.0,"label":"activity"},{"weight":21.0,"label":"amino"},{"weight":21.0,"label":"involve"},{"weight":20.0,"label":"paf"},{"weight":20.0,"label":"metabolism"}]},{"conceptId":3,"clusterId":0,"hexCoordinates":{"x":-0.8660254037844386,"y":4.5},"labels":[{"weight":305.0,"label":"cyp"},{"weight":164.0,"label":"metabolite"},{"weight":129.0,"label":"blood"},{"weight":104.0,"label":"sample"},{"weight":88.0,"label":"ahr"},{"weight":76.0,"label":"urine"},{"weight":70.0,"label":"acid"},{"weight":63.0,"label":"metabolism"},{"weight":57.0,"label":"human"},{"weight":53.0,"label":"enzyme"},{"weight":53.0,"label":"day"},{"weight":45.0,"label":"plasma"},{"weight":40.0,"label":"cytochrome"},{"weight":39.0,"label":"liver"},{"weight":33.0,"label":"study"},{"weight":32.0,"label":"transfusion"},{"weight":31.0,"label":"biomarker"},{"weight":29.0,"label":"model"},{"weight":29.0,"label":"include"},{"weight":28.0,"label":"urinary"},{"weight":23.0,"label":"dose"},{"weight":23.0,"label":"formation"},{"weight":23.0,"label":"observe"},{"weight":22.0,"label":"forensic"},{"weight":22.0,"label":"subject"}]},{"conceptId":6,"clusterId":0,"hexCoordinates":{"x":0.0,"y":3.0},"labels":[{"weight":104.0,"label":"glcnac"},{"weight":73.0,"label":"ogt"},{"weight":72.0,"label":"glycosylation"},{"weight":68.0,"label":"modification"},{"weight":46.0,"label":"link"},{"weight":28.0,"label":"glcnacylation"},{"weight":26.0,"label":"acetylglucosamine"},{"weight":26.0,"label":"domain"},{"weight":25.0,"label":"post"},{"weight":24.0,"label":"yarn"},{"weight":24.0,"label":"glycan"},{"weight":23.0,"label":"substrate"},{"weight":22.0,"label":"transferase"},{"weight":22.0,"label":"translational"},{"weight":22.0,"label":"wall"},{"weight":21.0,"label":"udp"},{"weight":19.0,"label":"glycosyltransferase"},{"weight":19.0,"label":"residue"},{"weight":19.0,"label":"thread"},{"weight":17.0,"label":"fancy"},{"weight":17.0,"label":"repeat"},{"weight":16.0,"label":"boron"},{"weight":16.0,"label":"phosphate"},{"weight":15.0,"label":"oga"},{"weight":15.0,"label":"xlid"}]},{"conceptId":5,"clusterId":0,"hexCoordinates":{"x":2.598076211353316,"y":4.5},"labels":[{"weight":90.0,"label":"extract"},{"weight":55.0,"label":"contraction"},{"weight":47.0,"label":"effect"},{"weight":44.0,"label":"plant"},{"weight":42.0,"label":"protease"},{"weight":31.0,"label":"uterine"},{"weight":29.0,"label":"activity"},{"weight":27.0,"label":"dcc"},{"weight":27.0,"label":"induce"},{"weight":26.0,"label":"jtc"},{"weight":23.0,"label":"netrin"},{"weight":23.0,"label":"serine"},{"weight":23.0,"label":"inhibit"},{"weight":22.0,"label":"result"},{"weight":21.0,"label":"study"},{"weight":20.0,"label":"rat"},{"weight":19.0,"label":"subtilisin"},{"weight":18.0,"label":"eradication"},{"weight":17.0,"label":"chymotrypsin"},{"weight":17.0,"label":"jatropha"},{"weight":17.0,"label":"flavonoid"},{"weight":17.0,"label":"leaf"},{"weight":16.0,"label":"cominia"},{"weight":16.0,"label":"oxysporum"},{"weight":16.0,"label":"contractility"}]}]}