[{"topicData":[{"numberOfDocuments":0.0,"label":"Heriot-Watt University"},{"numberOfDocuments":0.0,"label":"Robert Gordon University"},{"numberOfDocuments":0.0,"label":"Glasgow Caledonian University"},{"numberOfDocuments":0.0,"label":"Queen Margaret University"},{"numberOfDocuments":0.0,"label":"University of the Highlands and Islands"},{"numberOfDocuments":0.0,"label":"University of Dundee"},{"numberOfDocuments":0.0,"label":"Edinburgh Napier University"},{"numberOfDocuments":0.0,"label":"University of Stirling"},{"numberOfDocuments":0.0,"label":"Abertay University"},{"numberOfDocuments":0.0,"label":"University of Aberdeen"},{"numberOfDocuments":0.0,"label":"University of Edinburgh"},{"numberOfDocuments":0.0,"label":"University of the West of Scotland"},{"numberOfDocuments":0.0,"label":"University of Glasgow"},{"numberOfDocuments":0.0,"label":"University of St Andrews"},{"numberOfDocuments":0.0,"label":"University of Strathclyde"}],"conceptId":-1},{"topicData":[{"numberOfDocuments":5.808198403400164,"label":"Heriot-Watt University"},{"numberOfDocuments":10.034549067138906,"label":"Robert Gordon University"},{"numberOfDocuments":0.9536194525179127,"label":"Glasgow Caledonian University"},{"numberOfDocuments":0.20858076202788725,"label":"Queen Margaret University"},{"numberOfDocuments":0.42948345515367625,"label":"University of the Highlands and Islands"},{"numberOfDocuments":9.396095944916059,"label":"University of Dundee"},{"numberOfDocuments":8.695897871132647,"label":"Edinburgh Napier University"},{"numberOfDocuments":8.099418649178187,"label":"University of Stirling"},{"numberOfDocuments":1.561262395011561,"label":"Abertay University"},{"numberOfDocuments":1.8411021177235498,"label":"University of Aberdeen"},{"numberOfDocuments":40.018948261981706,"label":"University of Edinburgh"},{"numberOfDocuments":0.9669314594927272,"label":"University of the West of Scotland"},{"numberOfDocuments":14.79164629896481,"label":"University of Glasgow"},{"numberOfDocuments":6.288438170125426,"label":"University of St Andrews"},{"numberOfDocuments":18.572487150986994,"label":"University of Strathclyde"}],"conceptId":0},{"topicData":[{"numberOfDocuments":1.2372027840544972,"label":"Heriot-Watt University"},{"numberOfDocuments":1.1763799271944657,"label":"Robert Gordon University"},{"numberOfDocuments":0.6833696441539578,"label":"Glasgow Caledonian University"},{"numberOfDocuments":0.041768749003036176,"label":"Queen Margaret University"},{"numberOfDocuments":0.11274358648794083,"label":"University of the Highlands and Islands"},{"numberOfDocuments":0.49053335304036805,"label":"University of Dundee"},{"numberOfDocuments":3.268008141643301,"label":"Edinburgh Napier University"},{"numberOfDocuments":2.645627356036916,"label":"University of Stirling"},{"numberOfDocuments":0.28310225661682525,"label":"Abertay University"},{"numberOfDocuments":1.384858784047654,"label":"University of Aberdeen"},{"numberOfDocuments":4.011521801499527,"label":"University of Edinburgh"},{"numberOfDocuments":0.7111280964388762,"label":"University of the West of Scotland"},{"numberOfDocuments":8.365211094148814,"label":"University of Glasgow"},{"numberOfDocuments":1.0956879129475088,"label":"University of St Andrews"},{"numberOfDocuments":13.153705499413656,"label":"University of Strathclyde"}],"conceptId":1},{"topicData":[{"numberOfDocuments":14.433251702038284,"label":"Heriot-Watt University"},{"numberOfDocuments":1.8821651345023365,"label":"Robert Gordon University"},{"numberOfDocuments":0.2342527441598649,"label":"Glasgow Caledonian University"},{"numberOfDocuments":0.8692699197970855,"label":"Queen Margaret University"},{"numberOfDocuments":0.8713166290658582,"label":"University of the Highlands and Islands"},{"numberOfDocuments":9.649003886823916,"label":"University of Dundee"},{"numberOfDocuments":7.234176549641245,"label":"Edinburgh Napier University"},{"numberOfDocuments":6.960397051028283,"label":"University of Stirling"},{"numberOfDocuments":1.6082834091047569,"label":"Abertay University"},{"numberOfDocuments":4.004500093934498,"label":"University of Aberdeen"},{"numberOfDocuments":29.875241773089407,"label":"University of Edinburgh"},{"numberOfDocuments":1.036140488732597,"label":"University of the West of Scotland"},{"numberOfDocuments":17.380123504391758,"label":"University of Glasgow"},{"numberOfDocuments":6.472215786611921,"label":"University of St Andrews"},{"numberOfDocuments":14.108646395881614,"label":"University of Strathclyde"}],"conceptId":2},{"topicData":[{"numberOfDocuments":3.6631657372565973,"label":"Heriot-Watt University"},{"numberOfDocuments":0.3094050364300513,"label":"Robert Gordon University"},{"numberOfDocuments":0.1586125496557892,"label":"Glasgow Caledonian University"},{"numberOfDocuments":0.017486127242224803,"label":"Queen Margaret University"},{"numberOfDocuments":0.8860988480090837,"label":"University of the Highlands and Islands"},{"numberOfDocuments":0.5410858631194672,"label":"University of Dundee"},{"numberOfDocuments":1.0143581812827034,"label":"Edinburgh Napier University"},{"numberOfDocuments":8.890217094061905,"label":"University of Stirling"},{"numberOfDocuments":0.10368773946360153,"label":"Abertay University"},{"numberOfDocuments":1.2511481458955844,"label":"University of Aberdeen"},{"numberOfDocuments":10.47698259119785,"label":"University of Edinburgh"},{"numberOfDocuments":0.18093289489708925,"label":"University of the West of Scotland"},{"numberOfDocuments":25.869677570920615,"label":"University of Glasgow"},{"numberOfDocuments":6.104207389149837,"label":"University of St Andrews"},{"numberOfDocuments":17.50211623038144,"label":"University of Strathclyde"}],"conceptId":3},{"topicData":[{"numberOfDocuments":6.513986278563816,"label":"Heriot-Watt University"},{"numberOfDocuments":6.429736878449297,"label":"Robert Gordon University"},{"numberOfDocuments":3.3939678957575485,"label":"Glasgow Caledonian University"},{"numberOfDocuments":0.49658420596831915,"label":"Queen Margaret University"},{"numberOfDocuments":1.0344047420846105,"label":"University of the Highlands and Islands"},{"numberOfDocuments":5.61187223784576,"label":"University of Dundee"},{"numberOfDocuments":10.960436137663587,"label":"Edinburgh Napier University"},{"numberOfDocuments":10.971699173615411,"label":"University of Stirling"},{"numberOfDocuments":1.8060680726859628,"label":"Abertay University"},{"numberOfDocuments":5.842280544535964,"label":"University of Aberdeen"},{"numberOfDocuments":41.66164541263555,"label":"University of Edinburgh"},{"numberOfDocuments":2.398940911921887,"label":"University of the West of Scotland"},{"numberOfDocuments":25.914518570718084,"label":"University of Glasgow"},{"numberOfDocuments":14.040388774876229,"label":"University of St Andrews"},{"numberOfDocuments":24.529021138180646,"label":"University of Strathclyde"}],"conceptId":4},{"topicData":[{"numberOfDocuments":18.721846324025094,"label":"Heriot-Watt University"},{"numberOfDocuments":0.13890885111766052,"label":"Robert Gordon University"},{"numberOfDocuments":0.0,"label":"Glasgow Caledonian University"},{"numberOfDocuments":0.03378759398496241,"label":"Queen Margaret University"},{"numberOfDocuments":0.21456434373146432,"label":"University of the Highlands and Islands"},{"numberOfDocuments":0.2686118284267234,"label":"University of Dundee"},{"numberOfDocuments":0.04467727050648716,"label":"Edinburgh Napier University"},{"numberOfDocuments":0.1850884622623753,"label":"University of Stirling"},{"numberOfDocuments":0.0,"label":"Abertay University"},{"numberOfDocuments":0.5014770347322777,"label":"University of Aberdeen"},{"numberOfDocuments":5.83030349642571,"label":"University of Edinburgh"},{"numberOfDocuments":0.13259962634452488,"label":"University of the West of Scotland"},{"numberOfDocuments":1.8170751991271252,"label":"University of Glasgow"},{"numberOfDocuments":0.3357633012423851,"label":"University of St Andrews"},{"numberOfDocuments":1.5049577704015697,"label":"University of Strathclyde"}],"conceptId":5},{"topicData":[{"numberOfDocuments":8.189974798800668,"label":"Heriot-Watt University"},{"numberOfDocuments":1.7680762940780321,"label":"Robert Gordon University"},{"numberOfDocuments":0.23754701952123292,"label":"Glasgow Caledonian University"},{"numberOfDocuments":0.22511218650797932,"label":"Queen Margaret University"},{"numberOfDocuments":0.37471644226980094,"label":"University of the Highlands and Islands"},{"numberOfDocuments":1.5742111893417505,"label":"University of Dundee"},{"numberOfDocuments":1.5856133497636928,"label":"Edinburgh Napier University"},{"numberOfDocuments":4.401895844675266,"label":"University of Stirling"},{"numberOfDocuments":0.09560891773304026,"label":"Abertay University"},{"numberOfDocuments":5.355812965215221,"label":"University of Aberdeen"},{"numberOfDocuments":112.57083263122487,"label":"University of Edinburgh"},{"numberOfDocuments":0.04121899713409147,"label":"University of the West of Scotland"},{"numberOfDocuments":4.966020672241398,"label":"University of Glasgow"},{"numberOfDocuments":5.022370286113284,"label":"University of St Andrews"},{"numberOfDocuments":1.9858100844032573,"label":"University of Strathclyde"}],"conceptId":6},{"topicData":[{"numberOfDocuments":15.320145660352757,"label":"Heriot-Watt University"},{"numberOfDocuments":1.7740077348531764,"label":"Robert Gordon University"},{"numberOfDocuments":1.0989390403034656,"label":"Glasgow Caledonian University"},{"numberOfDocuments":0.19683856497932045,"label":"Queen Margaret University"},{"numberOfDocuments":0.9533811792038319,"label":"University of the Highlands and Islands"},{"numberOfDocuments":5.389300909799323,"label":"University of Dundee"},{"numberOfDocuments":5.836012058049475,"label":"Edinburgh Napier University"},{"numberOfDocuments":9.95858654706361,"label":"University of Stirling"},{"numberOfDocuments":0.5179287280007081,"label":"Abertay University"},{"numberOfDocuments":3.3571960606282256,"label":"University of Aberdeen"},{"numberOfDocuments":21.292348932508915,"label":"University of Edinburgh"},{"numberOfDocuments":2.4060324813379186,"label":"University of the West of Scotland"},{"numberOfDocuments":13.22598345647621,"label":"University of Glasgow"},{"numberOfDocuments":4.800610995271852,"label":"University of St Andrews"},{"numberOfDocuments":55.09878402367696,"label":"University of Strathclyde"}],"conceptId":7},{"topicData":[{"numberOfDocuments":0.5409465698852087,"label":"Heriot-Watt University"},{"numberOfDocuments":0.11081199939890041,"label":"Robert Gordon University"},{"numberOfDocuments":0.15076252723311548,"label":"Glasgow Caledonian University"},{"numberOfDocuments":0.1511470143206477,"label":"Queen Margaret University"},{"numberOfDocuments":0.23830257792521942,"label":"University of the Highlands and Islands"},{"numberOfDocuments":0.6753052318094142,"label":"University of Dundee"},{"numberOfDocuments":0.9218144745368956,"label":"Edinburgh Napier University"},{"numberOfDocuments":1.0488228238645656,"label":"University of Stirling"},{"numberOfDocuments":0.009615384615384616,"label":"Abertay University"},{"numberOfDocuments":0.13990753549804347,"label":"University of Aberdeen"},{"numberOfDocuments":44.0844007116584,"label":"University of Edinburgh"},{"numberOfDocuments":0.1578723903354445,"label":"University of the West of Scotland"},{"numberOfDocuments":2.901780928467269,"label":"University of Glasgow"},{"numberOfDocuments":1.2327440248555575,"label":"University of St Andrews"},{"numberOfDocuments":1.6285713229492236,"label":"University of Strathclyde"}],"conceptId":8},{"topicData":[{"numberOfDocuments":5.1128536587904945,"label":"Heriot-Watt University"},{"numberOfDocuments":1.1198453539824187,"label":"Robert Gordon University"},{"numberOfDocuments":0.003194888178913738,"label":"Glasgow Caledonian University"},{"numberOfDocuments":0.27234290281246987,"label":"Queen Margaret University"},{"numberOfDocuments":0.18022965080375136,"label":"University of the Highlands and Islands"},{"numberOfDocuments":0.9369937355561924,"label":"University of Dundee"},{"numberOfDocuments":1.6380155811103791,"label":"Edinburgh Napier University"},{"numberOfDocuments":5.117444148728503,"label":"University of Stirling"},{"numberOfDocuments":0.9183578280022542,"label":"Abertay University"},{"numberOfDocuments":2.2640545822119393,"label":"University of Aberdeen"},{"numberOfDocuments":148.64753121617744,"label":"University of Edinburgh"},{"numberOfDocuments":0.13321325462284794,"label":"University of the West of Scotland"},{"numberOfDocuments":4.974065628740326,"label":"University of Glasgow"},{"numberOfDocuments":1.857943504451982,"label":"University of St Andrews"},{"numberOfDocuments":2.3893095896549466,"label":"University of Strathclyde"}],"conceptId":9},{"topicData":[{"numberOfDocuments":3.416467079493048,"label":"Heriot-Watt University"},{"numberOfDocuments":6.905296964449351,"label":"Robert Gordon University"},{"numberOfDocuments":3.7286959496273075,"label":"Glasgow Caledonian University"},{"numberOfDocuments":0.3143019264023451,"label":"Queen Margaret University"},{"numberOfDocuments":0.11765514252824258,"label":"University of the Highlands and Islands"},{"numberOfDocuments":1.222166851496618,"label":"University of Dundee"},{"numberOfDocuments":10.702495269894591,"label":"Edinburgh Napier University"},{"numberOfDocuments":18.162029664574213,"label":"University of Stirling"},{"numberOfDocuments":0.7783793689705034,"label":"Abertay University"},{"numberOfDocuments":3.312261491478015,"label":"University of Aberdeen"},{"numberOfDocuments":11.923135521614576,"label":"University of Edinburgh"},{"numberOfDocuments":0.16990866979350625,"label":"University of the West of Scotland"},{"numberOfDocuments":8.071461176247889,"label":"University of Glasgow"},{"numberOfDocuments":4.94495803364434,"label":"University of St Andrews"},{"numberOfDocuments":8.397270173121496,"label":"University of Strathclyde"}],"conceptId":10},{"topicData":[{"numberOfDocuments":4.132047475378224,"label":"Heriot-Watt University"},{"numberOfDocuments":5.364563216760485,"label":"Robert Gordon University"},{"numberOfDocuments":0.3472719090387414,"label":"Glasgow Caledonian University"},{"numberOfDocuments":0.35589917469107996,"label":"Queen Margaret University"},{"numberOfDocuments":0.19793445938739224,"label":"University of the Highlands and Islands"},{"numberOfDocuments":5.904156688784705,"label":"University of Dundee"},{"numberOfDocuments":6.770843021168727,"label":"Edinburgh Napier University"},{"numberOfDocuments":8.197221496369618,"label":"University of Stirling"},{"numberOfDocuments":0.4706323426860909,"label":"Abertay University"},{"numberOfDocuments":2.806378718359712,"label":"University of Aberdeen"},{"numberOfDocuments":48.758495619830946,"label":"University of Edinburgh"},{"numberOfDocuments":2.0288093209640765,"label":"University of the West of Scotland"},{"numberOfDocuments":14.986261120631914,"label":"University of Glasgow"},{"numberOfDocuments":3.076504713025829,"label":"University of St Andrews"},{"numberOfDocuments":5.984736374709523,"label":"University of Strathclyde"}],"conceptId":11},{"topicData":[{"numberOfDocuments":1.3769431388547313,"label":"Heriot-Watt University"},{"numberOfDocuments":0.7394423390032436,"label":"Robert Gordon University"},{"numberOfDocuments":0.25079063883617964,"label":"Glasgow Caledonian University"},{"numberOfDocuments":0.6205924238040821,"label":"Queen Margaret University"},{"numberOfDocuments":0.2729074838000173,"label":"University of the Highlands and Islands"},{"numberOfDocuments":1.0638321124216876,"label":"University of Dundee"},{"numberOfDocuments":1.4550863660818398,"label":"Edinburgh Napier University"},{"numberOfDocuments":4.263843223979153,"label":"University of Stirling"},{"numberOfDocuments":0.2849166139738675,"label":"Abertay University"},{"numberOfDocuments":1.4419970864345408,"label":"University of Aberdeen"},{"numberOfDocuments":6.508858972231615,"label":"University of Edinburgh"},{"numberOfDocuments":0.5756391073274781,"label":"University of the West of Scotland"},{"numberOfDocuments":2.6326383268473457,"label":"University of Glasgow"},{"numberOfDocuments":1.6065286666923502,"label":"University of St Andrews"},{"numberOfDocuments":2.462255689113389,"label":"University of Strathclyde"}],"conceptId":12},{"topicData":[{"numberOfDocuments":4.685419905772059,"label":"Heriot-Watt University"},{"numberOfDocuments":6.429429506287959,"label":"Robert Gordon University"},{"numberOfDocuments":0.696695704510213,"label":"Glasgow Caledonian University"},{"numberOfDocuments":1.007741699349314,"label":"Queen Margaret University"},{"numberOfDocuments":0.9842758405515263,"label":"University of the Highlands and Islands"},{"numberOfDocuments":5.73756432248672,"label":"University of Dundee"},{"numberOfDocuments":8.108790717328258,"label":"Edinburgh Napier University"},{"numberOfDocuments":14.75654199762939,"label":"University of Stirling"},{"numberOfDocuments":1.0474868671201465,"label":"Abertay University"},{"numberOfDocuments":7.450925708688213,"label":"University of Aberdeen"},{"numberOfDocuments":79.44953316516084,"label":"University of Edinburgh"},{"numberOfDocuments":3.1632258143496172,"label":"University of the West of Scotland"},{"numberOfDocuments":19.478038930642814,"label":"University of Glasgow"},{"numberOfDocuments":5.570649634717294,"label":"University of St Andrews"},{"numberOfDocuments":12.531116241261024,"label":"University of Strathclyde"}],"conceptId":13},{"topicData":[{"numberOfDocuments":0.23070375103266086,"label":"Heriot-Watt University"},{"numberOfDocuments":1.904646521129306,"label":"Robert Gordon University"},{"numberOfDocuments":1.664304444030713,"label":"Glasgow Caledonian University"},{"numberOfDocuments":0.1768871975019516,"label":"Queen Margaret University"},{"numberOfDocuments":0.018750000000000003,"label":"University of the Highlands and Islands"},{"numberOfDocuments":0.2076419175891717,"label":"University of Dundee"},{"numberOfDocuments":3.389729535294803,"label":"Edinburgh Napier University"},{"numberOfDocuments":4.308185395203817,"label":"University of Stirling"},{"numberOfDocuments":0.17628458498023714,"label":"Abertay University"},{"numberOfDocuments":0.8710793098943961,"label":"University of Aberdeen"},{"numberOfDocuments":3.0152392338172356,"label":"University of Edinburgh"},{"numberOfDocuments":0.16097427934384456,"label":"University of the West of Scotland"},{"numberOfDocuments":2.5557588864645697,"label":"University of Glasgow"},{"numberOfDocuments":0.962757384632818,"label":"University of St Andrews"},{"numberOfDocuments":1.0274042286922318,"label":"University of Strathclyde"}],"conceptId":14},{"topicData":[{"numberOfDocuments":57.36677893245064,"label":"Heriot-Watt University"},{"numberOfDocuments":18.998805948054695,"label":"Robert Gordon University"},{"numberOfDocuments":6.061365328285241,"label":"Glasgow Caledonian University"},{"numberOfDocuments":5.3379994752941595,"label":"Queen Margaret University"},{"numberOfDocuments":4.2808874579073475,"label":"University of the Highlands and Islands"},{"numberOfDocuments":19.24542715819491,"label":"University of Dundee"},{"numberOfDocuments":28.57423129964383,"label":"Edinburgh Napier University"},{"numberOfDocuments":31.71220967197501,"label":"University of Stirling"},{"numberOfDocuments":5.014088178940162,"label":"Abertay University"},{"numberOfDocuments":25.840748531361854,"label":"University of Aberdeen"},{"numberOfDocuments":204.0791247468419,"label":"University of Edinburgh"},{"numberOfDocuments":9.870517494440444,"label":"University of the West of Scotland"},{"numberOfDocuments":109.69276314834283,"label":"University of Glasgow"},{"numberOfDocuments":46.331421973667865,"label":"University of St Andrews"},{"numberOfDocuments":109.35787648420475,"label":"University of Strathclyde"}],"conceptId":15},{"topicData":[{"numberOfDocuments":11.663383349068912,"label":"Heriot-Watt University"},{"numberOfDocuments":8.260089548555447,"label":"Robert Gordon University"},{"numberOfDocuments":3.051065064187594,"label":"Glasgow Caledonian University"},{"numberOfDocuments":0.35180862216393527,"label":"Queen Margaret University"},{"numberOfDocuments":1.079014948627465,"label":"University of the Highlands and Islands"},{"numberOfDocuments":5.827342547108638,"label":"University of Dundee"},{"numberOfDocuments":12.829497127313214,"label":"Edinburgh Napier University"},{"numberOfDocuments":10.889664552294253,"label":"University of Stirling"},{"numberOfDocuments":1.3765772844919577,"label":"Abertay University"},{"numberOfDocuments":2.259681335427565,"label":"University of Aberdeen"},{"numberOfDocuments":92.51573496127148,"label":"University of Edinburgh"},{"numberOfDocuments":1.6112475440863365,"label":"University of the West of Scotland"},{"numberOfDocuments":21.056290288219895,"label":"University of Glasgow"},{"numberOfDocuments":3.7667095287166115,"label":"University of St Andrews"},{"numberOfDocuments":21.26553239338115,"label":"University of Strathclyde"}],"conceptId":16}]