{"linkageTable":[{"node2":16,"distance":0.411457554582015,"node1":8},{"node2":9,"distance":0.45103775109227,"node1":6},{"node2":15,"distance":0.46382300395701,"node1":5},{"node2":7,"distance":0.469277522509625,"node1":0},{"node2":14,"distance":0.47765357136033,"node1":11},{"node2":17,"distance":0.47821797273726874,"node1":20},{"node2":13,"distance":0.4792143029846425,"node1":18},{"node2":10,"distance":0.479346946697155,"node1":1},{"node2":19,"distance":0.48190677761104,"node1":2},{"node2":25,"distance":0.4859908197163079,"node1":22},{"node2":21,"distance":0.4863836093059508,"node1":23},{"node2":4,"distance":0.48933331979081285,"node1":26},{"node2":3,"distance":0.4898251244138631,"node1":28},{"node2":27,"distance":0.4914076399065414,"node1":29},{"node2":24,"distance":0.4961751619872051,"node1":30},{"node2":12,"distance":0.4976410069352574,"node1":31}],"conceptsData":[{"conceptId":10,"clusterId":0,"hexCoordinates":{"x":3.4641016151377544,"y":3.0},"labels":[{"weight":559.0,"label":"problem"},{"weight":522.0,"label":"algorithm"},{"weight":346.0,"label":"heuristic"},{"weight":219.0,"label":"solution"},{"weight":163.0,"label":"solve"},{"weight":148.0,"label":"set"},{"weight":140.0,"label":"search"},{"weight":125.0,"label":"selection"},{"weight":97.0,"label":"approach"},{"weight":92.0,"label":"show"},{"weight":88.0,"label":"result"},{"weight":86.0,"label":"hyper"},{"weight":85.0,"label":"instance"},{"weight":85.0,"label":"genetic"},{"weight":84.0,"label":"base"},{"weight":72.0,"label":"evolutionary"},{"weight":70.0,"label":"performance"},{"weight":69.0,"label":"domain"},{"weight":68.0,"label":"function"},{"weight":68.0,"label":"paper"},{"weight":62.0,"label":"optimisation"},{"weight":60.0,"label":"benchmark"},{"weight":60.0,"label":"structure"},{"weight":59.0,"label":"algorithmic"},{"weight":58.0,"label":"optimization"}]},{"conceptId":1,"clusterId":0,"hexCoordinates":{"x":5.196152422706632,"y":3.0},"labels":[{"weight":365.0,"label":"algorithm"},{"weight":116.0,"label":"optimization"},{"weight":106.0,"label":"propose"},{"weight":80.0,"label":"search"},{"weight":76.0,"label":"evolutionary"},{"weight":74.0,"label":"base"},{"weight":68.0,"label":"strategy"},{"weight":58.0,"label":"local"},{"weight":53.0,"label":"problem"},{"weight":52.0,"label":"paper"},{"weight":50.0,"label":"exploration"},{"weight":50.0,"label":"hybrid"},{"weight":47.0,"label":"parameter"},{"weight":43.0,"label":"benchmark"},{"weight":43.0,"label":"adaptive"},{"weight":41.0,"label":"optimize"},{"weight":39.0,"label":"inspire"},{"weight":39.0,"label":"global"},{"weight":38.0,"label":"performance"},{"weight":37.0,"label":"diversity"},{"weight":36.0,"label":"exploitation"},{"weight":35.0,"label":"function"},{"weight":34.0,"label":"evolution"},{"weight":28.0,"label":"convergence"},{"weight":28.0,"label":"adapt"}]},{"conceptId":8,"clusterId":0,"hexCoordinates":{"x":0.0,"y":0.0},"labels":[{"weight":324.0,"label":"speech"},{"weight":215.0,"label":"feature"},{"weight":185.0,"label":"model"},{"weight":168.0,"label":"synthesis"},{"weight":158.0,"label":"acoustic"},{"weight":96.0,"label":"system"},{"weight":87.0,"label":"dnn"},{"weight":86.0,"label":"waveform"},{"weight":82.0,"label":"propose"},{"weight":78.0,"label":"base"},{"weight":65.0,"label":"parametric"},{"weight":64.0,"label":"spectral"},{"weight":62.0,"label":"generate"},{"weight":56.0,"label":"quality"},{"weight":55.0,"label":"vocoder"},{"weight":55.0,"label":"paper"},{"weight":51.0,"label":"text"},{"weight":50.0,"label":"unit"},{"weight":50.0,"label":"statistical"},{"weight":45.0,"label":"synthetic"},{"weight":44.0,"label":"filter"},{"weight":41.0,"label":"test"},{"weight":41.0,"label":"complex"},{"weight":40.0,"label":"glottal"},{"weight":40.0,"label":"generation"}]},{"conceptId":5,"clusterId":0,"hexCoordinates":{"x":4.330127018922193,"y":-1.5},"labels":[{"weight":281.0,"label":"inf"},{"weight":105.0,"label":"imaging"},{"weight":90.0,"label":"sparsity"},{"weight":83.0,"label":"reconstruction"},{"weight":80.0,"label":"image"},{"weight":70.0,"label":"problem"},{"weight":67.0,"label":"radio"},{"weight":65.0,"label":"prior"},{"weight":64.0,"label":"eit"},{"weight":55.0,"label":"convex"},{"weight":54.0,"label":"sparse"},{"weight":53.0,"label":"algorithm"},{"weight":45.0,"label":"sense"},{"weight":42.0,"label":"regularization"},{"weight":40.0,"label":"structure"},{"weight":39.0,"label":"data"},{"weight":38.0,"label":"solve"},{"weight":36.0,"label":"measurement"},{"weight":32.0,"label":"interferometric"},{"weight":31.0,"label":"quality"},{"weight":30.0,"label":"compressive"},{"weight":30.0,"label":"inverse"},{"weight":25.0,"label":"leverage"},{"weight":25.0,"label":"work"},{"weight":24.0,"label":"minimization"}]},{"conceptId":3,"clusterId":0,"hexCoordinates":{"x":4.330127018922193,"y":1.5},"labels":[{"weight":601.0,"label":"radar"},{"weight":216.0,"label":"sar"},{"weight":188.0,"label":"target"},{"weight":166.0,"label":"data"},{"weight":142.0,"label":"detection"},{"weight":130.0,"label":"doppler"},{"weight":127.0,"label":"gpr"},{"weight":123.0,"label":"micro"},{"weight":119.0,"label":"system"},{"weight":103.0,"label":"aperture"},{"weight":91.0,"label":"signature"},{"weight":88.0,"label":"classification"},{"weight":74.0,"label":"band"},{"weight":69.0,"label":"real"},{"weight":69.0,"label":"paper"},{"weight":67.0,"label":"show"},{"weight":66.0,"label":"synthetic"},{"weight":64.0,"label":"polarimetric"},{"weight":58.0,"label":"feature"},{"weight":58.0,"label":"ground"},{"weight":56.0,"label":"result"},{"weight":55.0,"label":"iceberg"},{"weight":53.0,"label":"algorithm"},{"weight":52.0,"label":"angle"},{"weight":50.0,"label":"time"}]},{"conceptId":16,"clusterId":0,"hexCoordinates":{"x":1.7320508075688772,"y":0.0},"labels":[{"weight":1549.0,"label":"network"},{"weight":1013.0,"label":"neural"},{"weight":576.0,"label":"deep"},{"weight":558.0,"label":"model"},{"weight":464.0,"label":"learn"},{"weight":426.0,"label":"training"},{"weight":370.0,"label":"learning"},{"weight":366.0,"label":"train"},{"weight":323.0,"label":"input"},{"weight":258.0,"label":"propose"},{"weight":237.0,"label":"data"},{"weight":234.0,"label":"layer"},{"weight":230.0,"label":"architecture"},{"weight":219.0,"label":"cnn"},{"weight":203.0,"label":"convolutional"},{"weight":186.0,"label":"base"},{"weight":172.0,"label":"task"},{"weight":167.0,"label":"artificial"},{"weight":163.0,"label":"rnn"},{"weight":163.0,"label":"ann"},{"weight":157.0,"label":"approach"},{"weight":156.0,"label":"feature"},{"weight":153.0,"label":"method"},{"weight":144.0,"label":"result"},{"weight":139.0,"label":"show"}]},{"conceptId":14,"clusterId":0,"hexCoordinates":{"x":0.8660254037844386,"y":4.5},"labels":[{"weight":274.0,"label":"sentiment"},{"weight":113.0,"label":"analysis"},{"weight":93.0,"label":"opinion"},{"weight":87.0,"label":"polarity"},{"weight":70.0,"label":"acceptability"},{"weight":70.0,"label":"product"},{"weight":62.0,"label":"swt"},{"weight":55.0,"label":"public"},{"weight":52.0,"label":"aspect"},{"weight":44.0,"label":"concept"},{"weight":40.0,"label":"attitude"},{"weight":34.0,"label":"knowledge"},{"weight":24.0,"label":"cpe"},{"weight":23.0,"label":"survey"},{"weight":23.0,"label":"level"},{"weight":22.0,"label":"respondent"},{"weight":21.0,"label":"acceptable"},{"weight":20.0,"label":"tsv"},{"weight":20.0,"label":"review"},{"weight":19.0,"label":"information"},{"weight":19.0,"label":"perspective"},{"weight":19.0,"label":"important"},{"weight":17.0,"label":"ugd"},{"weight":17.0,"label":"lexicon"},{"weight":16.0,"label":"people"}]},{"conceptId":9,"clusterId":0,"hexCoordinates":{"x":-0.8660254037844386,"y":1.5},"labels":[{"weight":893.0,"label":"translation"},{"weight":462.0,"label":"system"},{"weight":331.0,"label":"model"},{"weight":314.0,"label":"language"},{"weight":313.0,"label":"task"},{"weight":255.0,"label":"machine"},{"weight":226.0,"label":"english"},{"weight":220.0,"label":"word"},{"weight":188.0,"label":"data"},{"weight":160.0,"label":"neural"},{"weight":160.0,"label":"base"},{"weight":145.0,"label":"training"},{"weight":144.0,"label":"domain"},{"weight":126.0,"label":"evaluation"},{"weight":120.0,"label":"german"},{"weight":119.0,"label":"translate"},{"weight":112.0,"label":"text"},{"weight":109.0,"label":"source"},{"weight":102.0,"label":"paper"},{"weight":97.0,"label":"target"},{"weight":89.0,"label":"quality"},{"weight":88.0,"label":"bleu"},{"weight":88.0,"label":"show"},{"weight":87.0,"label":"automatic"},{"weight":85.0,"label":"output"}]},{"conceptId":11,"clusterId":0,"hexCoordinates":{"x":1.7320508075688772,"y":3.0},"labels":[{"weight":705.0,"label":"feature"},{"weight":297.0,"label":"domain"},{"weight":222.0,"label":"model"},{"weight":222.0,"label":"learn"},{"weight":196.0,"label":"propose"},{"weight":182.0,"label":"sketch"},{"weight":172.0,"label":"level"},{"weight":164.0,"label":"task"},{"weight":159.0,"label":"recognition"},{"weight":151.0,"label":"base"},{"weight":147.0,"label":"multimodal"},{"weight":146.0,"label":"performance"},{"weight":135.0,"label":"dataset"},{"weight":129.0,"label":"classification"},{"weight":125.0,"label":"modality"},{"weight":119.0,"label":"representation"},{"weight":113.0,"label":"set"},{"weight":111.0,"label":"learning"},{"weight":109.0,"label":"analysis"},{"weight":104.0,"label":"category"},{"weight":104.0,"label":"human"},{"weight":102.0,"label":"classifier"},{"weight":100.0,"label":"similarity"},{"weight":98.0,"label":"video"},{"weight":96.0,"label":"art"}]},{"conceptId":12,"clusterId":0,"hexCoordinates":{"x":1.7320508075688772,"y":-3.0},"labels":[{"weight":464.0,"label":"video"},{"weight":199.0,"label":"brain"},{"weight":144.0,"label":"image"},{"weight":66.0,"label":"multimedia"},{"weight":62.0,"label":"atlas"},{"weight":61.0,"label":"base"},{"weight":59.0,"label":"quality"},{"weight":57.0,"label":"compression"},{"weight":46.0,"label":"code"},{"weight":45.0,"label":"robustness"},{"weight":44.0,"label":"content"},{"weight":39.0,"label":"mri"},{"weight":36.0,"label":"squid"},{"weight":36.0,"label":"atla"},{"weight":34.0,"label":"normal"},{"weight":34.0,"label":"subject"},{"weight":32.0,"label":"generate"},{"weight":31.0,"label":"neuroscience"},{"weight":29.0,"label":"recording"},{"weight":28.0,"label":"watermark"},{"weight":28.0,"label":"visual"},{"weight":26.0,"label":"stream"},{"weight":25.0,"label":"watermarking"},{"weight":25.0,"label":"parametric"},{"weight":24.0,"label":"jpeg"}]},{"conceptId":13,"clusterId":0,"hexCoordinates":{"x":0.0,"y":3.0},"labels":[{"weight":601.0,"label":"image"},{"weight":241.0,"label":"base"},{"weight":240.0,"label":"task"},{"weight":240.0,"label":"approach"},{"weight":239.0,"label":"annotation"},{"weight":215.0,"label":"dataset"},{"weight":210.0,"label":"video"},{"weight":207.0,"label":"object"},{"weight":203.0,"label":"text"},{"weight":201.0,"label":"automatic"},{"weight":178.0,"label":"human"},{"weight":177.0,"label":"method"},{"weight":167.0,"label":"visual"},{"weight":164.0,"label":"manual"},{"weight":151.0,"label":"show"},{"weight":149.0,"label":"document"},{"weight":142.0,"label":"propose"},{"weight":140.0,"label":"representation"},{"weight":140.0,"label":"label"},{"weight":139.0,"label":"content"},{"weight":135.0,"label":"learn"},{"weight":131.0,"label":"category"},{"weight":130.0,"label":"description"},{"weight":128.0,"label":"paper"},{"weight":126.0,"label":"set"}]},{"conceptId":0,"clusterId":0,"hexCoordinates":{"x":0.8660254037844386,"y":-1.5},"labels":[{"weight":748.0,"label":"classification"},{"weight":414.0,"label":"classifier"},{"weight":409.0,"label":"class"},{"weight":407.0,"label":"feature"},{"weight":332.0,"label":"data"},{"weight":306.0,"label":"propose"},{"weight":305.0,"label":"method"},{"weight":288.0,"label":"dataset"},{"weight":238.0,"label":"label"},{"weight":238.0,"label":"base"},{"weight":219.0,"label":"performance"},{"weight":215.0,"label":"learn"},{"weight":212.0,"label":"segmentation"},{"weight":191.0,"label":"accuracy"},{"weight":182.0,"label":"algorithm"},{"weight":182.0,"label":"learning"},{"weight":169.0,"label":"machine"},{"weight":158.0,"label":"classify"},{"weight":147.0,"label":"approach"},{"weight":138.0,"label":"result"},{"weight":125.0,"label":"training"},{"weight":118.0,"label":"image"},{"weight":116.0,"label":"random"},{"weight":116.0,"label":"sample"},{"weight":112.0,"label":"train"}]},{"conceptId":4,"clusterId":0,"hexCoordinates":{"x":2.598076211353316,"y":1.5},"labels":[{"weight":1213.0,"label":"data"},{"weight":959.0,"label":"machine"},{"weight":703.0,"label":"algorithm"},{"weight":535.0,"label":"learning"},{"weight":352.0,"label":"technique"},{"weight":295.0,"label":"learn"},{"weight":271.0,"label":"feature"},{"weight":257.0,"label":"clustering"},{"weight":255.0,"label":"base"},{"weight":252.0,"label":"method"},{"weight":221.0,"label":"classification"},{"weight":217.0,"label":"support"},{"weight":202.0,"label":"approach"},{"weight":199.0,"label":"human"},{"weight":198.0,"label":"dataset"},{"weight":182.0,"label":"analysis"},{"weight":175.0,"label":"accuracy"},{"weight":173.0,"label":"processing"},{"weight":168.0,"label":"apply"},{"weight":165.0,"label":"identify"},{"weight":160.0,"label":"analytic"},{"weight":156.0,"label":"vector"},{"weight":154.0,"label":"cluster"},{"weight":141.0,"label":"automate"},{"weight":137.0,"label":"big"}]},{"conceptId":-1,"clusterId":-1,"hexCoordinates":{"x":8.660254037844386,"y":4.5},"labels":[{"weight":2500,"label":"Unclassified"},{"weight":0,"label":""},{"weight":0,"label":""},{"weight":0,"label":""},{"weight":0,"label":""},{"weight":0,"label":""},{"weight":0,"label":""},{"weight":0,"label":""},{"weight":0,"label":""},{"weight":0,"label":""},{"weight":0,"label":""}]},{"conceptId":7,"clusterId":0,"hexCoordinates":{"x":2.598076211353316,"y":-1.5},"labels":[{"weight":761.0,"label":"image"},{"weight":396.0,"label":"propose"},{"weight":371.0,"label":"classification"},{"weight":369.0,"label":"feature"},{"weight":339.0,"label":"method"},{"weight":251.0,"label":"base"},{"weight":219.0,"label":"detection"},{"weight":215.0,"label":"spatial"},{"weight":212.0,"label":"spectral"},{"weight":192.0,"label":"hyperspectral"},{"weight":175.0,"label":"result"},{"weight":167.0,"label":"algorithm"},{"weight":166.0,"label":"data"},{"weight":158.0,"label":"accuracy"},{"weight":152.0,"label":"hsi"},{"weight":145.0,"label":"pixel"},{"weight":138.0,"label":"paper"},{"weight":133.0,"label":"region"},{"weight":129.0,"label":"sense"},{"weight":128.0,"label":"information"},{"weight":114.0,"label":"high"},{"weight":111.0,"label":"extract"},{"weight":110.0,"label":"descriptor"},{"weight":109.0,"label":"map"},{"weight":106.0,"label":"remote"}]},{"conceptId":2,"clusterId":0,"hexCoordinates":{"x":5.196152422706632,"y":0.0},"labels":[{"weight":2046.0,"label":"image"},{"weight":278.0,"label":"method"},{"weight":255.0,"label":"reconstruction"},{"weight":227.0,"label":"technique"},{"weight":225.0,"label":"imaging"},{"weight":200.0,"label":"analysis"},{"weight":168.0,"label":"segmentation"},{"weight":148.0,"label":"base"},{"weight":146.0,"label":"tomography"},{"weight":136.0,"label":"algorithm"},{"weight":134.0,"label":"result"},{"weight":121.0,"label":"acquire"},{"weight":110.0,"label":"digital"},{"weight":109.0,"label":"contrast"},{"weight":107.0,"label":"map"},{"weight":106.0,"label":"scan"},{"weight":104.0,"label":"feature"},{"weight":103.0,"label":"propose"},{"weight":103.0,"label":"data"},{"weight":101.0,"label":"dimensional"},{"weight":100.0,"label":"shape"},{"weight":96.0,"label":"registration"},{"weight":91.0,"label":"apply"},{"weight":90.0,"label":"acquisition"},{"weight":86.0,"label":"texture"}]},{"conceptId":6,"clusterId":0,"hexCoordinates":{"x":0.8660254037844386,"y":1.5},"labels":[{"weight":305.0,"label":"semantic"},{"weight":280.0,"label":"language"},{"weight":258.0,"label":"model"},{"weight":253.0,"label":"sentence"},{"weight":219.0,"label":"text"},{"weight":190.0,"label":"dependency"},{"weight":181.0,"label":"structure"},{"weight":181.0,"label":"base"},{"weight":161.0,"label":"task"},{"weight":155.0,"label":"grammar"},{"weight":149.0,"label":"natural"},{"weight":147.0,"label":"word"},{"weight":131.0,"label":"syntactic"},{"weight":131.0,"label":"representation"},{"weight":130.0,"label":"show"},{"weight":127.0,"label":"parser"},{"weight":111.0,"label":"corpus"},{"weight":103.0,"label":"approach"},{"weight":102.0,"label":"english"},{"weight":101.0,"label":"parsing"},{"weight":98.0,"label":"discourse"},{"weight":94.0,"label":"tree"},{"weight":93.0,"label":"question"},{"weight":82.0,"label":"parse"},{"weight":76.0,"label":"sequence"}]},{"conceptId":15,"clusterId":0,"hexCoordinates":{"x":3.4641016151377544,"y":0.0},"labels":[{"weight":2344.0,"label":"method"},{"weight":1419.0,"label":"propose"},{"weight":1375.0,"label":"approach"},{"weight":1318.0,"label":"performance"},{"weight":1256.0,"label":"base"},{"weight":980.0,"label":"time"},{"weight":896.0,"label":"technique"},{"weight":877.0,"label":"improve"},{"weight":796.0,"label":"state"},{"weight":795.0,"label":"show"},{"weight":747.0,"label":"real"},{"weight":731.0,"label":"result"},{"weight":638.0,"label":"compare"},{"weight":622.0,"label":"number"},{"weight":617.0,"label":"demonstrate"},{"weight":580.0,"label":"data"},{"weight":545.0,"label":"algorithm"},{"weight":542.0,"label":"order"},{"weight":526.0,"label":"set"},{"weight":504.0,"label":"achieve"},{"weight":501.0,"label":"large"},{"weight":476.0,"label":"paper"},{"weight":469.0,"label":"strategy"},{"weight":442.0,"label":"experiment"},{"weight":433.0,"label":"problem"}]}]}