{"linkageTable":[{"node2":9,"distance":0.455232629251235,"node1":6},{"node2":11,"distance":0.465281552529345,"node1":2},{"node2":12,"distance":0.470213748690345,"node1":8},{"node2":7,"distance":0.470501335731145,"node1":3},{"node2":14,"distance":0.4759351243285225,"node1":1},{"node2":10,"distance":0.4760587888987975,"node1":15},{"node2":4,"distance":0.4800056761827916,"node1":18},{"node2":13,"distance":0.48666842254672,"node1":0},{"node2":16,"distance":0.48697326597552254,"node1":19},{"node2":17,"distance":0.4930573817631656,"node1":20},{"node2":22,"distance":0.4938574210976151,"node1":23},{"node2":5,"distance":0.4947708456427932,"node1":24},{"node2":25,"distance":0.4966848227281968,"node1":21}],"conceptsData":[{"conceptId":6,"clusterId":0,"hexCoordinates":{"x":0.0,"y":0.0},"labels":[{"weight":1298.0,"label":"laser"},{"weight":386.0,"label":"pulse"},{"weight":299.0,"label":"pump"},{"weight":295.0,"label":"power"},{"weight":279.0,"label":"wavelength"},{"weight":266.0,"label":"optical"},{"weight":211.0,"label":"cavity"},{"weight":196.0,"label":"mode"},{"weight":181.0,"label":"output"},{"weight":179.0,"label":"frequency"},{"weight":163.0,"label":"lock"},{"weight":157.0,"label":"report"},{"weight":153.0,"label":"demonstrate"},{"weight":140.0,"label":"high"},{"weight":138.0,"label":"range"},{"weight":135.0,"label":"gain"},{"weight":129.0,"label":"achieve"},{"weight":118.0,"label":"spectral"},{"weight":114.0,"label":"comb"},{"weight":114.0,"label":"diode"},{"weight":113.0,"label":"emission"},{"weight":108.0,"label":"raman"},{"weight":105.0,"label":"repetition"},{"weight":101.0,"label":"pulsed"},{"weight":96.0,"label":"fiber"}]},{"conceptId":10,"clusterId":0,"hexCoordinates":{"x":5.196152422706632,"y":0.0},"labels":[{"weight":360.0,"label":"optical"},{"weight":308.0,"label":"spectroscopy"},{"weight":251.0,"label":"raman"},{"weight":199.0,"label":"infrared"},{"weight":189.0,"label":"lens"},{"weight":162.0,"label":"light"},{"weight":137.0,"label":"demonstrate"},{"weight":129.0,"label":"spectrum"},{"weight":120.0,"label":"trap"},{"weight":110.0,"label":"wavelength"},{"weight":104.0,"label":"nir"},{"weight":100.0,"label":"spectral"},{"weight":87.0,"label":"device"},{"weight":85.0,"label":"imaging"},{"weight":84.0,"label":"single"},{"weight":82.0,"label":"probe"},{"weight":79.0,"label":"beam"},{"weight":76.0,"label":"show"},{"weight":74.0,"label":"laser"},{"weight":69.0,"label":"plane"},{"weight":66.0,"label":"trapping"},{"weight":64.0,"label":"reflectance"},{"weight":62.0,"label":"fourier"},{"weight":62.0,"label":"technique"},{"weight":61.0,"label":"sample"}]},{"conceptId":8,"clusterId":0,"hexCoordinates":{"x":4.330127018922193,"y":1.5},"labels":[{"weight":513.0,"label":"photon"},{"weight":465.0,"label":"single"},{"weight":368.0,"label":"time"},{"weight":275.0,"label":"pixel"},{"weight":233.0,"label":"count"},{"weight":230.0,"label":"detector"},{"weight":204.0,"label":"spad"},{"weight":196.0,"label":"array"},{"weight":191.0,"label":"imaging"},{"weight":185.0,"label":"lifetime"},{"weight":145.0,"label":"sensor"},{"weight":135.0,"label":"avalanche"},{"weight":130.0,"label":"range"},{"weight":126.0,"label":"image"},{"weight":125.0,"label":"fluorescence"},{"weight":117.0,"label":"system"},{"weight":116.0,"label":"high"},{"weight":115.0,"label":"light"},{"weight":112.0,"label":"rate"},{"weight":108.0,"label":"detection"},{"weight":100.0,"label":"resolution"},{"weight":98.0,"label":"diode"},{"weight":94.0,"label":"demonstrate"},{"weight":89.0,"label":"camera"},{"weight":87.0,"label":"depth"}]},{"conceptId":9,"clusterId":0,"hexCoordinates":{"x":1.7320508075688772,"y":0.0},"labels":[{"weight":650.0,"label":"optical"},{"weight":429.0,"label":"device"},{"weight":334.0,"label":"photonic"},{"weight":333.0,"label":"wavelength"},{"weight":314.0,"label":"demonstrate"},{"weight":308.0,"label":"waveguide"},{"weight":277.0,"label":"silicon"},{"weight":276.0,"label":"mode"},{"weight":252.0,"label":"high"},{"weight":251.0,"label":"integrate"},{"weight":215.0,"label":"index"},{"weight":214.0,"label":"structure"},{"weight":205.0,"label":"light"},{"weight":197.0,"label":"design"},{"weight":186.0,"label":"material"},{"weight":180.0,"label":"fiber"},{"weight":177.0,"label":"plasmonic"},{"weight":176.0,"label":"cavity"},{"weight":157.0,"label":"base"},{"weight":154.0,"label":"refractive"},{"weight":153.0,"label":"chip"},{"weight":143.0,"label":"application"},{"weight":142.0,"label":"resonance"},{"weight":140.0,"label":"single"},{"weight":136.0,"label":"crystal"}]},{"conceptId":5,"clusterId":0,"hexCoordinates":{"x":3.4641016151377544,"y":3.0},"labels":[{"weight":832.0,"label":"light"},{"weight":338.0,"label":"emit"},{"weight":306.0,"label":"emission"},{"weight":265.0,"label":"color"},{"weight":263.0,"label":"blue"},{"weight":226.0,"label":"lead"},{"weight":202.0,"label":"led"},{"weight":176.0,"label":"diode"},{"weight":160.0,"label":"organic"},{"weight":155.0,"label":"white"},{"weight":148.0,"label":"visible"},{"weight":137.0,"label":"device"},{"weight":134.0,"label":"red"},{"weight":133.0,"label":"emitter"},{"weight":130.0,"label":"quantum"},{"weight":123.0,"label":"oled"},{"weight":112.0,"label":"efficiency"},{"weight":110.0,"label":"report"},{"weight":105.0,"label":"green"},{"weight":103.0,"label":"phosphor"},{"weight":101.0,"label":"optical"},{"weight":97.0,"label":"high"},{"weight":90.0,"label":"complex"},{"weight":88.0,"label":"material"},{"weight":88.0,"label":"molecule"}]},{"conceptId":2,"clusterId":0,"hexCoordinates":{"x":4.330127018922193,"y":-1.5},"labels":[{"weight":800.0,"label":"imaging"},{"weight":759.0,"label":"resolution"},{"weight":482.0,"label":"microscopy"},{"weight":336.0,"label":"high"},{"weight":295.0,"label":"technique"},{"weight":232.0,"label":"image"},{"weight":226.0,"label":"fluorescence"},{"weight":216.0,"label":"light"},{"weight":168.0,"label":"optical"},{"weight":166.0,"label":"single"},{"weight":157.0,"label":"method"},{"weight":147.0,"label":"fluorescent"},{"weight":145.0,"label":"demonstrate"},{"weight":134.0,"label":"sample"},{"weight":133.0,"label":"super"},{"weight":128.0,"label":"tissue"},{"weight":123.0,"label":"microscope"},{"weight":120.0,"label":"sheet"},{"weight":118.0,"label":"live"},{"weight":117.0,"label":"confocal"},{"weight":117.0,"label":"enable"},{"weight":105.0,"label":"spatial"},{"weight":100.0,"label":"resolve"},{"weight":98.0,"label":"structure"},{"weight":91.0,"label":"approach"}]},{"conceptId":-1,"clusterId":-1,"hexCoordinates":{"x":9.526279441628825,"y":3.0},"labels":[{"weight":2500,"label":"Unclassified"},{"weight":0,"label":""},{"weight":0,"label":""},{"weight":0,"label":""},{"weight":0,"label":""},{"weight":0,"label":""},{"weight":0,"label":""},{"weight":0,"label":""},{"weight":0,"label":""},{"weight":0,"label":""},{"weight":0,"label":""}]},{"conceptId":13,"clusterId":0,"hexCoordinates":{"x":0.0,"y":3.0},"labels":[{"weight":686.0,"label":"antenna"},{"weight":312.0,"label":"design"},{"weight":301.0,"label":"frequency"},{"weight":298.0,"label":"ghz"},{"weight":251.0,"label":"band"},{"weight":220.0,"label":"propose"},{"weight":181.0,"label":"array"},{"weight":141.0,"label":"bandwidth"},{"weight":137.0,"label":"radiation"},{"weight":136.0,"label":"present"},{"weight":126.0,"label":"gain"},{"weight":106.0,"label":"wave"},{"weight":105.0,"label":"dielectric"},{"weight":101.0,"label":"measure"},{"weight":99.0,"label":"paper"},{"weight":98.0,"label":"substrate"},{"weight":96.0,"label":"slot"},{"weight":96.0,"label":"performance"},{"weight":94.0,"label":"good"},{"weight":94.0,"label":"structure"},{"weight":91.0,"label":"low"},{"weight":89.0,"label":"filter"},{"weight":87.0,"label":"compact"},{"weight":86.0,"label":"impedance"},{"weight":84.0,"label":"mode"}]},{"conceptId":4,"clusterId":0,"hexCoordinates":{"x":2.598076211353316,"y":-1.5},"labels":[{"weight":383.0,"label":"polarization"},{"weight":371.0,"label":"beam"},{"weight":317.0,"label":"light"},{"weight":276.0,"label":"optical"},{"weight":158.0,"label":"phase"},{"weight":154.0,"label":"polarize"},{"weight":115.0,"label":"metasurface"},{"weight":111.0,"label":"control"},{"weight":108.0,"label":"angular"},{"weight":105.0,"label":"field"},{"weight":105.0,"label":"demonstrate"},{"weight":92.0,"label":"incident"},{"weight":89.0,"label":"momentum"},{"weight":81.0,"label":"spatial"},{"weight":81.0,"label":"pattern"},{"weight":80.0,"label":"application"},{"weight":73.0,"label":"generate"},{"weight":70.0,"label":"hologram"},{"weight":68.0,"label":"image"},{"weight":66.0,"label":"orbital"},{"weight":63.0,"label":"vortex"},{"weight":61.0,"label":"focal"},{"weight":60.0,"label":"device"},{"weight":58.0,"label":"wavelength"},{"weight":57.0,"label":"profile"}]},{"conceptId":0,"clusterId":0,"hexCoordinates":{"x":1.7320508075688772,"y":3.0},"labels":[{"weight":382.0,"label":"frequency"},{"weight":238.0,"label":"ghz"},{"weight":220.0,"label":"wave"},{"weight":213.0,"label":"thz"},{"weight":203.0,"label":"band"},{"weight":158.0,"label":"power"},{"weight":150.0,"label":"beam"},{"weight":149.0,"label":"high"},{"weight":139.0,"label":"mode"},{"weight":130.0,"label":"output"},{"weight":130.0,"label":"present"},{"weight":119.0,"label":"design"},{"weight":91.0,"label":"source"},{"weight":89.0,"label":"oscillator"},{"weight":85.0,"label":"terahertz"},{"weight":82.0,"label":"electron"},{"weight":79.0,"label":"paper"},{"weight":77.0,"label":"microwave"},{"weight":71.0,"label":"rtd"},{"weight":70.0,"label":"gyro"},{"weight":70.0,"label":"measure"},{"weight":69.0,"label":"range"},{"weight":63.0,"label":"amplifier"},{"weight":63.0,"label":"window"},{"weight":62.0,"label":"twa"}]},{"conceptId":1,"clusterId":0,"hexCoordinates":{"x":0.8660254037844386,"y":-1.5},"labels":[{"weight":1073.0,"label":"quantum"},{"weight":662.0,"label":"photon"},{"weight":628.0,"label":"state"},{"weight":224.0,"label":"single"},{"weight":184.0,"label":"optical"},{"weight":183.0,"label":"high"},{"weight":167.0,"label":"entanglement"},{"weight":160.0,"label":"oam"},{"weight":155.0,"label":"entangled"},{"weight":152.0,"label":"source"},{"weight":121.0,"label":"coherent"},{"weight":121.0,"label":"demonstrate"},{"weight":120.0,"label":"dot"},{"weight":117.0,"label":"photonic"},{"weight":112.0,"label":"dimensional"},{"weight":110.0,"label":"generation"},{"weight":108.0,"label":"mode"},{"weight":107.0,"label":"pair"},{"weight":105.0,"label":"information"},{"weight":105.0,"label":"system"},{"weight":102.0,"label":"qubit"},{"weight":88.0,"label":"chip"},{"weight":78.0,"label":"generate"},{"weight":78.0,"label":"application"},{"weight":77.0,"label":"experiment"}]},{"conceptId":7,"clusterId":0,"hexCoordinates":{"x":2.598076211353316,"y":1.5},"labels":[{"weight":533.0,"label":"acoustic"},{"weight":473.0,"label":"frequency"},{"weight":246.0,"label":"transducer"},{"weight":146.0,"label":"device"},{"weight":140.0,"label":"design"},{"weight":136.0,"label":"wave"},{"weight":120.0,"label":"khz"},{"weight":120.0,"label":"ultrasonic"},{"weight":96.0,"label":"fractal"},{"weight":92.0,"label":"signal"},{"weight":91.0,"label":"ultrasound"},{"weight":88.0,"label":"piezoelectric"},{"weight":84.0,"label":"amplifier"},{"weight":84.0,"label":"response"},{"weight":79.0,"label":"microphone"},{"weight":79.0,"label":"bandwidth"},{"weight":76.0,"label":"pressure"},{"weight":73.0,"label":"element"},{"weight":70.0,"label":"mhz"},{"weight":67.0,"label":"sound"},{"weight":67.0,"label":"present"},{"weight":64.0,"label":"amplification"},{"weight":64.0,"label":"range"},{"weight":63.0,"label":"show"},{"weight":62.0,"label":"low"}]},{"conceptId":11,"clusterId":0,"hexCoordinates":{"x":3.4641016151377544,"y":0.0},"labels":[{"weight":863.0,"label":"image"},{"weight":709.0,"label":"resolution"},{"weight":617.0,"label":"imaging"},{"weight":292.0,"label":"high"},{"weight":251.0,"label":"field"},{"weight":229.0,"label":"camera"},{"weight":202.0,"label":"spatial"},{"weight":187.0,"label":"reconstruction"},{"weight":182.0,"label":"data"},{"weight":173.0,"label":"frame"},{"weight":172.0,"label":"technique"},{"weight":171.0,"label":"acquisition"},{"weight":167.0,"label":"quality"},{"weight":161.0,"label":"signal"},{"weight":152.0,"label":"system"},{"weight":144.0,"label":"noise"},{"weight":141.0,"label":"contrast"},{"weight":139.0,"label":"point"},{"weight":134.0,"label":"method"},{"weight":131.0,"label":"acquire"},{"weight":125.0,"label":"aperture"},{"weight":117.0,"label":"pixel"},{"weight":117.0,"label":"ultrasound"},{"weight":112.0,"label":"time"},{"weight":111.0,"label":"surface"}]},{"conceptId":12,"clusterId":0,"hexCoordinates":{"x":6.06217782649107,"y":1.5},"labels":[{"weight":278.0,"label":"raman"},{"weight":197.0,"label":"imaging"},{"weight":194.0,"label":"fluorescence"},{"weight":166.0,"label":"ser"},{"weight":158.0,"label":"tissue"},{"weight":135.0,"label":"vivo"},{"weight":127.0,"label":"spectroscopy"},{"weight":119.0,"label":"enhance"},{"weight":115.0,"label":"fluorescent"},{"weight":114.0,"label":"detection"},{"weight":99.0,"label":"surface"},{"weight":98.0,"label":"probe"},{"weight":96.0,"label":"signal"},{"weight":93.0,"label":"label"},{"weight":91.0,"label":"demonstrate"},{"weight":80.0,"label":"sensitivity"},{"weight":77.0,"label":"technique"},{"weight":74.0,"label":"fibre"},{"weight":72.0,"label":"optical"},{"weight":72.0,"label":"molecular"},{"weight":69.0,"label":"human"},{"weight":67.0,"label":"background"},{"weight":63.0,"label":"provide"},{"weight":62.0,"label":"lung"},{"weight":62.0,"label":"detect"}]},{"conceptId":3,"clusterId":0,"hexCoordinates":{"x":0.8660254037844386,"y":1.5},"labels":[{"weight":1050.0,"label":"sensor"},{"weight":326.0,"label":"sense"},{"weight":308.0,"label":"device"},{"weight":307.0,"label":"array"},{"weight":291.0,"label":"base"},{"weight":223.0,"label":"electrode"},{"weight":216.0,"label":"detection"},{"weight":201.0,"label":"sensitivity"},{"weight":176.0,"label":"demonstrate"},{"weight":175.0,"label":"chip"},{"weight":150.0,"label":"response"},{"weight":149.0,"label":"microfluidic"},{"weight":139.0,"label":"present"},{"weight":136.0,"label":"application"},{"weight":116.0,"label":"range"},{"weight":114.0,"label":"measurement"},{"weight":109.0,"label":"detect"},{"weight":106.0,"label":"biosensor"},{"weight":102.0,"label":"sensitive"},{"weight":99.0,"label":"electrochemical"},{"weight":97.0,"label":"optical"},{"weight":94.0,"label":"cmo"},{"weight":94.0,"label":"impedance"},{"weight":94.0,"label":"low"},{"weight":94.0,"label":"design"}]}]}