[{"topicData":[{"numberOfDocuments":0.0,"label":"Heriot-Watt University"},{"numberOfDocuments":0.0,"label":"Robert Gordon University"},{"numberOfDocuments":0.0,"label":"Glasgow Caledonian University"},{"numberOfDocuments":0.0,"label":"Queen Margaret University"},{"numberOfDocuments":0.0,"label":"University of Dundee"},{"numberOfDocuments":0.0,"label":"University of the Highlands and Islands"},{"numberOfDocuments":0.0,"label":"Edinburgh Napier University"},{"numberOfDocuments":0.0,"label":"University of Stirling"},{"numberOfDocuments":0.0,"label":"Abertay University"},{"numberOfDocuments":0.0,"label":"University of Aberdeen"},{"numberOfDocuments":0.0,"label":"University of Edinburgh"},{"numberOfDocuments":0.0,"label":"University of the West of Scotland"},{"numberOfDocuments":0.0,"label":"University of Glasgow"},{"numberOfDocuments":0.0,"label":"University of St Andrews"},{"numberOfDocuments":0.0,"label":"University of Strathclyde"}],"conceptId":-1},{"topicData":[{"numberOfDocuments":0.024068322981366456,"label":"Heriot-Watt University"},{"numberOfDocuments":1.1220799484411184,"label":"Robert Gordon University"},{"numberOfDocuments":0.7598536480818101,"label":"Glasgow Caledonian University"},{"numberOfDocuments":1.3071430695655764,"label":"Queen Margaret University"},{"numberOfDocuments":3.532776587148883,"label":"University of Dundee"},{"numberOfDocuments":0.005917159763313609,"label":"University of the Highlands and Islands"},{"numberOfDocuments":0.40913329132411697,"label":"Edinburgh Napier University"},{"numberOfDocuments":2.8118415970317057,"label":"University of Stirling"},{"numberOfDocuments":0.4525981883981663,"label":"Abertay University"},{"numberOfDocuments":2.9483679253978994,"label":"University of Aberdeen"},{"numberOfDocuments":9.767156332511407,"label":"University of Edinburgh"},{"numberOfDocuments":1.1171513412772156,"label":"University of the West of Scotland"},{"numberOfDocuments":16.261422831193244,"label":"University of Glasgow"},{"numberOfDocuments":2.128080449439818,"label":"University of St Andrews"},{"numberOfDocuments":8.251566446200018,"label":"University of Strathclyde"}],"conceptId":0},{"topicData":[{"numberOfDocuments":0.07912164517253398,"label":"Heriot-Watt University"},{"numberOfDocuments":0.967947842108484,"label":"Robert Gordon University"},{"numberOfDocuments":0.019940623453735776,"label":"Glasgow Caledonian University"},{"numberOfDocuments":0.27335736040410574,"label":"Queen Margaret University"},{"numberOfDocuments":3.195442806686347,"label":"University of Dundee"},{"numberOfDocuments":0.0,"label":"University of the Highlands and Islands"},{"numberOfDocuments":0.6450313900787055,"label":"Edinburgh Napier University"},{"numberOfDocuments":1.0768256878493998,"label":"University of Stirling"},{"numberOfDocuments":0.0,"label":"Abertay University"},{"numberOfDocuments":7.877202716937889,"label":"University of Aberdeen"},{"numberOfDocuments":14.716058656663925,"label":"University of Edinburgh"},{"numberOfDocuments":0.014285714285714285,"label":"University of the West of Scotland"},{"numberOfDocuments":8.39095197750143,"label":"University of Glasgow"},{"numberOfDocuments":0.8047895502219363,"label":"University of St Andrews"},{"numberOfDocuments":1.0200185916366045,"label":"University of Strathclyde"}],"conceptId":1},{"topicData":[{"numberOfDocuments":0.4652930444036655,"label":"Heriot-Watt University"},{"numberOfDocuments":2.7201566817334073,"label":"Robert Gordon University"},{"numberOfDocuments":0.5196541121299896,"label":"Glasgow Caledonian University"},{"numberOfDocuments":3.4174177696504264,"label":"Queen Margaret University"},{"numberOfDocuments":3.2847600527645313,"label":"University of Dundee"},{"numberOfDocuments":0.7177483994556987,"label":"University of the Highlands and Islands"},{"numberOfDocuments":2.657581220087713,"label":"Edinburgh Napier University"},{"numberOfDocuments":4.25887259359952,"label":"University of Stirling"},{"numberOfDocuments":0.03740801656349724,"label":"Abertay University"},{"numberOfDocuments":13.084363467062483,"label":"University of Aberdeen"},{"numberOfDocuments":26.172285460957347,"label":"University of Edinburgh"},{"numberOfDocuments":0.4285513821454147,"label":"University of the West of Scotland"},{"numberOfDocuments":20.772972342524977,"label":"University of Glasgow"},{"numberOfDocuments":2.154188531935947,"label":"University of St Andrews"},{"numberOfDocuments":2.7605363101422355,"label":"University of Strathclyde"}],"conceptId":2},{"topicData":[{"numberOfDocuments":1.471488634836653,"label":"Heriot-Watt University"},{"numberOfDocuments":4.354087491274069,"label":"Robert Gordon University"},{"numberOfDocuments":0.8765012016362874,"label":"Glasgow Caledonian University"},{"numberOfDocuments":5.987567646385742,"label":"Queen Margaret University"},{"numberOfDocuments":4.351560105042559,"label":"University of Dundee"},{"numberOfDocuments":0.49297448437937247,"label":"University of the Highlands and Islands"},{"numberOfDocuments":2.030474280584648,"label":"Edinburgh Napier University"},{"numberOfDocuments":7.507480734953728,"label":"University of Stirling"},{"numberOfDocuments":0.7481958973187964,"label":"Abertay University"},{"numberOfDocuments":7.244668447307203,"label":"University of Aberdeen"},{"numberOfDocuments":17.541975961250824,"label":"University of Edinburgh"},{"numberOfDocuments":2.466871114895263,"label":"University of the West of Scotland"},{"numberOfDocuments":21.468659876189086,"label":"University of Glasgow"},{"numberOfDocuments":4.530802759182683,"label":"University of St Andrews"},{"numberOfDocuments":6.451991981116406,"label":"University of Strathclyde"}],"conceptId":3},{"topicData":[{"numberOfDocuments":0.2968449100300008,"label":"Heriot-Watt University"},{"numberOfDocuments":2.725261919323089,"label":"Robert Gordon University"},{"numberOfDocuments":0.264381402679275,"label":"Glasgow Caledonian University"},{"numberOfDocuments":1.767753176707689,"label":"Queen Margaret University"},{"numberOfDocuments":6.0042427162297685,"label":"University of Dundee"},{"numberOfDocuments":0.10054408857128903,"label":"University of the Highlands and Islands"},{"numberOfDocuments":3.9139847163341783,"label":"Edinburgh Napier University"},{"numberOfDocuments":9.644220405893174,"label":"University of Stirling"},{"numberOfDocuments":0.1320754716981132,"label":"Abertay University"},{"numberOfDocuments":2.7173086841950074,"label":"University of Aberdeen"},{"numberOfDocuments":8.205294301997297,"label":"University of Edinburgh"},{"numberOfDocuments":0.7274420163795241,"label":"University of the West of Scotland"},{"numberOfDocuments":6.7727686758354055,"label":"University of Glasgow"},{"numberOfDocuments":2.2582462207365324,"label":"University of St Andrews"},{"numberOfDocuments":3.209672367203801,"label":"University of Strathclyde"}],"conceptId":4},{"topicData":[{"numberOfDocuments":1.0384337572775395,"label":"Heriot-Watt University"},{"numberOfDocuments":1.7698153295203936,"label":"Robert Gordon University"},{"numberOfDocuments":0.23313492063492064,"label":"Glasgow Caledonian University"},{"numberOfDocuments":21.095823968564332,"label":"Queen Margaret University"},{"numberOfDocuments":4.657270027298003,"label":"University of Dundee"},{"numberOfDocuments":0.4753630858086389,"label":"University of the Highlands and Islands"},{"numberOfDocuments":1.0062241561240577,"label":"Edinburgh Napier University"},{"numberOfDocuments":2.123485707353222,"label":"University of Stirling"},{"numberOfDocuments":0.34966525184954267,"label":"Abertay University"},{"numberOfDocuments":8.710177590866508,"label":"University of Aberdeen"},{"numberOfDocuments":11.953315860091456,"label":"University of Edinburgh"},{"numberOfDocuments":1.0999070262511408,"label":"University of the West of Scotland"},{"numberOfDocuments":13.01829471789319,"label":"University of Glasgow"},{"numberOfDocuments":1.6602610888802625,"label":"University of St Andrews"},{"numberOfDocuments":1.4978361841877295,"label":"University of Strathclyde"}],"conceptId":5},{"topicData":[{"numberOfDocuments":0.5625005144286999,"label":"Heriot-Watt University"},{"numberOfDocuments":1.270519677697698,"label":"Robert Gordon University"},{"numberOfDocuments":1.2645133693439783,"label":"Glasgow Caledonian University"},{"numberOfDocuments":0.7701590946582001,"label":"Queen Margaret University"},{"numberOfDocuments":6.101325971708691,"label":"University of Dundee"},{"numberOfDocuments":0.1277868860121124,"label":"University of the Highlands and Islands"},{"numberOfDocuments":0.9825180080725213,"label":"Edinburgh Napier University"},{"numberOfDocuments":1.8873616999371141,"label":"University of Stirling"},{"numberOfDocuments":0.10934937124111536,"label":"Abertay University"},{"numberOfDocuments":5.068291314823509,"label":"University of Aberdeen"},{"numberOfDocuments":19.606308293816888,"label":"University of Edinburgh"},{"numberOfDocuments":2.6911002637381793,"label":"University of the West of Scotland"},{"numberOfDocuments":28.427206648533062,"label":"University of Glasgow"},{"numberOfDocuments":1.8710019772297757,"label":"University of St Andrews"},{"numberOfDocuments":3.8369514135268923,"label":"University of Strathclyde"}],"conceptId":6},{"topicData":[{"numberOfDocuments":2.23090802020417,"label":"Heriot-Watt University"},{"numberOfDocuments":3.67566092830738,"label":"Robert Gordon University"},{"numberOfDocuments":0.8746217527219431,"label":"Glasgow Caledonian University"},{"numberOfDocuments":16.974588414710524,"label":"Queen Margaret University"},{"numberOfDocuments":5.225108624125132,"label":"University of Dundee"},{"numberOfDocuments":2.5617749517135326,"label":"University of the Highlands and Islands"},{"numberOfDocuments":3.480876367898422,"label":"Edinburgh Napier University"},{"numberOfDocuments":17.361124644578737,"label":"University of Stirling"},{"numberOfDocuments":4.190869251782496,"label":"Abertay University"},{"numberOfDocuments":24.73916458000096,"label":"University of Aberdeen"},{"numberOfDocuments":18.669675219272744,"label":"University of Edinburgh"},{"numberOfDocuments":2.2455577161328217,"label":"University of the West of Scotland"},{"numberOfDocuments":30.816496303756416,"label":"University of Glasgow"},{"numberOfDocuments":8.848693663645792,"label":"University of St Andrews"},{"numberOfDocuments":5.198557531274218,"label":"University of Strathclyde"}],"conceptId":7},{"topicData":[{"numberOfDocuments":0.9480851504854473,"label":"Heriot-Watt University"},{"numberOfDocuments":1.5394294386501055,"label":"Robert Gordon University"},{"numberOfDocuments":0.20977602752335442,"label":"Glasgow Caledonian University"},{"numberOfDocuments":1.068034540096856,"label":"Queen Margaret University"},{"numberOfDocuments":3.4040213413098215,"label":"University of Dundee"},{"numberOfDocuments":0.2364312496634129,"label":"University of the Highlands and Islands"},{"numberOfDocuments":0.5642586155706644,"label":"Edinburgh Napier University"},{"numberOfDocuments":14.314855759177384,"label":"University of Stirling"},{"numberOfDocuments":0.3124332124508767,"label":"Abertay University"},{"numberOfDocuments":6.700634496426606,"label":"University of Aberdeen"},{"numberOfDocuments":9.375295983086595,"label":"University of Edinburgh"},{"numberOfDocuments":1.2670734661657144,"label":"University of the West of Scotland"},{"numberOfDocuments":18.98080734969277,"label":"University of Glasgow"},{"numberOfDocuments":4.200486916031171,"label":"University of St Andrews"},{"numberOfDocuments":4.4805088643585185,"label":"University of Strathclyde"}],"conceptId":8}]