[{"topicData":[{"numberOfDocuments":0.0,"label":"Robert Gordon University"},{"numberOfDocuments":0.0,"label":"Heriot-Watt University"},{"numberOfDocuments":0.0,"label":"Glasgow Caledonian University"},{"numberOfDocuments":0.0,"label":"Queen Margaret University"},{"numberOfDocuments":0.0,"label":"University of Dundee"},{"numberOfDocuments":0.0,"label":"University of the Highlands and Islands"},{"numberOfDocuments":0.0,"label":"Edinburgh Napier University"},{"numberOfDocuments":0.0,"label":"University of Stirling"},{"numberOfDocuments":0.0,"label":"Abertay University"},{"numberOfDocuments":0.0,"label":"University of Aberdeen"},{"numberOfDocuments":0.0,"label":"University of Edinburgh"},{"numberOfDocuments":0.0,"label":"University of the West of Scotland"},{"numberOfDocuments":0.0,"label":"University of Glasgow"},{"numberOfDocuments":0.0,"label":"University of St Andrews"},{"numberOfDocuments":0.0,"label":"University of Strathclyde"}],"conceptId":-1},{"topicData":[{"numberOfDocuments":0.15443715197475402,"label":"Robert Gordon University"},{"numberOfDocuments":0.11520931304301804,"label":"Heriot-Watt University"},{"numberOfDocuments":0.3358125300383221,"label":"Glasgow Caledonian University"},{"numberOfDocuments":0.4275192158089755,"label":"Queen Margaret University"},{"numberOfDocuments":0.8758101143222876,"label":"University of Dundee"},{"numberOfDocuments":0.02830188679245283,"label":"University of the Highlands and Islands"},{"numberOfDocuments":0.3580947541586756,"label":"Edinburgh Napier University"},{"numberOfDocuments":4.879178533960229,"label":"University of Stirling"},{"numberOfDocuments":0.19607843137254902,"label":"Abertay University"},{"numberOfDocuments":1.311985097654973,"label":"University of Aberdeen"},{"numberOfDocuments":3.203011874195096,"label":"University of Edinburgh"},{"numberOfDocuments":0.10195933528235758,"label":"University of the West of Scotland"},{"numberOfDocuments":7.760469817561955,"label":"University of Glasgow"},{"numberOfDocuments":1.8370355754257526,"label":"University of St Andrews"},{"numberOfDocuments":0.9603974442152917,"label":"University of Strathclyde"}],"conceptId":0},{"topicData":[{"numberOfDocuments":0.20028212905163456,"label":"Robert Gordon University"},{"numberOfDocuments":3.617109729983337,"label":"Heriot-Watt University"},{"numberOfDocuments":3.0636866450062197,"label":"Glasgow Caledonian University"},{"numberOfDocuments":0.25159797923648336,"label":"Queen Margaret University"},{"numberOfDocuments":1.1756915980109575,"label":"University of Dundee"},{"numberOfDocuments":0.3443472503273314,"label":"University of the Highlands and Islands"},{"numberOfDocuments":0.7313148340874078,"label":"Edinburgh Napier University"},{"numberOfDocuments":7.794852405099192,"label":"University of Stirling"},{"numberOfDocuments":0.26163036136440393,"label":"Abertay University"},{"numberOfDocuments":4.0964646247493395,"label":"University of Aberdeen"},{"numberOfDocuments":6.707972571076531,"label":"University of Edinburgh"},{"numberOfDocuments":0.11399666249478516,"label":"University of the West of Scotland"},{"numberOfDocuments":6.359075236623763,"label":"University of Glasgow"},{"numberOfDocuments":0.6897470418598272,"label":"University of St Andrews"},{"numberOfDocuments":2.2239127630763718,"label":"University of Strathclyde"}],"conceptId":1},{"topicData":[{"numberOfDocuments":0.1048906048906049,"label":"Robert Gordon University"},{"numberOfDocuments":0.19102306648575304,"label":"Heriot-Watt University"},{"numberOfDocuments":0.07142857142857142,"label":"Glasgow Caledonian University"},{"numberOfDocuments":0.5675262467003859,"label":"Queen Margaret University"},{"numberOfDocuments":0.24918998527245953,"label":"University of Dundee"},{"numberOfDocuments":0.0,"label":"University of the Highlands and Islands"},{"numberOfDocuments":0.006711409395973154,"label":"Edinburgh Napier University"},{"numberOfDocuments":0.5673616785320118,"label":"University of Stirling"},{"numberOfDocuments":0.0,"label":"Abertay University"},{"numberOfDocuments":0.4026662483824053,"label":"University of Aberdeen"},{"numberOfDocuments":1.107150917452162,"label":"University of Edinburgh"},{"numberOfDocuments":0.44265189666554633,"label":"University of the West of Scotland"},{"numberOfDocuments":2.0879384621512713,"label":"University of Glasgow"},{"numberOfDocuments":0.2439523876003005,"label":"University of St Andrews"},{"numberOfDocuments":0.28414322816279197,"label":"University of Strathclyde"}],"conceptId":2},{"topicData":[{"numberOfDocuments":0.010416666666666666,"label":"Robert Gordon University"},{"numberOfDocuments":0.09163188232955675,"label":"Heriot-Watt University"},{"numberOfDocuments":0.0,"label":"Glasgow Caledonian University"},{"numberOfDocuments":1.0789098458585502,"label":"Queen Margaret University"},{"numberOfDocuments":0.0,"label":"University of Dundee"},{"numberOfDocuments":0.01639344262295082,"label":"University of the Highlands and Islands"},{"numberOfDocuments":1.7289202387411828,"label":"Edinburgh Napier University"},{"numberOfDocuments":12.975120962859616,"label":"University of Stirling"},{"numberOfDocuments":0.011235955056179775,"label":"Abertay University"},{"numberOfDocuments":0.07317073170731708,"label":"University of Aberdeen"},{"numberOfDocuments":1.4731685817996105,"label":"University of Edinburgh"},{"numberOfDocuments":0.011128775834658189,"label":"University of the West of Scotland"},{"numberOfDocuments":11.250920071925002,"label":"University of Glasgow"},{"numberOfDocuments":0.9599136506670753,"label":"University of St Andrews"},{"numberOfDocuments":0.13980804313345493,"label":"University of Strathclyde"}],"conceptId":3},{"topicData":[{"numberOfDocuments":0.3004038270226602,"label":"Robert Gordon University"},{"numberOfDocuments":0.131579492711125,"label":"Heriot-Watt University"},{"numberOfDocuments":0.12392660435321257,"label":"Glasgow Caledonian University"},{"numberOfDocuments":0.9990572924689138,"label":"Queen Margaret University"},{"numberOfDocuments":2.7963917453070444,"label":"University of Dundee"},{"numberOfDocuments":1.2239037055413355,"label":"University of the Highlands and Islands"},{"numberOfDocuments":0.18655810591802088,"label":"Edinburgh Napier University"},{"numberOfDocuments":23.968015200739956,"label":"University of Stirling"},{"numberOfDocuments":0.11394736842105263,"label":"Abertay University"},{"numberOfDocuments":3.80876642372464,"label":"University of Aberdeen"},{"numberOfDocuments":12.9095679559404,"label":"University of Edinburgh"},{"numberOfDocuments":0.6329797371475052,"label":"University of the West of Scotland"},{"numberOfDocuments":8.368781786324925,"label":"University of Glasgow"},{"numberOfDocuments":1.812043210431676,"label":"University of St Andrews"},{"numberOfDocuments":1.4857881404076885,"label":"University of Strathclyde"}],"conceptId":4},{"topicData":[{"numberOfDocuments":0.18085106382978722,"label":"Robert Gordon University"},{"numberOfDocuments":0.22724607159615307,"label":"Heriot-Watt University"},{"numberOfDocuments":0.0,"label":"Glasgow Caledonian University"},{"numberOfDocuments":0.058394160583941604,"label":"Queen Margaret University"},{"numberOfDocuments":1.0646535733971139,"label":"University of Dundee"},{"numberOfDocuments":0.8137254901960784,"label":"University of the Highlands and Islands"},{"numberOfDocuments":0.27659769971908704,"label":"Edinburgh Napier University"},{"numberOfDocuments":1.547146403076447,"label":"University of Stirling"},{"numberOfDocuments":0.0,"label":"Abertay University"},{"numberOfDocuments":0.855721264938756,"label":"University of Aberdeen"},{"numberOfDocuments":1.569144095739647,"label":"University of Edinburgh"},{"numberOfDocuments":0.1996685998342999,"label":"University of the West of Scotland"},{"numberOfDocuments":0.8260161849640724,"label":"University of Glasgow"},{"numberOfDocuments":0.5704862210959771,"label":"University of St Andrews"},{"numberOfDocuments":0.33388250785771345,"label":"University of Strathclyde"}],"conceptId":5},{"topicData":[{"numberOfDocuments":0.8809031140154747,"label":"Robert Gordon University"},{"numberOfDocuments":0.11944331572274416,"label":"Heriot-Watt University"},{"numberOfDocuments":1.8692374085317018,"label":"Glasgow Caledonian University"},{"numberOfDocuments":3.1989919397639195,"label":"Queen Margaret University"},{"numberOfDocuments":1.8147544342850708,"label":"University of Dundee"},{"numberOfDocuments":0.08151346013740118,"label":"University of the Highlands and Islands"},{"numberOfDocuments":2.9333343354910366,"label":"Edinburgh Napier University"},{"numberOfDocuments":7.685554685191068,"label":"University of Stirling"},{"numberOfDocuments":0.2295497053746392,"label":"Abertay University"},{"numberOfDocuments":1.8834990751920169,"label":"University of Aberdeen"},{"numberOfDocuments":7.25595610895775,"label":"University of Edinburgh"},{"numberOfDocuments":0.794170698945428,"label":"University of the West of Scotland"},{"numberOfDocuments":9.469225867765179,"label":"University of Glasgow"},{"numberOfDocuments":2.1325369924012465,"label":"University of St Andrews"},{"numberOfDocuments":2.828881696349173,"label":"University of Strathclyde"}],"conceptId":6},{"topicData":[{"numberOfDocuments":0.3158123752083115,"label":"Robert Gordon University"},{"numberOfDocuments":1.3476859545658588,"label":"Heriot-Watt University"},{"numberOfDocuments":0.25049351108367873,"label":"Glasgow Caledonian University"},{"numberOfDocuments":1.5117281983825128,"label":"Queen Margaret University"},{"numberOfDocuments":0.8189252102030665,"label":"University of Dundee"},{"numberOfDocuments":0.21472749724260298,"label":"University of the Highlands and Islands"},{"numberOfDocuments":1.0890935513285034,"label":"Edinburgh Napier University"},{"numberOfDocuments":12.712575716658284,"label":"University of Stirling"},{"numberOfDocuments":0.4826380109484665,"label":"Abertay University"},{"numberOfDocuments":2.114773058402338,"label":"University of Aberdeen"},{"numberOfDocuments":12.241861174341498,"label":"University of Edinburgh"},{"numberOfDocuments":0.2542294538843204,"label":"University of the West of Scotland"},{"numberOfDocuments":5.739018833182282,"label":"University of Glasgow"},{"numberOfDocuments":7.241993400522482,"label":"University of St Andrews"},{"numberOfDocuments":2.21795669026256,"label":"University of Strathclyde"}],"conceptId":7},{"topicData":[{"numberOfDocuments":0.30361670133195845,"label":"Robert Gordon University"},{"numberOfDocuments":0.5654125806781987,"label":"Heriot-Watt University"},{"numberOfDocuments":0.13171471673830165,"label":"Glasgow Caledonian University"},{"numberOfDocuments":0.31899228796140566,"label":"Queen Margaret University"},{"numberOfDocuments":1.9335053471622492,"label":"University of Dundee"},{"numberOfDocuments":0.535720160939453,"label":"University of the Highlands and Islands"},{"numberOfDocuments":1.1214719760555703,"label":"Edinburgh Napier University"},{"numberOfDocuments":43.442268921741906,"label":"University of Stirling"},{"numberOfDocuments":0.613062738099331,"label":"Abertay University"},{"numberOfDocuments":1.6847737856745366,"label":"University of Aberdeen"},{"numberOfDocuments":14.548168019645397,"label":"University of Edinburgh"},{"numberOfDocuments":1.2910487435532414,"label":"University of the West of Scotland"},{"numberOfDocuments":12.864315048073577,"label":"University of Glasgow"},{"numberOfDocuments":3.2243554883365286,"label":"University of St Andrews"},{"numberOfDocuments":2.320273857703441,"label":"University of Strathclyde"}],"conceptId":8},{"topicData":[{"numberOfDocuments":0.1503868933286029,"label":"Robert Gordon University"},{"numberOfDocuments":0.28157506080696937,"label":"Heriot-Watt University"},{"numberOfDocuments":4.290507891765944,"label":"Glasgow Caledonian University"},{"numberOfDocuments":0.11695709684840119,"label":"Queen Margaret University"},{"numberOfDocuments":7.9397373463138745,"label":"University of Dundee"},{"numberOfDocuments":0.2581895079052039,"label":"University of the Highlands and Islands"},{"numberOfDocuments":3.884775742202492,"label":"Edinburgh Napier University"},{"numberOfDocuments":5.823519198840662,"label":"University of Stirling"},{"numberOfDocuments":0.255145828411686,"label":"Abertay University"},{"numberOfDocuments":3.0966278100356703,"label":"University of Aberdeen"},{"numberOfDocuments":4.278392756330582,"label":"University of Edinburgh"},{"numberOfDocuments":0.16061608316233225,"label":"University of the West of Scotland"},{"numberOfDocuments":8.906398616427886,"label":"University of Glasgow"},{"numberOfDocuments":6.552661085708791,"label":"University of St Andrews"},{"numberOfDocuments":1.1060693688682344,"label":"University of Strathclyde"}],"conceptId":9},{"topicData":[{"numberOfDocuments":0.5909090909090909,"label":"Robert Gordon University"},{"numberOfDocuments":0.6028611652692891,"label":"Heriot-Watt University"},{"numberOfDocuments":0.07079646017699115,"label":"Glasgow Caledonian University"},{"numberOfDocuments":0.09130036630036631,"label":"Queen Margaret University"},{"numberOfDocuments":0.1016751416918269,"label":"University of Dundee"},{"numberOfDocuments":0.21790865384615385,"label":"University of the Highlands and Islands"},{"numberOfDocuments":0.18629620522907955,"label":"Edinburgh Napier University"},{"numberOfDocuments":1.8025199078680456,"label":"University of Stirling"},{"numberOfDocuments":0.0,"label":"Abertay University"},{"numberOfDocuments":0.7496554904733417,"label":"University of Aberdeen"},{"numberOfDocuments":1.222359097128673,"label":"University of Edinburgh"},{"numberOfDocuments":0.5003496503496504,"label":"University of the West of Scotland"},{"numberOfDocuments":1.988625721576353,"label":"University of Glasgow"},{"numberOfDocuments":1.1448038389267698,"label":"University of St Andrews"},{"numberOfDocuments":0.34270954065004405,"label":"University of Strathclyde"}],"conceptId":10},{"topicData":[{"numberOfDocuments":0.060240963855421686,"label":"Robert Gordon University"},{"numberOfDocuments":0.0,"label":"Heriot-Watt University"},{"numberOfDocuments":0.0,"label":"Glasgow Caledonian University"},{"numberOfDocuments":0.0,"label":"Queen Margaret University"},{"numberOfDocuments":1.6048614123155422,"label":"University of Dundee"},{"numberOfDocuments":0.25225225225225223,"label":"University of the Highlands and Islands"},{"numberOfDocuments":0.0,"label":"Edinburgh Napier University"},{"numberOfDocuments":1.1066549051898782,"label":"University of Stirling"},{"numberOfDocuments":0.0,"label":"Abertay University"},{"numberOfDocuments":0.4171243966465089,"label":"University of Aberdeen"},{"numberOfDocuments":2.7831355918521004,"label":"University of Edinburgh"},{"numberOfDocuments":0.0,"label":"University of the West of Scotland"},{"numberOfDocuments":2.663025928624871,"label":"University of Glasgow"},{"numberOfDocuments":1.2883001750023026,"label":"University of St Andrews"},{"numberOfDocuments":0.26863031604410914,"label":"University of Strathclyde"}],"conceptId":11},{"topicData":[{"numberOfDocuments":1.1202086765601207,"label":"Robert Gordon University"},{"numberOfDocuments":0.04607218683651805,"label":"Heriot-Watt University"},{"numberOfDocuments":0.14311490978157645,"label":"Glasgow Caledonian University"},{"numberOfDocuments":0.05103958151760064,"label":"Queen Margaret University"},{"numberOfDocuments":1.148330113710079,"label":"University of Dundee"},{"numberOfDocuments":0.0,"label":"University of the Highlands and Islands"},{"numberOfDocuments":0.8154671352192502,"label":"Edinburgh Napier University"},{"numberOfDocuments":3.0832722653169955,"label":"University of Stirling"},{"numberOfDocuments":0.9764383121201756,"label":"Abertay University"},{"numberOfDocuments":3.3165422360432215,"label":"University of Aberdeen"},{"numberOfDocuments":1.4537572852667366,"label":"University of Edinburgh"},{"numberOfDocuments":0.045434974910562614,"label":"University of the West of Scotland"},{"numberOfDocuments":5.978260425677321,"label":"University of Glasgow"},{"numberOfDocuments":0.12841724485560102,"label":"University of St Andrews"},{"numberOfDocuments":0.35823492980171556,"label":"University of Strathclyde"}],"conceptId":12},{"topicData":[{"numberOfDocuments":0.1811004191886545,"label":"Robert Gordon University"},{"numberOfDocuments":1.4491737734496979,"label":"Heriot-Watt University"},{"numberOfDocuments":2.0121534918303823,"label":"Glasgow Caledonian University"},{"numberOfDocuments":4.036024147198155,"label":"Queen Margaret University"},{"numberOfDocuments":4.526420852305163,"label":"University of Dundee"},{"numberOfDocuments":0.5107457862511617,"label":"University of the Highlands and Islands"},{"numberOfDocuments":2.2084611617984455,"label":"Edinburgh Napier University"},{"numberOfDocuments":11.78997348903409,"label":"University of Stirling"},{"numberOfDocuments":1.5298002447364445,"label":"Abertay University"},{"numberOfDocuments":2.1488007562070393,"label":"University of Aberdeen"},{"numberOfDocuments":9.05720313709124,"label":"University of Edinburgh"},{"numberOfDocuments":2.1237549343204583,"label":"University of the West of Scotland"},{"numberOfDocuments":12.33564079689936,"label":"University of Glasgow"},{"numberOfDocuments":2.0553076107343813,"label":"University of St Andrews"},{"numberOfDocuments":2.964887122833862,"label":"University of Strathclyde"}],"conceptId":13},{"topicData":[{"numberOfDocuments":0.0,"label":"Robert Gordon University"},{"numberOfDocuments":0.9163383457553296,"label":"Heriot-Watt University"},{"numberOfDocuments":0.0,"label":"Glasgow Caledonian University"},{"numberOfDocuments":0.4708619216994128,"label":"Queen Margaret University"},{"numberOfDocuments":0.7017199904294247,"label":"University of Dundee"},{"numberOfDocuments":0.2711915535444947,"label":"University of the Highlands and Islands"},{"numberOfDocuments":0.8094781278559144,"label":"Edinburgh Napier University"},{"numberOfDocuments":2.7168823642819167,"label":"University of Stirling"},{"numberOfDocuments":0.20954068822921282,"label":"Abertay University"},{"numberOfDocuments":0.4550595827857059,"label":"University of Aberdeen"},{"numberOfDocuments":2.192697426778156,"label":"University of Edinburgh"},{"numberOfDocuments":0.0,"label":"University of the West of Scotland"},{"numberOfDocuments":1.4549710014083108,"label":"University of Glasgow"},{"numberOfDocuments":0.38547129946979847,"label":"University of St Andrews"},{"numberOfDocuments":2.0628150447697378,"label":"University of Strathclyde"}],"conceptId":14}]