[{"topicData":[{"numberOfDocuments":0.0,"label":"Robert Gordon University"},{"numberOfDocuments":0.0,"label":"Heriot-Watt University"},{"numberOfDocuments":0.0,"label":"Glasgow Caledonian University"},{"numberOfDocuments":0.0,"label":"Queen Margaret University"},{"numberOfDocuments":0.0,"label":"University of the Highlands and Islands"},{"numberOfDocuments":0.0,"label":"University of Dundee"},{"numberOfDocuments":0.0,"label":"Edinburgh Napier University"},{"numberOfDocuments":0.0,"label":"University of Stirling"},{"numberOfDocuments":0.0,"label":"Abertay University"},{"numberOfDocuments":0.0,"label":"University of Aberdeen"},{"numberOfDocuments":0.0,"label":"University of Edinburgh"},{"numberOfDocuments":0.0,"label":"University of the West of Scotland"},{"numberOfDocuments":0.0,"label":"University of Glasgow"},{"numberOfDocuments":0.0,"label":"University of St Andrews"},{"numberOfDocuments":0.0,"label":"University of Strathclyde"}],"conceptId":-1},{"topicData":[{"numberOfDocuments":6.210601627500024,"label":"Robert Gordon University"},{"numberOfDocuments":19.99270451427649,"label":"Heriot-Watt University"},{"numberOfDocuments":5.019641946049303,"label":"Glasgow Caledonian University"},{"numberOfDocuments":2.7586579856941977,"label":"Queen Margaret University"},{"numberOfDocuments":4.6400143378476875,"label":"University of the Highlands and Islands"},{"numberOfDocuments":14.825671190757626,"label":"University of Dundee"},{"numberOfDocuments":9.34645348468951,"label":"Edinburgh Napier University"},{"numberOfDocuments":17.699179523585997,"label":"University of Stirling"},{"numberOfDocuments":1.6890603580695325,"label":"Abertay University"},{"numberOfDocuments":23.23112326701255,"label":"University of Aberdeen"},{"numberOfDocuments":86.91002571385921,"label":"University of Edinburgh"},{"numberOfDocuments":4.953380761421432,"label":"University of the West of Scotland"},{"numberOfDocuments":57.47851925135328,"label":"University of Glasgow"},{"numberOfDocuments":30.335961441432886,"label":"University of St Andrews"},{"numberOfDocuments":75.59835330983674,"label":"University of Strathclyde"}],"conceptId":0},{"topicData":[{"numberOfDocuments":2.1394654235128785,"label":"Robert Gordon University"},{"numberOfDocuments":3.6378080570763376,"label":"Heriot-Watt University"},{"numberOfDocuments":0.34677797373153907,"label":"Glasgow Caledonian University"},{"numberOfDocuments":0.3948104360763134,"label":"Queen Margaret University"},{"numberOfDocuments":0.7376766587594661,"label":"University of the Highlands and Islands"},{"numberOfDocuments":2.107518285544336,"label":"University of Dundee"},{"numberOfDocuments":3.6287046433341397,"label":"Edinburgh Napier University"},{"numberOfDocuments":3.057709556872705,"label":"University of Stirling"},{"numberOfDocuments":0.07802117255582271,"label":"Abertay University"},{"numberOfDocuments":3.1129494244045492,"label":"University of Aberdeen"},{"numberOfDocuments":14.911183274556262,"label":"University of Edinburgh"},{"numberOfDocuments":0.19544751650074,"label":"University of the West of Scotland"},{"numberOfDocuments":10.17906468114866,"label":"University of Glasgow"},{"numberOfDocuments":4.418770914362298,"label":"University of St Andrews"},{"numberOfDocuments":13.77709127579831,"label":"University of Strathclyde"}],"conceptId":1},{"topicData":[{"numberOfDocuments":8.857558483590964,"label":"Robert Gordon University"},{"numberOfDocuments":38.9139601185382,"label":"Heriot-Watt University"},{"numberOfDocuments":7.501518213682874,"label":"Glasgow Caledonian University"},{"numberOfDocuments":7.203653530323367,"label":"Queen Margaret University"},{"numberOfDocuments":11.036302077880253,"label":"University of the Highlands and Islands"},{"numberOfDocuments":27.316762271251445,"label":"University of Dundee"},{"numberOfDocuments":11.75504622440715,"label":"Edinburgh Napier University"},{"numberOfDocuments":32.7931801508946,"label":"University of Stirling"},{"numberOfDocuments":6.083196001701392,"label":"Abertay University"},{"numberOfDocuments":49.70307413436823,"label":"University of Aberdeen"},{"numberOfDocuments":205.46233267691366,"label":"University of Edinburgh"},{"numberOfDocuments":7.498900406044027,"label":"University of the West of Scotland"},{"numberOfDocuments":132.22432472462532,"label":"University of Glasgow"},{"numberOfDocuments":88.99975822654687,"label":"University of St Andrews"},{"numberOfDocuments":100.29431447648624,"label":"University of Strathclyde"}],"conceptId":2},{"topicData":[{"numberOfDocuments":1.5924817484075424,"label":"Robert Gordon University"},{"numberOfDocuments":18.662628767258852,"label":"Heriot-Watt University"},{"numberOfDocuments":1.7689615170073671,"label":"Glasgow Caledonian University"},{"numberOfDocuments":0.6544040967243916,"label":"Queen Margaret University"},{"numberOfDocuments":2.094370633930007,"label":"University of the Highlands and Islands"},{"numberOfDocuments":4.024192321132836,"label":"University of Dundee"},{"numberOfDocuments":2.8574473124285773,"label":"Edinburgh Napier University"},{"numberOfDocuments":9.551364807611842,"label":"University of Stirling"},{"numberOfDocuments":0.9024531056705599,"label":"Abertay University"},{"numberOfDocuments":13.503944443719313,"label":"University of Aberdeen"},{"numberOfDocuments":70.84977303672784,"label":"University of Edinburgh"},{"numberOfDocuments":1.4576214587763703,"label":"University of the West of Scotland"},{"numberOfDocuments":36.422033577469215,"label":"University of Glasgow"},{"numberOfDocuments":21.385010733741883,"label":"University of St Andrews"},{"numberOfDocuments":42.25093805644477,"label":"University of Strathclyde"}],"conceptId":3},{"topicData":[{"numberOfDocuments":2.589140032354731,"label":"Robert Gordon University"},{"numberOfDocuments":10.773074821193056,"label":"Heriot-Watt University"},{"numberOfDocuments":1.4980676651953606,"label":"Glasgow Caledonian University"},{"numberOfDocuments":2.0866046817631236,"label":"Queen Margaret University"},{"numberOfDocuments":2.421683588980352,"label":"University of the Highlands and Islands"},{"numberOfDocuments":5.203240923354562,"label":"University of Dundee"},{"numberOfDocuments":3.9451482787660495,"label":"Edinburgh Napier University"},{"numberOfDocuments":5.244976322577853,"label":"University of Stirling"},{"numberOfDocuments":1.3195631066315376,"label":"Abertay University"},{"numberOfDocuments":6.763701592668692,"label":"University of Aberdeen"},{"numberOfDocuments":29.53590211348225,"label":"University of Edinburgh"},{"numberOfDocuments":4.11439702936337,"label":"University of the West of Scotland"},{"numberOfDocuments":27.495477393515852,"label":"University of Glasgow"},{"numberOfDocuments":11.719743214610457,"label":"University of St Andrews"},{"numberOfDocuments":35.248191850902444,"label":"University of Strathclyde"}],"conceptId":4},{"topicData":[{"numberOfDocuments":22.994863486933184,"label":"Robert Gordon University"},{"numberOfDocuments":48.64350668354341,"label":"Heriot-Watt University"},{"numberOfDocuments":15.893291334859896,"label":"Glasgow Caledonian University"},{"numberOfDocuments":23.886228888282332,"label":"Queen Margaret University"},{"numberOfDocuments":22.3641363030355,"label":"University of the Highlands and Islands"},{"numberOfDocuments":53.43124521957815,"label":"University of Dundee"},{"numberOfDocuments":30.941578509121538,"label":"Edinburgh Napier University"},{"numberOfDocuments":67.89188811772533,"label":"University of Stirling"},{"numberOfDocuments":8.917787168556746,"label":"Abertay University"},{"numberOfDocuments":67.5913500774888,"label":"University of Aberdeen"},{"numberOfDocuments":250.08287927252488,"label":"University of Edinburgh"},{"numberOfDocuments":15.437797320766435,"label":"University of the West of Scotland"},{"numberOfDocuments":199.50706073000504,"label":"University of Glasgow"},{"numberOfDocuments":78.32383845053056,"label":"University of St Andrews"},{"numberOfDocuments":152.06563646099778,"label":"University of Strathclyde"}],"conceptId":5},{"topicData":[{"numberOfDocuments":0.6883945251657098,"label":"Robert Gordon University"},{"numberOfDocuments":1.0244040601731563,"label":"Heriot-Watt University"},{"numberOfDocuments":0.9876680862067732,"label":"Glasgow Caledonian University"},{"numberOfDocuments":0.4312873754177877,"label":"Queen Margaret University"},{"numberOfDocuments":1.4658547542238354,"label":"University of the Highlands and Islands"},{"numberOfDocuments":10.018804531272503,"label":"University of Dundee"},{"numberOfDocuments":1.285445454993504,"label":"Edinburgh Napier University"},{"numberOfDocuments":2.69397716058563,"label":"University of Stirling"},{"numberOfDocuments":0.39667732425108665,"label":"Abertay University"},{"numberOfDocuments":2.806973372155225,"label":"University of Aberdeen"},{"numberOfDocuments":20.125731488736157,"label":"University of Edinburgh"},{"numberOfDocuments":1.7038445074696926,"label":"University of the West of Scotland"},{"numberOfDocuments":17.66669977769323,"label":"University of Glasgow"},{"numberOfDocuments":3.9417654595460694,"label":"University of St Andrews"},{"numberOfDocuments":6.749425058325568,"label":"University of Strathclyde"}],"conceptId":6},{"topicData":[{"numberOfDocuments":0.15820304133647461,"label":"Robert Gordon University"},{"numberOfDocuments":0.36215894918440694,"label":"Heriot-Watt University"},{"numberOfDocuments":0.186832878846903,"label":"Glasgow Caledonian University"},{"numberOfDocuments":0.0,"label":"Queen Margaret University"},{"numberOfDocuments":0.14529998634213248,"label":"University of the Highlands and Islands"},{"numberOfDocuments":0.1274730967267441,"label":"University of Dundee"},{"numberOfDocuments":0.10437018452285628,"label":"Edinburgh Napier University"},{"numberOfDocuments":0.8387406976352505,"label":"University of Stirling"},{"numberOfDocuments":0.008583690987124463,"label":"Abertay University"},{"numberOfDocuments":1.1786442849333867,"label":"University of Aberdeen"},{"numberOfDocuments":3.1913312368673057,"label":"University of Edinburgh"},{"numberOfDocuments":0.0,"label":"University of the West of Scotland"},{"numberOfDocuments":1.9621551725891397,"label":"University of Glasgow"},{"numberOfDocuments":0.2210142205165673,"label":"University of St Andrews"},{"numberOfDocuments":0.8489269417878007,"label":"University of Strathclyde"}],"conceptId":7},{"topicData":[{"numberOfDocuments":0.6227255377925028,"label":"Robert Gordon University"},{"numberOfDocuments":2.3703055305532454,"label":"Heriot-Watt University"},{"numberOfDocuments":0.36071909065181407,"label":"Glasgow Caledonian University"},{"numberOfDocuments":0.9030933412174407,"label":"Queen Margaret University"},{"numberOfDocuments":0.49326299051331124,"label":"University of the Highlands and Islands"},{"numberOfDocuments":2.26462357694258,"label":"University of Dundee"},{"numberOfDocuments":1.162605542319294,"label":"Edinburgh Napier University"},{"numberOfDocuments":1.5875633353064933,"label":"University of Stirling"},{"numberOfDocuments":0.6103647911131609,"label":"Abertay University"},{"numberOfDocuments":2.492536746872518,"label":"University of Aberdeen"},{"numberOfDocuments":10.005331583105711,"label":"University of Edinburgh"},{"numberOfDocuments":0.9234694089579787,"label":"University of the West of Scotland"},{"numberOfDocuments":6.766401161840485,"label":"University of Glasgow"},{"numberOfDocuments":3.394291043301285,"label":"University of St Andrews"},{"numberOfDocuments":4.683239615540484,"label":"University of Strathclyde"}],"conceptId":8},{"topicData":[{"numberOfDocuments":0.9330864278914828,"label":"Robert Gordon University"},{"numberOfDocuments":8.840459728974299,"label":"Heriot-Watt University"},{"numberOfDocuments":0.5012217859698401,"label":"Glasgow Caledonian University"},{"numberOfDocuments":0.9162123710405045,"label":"Queen Margaret University"},{"numberOfDocuments":2.5721842911797723,"label":"University of the Highlands and Islands"},{"numberOfDocuments":4.761750142642918,"label":"University of Dundee"},{"numberOfDocuments":2.395581279396917,"label":"Edinburgh Napier University"},{"numberOfDocuments":7.303195387478575,"label":"University of Stirling"},{"numberOfDocuments":0.8559462191788879,"label":"Abertay University"},{"numberOfDocuments":10.19827909297902,"label":"University of Aberdeen"},{"numberOfDocuments":30.26009655661774,"label":"University of Edinburgh"},{"numberOfDocuments":1.1578394789782347,"label":"University of the West of Scotland"},{"numberOfDocuments":35.763989382284144,"label":"University of Glasgow"},{"numberOfDocuments":17.30546188863994,"label":"University of St Andrews"},{"numberOfDocuments":17.6411940379223,"label":"University of Strathclyde"}],"conceptId":9},{"topicData":[{"numberOfDocuments":4.963801670641618,"label":"Robert Gordon University"},{"numberOfDocuments":16.100239089452224,"label":"Heriot-Watt University"},{"numberOfDocuments":3.129367080891336,"label":"Glasgow Caledonian University"},{"numberOfDocuments":2.466212740560882,"label":"Queen Margaret University"},{"numberOfDocuments":2.6675712054674796,"label":"University of the Highlands and Islands"},{"numberOfDocuments":11.953151459157928,"label":"University of Dundee"},{"numberOfDocuments":7.167168961659003,"label":"Edinburgh Napier University"},{"numberOfDocuments":15.338237048425514,"label":"University of Stirling"},{"numberOfDocuments":2.52963665527768,"label":"Abertay University"},{"numberOfDocuments":14.71435401176132,"label":"University of Aberdeen"},{"numberOfDocuments":71.57725193033487,"label":"University of Edinburgh"},{"numberOfDocuments":2.4886131059783803,"label":"University of the West of Scotland"},{"numberOfDocuments":55.06853734604837,"label":"University of Glasgow"},{"numberOfDocuments":19.705637528375163,"label":"University of St Andrews"},{"numberOfDocuments":46.579411858152554,"label":"University of Strathclyde"}],"conceptId":10},{"topicData":[{"numberOfDocuments":1.3444802947043806,"label":"Robert Gordon University"},{"numberOfDocuments":29.643980578015665,"label":"Heriot-Watt University"},{"numberOfDocuments":1.3699962451516403,"label":"Glasgow Caledonian University"},{"numberOfDocuments":0.5306403309428692,"label":"Queen Margaret University"},{"numberOfDocuments":0.6483099824847898,"label":"University of the Highlands and Islands"},{"numberOfDocuments":4.051915719052741,"label":"University of Dundee"},{"numberOfDocuments":3.5380706531089237,"label":"Edinburgh Napier University"},{"numberOfDocuments":6.066015203379559,"label":"University of Stirling"},{"numberOfDocuments":1.2527584060045742,"label":"Abertay University"},{"numberOfDocuments":7.216553334292509,"label":"University of Aberdeen"},{"numberOfDocuments":111.21400507107904,"label":"University of Edinburgh"},{"numberOfDocuments":0.9765390828717481,"label":"University of the West of Scotland"},{"numberOfDocuments":43.73968591809312,"label":"University of Glasgow"},{"numberOfDocuments":23.490029401294322,"label":"University of St Andrews"},{"numberOfDocuments":27.769613069496735,"label":"University of Strathclyde"}],"conceptId":11},{"topicData":[{"numberOfDocuments":3.391504760533747,"label":"Robert Gordon University"},{"numberOfDocuments":14.512103061533423,"label":"Heriot-Watt University"},{"numberOfDocuments":2.4333153243337553,"label":"Glasgow Caledonian University"},{"numberOfDocuments":2.074856003476637,"label":"Queen Margaret University"},{"numberOfDocuments":3.223386513817804,"label":"University of the Highlands and Islands"},{"numberOfDocuments":9.022063876610954,"label":"University of Dundee"},{"numberOfDocuments":3.5450627932115957,"label":"Edinburgh Napier University"},{"numberOfDocuments":7.259545352003011,"label":"University of Stirling"},{"numberOfDocuments":1.2204766220930643,"label":"Abertay University"},{"numberOfDocuments":10.337163051859235,"label":"University of Aberdeen"},{"numberOfDocuments":49.99073523054146,"label":"University of Edinburgh"},{"numberOfDocuments":3.234806849844689,"label":"University of the West of Scotland"},{"numberOfDocuments":40.77357948177406,"label":"University of Glasgow"},{"numberOfDocuments":17.98599667178453,"label":"University of St Andrews"},{"numberOfDocuments":39.75753596332825,"label":"University of Strathclyde"}],"conceptId":12},{"topicData":[{"numberOfDocuments":4.8892377879095275,"label":"Robert Gordon University"},{"numberOfDocuments":21.779241702739537,"label":"Heriot-Watt University"},{"numberOfDocuments":2.7280023840582595,"label":"Glasgow Caledonian University"},{"numberOfDocuments":1.5056962512790233,"label":"Queen Margaret University"},{"numberOfDocuments":2.611279677975491,"label":"University of the Highlands and Islands"},{"numberOfDocuments":7.244003129085801,"label":"University of Dundee"},{"numberOfDocuments":6.156194049140677,"label":"Edinburgh Napier University"},{"numberOfDocuments":7.695345663676339,"label":"University of Stirling"},{"numberOfDocuments":1.0470582672164896,"label":"Abertay University"},{"numberOfDocuments":13.255331319850953,"label":"University of Aberdeen"},{"numberOfDocuments":46.95524622292718,"label":"University of Edinburgh"},{"numberOfDocuments":3.4291549142701334,"label":"University of the West of Scotland"},{"numberOfDocuments":44.94547680144712,"label":"University of Glasgow"},{"numberOfDocuments":16.380225024271347,"label":"University of St Andrews"},{"numberOfDocuments":57.237570774700934,"label":"University of Strathclyde"}],"conceptId":13},{"topicData":[{"numberOfDocuments":1.8928018158829414,"label":"Robert Gordon University"},{"numberOfDocuments":2.8606797048683816,"label":"Heriot-Watt University"},{"numberOfDocuments":0.06381513076214505,"label":"Glasgow Caledonian University"},{"numberOfDocuments":0.49691320439382136,"label":"Queen Margaret University"},{"numberOfDocuments":0.6886333634879716,"label":"University of the Highlands and Islands"},{"numberOfDocuments":2.6110131582463003,"label":"University of Dundee"},{"numberOfDocuments":1.2369179711627418,"label":"Edinburgh Napier University"},{"numberOfDocuments":2.1291356416466236,"label":"University of Stirling"},{"numberOfDocuments":0.28765393919015375,"label":"Abertay University"},{"numberOfDocuments":1.122558292095459,"label":"University of Aberdeen"},{"numberOfDocuments":9.559755692271427,"label":"University of Edinburgh"},{"numberOfDocuments":0.5076640910871129,"label":"University of the West of Scotland"},{"numberOfDocuments":5.2953556185275215,"label":"University of Glasgow"},{"numberOfDocuments":1.8858423523645722,"label":"University of St Andrews"},{"numberOfDocuments":9.38944852278792,"label":"University of Strathclyde"}],"conceptId":14},{"topicData":[{"numberOfDocuments":3.8890821289376643,"label":"Robert Gordon University"},{"numberOfDocuments":5.714781049357266,"label":"Heriot-Watt University"},{"numberOfDocuments":2.962355858555977,"label":"Glasgow Caledonian University"},{"numberOfDocuments":4.462741411062927,"label":"Queen Margaret University"},{"numberOfDocuments":4.268643273540349,"label":"University of the Highlands and Islands"},{"numberOfDocuments":9.329206610132918,"label":"University of Dundee"},{"numberOfDocuments":6.0268851004939235,"label":"Edinburgh Napier University"},{"numberOfDocuments":15.144728175217995,"label":"University of Stirling"},{"numberOfDocuments":1.3735607989338798,"label":"Abertay University"},{"numberOfDocuments":11.132018736540562,"label":"University of Aberdeen"},{"numberOfDocuments":57.329245006179434,"label":"University of Edinburgh"},{"numberOfDocuments":2.4026903705577585,"label":"University of the West of Scotland"},{"numberOfDocuments":35.54100145480725,"label":"University of Glasgow"},{"numberOfDocuments":16.099410363961585,"label":"University of St Andrews"},{"numberOfDocuments":23.182904663647616,"label":"University of Strathclyde"}],"conceptId":15},{"topicData":[{"numberOfDocuments":6.3097001892916795,"label":"Robert Gordon University"},{"numberOfDocuments":10.2915305325623,"label":"Heriot-Watt University"},{"numberOfDocuments":3.3647405824210392,"label":"Glasgow Caledonian University"},{"numberOfDocuments":11.233398327538305,"label":"Queen Margaret University"},{"numberOfDocuments":3.3350708141849386,"label":"University of the Highlands and Islands"},{"numberOfDocuments":16.674561954029627,"label":"University of Dundee"},{"numberOfDocuments":5.512409123894099,"label":"Edinburgh Napier University"},{"numberOfDocuments":15.737632465529998,"label":"University of Stirling"},{"numberOfDocuments":3.1066202731753543,"label":"Abertay University"},{"numberOfDocuments":13.825959052290392,"label":"University of Aberdeen"},{"numberOfDocuments":55.31178852767354,"label":"University of Edinburgh"},{"numberOfDocuments":4.755468062252028,"label":"University of the West of Scotland"},{"numberOfDocuments":40.76659334918029,"label":"University of Glasgow"},{"numberOfDocuments":21.18801766303883,"label":"University of St Andrews"},{"numberOfDocuments":27.63684642770374,"label":"University of Strathclyde"}],"conceptId":16},{"topicData":[{"numberOfDocuments":4.823030236029279,"label":"Robert Gordon University"},{"numberOfDocuments":9.157459328243648,"label":"Heriot-Watt University"},{"numberOfDocuments":1.2733440914856688,"label":"Glasgow Caledonian University"},{"numberOfDocuments":0.05197368266269638,"label":"Queen Margaret University"},{"numberOfDocuments":0.6493833571908916,"label":"University of the Highlands and Islands"},{"numberOfDocuments":1.3454388789273017,"label":"University of Dundee"},{"numberOfDocuments":6.987463465844444,"label":"Edinburgh Napier University"},{"numberOfDocuments":3.0240024958039284,"label":"University of Stirling"},{"numberOfDocuments":0.10104348085633484,"label":"Abertay University"},{"numberOfDocuments":4.504183285574367,"label":"University of Aberdeen"},{"numberOfDocuments":27.015334852544214,"label":"University of Edinburgh"},{"numberOfDocuments":3.3083363611709258,"label":"University of the West of Scotland"},{"numberOfDocuments":15.550323738105707,"label":"University of Glasgow"},{"numberOfDocuments":3.1348134515929047,"label":"University of St Andrews"},{"numberOfDocuments":20.98653115334539,"label":"University of Strathclyde"}],"conceptId":17},{"topicData":[{"numberOfDocuments":4.258328070503658,"label":"Robert Gordon University"},{"numberOfDocuments":19.253532762632112,"label":"Heriot-Watt University"},{"numberOfDocuments":2.3051683073392994,"label":"Glasgow Caledonian University"},{"numberOfDocuments":1.95099849500333,"label":"Queen Margaret University"},{"numberOfDocuments":4.318992967360866,"label":"University of the Highlands and Islands"},{"numberOfDocuments":10.140557682352117,"label":"University of Dundee"},{"numberOfDocuments":5.646151548184072,"label":"Edinburgh Napier University"},{"numberOfDocuments":14.308460911392421,"label":"University of Stirling"},{"numberOfDocuments":3.184701016929469,"label":"Abertay University"},{"numberOfDocuments":21.16190879237671,"label":"University of Aberdeen"},{"numberOfDocuments":79.07331315868701,"label":"University of Edinburgh"},{"numberOfDocuments":3.2663267029720227,"label":"University of the West of Scotland"},{"numberOfDocuments":48.388448389217224,"label":"University of Glasgow"},{"numberOfDocuments":27.472398679096752,"label":"University of St Andrews"},{"numberOfDocuments":40.12924415548984,"label":"University of Strathclyde"}],"conceptId":18},{"topicData":[{"numberOfDocuments":8.89866669648219,"label":"Robert Gordon University"},{"numberOfDocuments":24.327714247796838,"label":"Heriot-Watt University"},{"numberOfDocuments":4.4767017431361475,"label":"Glasgow Caledonian University"},{"numberOfDocuments":6.158926898487458,"label":"Queen Margaret University"},{"numberOfDocuments":5.093223856702897,"label":"University of the Highlands and Islands"},{"numberOfDocuments":22.575478480348607,"label":"University of Dundee"},{"numberOfDocuments":14.222565703505422,"label":"Edinburgh Napier University"},{"numberOfDocuments":25.67300770088105,"label":"University of Stirling"},{"numberOfDocuments":3.694454146076735,"label":"Abertay University"},{"numberOfDocuments":29.329695246417238,"label":"University of Aberdeen"},{"numberOfDocuments":115.94525931683206,"label":"University of Edinburgh"},{"numberOfDocuments":7.559412813965388,"label":"University of the West of Scotland"},{"numberOfDocuments":87.89382783226105,"label":"University of Glasgow"},{"numberOfDocuments":39.46883659379594,"label":"University of St Andrews"},{"numberOfDocuments":67.2315448587555,"label":"University of Strathclyde"}],"conceptId":19}]