[{"topicData":[{"numberOfDocuments":0.0,"label":"Heriot-Watt University"},{"numberOfDocuments":0.0,"label":"Robert Gordon University"},{"numberOfDocuments":0.0,"label":"Glasgow Caledonian University"},{"numberOfDocuments":0.0,"label":"Queen Margaret University"},{"numberOfDocuments":0.0,"label":"University of the Highlands and Islands"},{"numberOfDocuments":0.0,"label":"University of Dundee"},{"numberOfDocuments":0.0,"label":"Edinburgh Napier University"},{"numberOfDocuments":0.0,"label":"University of Stirling"},{"numberOfDocuments":0.0,"label":"Abertay University"},{"numberOfDocuments":0.0,"label":"University of Aberdeen"},{"numberOfDocuments":0.0,"label":"University of Edinburgh"},{"numberOfDocuments":0.0,"label":"University of the West of Scotland"},{"numberOfDocuments":0.0,"label":"University of Glasgow"},{"numberOfDocuments":0.0,"label":"University of St Andrews"},{"numberOfDocuments":0.0,"label":"University of Strathclyde"}],"conceptId":-1},{"topicData":[{"numberOfDocuments":3.5923228935537908,"label":"Heriot-Watt University"},{"numberOfDocuments":5.527603318720077,"label":"Robert Gordon University"},{"numberOfDocuments":1.9857610278260056,"label":"Glasgow Caledonian University"},{"numberOfDocuments":4.711238961942012,"label":"Queen Margaret University"},{"numberOfDocuments":1.6643298934371042,"label":"University of the Highlands and Islands"},{"numberOfDocuments":6.811162988923641,"label":"University of Dundee"},{"numberOfDocuments":4.52697695559476,"label":"Edinburgh Napier University"},{"numberOfDocuments":12.367702909686814,"label":"University of Stirling"},{"numberOfDocuments":2.0033113738450874,"label":"Abertay University"},{"numberOfDocuments":10.020168709922535,"label":"University of Aberdeen"},{"numberOfDocuments":22.020942476863322,"label":"University of Edinburgh"},{"numberOfDocuments":2.244696003485,"label":"University of the West of Scotland"},{"numberOfDocuments":16.675425784559394,"label":"University of Glasgow"},{"numberOfDocuments":7.618433375014811,"label":"University of St Andrews"},{"numberOfDocuments":14.93082490134157,"label":"University of Strathclyde"}],"conceptId":0},{"topicData":[{"numberOfDocuments":10.283911648032163,"label":"Heriot-Watt University"},{"numberOfDocuments":14.331420660533098,"label":"Robert Gordon University"},{"numberOfDocuments":3.421768188851657,"label":"Glasgow Caledonian University"},{"numberOfDocuments":4.668893493895205,"label":"Queen Margaret University"},{"numberOfDocuments":2.9664470939476955,"label":"University of the Highlands and Islands"},{"numberOfDocuments":23.9942182943436,"label":"University of Dundee"},{"numberOfDocuments":27.017326241456427,"label":"Edinburgh Napier University"},{"numberOfDocuments":9.955304099592697,"label":"University of Stirling"},{"numberOfDocuments":10.018567856302187,"label":"Abertay University"},{"numberOfDocuments":4.890495625943675,"label":"University of Aberdeen"},{"numberOfDocuments":53.96175237762109,"label":"University of Edinburgh"},{"numberOfDocuments":2.7935175069558578,"label":"University of the West of Scotland"},{"numberOfDocuments":24.725111412240818,"label":"University of Glasgow"},{"numberOfDocuments":10.079051688850296,"label":"University of St Andrews"},{"numberOfDocuments":49.078320479762475,"label":"University of Strathclyde"}],"conceptId":1},{"topicData":[{"numberOfDocuments":30.037319826994793,"label":"Heriot-Watt University"},{"numberOfDocuments":7.739102272460244,"label":"Robert Gordon University"},{"numberOfDocuments":3.083975269181962,"label":"Glasgow Caledonian University"},{"numberOfDocuments":3.8927316647587955,"label":"Queen Margaret University"},{"numberOfDocuments":8.885862399851009,"label":"University of the Highlands and Islands"},{"numberOfDocuments":35.21913197958096,"label":"University of Dundee"},{"numberOfDocuments":11.130964624224173,"label":"Edinburgh Napier University"},{"numberOfDocuments":23.30806596544483,"label":"University of Stirling"},{"numberOfDocuments":6.5962256753184585,"label":"Abertay University"},{"numberOfDocuments":35.593929562390805,"label":"University of Aberdeen"},{"numberOfDocuments":152.02081340093687,"label":"University of Edinburgh"},{"numberOfDocuments":6.894472770687922,"label":"University of the West of Scotland"},{"numberOfDocuments":119.30288489708018,"label":"University of Glasgow"},{"numberOfDocuments":65.24572918806352,"label":"University of St Andrews"},{"numberOfDocuments":79.86164015046056,"label":"University of Strathclyde"}],"conceptId":2},{"topicData":[{"numberOfDocuments":32.752424987498834,"label":"Heriot-Watt University"},{"numberOfDocuments":15.903166574934858,"label":"Robert Gordon University"},{"numberOfDocuments":7.169324865323676,"label":"Glasgow Caledonian University"},{"numberOfDocuments":18.032436882871284,"label":"Queen Margaret University"},{"numberOfDocuments":9.910663933028225,"label":"University of the Highlands and Islands"},{"numberOfDocuments":30.74116142413787,"label":"University of Dundee"},{"numberOfDocuments":19.758348812215235,"label":"Edinburgh Napier University"},{"numberOfDocuments":39.37881034252141,"label":"University of Stirling"},{"numberOfDocuments":7.474196302388137,"label":"Abertay University"},{"numberOfDocuments":34.79569507242339,"label":"University of Aberdeen"},{"numberOfDocuments":141.3273113102612,"label":"University of Edinburgh"},{"numberOfDocuments":8.593798381552167,"label":"University of the West of Scotland"},{"numberOfDocuments":121.23249545920113,"label":"University of Glasgow"},{"numberOfDocuments":52.75972748084697,"label":"University of St Andrews"},{"numberOfDocuments":116.23585423445687,"label":"University of Strathclyde"}],"conceptId":3},{"topicData":[{"numberOfDocuments":4.674380963422591,"label":"Heriot-Watt University"},{"numberOfDocuments":10.29785982917727,"label":"Robert Gordon University"},{"numberOfDocuments":2.9061773704553464,"label":"Glasgow Caledonian University"},{"numberOfDocuments":6.446779067283984,"label":"Queen Margaret University"},{"numberOfDocuments":8.903808115728461,"label":"University of the Highlands and Islands"},{"numberOfDocuments":13.520171386546787,"label":"University of Dundee"},{"numberOfDocuments":11.83885367679728,"label":"Edinburgh Napier University"},{"numberOfDocuments":26.280669302986336,"label":"University of Stirling"},{"numberOfDocuments":2.349054745293016,"label":"Abertay University"},{"numberOfDocuments":11.414395897132376,"label":"University of Aberdeen"},{"numberOfDocuments":58.22111978266044,"label":"University of Edinburgh"},{"numberOfDocuments":2.642472470430863,"label":"University of the West of Scotland"},{"numberOfDocuments":44.86164105051474,"label":"University of Glasgow"},{"numberOfDocuments":14.92063439523787,"label":"University of St Andrews"},{"numberOfDocuments":39.80996081390587,"label":"University of Strathclyde"}],"conceptId":4},{"topicData":[{"numberOfDocuments":0.6112103544814305,"label":"Heriot-Watt University"},{"numberOfDocuments":1.3766388564370438,"label":"Robert Gordon University"},{"numberOfDocuments":0.46953394142238897,"label":"Glasgow Caledonian University"},{"numberOfDocuments":0.6468172568390284,"label":"Queen Margaret University"},{"numberOfDocuments":0.23036679312641092,"label":"University of the Highlands and Islands"},{"numberOfDocuments":2.2811231260094353,"label":"University of Dundee"},{"numberOfDocuments":2.3233585285401714,"label":"Edinburgh Napier University"},{"numberOfDocuments":1.8187086176315235,"label":"University of Stirling"},{"numberOfDocuments":0.1449317738791423,"label":"Abertay University"},{"numberOfDocuments":1.0916630599816994,"label":"University of Aberdeen"},{"numberOfDocuments":7.8379491676740125,"label":"University of Edinburgh"},{"numberOfDocuments":0.5141859755332485,"label":"University of the West of Scotland"},{"numberOfDocuments":7.531834050701198,"label":"University of Glasgow"},{"numberOfDocuments":1.9312381623890487,"label":"University of St Andrews"},{"numberOfDocuments":8.462578288791157,"label":"University of Strathclyde"}],"conceptId":5},{"topicData":[{"numberOfDocuments":47.307244478373995,"label":"Heriot-Watt University"},{"numberOfDocuments":26.534383994205886,"label":"Robert Gordon University"},{"numberOfDocuments":14.430519310536209,"label":"Glasgow Caledonian University"},{"numberOfDocuments":32.144381896674815,"label":"Queen Margaret University"},{"numberOfDocuments":26.6947291611821,"label":"University of the Highlands and Islands"},{"numberOfDocuments":68.76559507992148,"label":"University of Dundee"},{"numberOfDocuments":35.42931946348667,"label":"Edinburgh Napier University"},{"numberOfDocuments":94.65011928097377,"label":"University of Stirling"},{"numberOfDocuments":12.60135984470431,"label":"Abertay University"},{"numberOfDocuments":87.360059750175,"label":"University of Aberdeen"},{"numberOfDocuments":301.71323658210554,"label":"University of Edinburgh"},{"numberOfDocuments":15.252266042042404,"label":"University of the West of Scotland"},{"numberOfDocuments":241.12003703600678,"label":"University of Glasgow"},{"numberOfDocuments":117.6129953449304,"label":"University of St Andrews"},{"numberOfDocuments":171.21874781719072,"label":"University of Strathclyde"}],"conceptId":6},{"topicData":[{"numberOfDocuments":39.33046125556733,"label":"Heriot-Watt University"},{"numberOfDocuments":25.90862801090169,"label":"Robert Gordon University"},{"numberOfDocuments":9.885414213522472,"label":"Glasgow Caledonian University"},{"numberOfDocuments":15.210654544458588,"label":"Queen Margaret University"},{"numberOfDocuments":18.391316878440783,"label":"University of the Highlands and Islands"},{"numberOfDocuments":41.95199335584848,"label":"University of Dundee"},{"numberOfDocuments":35.21080112642199,"label":"Edinburgh Napier University"},{"numberOfDocuments":59.17318212925681,"label":"University of Stirling"},{"numberOfDocuments":11.19711227080033,"label":"Abertay University"},{"numberOfDocuments":43.99802601353768,"label":"University of Aberdeen"},{"numberOfDocuments":192.16553921749272,"label":"University of Edinburgh"},{"numberOfDocuments":13.763093799422577,"label":"University of the West of Scotland"},{"numberOfDocuments":164.14510393781177,"label":"University of Glasgow"},{"numberOfDocuments":69.3466508696754,"label":"University of St Andrews"},{"numberOfDocuments":135.57019857617078,"label":"University of Strathclyde"}],"conceptId":7},{"topicData":[{"numberOfDocuments":1.1189679872243563,"label":"Heriot-Watt University"},{"numberOfDocuments":0.41489747933226195,"label":"Robert Gordon University"},{"numberOfDocuments":0.6711102884509507,"label":"Glasgow Caledonian University"},{"numberOfDocuments":0.24825652553457098,"label":"Queen Margaret University"},{"numberOfDocuments":0.38314026877403895,"label":"University of the Highlands and Islands"},{"numberOfDocuments":2.1291023156195434,"label":"University of Dundee"},{"numberOfDocuments":2.5807357240826225,"label":"Edinburgh Napier University"},{"numberOfDocuments":1.2404001362930153,"label":"University of Stirling"},{"numberOfDocuments":1.3071041084430495,"label":"Abertay University"},{"numberOfDocuments":1.274365069545513,"label":"University of Aberdeen"},{"numberOfDocuments":5.4850514936092525,"label":"University of Edinburgh"},{"numberOfDocuments":0.4844571991779656,"label":"University of the West of Scotland"},{"numberOfDocuments":4.155695848783105,"label":"University of Glasgow"},{"numberOfDocuments":0.852252288122859,"label":"University of St Andrews"},{"numberOfDocuments":3.8937217013855197,"label":"University of Strathclyde"}],"conceptId":8},{"topicData":[{"numberOfDocuments":0.97024379105506,"label":"Heriot-Watt University"},{"numberOfDocuments":3.4191375555504306,"label":"Robert Gordon University"},{"numberOfDocuments":0.8315020089417834,"label":"Glasgow Caledonian University"},{"numberOfDocuments":0.22555277430120985,"label":"Queen Margaret University"},{"numberOfDocuments":3.083013331975862,"label":"University of the Highlands and Islands"},{"numberOfDocuments":0.5355178651807668,"label":"University of Dundee"},{"numberOfDocuments":0.40289986489037666,"label":"Edinburgh Napier University"},{"numberOfDocuments":1.4413901848783635,"label":"University of Stirling"},{"numberOfDocuments":0.061946902654867256,"label":"Abertay University"},{"numberOfDocuments":1.8552719698427116,"label":"University of Aberdeen"},{"numberOfDocuments":5.424096053431799,"label":"University of Edinburgh"},{"numberOfDocuments":0.43717085962270047,"label":"University of the West of Scotland"},{"numberOfDocuments":1.958513737445392,"label":"University of Glasgow"},{"numberOfDocuments":2.082780223072727,"label":"University of St Andrews"},{"numberOfDocuments":3.8289608226766125,"label":"University of Strathclyde"}],"conceptId":9},{"topicData":[{"numberOfDocuments":4.865532226576858,"label":"Heriot-Watt University"},{"numberOfDocuments":5.152834104240368,"label":"Robert Gordon University"},{"numberOfDocuments":2.7513762088743086,"label":"Glasgow Caledonian University"},{"numberOfDocuments":4.962775343804017,"label":"Queen Margaret University"},{"numberOfDocuments":4.1024817939049285,"label":"University of the Highlands and Islands"},{"numberOfDocuments":9.043294186488318,"label":"University of Dundee"},{"numberOfDocuments":9.614053527006327,"label":"Edinburgh Napier University"},{"numberOfDocuments":18.396498177073706,"label":"University of Stirling"},{"numberOfDocuments":2.40149223995633,"label":"Abertay University"},{"numberOfDocuments":12.091304281433693,"label":"University of Aberdeen"},{"numberOfDocuments":31.62406266494555,"label":"University of Edinburgh"},{"numberOfDocuments":2.8612918067401103,"label":"University of the West of Scotland"},{"numberOfDocuments":24.429064643152053,"label":"University of Glasgow"},{"numberOfDocuments":10.76852346554145,"label":"University of St Andrews"},{"numberOfDocuments":24.42494000513145,"label":"University of Strathclyde"}],"conceptId":10},{"topicData":[{"numberOfDocuments":12.112506547817238,"label":"Heriot-Watt University"},{"numberOfDocuments":20.96396164566728,"label":"Robert Gordon University"},{"numberOfDocuments":6.234418812276892,"label":"Glasgow Caledonian University"},{"numberOfDocuments":19.6621009373081,"label":"Queen Margaret University"},{"numberOfDocuments":13.395510646377412,"label":"University of the Highlands and Islands"},{"numberOfDocuments":23.15092556891841,"label":"University of Dundee"},{"numberOfDocuments":20.788522020922965,"label":"Edinburgh Napier University"},{"numberOfDocuments":47.59202778167551,"label":"University of Stirling"},{"numberOfDocuments":6.417058753534717,"label":"Abertay University"},{"numberOfDocuments":18.40013427154226,"label":"University of Aberdeen"},{"numberOfDocuments":89.85254928284378,"label":"University of Edinburgh"},{"numberOfDocuments":12.491046725776833,"label":"University of the West of Scotland"},{"numberOfDocuments":61.59033193630676,"label":"University of Glasgow"},{"numberOfDocuments":24.80088066661439,"label":"University of St Andrews"},{"numberOfDocuments":53.00234788481109,"label":"University of Strathclyde"}],"conceptId":11},{"topicData":[{"numberOfDocuments":28.294255319528514,"label":"Heriot-Watt University"},{"numberOfDocuments":20.753354053344516,"label":"Robert Gordon University"},{"numberOfDocuments":10.59700657613603,"label":"Glasgow Caledonian University"},{"numberOfDocuments":18.05162565452103,"label":"Queen Margaret University"},{"numberOfDocuments":10.984997878343576,"label":"University of the Highlands and Islands"},{"numberOfDocuments":28.44241941648669,"label":"University of Dundee"},{"numberOfDocuments":32.74798430681193,"label":"Edinburgh Napier University"},{"numberOfDocuments":54.31033009166801,"label":"University of Stirling"},{"numberOfDocuments":11.00006847891242,"label":"Abertay University"},{"numberOfDocuments":29.779131532510668,"label":"University of Aberdeen"},{"numberOfDocuments":126.39316446047117,"label":"University of Edinburgh"},{"numberOfDocuments":15.005344616628614,"label":"University of the West of Scotland"},{"numberOfDocuments":108.5547806114237,"label":"University of Glasgow"},{"numberOfDocuments":40.334438086026324,"label":"University of St Andrews"},{"numberOfDocuments":112.6293869801274,"label":"University of Strathclyde"}],"conceptId":12},{"topicData":[{"numberOfDocuments":22.843150641106394,"label":"Heriot-Watt University"},{"numberOfDocuments":15.794941069234492,"label":"Robert Gordon University"},{"numberOfDocuments":7.052672243246074,"label":"Glasgow Caledonian University"},{"numberOfDocuments":3.0199302537015686,"label":"Queen Margaret University"},{"numberOfDocuments":3.260757750379963,"label":"University of the Highlands and Islands"},{"numberOfDocuments":5.596549916923519,"label":"University of Dundee"},{"numberOfDocuments":14.000314635894526,"label":"Edinburgh Napier University"},{"numberOfDocuments":7.905243288259852,"label":"University of Stirling"},{"numberOfDocuments":2.4670025738741193,"label":"Abertay University"},{"numberOfDocuments":8.275307966245471,"label":"University of Aberdeen"},{"numberOfDocuments":34.71800164627504,"label":"University of Edinburgh"},{"numberOfDocuments":4.905812070386395,"label":"University of the West of Scotland"},{"numberOfDocuments":21.660933418893368,"label":"University of Glasgow"},{"numberOfDocuments":7.2368110910334185,"label":"University of St Andrews"},{"numberOfDocuments":51.214472173205266,"label":"University of Strathclyde"}],"conceptId":13},{"topicData":[{"numberOfDocuments":15.46715596090208,"label":"Heriot-Watt University"},{"numberOfDocuments":19.022930437542232,"label":"Robert Gordon University"},{"numberOfDocuments":17.49307782954467,"label":"Glasgow Caledonian University"},{"numberOfDocuments":24.244862277903447,"label":"Queen Margaret University"},{"numberOfDocuments":12.58699521532806,"label":"University of the Highlands and Islands"},{"numberOfDocuments":31.729187441332,"label":"University of Dundee"},{"numberOfDocuments":21.207942279434306,"label":"Edinburgh Napier University"},{"numberOfDocuments":63.810389999962936,"label":"University of Stirling"},{"numberOfDocuments":6.962310501596824,"label":"Abertay University"},{"numberOfDocuments":38.06380295957912,"label":"University of Aberdeen"},{"numberOfDocuments":114.49125065183819,"label":"University of Edinburgh"},{"numberOfDocuments":11.607174978366524,"label":"University of the West of Scotland"},{"numberOfDocuments":95.58109078336074,"label":"University of Glasgow"},{"numberOfDocuments":27.872054859905603,"label":"University of St Andrews"},{"numberOfDocuments":71.93087204407665,"label":"University of Strathclyde"}],"conceptId":14},{"topicData":[{"numberOfDocuments":0.8462256082381213,"label":"Heriot-Watt University"},{"numberOfDocuments":0.5305047643559678,"label":"Robert Gordon University"},{"numberOfDocuments":0.20805890393252696,"label":"Glasgow Caledonian University"},{"numberOfDocuments":0.17558653083698098,"label":"Queen Margaret University"},{"numberOfDocuments":1.1241506729405084,"label":"University of the Highlands and Islands"},{"numberOfDocuments":1.415879148973532,"label":"University of Dundee"},{"numberOfDocuments":0.3809719915137666,"label":"Edinburgh Napier University"},{"numberOfDocuments":1.2010546434314207,"label":"University of Stirling"},{"numberOfDocuments":0.26776115036072007,"label":"Abertay University"},{"numberOfDocuments":0.8727182881217155,"label":"University of Aberdeen"},{"numberOfDocuments":6.564783268078464,"label":"University of Edinburgh"},{"numberOfDocuments":0.2621201691629751,"label":"University of the West of Scotland"},{"numberOfDocuments":6.565113294924452,"label":"University of Glasgow"},{"numberOfDocuments":1.7383388833759508,"label":"University of St Andrews"},{"numberOfDocuments":2.128063659546412,"label":"University of Strathclyde"}],"conceptId":15},{"topicData":[{"numberOfDocuments":12.304211128775501,"label":"Heriot-Watt University"},{"numberOfDocuments":18.413043995929275,"label":"Robert Gordon University"},{"numberOfDocuments":3.118116272351755,"label":"Glasgow Caledonian University"},{"numberOfDocuments":4.50620833512981,"label":"Queen Margaret University"},{"numberOfDocuments":2.519567254282953,"label":"University of the Highlands and Islands"},{"numberOfDocuments":5.60815276582086,"label":"University of Dundee"},{"numberOfDocuments":9.696520238426904,"label":"Edinburgh Napier University"},{"numberOfDocuments":10.194312824249083,"label":"University of Stirling"},{"numberOfDocuments":3.519189348745756,"label":"Abertay University"},{"numberOfDocuments":4.0965661800596616,"label":"University of Aberdeen"},{"numberOfDocuments":25.494314993050313,"label":"University of Edinburgh"},{"numberOfDocuments":4.052494354382283,"label":"University of the West of Scotland"},{"numberOfDocuments":16.262604779621945,"label":"University of Glasgow"},{"numberOfDocuments":5.017513774442122,"label":"University of St Andrews"},{"numberOfDocuments":29.838817313939625,"label":"University of Strathclyde"}],"conceptId":16}]