{"linkageTable":[{"node2":7,"distance":0.474906230246175,"node1":5},{"node2":3,"distance":0.47584169450324,"node1":2},{"node2":10,"distance":0.48174013124811,"node1":0},{"node2":6,"distance":0.4878183258644217,"node1":11},{"node2":9,"distance":0.4923516643580963,"node1":12},{"node2":1,"distance":0.4945867153591892,"node1":13},{"node2":4,"distance":0.4961422235189628,"node1":14},{"node2":8,"distance":0.4982333332068763,"node1":15}],"conceptsData":[{"conceptId":8,"clusterId":0,"hexCoordinates":{"x":1.7320508075688772,"y":3.0},"labels":[{"weight":1684.0,"label":"weight"},{"weight":1320.0,"label":"loss"},{"weight":263.0,"label":"man"},{"weight":233.0,"label":"programme"},{"weight":185.0,"label":"year"},{"weight":182.0,"label":"change"},{"weight":181.0,"label":"lose"},{"weight":173.0,"label":"ffit"},{"weight":171.0,"label":"group"},{"weight":161.0,"label":"diet"},{"weight":150.0,"label":"management"},{"weight":144.0,"label":"obesity"},{"weight":132.0,"label":"gain"},{"weight":117.0,"label":"participant"},{"weight":113.0,"label":"obese"},{"weight":113.0,"label":"overweight"},{"weight":103.0,"label":"report"},{"weight":98.0,"label":"football"},{"weight":97.0,"label":"baseline"},{"weight":94.0,"label":"physical"},{"weight":91.0,"label":"maintenance"},{"weight":90.0,"label":"activity"},{"weight":85.0,"label":"support"},{"weight":82.0,"label":"term"},{"weight":71.0,"label":"fan"}]},{"conceptId":1,"clusterId":0,"hexCoordinates":{"x":3.4641016151377544,"y":0.0},"labels":[{"weight":211.0,"label":"maternal"},{"weight":201.0,"label":"birth"},{"weight":200.0,"label":"pregnancy"},{"weight":172.0,"label":"exposure"},{"weight":161.0,"label":"fetal"},{"weight":122.0,"label":"preterm"},{"weight":117.0,"label":"expose"},{"weight":110.0,"label":"infant"},{"weight":108.0,"label":"risk"},{"weight":93.0,"label":"gestation"},{"weight":86.0,"label":"associate"},{"weight":79.0,"label":"woman"},{"weight":76.0,"label":"offspring"},{"weight":76.0,"label":"mother"},{"weight":75.0,"label":"week"},{"weight":72.0,"label":"outcome"},{"weight":71.0,"label":"neonatal"},{"weight":70.0,"label":"bear"},{"weight":68.0,"label":"stillbirth"},{"weight":67.0,"label":"gestational"},{"weight":66.0,"label":"birthweight"},{"weight":65.0,"label":"twin"},{"weight":64.0,"label":"age"},{"weight":62.0,"label":"growth"},{"weight":61.0,"label":"utero"}]},{"conceptId":2,"clusterId":0,"hexCoordinates":{"x":0.0,"y":0.0},"labels":[{"weight":929.0,"label":"woman"},{"weight":890.0,"label":"pregnancy"},{"weight":685.0,"label":"birth"},{"weight":684.0,"label":"maternal"},{"weight":229.0,"label":"pregnant"},{"weight":209.0,"label":"outcome"},{"weight":208.0,"label":"week"},{"weight":207.0,"label":"delivery"},{"weight":199.0,"label":"preterm"},{"weight":191.0,"label":"infant"},{"weight":187.0,"label":"gestation"},{"weight":181.0,"label":"mother"},{"weight":171.0,"label":"early"},{"weight":166.0,"label":"gestational"},{"weight":153.0,"label":"risk"},{"weight":153.0,"label":"increase"},{"weight":151.0,"label":"offspring"},{"weight":148.0,"label":"gdm"},{"weight":145.0,"label":"associate"},{"weight":144.0,"label":"study"},{"weight":132.0,"label":"fetal"},{"weight":113.0,"label":"obese"},{"weight":111.0,"label":"perinatal"},{"weight":102.0,"label":"neonatal"},{"weight":101.0,"label":"adverse"}]},{"conceptId":3,"clusterId":0,"hexCoordinates":{"x":1.7320508075688772,"y":0.0},"labels":[{"weight":2213.0,"label":"body"},{"weight":1109.0,"label":"mass"},{"weight":983.0,"label":"weight"},{"weight":761.0,"label":"bmi"},{"weight":538.0,"label":"index"},{"weight":411.0,"label":"obesity"},{"weight":371.0,"label":"fat"},{"weight":313.0,"label":"height"},{"weight":243.0,"label":"obese"},{"weight":200.0,"label":"composition"},{"weight":184.0,"label":"overweight"},{"weight":150.0,"label":"increase"},{"weight":141.0,"label":"gain"},{"weight":140.0,"label":"lean"},{"weight":133.0,"label":"waist"},{"weight":123.0,"label":"health"},{"weight":122.0,"label":"circumference"},{"weight":108.0,"label":"status"},{"weight":91.0,"label":"adult"},{"weight":88.0,"label":"anthropometric"},{"weight":81.0,"label":"normal"},{"weight":75.0,"label":"measurement"},{"weight":71.0,"label":"man"},{"weight":69.0,"label":"percentage"},{"weight":64.0,"label":"size"}]},{"conceptId":-1,"clusterId":-1,"hexCoordinates":{"x":6.928203230275509,"y":3.0},"labels":[{"weight":2500,"label":"Unclassified"},{"weight":0,"label":""},{"weight":0,"label":""},{"weight":0,"label":""},{"weight":0,"label":""},{"weight":0,"label":""},{"weight":0,"label":""},{"weight":0,"label":""},{"weight":0,"label":""},{"weight":0,"label":""},{"weight":0,"label":""}]},{"conceptId":0,"clusterId":0,"hexCoordinates":{"x":0.8660254037844386,"y":-1.5},"labels":[{"weight":617.0,"label":"bmi"},{"weight":395.0,"label":"obesity"},{"weight":310.0,"label":"body"},{"weight":261.0,"label":"weight"},{"weight":252.0,"label":"overweight"},{"weight":198.0,"label":"child"},{"weight":171.0,"label":"index"},{"weight":155.0,"label":"year"},{"weight":151.0,"label":"adiposity"},{"weight":151.0,"label":"mass"},{"weight":134.0,"label":"measure"},{"weight":129.0,"label":"height"},{"weight":128.0,"label":"age"},{"weight":92.0,"label":"obese"},{"weight":92.0,"label":"study"},{"weight":91.0,"label":"score"},{"weight":88.0,"label":"childhood"},{"weight":81.0,"label":"association"},{"weight":78.0,"label":"circumference"},{"weight":77.0,"label":"waist"},{"weight":69.0,"label":"boy"},{"weight":64.0,"label":"higher"},{"weight":61.0,"label":"fatness"},{"weight":61.0,"label":"conclusion"},{"weight":59.0,"label":"analysis"}]},{"conceptId":6,"clusterId":0,"hexCoordinates":{"x":2.598076211353316,"y":-1.5},"labels":[{"weight":1249.0,"label":"risk"},{"weight":344.0,"label":"association"},{"weight":293.0,"label":"bmi"},{"weight":274.0,"label":"associate"},{"weight":215.0,"label":"waist"},{"weight":205.0,"label":"factor"},{"weight":199.0,"label":"ratio"},{"weight":197.0,"label":"higher"},{"weight":184.0,"label":"increase"},{"weight":174.0,"label":"adiposity"},{"weight":164.0,"label":"chd"},{"weight":161.0,"label":"study"},{"weight":155.0,"label":"lower"},{"weight":134.0,"label":"cardiometabolic"},{"weight":126.0,"label":"circumference"},{"weight":125.0,"label":"body"},{"weight":121.0,"label":"index"},{"weight":113.0,"label":"hip"},{"weight":112.0,"label":"obesity"},{"weight":107.0,"label":"analysis"},{"weight":97.0,"label":"mass"},{"weight":92.0,"label":"met"},{"weight":92.0,"label":"score"},{"weight":89.0,"label":"odds"},{"weight":89.0,"label":"result"}]},{"conceptId":7,"clusterId":0,"hexCoordinates":{"x":2.598076211353316,"y":1.5},"labels":[{"weight":2546.0,"label":"food"},{"weight":794.0,"label":"diet"},{"weight":758.0,"label":"intake"},{"weight":740.0,"label":"dietary"},{"weight":548.0,"label":"consumption"},{"weight":412.0,"label":"meal"},{"weight":404.0,"label":"eat"},{"weight":380.0,"label":"energy"},{"weight":299.0,"label":"healthy"},{"weight":287.0,"label":"vegetable"},{"weight":275.0,"label":"fruit"},{"weight":226.0,"label":"nutritional"},{"weight":214.0,"label":"eating"},{"weight":211.0,"label":"consume"},{"weight":201.0,"label":"fat"},{"weight":189.0,"label":"health"},{"weight":176.0,"label":"day"},{"weight":174.0,"label":"meat"},{"weight":158.0,"label":"protein"},{"weight":148.0,"label":"sugar"},{"weight":148.0,"label":"pattern"},{"weight":147.0,"label":"drink"},{"weight":143.0,"label":"nutrition"},{"weight":136.0,"label":"nutrient"},{"weight":134.0,"label":"unhealthy"}]},{"conceptId":4,"clusterId":0,"hexCoordinates":{"x":-0.8660254037844386,"y":-1.5},"labels":[{"weight":694.0,"label":"infant"},{"weight":434.0,"label":"mother"},{"weight":430.0,"label":"breastfeed"},{"weight":383.0,"label":"woman"},{"weight":204.0,"label":"breastfeeding"},{"weight":155.0,"label":"baby"},{"weight":153.0,"label":"month"},{"weight":152.0,"label":"support"},{"weight":143.0,"label":"feeding"},{"weight":140.0,"label":"maternal"},{"weight":134.0,"label":"breast"},{"weight":105.0,"label":"birth"},{"weight":103.0,"label":"health"},{"weight":91.0,"label":"milk"},{"weight":89.0,"label":"feed"},{"weight":89.0,"label":"child"},{"weight":79.0,"label":"rate"},{"weight":71.0,"label":"postnatal"},{"weight":66.0,"label":"incentive"},{"weight":63.0,"label":"neonatal"},{"weight":56.0,"label":"pregnancy"},{"weight":54.0,"label":"week"},{"weight":53.0,"label":"duration"},{"weight":52.0,"label":"early"},{"weight":48.0,"label":"low"}]},{"conceptId":5,"clusterId":0,"hexCoordinates":{"x":0.8660254037844386,"y":1.5},"labels":[{"weight":798.0,"label":"vitamin"},{"weight":537.0,"label":"intake"},{"weight":460.0,"label":"iron"},{"weight":315.0,"label":"dietary"},{"weight":303.0,"label":"deficiency"},{"weight":245.0,"label":"diet"},{"weight":205.0,"label":"supplementation"},{"weight":205.0,"label":"supplement"},{"weight":200.0,"label":"study"},{"weight":173.0,"label":"concentration"},{"weight":143.0,"label":"status"},{"weight":141.0,"label":"nutritional"},{"weight":140.0,"label":"day"},{"weight":138.0,"label":"nutrition"},{"weight":131.0,"label":"iodine"},{"weight":119.0,"label":"population"},{"weight":118.0,"label":"intakes"},{"weight":118.0,"label":"participant"},{"weight":118.0,"label":"result"},{"weight":112.0,"label":"calcium"},{"weight":106.0,"label":"micronutrient"},{"weight":99.0,"label":"nutrient"},{"weight":96.0,"label":"ferritin"},{"weight":93.0,"label":"female"},{"weight":84.0,"label":"health"}]}]}