{"linkageTable":[{"node2":5,"distance":0.43692435138553,"node1":4},{"node2":12,"distance":0.473383919340565,"node1":3},{"node2":10,"distance":0.47413000670704497,"node1":2},{"node2":14,"distance":0.48243450596389,"node1":19},{"node2":7,"distance":0.48352327799424,"node1":6},{"node2":9,"distance":0.48610959504356,"node1":18},{"node2":8,"distance":0.4881892342218725,"node1":17},{"node2":21,"distance":0.4902798078330925,"node1":20},{"node2":22,"distance":0.49332923860270833,"node1":24},{"node2":23,"distance":0.4946024277197015,"node1":25},{"node2":15,"distance":0.49497341223858043,"node1":26},{"node2":27,"distance":0.49607858026263996,"node1":1},{"node2":13,"distance":0.49661786641271427,"node1":28},{"node2":11,"distance":0.49689325649630467,"node1":29},{"node2":30,"distance":0.4978239411867907,"node1":0},{"node2":16,"distance":0.49936340759101344,"node1":31}],"conceptsData":[{"conceptId":2,"clusterId":0,"hexCoordinates":{"x":0.0,"y":0.0},"labels":[{"weight":587.0,"label":"accounting"},{"weight":373.0,"label":"paper"},{"weight":269.0,"label":"management"},{"weight":260.0,"label":"manager"},{"weight":205.0,"label":"role"},{"weight":190.0,"label":"organization"},{"weight":159.0,"label":"professional"},{"weight":156.0,"label":"business"},{"weight":155.0,"label":"employee"},{"weight":146.0,"label":"corporate"},{"weight":134.0,"label":"research"},{"weight":127.0,"label":"line"},{"weight":120.0,"label":"explore"},{"weight":115.0,"label":"profession"},{"weight":112.0,"label":"finding"},{"weight":110.0,"label":"study"},{"weight":109.0,"label":"practice"},{"weight":108.0,"label":"organisation"},{"weight":106.0,"label":"draw"},{"weight":104.0,"label":"implication"},{"weight":102.0,"label":"process"},{"weight":101.0,"label":"organizational"},{"weight":96.0,"label":"provide"},{"weight":90.0,"label":"purpose"},{"weight":87.0,"label":"responsibility"}]},{"conceptId":-1,"clusterId":-1,"hexCoordinates":{"x":9.526279441628825,"y":4.5},"labels":[{"weight":2500,"label":"Unclassified"},{"weight":0,"label":""},{"weight":0,"label":""},{"weight":0,"label":""},{"weight":0,"label":""},{"weight":0,"label":""},{"weight":0,"label":""},{"weight":0,"label":""},{"weight":0,"label":""},{"weight":0,"label":""},{"weight":0,"label":""}]},{"conceptId":3,"clusterId":0,"hexCoordinates":{"x":2.598076211353316,"y":-1.5},"labels":[{"weight":1420.0,"label":"service"},{"weight":733.0,"label":"customer"},{"weight":162.0,"label":"provider"},{"weight":129.0,"label":"quality"},{"weight":122.0,"label":"provision"},{"weight":107.0,"label":"experience"},{"weight":106.0,"label":"provide"},{"weight":92.0,"label":"paper"},{"weight":78.0,"label":"client"},{"weight":74.0,"label":"delivery"},{"weight":74.0,"label":"role"},{"weight":67.0,"label":"satisfaction"},{"weight":61.0,"label":"business"},{"weight":54.0,"label":"creation"},{"weight":52.0,"label":"engagement"},{"weight":51.0,"label":"influence"},{"weight":51.0,"label":"support"},{"weight":50.0,"label":"result"},{"weight":49.0,"label":"behavior"},{"weight":48.0,"label":"expectation"},{"weight":43.0,"label":"context"},{"weight":42.0,"label":"commerce"},{"weight":41.0,"label":"firm"},{"weight":38.0,"label":"relationship"},{"weight":35.0,"label":"form"}]},{"conceptId":9,"clusterId":0,"hexCoordinates":{"x":4.330127018922193,"y":-1.5},"labels":[{"weight":1005.0,"label":"consumer"},{"weight":822.0,"label":"brand"},{"weight":289.0,"label":"product"},{"weight":193.0,"label":"marketing"},{"weight":171.0,"label":"consumption"},{"weight":169.0,"label":"market"},{"weight":119.0,"label":"purchase"},{"weight":107.0,"label":"retail"},{"weight":75.0,"label":"luxury"},{"weight":72.0,"label":"branding"},{"weight":66.0,"label":"loyalty"},{"weight":62.0,"label":"customer"},{"weight":61.0,"label":"store"},{"weight":59.0,"label":"buy"},{"weight":52.0,"label":"equity"},{"weight":52.0,"label":"research"},{"weight":50.0,"label":"retailer"},{"weight":47.0,"label":"sell"},{"weight":45.0,"label":"goods"},{"weight":43.0,"label":"behaviour"},{"weight":39.0,"label":"base"},{"weight":37.0,"label":"sale"},{"weight":34.0,"label":"potential"},{"weight":32.0,"label":"aesthetic"},{"weight":32.0,"label":"dominant"}]},{"conceptId":10,"clusterId":0,"hexCoordinates":{"x":1.7320508075688772,"y":0.0},"labels":[{"weight":2355.0,"label":"study"},{"weight":2089.0,"label":"research"},{"weight":1227.0,"label":"finding"},{"weight":1110.0,"label":"purpose"},{"weight":1003.0,"label":"paper"},{"weight":933.0,"label":"approach"},{"weight":899.0,"label":"implication"},{"weight":828.0,"label":"methodology"},{"weight":767.0,"label":"design"},{"weight":543.0,"label":"literature"},{"weight":515.0,"label":"impact"},{"weight":502.0,"label":"limitation"},{"weight":448.0,"label":"originality"},{"weight":440.0,"label":"practical"},{"weight":408.0,"label":"case"},{"weight":403.0,"label":"focus"},{"weight":387.0,"label":"analysis"},{"weight":371.0,"label":"provide"},{"weight":366.0,"label":"context"},{"weight":342.0,"label":"examine"},{"weight":334.0,"label":"identify"},{"weight":309.0,"label":"area"},{"weight":279.0,"label":"author"},{"weight":271.0,"label":"investigate"},{"weight":269.0,"label":"issue"}]},{"conceptId":15,"clusterId":0,"hexCoordinates":{"x":5.196152422706632,"y":0.0},"labels":[{"weight":3596.0,"label":"factor"},{"weight":1930.0,"label":"role"},{"weight":1364.0,"label":"play"},{"weight":1302.0,"label":"important"},{"weight":1182.0,"label":"influence"},{"weight":1036.0,"label":"study"},{"weight":763.0,"label":"affect"},{"weight":593.0,"label":"impact"},{"weight":589.0,"label":"type"},{"weight":544.0,"label":"key"},{"weight":504.0,"label":"result"},{"weight":485.0,"label":"identify"},{"weight":482.0,"label":"difference"},{"weight":467.0,"label":"investigate"},{"weight":456.0,"label":"significant"},{"weight":401.0,"label":"include"},{"weight":397.0,"label":"individual"},{"weight":395.0,"label":"characteristic"},{"weight":393.0,"label":"examine"},{"weight":372.0,"label":"find"},{"weight":363.0,"label":"importance"},{"weight":343.0,"label":"show"},{"weight":336.0,"label":"range"},{"weight":329.0,"label":"understand"},{"weight":320.0,"label":"main"}]},{"conceptId":4,"clusterId":0,"hexCoordinates":{"x":4.330127018922193,"y":1.5},"labels":[{"weight":1189.0,"label":"management"},{"weight":584.0,"label":"study"},{"weight":478.0,"label":"performance"},{"weight":458.0,"label":"research"},{"weight":426.0,"label":"industry"},{"weight":419.0,"label":"company"},{"weight":419.0,"label":"practice"},{"weight":399.0,"label":"organisation"},{"weight":390.0,"label":"business"},{"weight":279.0,"label":"strategy"},{"weight":272.0,"label":"capability"},{"weight":268.0,"label":"adoption"},{"weight":261.0,"label":"organization"},{"weight":250.0,"label":"knowledge"},{"weight":247.0,"label":"organisational"},{"weight":247.0,"label":"case"},{"weight":246.0,"label":"sector"},{"weight":226.0,"label":"strategic"},{"weight":221.0,"label":"literature"},{"weight":212.0,"label":"manager"},{"weight":210.0,"label":"level"},{"weight":204.0,"label":"base"},{"weight":196.0,"label":"stakeholder"},{"weight":186.0,"label":"relationship"},{"weight":183.0,"label":"finding"}]},{"conceptId":5,"clusterId":0,"hexCoordinates":{"x":3.4641016151377544,"y":3.0},"labels":[{"weight":750.0,"label":"chain"},{"weight":596.0,"label":"supply"},{"weight":36.0,"label":"disruption"},{"weight":32.0,"label":"part"},{"weight":25.0,"label":"support"},{"weight":23.0,"label":"elm"},{"weight":22.0,"label":"rmp"},{"weight":20.0,"label":"examine"},{"weight":19.0,"label":"pressure"},{"weight":19.0,"label":"face"},{"weight":19.0,"label":"multiplier"},{"weight":18.0,"label":"hdc"},{"weight":15.0,"label":"inventory"},{"weight":14.0,"label":"spare"},{"weight":13.0,"label":"focal"},{"weight":12.0,"label":"sense"},{"weight":11.0,"label":"occasion"},{"weight":10.0,"label":"viverrinus"},{"weight":10.0,"label":"wholesaler"},{"weight":10.0,"label":"retailer"},{"weight":10.0,"label":"licence"},{"weight":10.0,"label":"supplies"},{"weight":10.0,"label":"commercial"},{"weight":9.0,"label":"greek"},{"weight":9.0,"label":"disruptive"}]},{"conceptId":16,"clusterId":0,"hexCoordinates":{"x":2.598076211353316,"y":4.5},"labels":[{"weight":189.0,"label":"career"},{"weight":108.0,"label":"hadv"},{"weight":75.0,"label":"focus"},{"weight":65.0,"label":"commercialization"},{"weight":57.0,"label":"employment"},{"weight":52.0,"label":"vector"},{"weight":52.0,"label":"labour"},{"weight":51.0,"label":"academic"},{"weight":49.0,"label":"transduction"},{"weight":48.0,"label":"graduate"},{"weight":48.0,"label":"market"},{"weight":47.0,"label":"decent"},{"weight":46.0,"label":"formal"},{"weight":40.0,"label":"intention"},{"weight":40.0,"label":"informal"},{"weight":38.0,"label":"promotion"},{"weight":38.0,"label":"university"},{"weight":33.0,"label":"adenovirus"},{"weight":33.0,"label":"leader"},{"weight":32.0,"label":"occupational"},{"weight":32.0,"label":"intent"},{"weight":32.0,"label":"transition"},{"weight":31.0,"label":"research"},{"weight":30.0,"label":"colleague"},{"weight":30.0,"label":"serum"}]},{"conceptId":11,"clusterId":0,"hexCoordinates":{"x":-0.8660254037844386,"y":1.5},"labels":[{"weight":746.0,"label":"leadership"},{"weight":226.0,"label":"leader"},{"weight":52.0,"label":"headteacher"},{"weight":45.0,"label":"transformational"},{"weight":44.0,"label":"development"},{"weight":39.0,"label":"pollen"},{"weight":39.0,"label":"sector"},{"weight":33.0,"label":"literature"},{"weight":20.0,"label":"dag"},{"weight":20.0,"label":"distribute"},{"weight":19.0,"label":"style"},{"weight":19.0,"label":"theory"},{"weight":18.0,"label":"follower"},{"weight":17.0,"label":"ragweed"},{"weight":17.0,"label":"pharmacy"},{"weight":16.0,"label":"retail"},{"weight":13.0,"label":"performance"},{"weight":12.0,"label":"scel"},{"weight":11.0,"label":"organizational"},{"weight":10.0,"label":"ainet"},{"weight":10.0,"label":"svd"},{"weight":10.0,"label":"position"},{"weight":9.0,"label":"qml"},{"weight":9.0,"label":"headship"},{"weight":9.0,"label":"mad"}]},{"conceptId":14,"clusterId":0,"hexCoordinates":{"x":0.8660254037844386,"y":-1.5},"labels":[{"weight":338.0,"label":"disclosure"},{"weight":245.0,"label":"csr"},{"weight":221.0,"label":"corporate"},{"weight":163.0,"label":"report"},{"weight":159.0,"label":"company"},{"weight":142.0,"label":"social"},{"weight":135.0,"label":"responsibility"},{"weight":119.0,"label":"reporting"},{"weight":94.0,"label":"financial"},{"weight":93.0,"label":"user"},{"weight":88.0,"label":"quality"},{"weight":79.0,"label":"information"},{"weight":76.0,"label":"compliance"},{"weight":73.0,"label":"firm"},{"weight":71.0,"label":"standard"},{"weight":70.0,"label":"venue"},{"weight":70.0,"label":"accounting"},{"weight":59.0,"label":"stakeholder"},{"weight":56.0,"label":"practice"},{"weight":55.0,"label":"content"},{"weight":48.0,"label":"ifr"},{"weight":44.0,"label":"disclose"},{"weight":42.0,"label":"paper"},{"weight":40.0,"label":"segment"},{"weight":39.0,"label":"management"}]},{"conceptId":0,"clusterId":0,"hexCoordinates":{"x":1.7320508075688772,"y":-3.0},"labels":[{"weight":178.0,"label":"nigerium"},{"weight":141.0,"label":"nigeria"},{"weight":110.0,"label":"nigerian"},{"weight":64.0,"label":"coffee"},{"weight":52.0,"label":"country"},{"weight":42.0,"label":"crime"},{"weight":38.0,"label":"estate"},{"weight":34.0,"label":"halal"},{"weight":32.0,"label":"crow"},{"weight":31.0,"label":"tool"},{"weight":28.0,"label":"ret"},{"weight":28.0,"label":"reveal"},{"weight":27.0,"label":"egypt"},{"weight":27.0,"label":"rural"},{"weight":26.0,"label":"cir"},{"weight":24.0,"label":"bet"},{"weight":20.0,"label":"nsd"},{"weight":20.0,"label":"literature"},{"weight":19.0,"label":"area"},{"weight":19.0,"label":"adopt"},{"weight":18.0,"label":"theft"},{"weight":17.0,"label":"poor"},{"weight":17.0,"label":"evaluate"},{"weight":16.0,"label":"identify"},{"weight":15.0,"label":"facility"}]},{"conceptId":1,"clusterId":0,"hexCoordinates":{"x":1.7320508075688772,"y":3.0},"labels":[{"weight":287.0,"label":"leader"},{"weight":286.0,"label":"leadership"},{"weight":251.0,"label":"identity"},{"weight":167.0,"label":"collective"},{"weight":134.0,"label":"team"},{"weight":100.0,"label":"member"},{"weight":94.0,"label":"commitment"},{"weight":91.0,"label":"social"},{"weight":88.0,"label":"group"},{"weight":85.0,"label":"action"},{"weight":59.0,"label":"follower"},{"weight":57.0,"label":"efficacy"},{"weight":52.0,"label":"cohesion"},{"weight":52.0,"label":"personal"},{"weight":46.0,"label":"behavior"},{"weight":44.0,"label":"construct"},{"weight":37.0,"label":"norm"},{"weight":37.0,"label":"identification"},{"weight":36.0,"label":"antecedent"},{"weight":35.0,"label":"demonstrate"},{"weight":32.0,"label":"shared"},{"weight":32.0,"label":"normative"},{"weight":32.0,"label":"model"},{"weight":29.0,"label":"belief"},{"weight":29.0,"label":"examine"}]},{"conceptId":6,"clusterId":0,"hexCoordinates":{"x":2.598076211353316,"y":1.5},"labels":[{"weight":235.0,"label":"employee"},{"weight":135.0,"label":"motivation"},{"weight":56.0,"label":"organisation"},{"weight":48.0,"label":"role"},{"weight":45.0,"label":"aboriginal"},{"weight":43.0,"label":"resistance"},{"weight":38.0,"label":"motivational"},{"weight":31.0,"label":"icp"},{"weight":29.0,"label":"line"},{"weight":27.0,"label":"nsw"},{"weight":27.0,"label":"motivate"},{"weight":25.0,"label":"censorship"},{"weight":25.0,"label":"organisational"},{"weight":23.0,"label":"hotel"},{"weight":22.0,"label":"psychological"},{"weight":21.0,"label":"staff"},{"weight":20.0,"label":"gras"},{"weight":20.0,"label":"censor"},{"weight":20.0,"label":"intrinsic"},{"weight":20.0,"label":"management"},{"weight":19.0,"label":"ntm"},{"weight":19.0,"label":"whistleblowing"},{"weight":19.0,"label":"silence"},{"weight":18.0,"label":"work"},{"weight":14.0,"label":"household"}]},{"conceptId":13,"clusterId":0,"hexCoordinates":{"x":6.06217782649107,"y":1.5},"labels":[{"weight":223.0,"label":"culture"},{"weight":122.0,"label":"cultural"},{"weight":71.0,"label":"sss"},{"weight":60.0,"label":"relationship"},{"weight":53.0,"label":"base"},{"weight":45.0,"label":"dimension"},{"weight":38.0,"label":"cross"},{"weight":37.0,"label":"western"},{"weight":31.0,"label":"subjective"},{"weight":27.0,"label":"mobility"},{"weight":22.0,"label":"objective"},{"weight":21.0,"label":"mediation"},{"weight":18.0,"label":"ind"},{"weight":18.0,"label":"ifa"},{"weight":18.0,"label":"culturally"},{"weight":18.0,"label":"increase"},{"weight":17.0,"label":"persona"},{"weight":17.0,"label":"collectivism"},{"weight":17.0,"label":"japanese"},{"weight":16.0,"label":"osc"},{"weight":16.0,"label":"intercultural"},{"weight":16.0,"label":"triadic"},{"weight":16.0,"label":"universal"},{"weight":16.0,"label":"apply"},{"weight":15.0,"label":"ffn"}]},{"conceptId":12,"clusterId":0,"hexCoordinates":{"x":3.4641016151377544,"y":0.0},"labels":[{"weight":639.0,"label":"research"},{"weight":600.0,"label":"consumer"},{"weight":500.0,"label":"marketing"},{"weight":320.0,"label":"study"},{"weight":246.0,"label":"market"},{"weight":243.0,"label":"literature"},{"weight":242.0,"label":"fashion"},{"weight":227.0,"label":"finding"},{"weight":200.0,"label":"industry"},{"weight":177.0,"label":"interview"},{"weight":168.0,"label":"brand"},{"weight":166.0,"label":"business"},{"weight":151.0,"label":"aim"},{"weight":147.0,"label":"product"},{"weight":146.0,"label":"purpose"},{"weight":141.0,"label":"approach"},{"weight":134.0,"label":"online"},{"weight":131.0,"label":"strategy"},{"weight":129.0,"label":"show"},{"weight":119.0,"label":"hotel"},{"weight":118.0,"label":"advertising"},{"weight":118.0,"label":"result"},{"weight":116.0,"label":"order"},{"weight":111.0,"label":"identify"},{"weight":108.0,"label":"key"}]},{"conceptId":8,"clusterId":0,"hexCoordinates":{"x":5.196152422706632,"y":3.0},"labels":[{"weight":813.0,"label":"green"},{"weight":171.0,"label":"blue"},{"weight":118.0,"label":"red"},{"weight":63.0,"label":"environmental"},{"weight":32.0,"label":"colour"},{"weight":32.0,"label":"generate"},{"weight":23.0,"label":"biliverdin"},{"weight":17.0,"label":"block"},{"weight":16.0,"label":"ceew"},{"weight":15.0,"label":"pigment"},{"weight":15.0,"label":"valley"},{"weight":15.0,"label":"garden"},{"weight":15.0,"label":"equation"},{"weight":14.0,"label":"pellet"},{"weight":14.0,"label":"quantity"},{"weight":14.0,"label":"report"},{"weight":13.0,"label":"erc"},{"weight":12.0,"label":"rain"},{"weight":11.0,"label":"amber"},{"weight":11.0,"label":"apl"},{"weight":11.0,"label":"premium"},{"weight":11.0,"label":"iso"},{"weight":10.0,"label":"csed"},{"weight":10.0,"label":"greening"},{"weight":10.0,"label":"hypocrisy"}]},{"conceptId":7,"clusterId":0,"hexCoordinates":{"x":0.8660254037844386,"y":1.5},"labels":[{"weight":1282.0,"label":"business"},{"weight":1103.0,"label":"innovation"},{"weight":593.0,"label":"entrepreneurial"},{"weight":582.0,"label":"entrepreneurship"},{"weight":527.0,"label":"entrepreneur"},{"weight":424.0,"label":"firm"},{"weight":352.0,"label":"enterprise"},{"weight":326.0,"label":"knowledge"},{"weight":298.0,"label":"paper"},{"weight":275.0,"label":"small"},{"weight":238.0,"label":"research"},{"weight":226.0,"label":"process"},{"weight":224.0,"label":"activity"},{"weight":217.0,"label":"study"},{"weight":174.0,"label":"venture"},{"weight":171.0,"label":"strategy"},{"weight":169.0,"label":"growth"},{"weight":156.0,"label":"creation"},{"weight":155.0,"label":"economy"},{"weight":153.0,"label":"owner"},{"weight":153.0,"label":"development"},{"weight":152.0,"label":"context"},{"weight":147.0,"label":"develop"},{"weight":146.0,"label":"literature"},{"weight":142.0,"label":"market"}]}]}