{"linkageTable":[{"node2":13,"distance":0.45287734217087,"node1":12},{"node2":11,"distance":0.464079282734365,"node1":1},{"node2":10,"distance":0.466598930988865,"node1":8},{"node2":14,"distance":0.47680825565306,"node1":5},{"node2":18,"distance":0.4802367391224775,"node1":19},{"node2":15,"distance":0.481769283276945,"node1":2},{"node2":17,"distance":0.4829576417978575,"node1":0},{"node2":4,"distance":0.485663300563975,"node1":3},{"node2":20,"distance":0.48629216715034435,"node1":23},{"node2":24,"distance":0.48947648502771207,"node1":21},{"node2":16,"distance":0.491314500622005,"node1":7},{"node2":25,"distance":0.4916328821234566,"node1":22},{"node2":9,"distance":0.49369984331499134,"node1":27},{"node2":26,"distance":0.4957172509866119,"node1":28},{"node2":6,"distance":0.49867999882015696,"node1":29}],"conceptsData":[{"conceptId":3,"clusterId":0,"hexCoordinates":{"x":-1.7320508075688772,"y":0.0},"labels":[{"weight":1115.0,"label":"study"},{"weight":952.0,"label":"review"},{"weight":900.0,"label":"outcome"},{"weight":888.0,"label":"intervention"},{"weight":489.0,"label":"systematic"},{"weight":418.0,"label":"quality"},{"weight":395.0,"label":"report"},{"weight":387.0,"label":"include"},{"weight":359.0,"label":"evidence"},{"weight":265.0,"label":"measure"},{"weight":261.0,"label":"analysis"},{"weight":235.0,"label":"effectiveness"},{"weight":226.0,"label":"effect"},{"weight":216.0,"label":"meta"},{"weight":213.0,"label":"search"},{"weight":209.0,"label":"identify"},{"weight":205.0,"label":"improve"},{"weight":186.0,"label":"assess"},{"weight":169.0,"label":"result"},{"weight":158.0,"label":"aim"},{"weight":148.0,"label":"method"},{"weight":139.0,"label":"conduct"},{"weight":138.0,"label":"research"},{"weight":135.0,"label":"impact"},{"weight":133.0,"label":"data"}]},{"conceptId":13,"clusterId":0,"hexCoordinates":{"x":-3.4641016151377544,"y":-3.0},"labels":[{"weight":194.0,"label":"trial"},{"weight":154.0,"label":"pilot"},{"weight":133.0,"label":"study"},{"weight":131.0,"label":"rct"},{"weight":122.0,"label":"report"},{"weight":120.0,"label":"reporting"},{"weight":108.0,"label":"seaweed"},{"weight":87.0,"label":"consort"},{"weight":86.0,"label":"item"},{"weight":62.0,"label":"design"},{"weight":57.0,"label":"randomised"},{"weight":57.0,"label":"feasibility"},{"weight":57.0,"label":"extension"},{"weight":57.0,"label":"conduct"},{"weight":50.0,"label":"standard"},{"weight":49.0,"label":"yoga"},{"weight":49.0,"label":"checklist"},{"weight":47.0,"label":"sap"},{"weight":45.0,"label":"controlled"},{"weight":39.0,"label":"phase"},{"weight":35.0,"label":"consolidated"},{"weight":33.0,"label":"statement"},{"weight":33.0,"label":"pro"},{"weight":29.0,"label":"research"},{"weight":29.0,"label":"future"}]},{"conceptId":8,"clusterId":0,"hexCoordinates":{"x":0.0,"y":0.0},"labels":[{"weight":1077.0,"label":"intervention"},{"weight":722.0,"label":"study"},{"weight":565.0,"label":"evidence"},{"weight":505.0,"label":"trial"},{"weight":375.0,"label":"quality"},{"weight":367.0,"label":"effect"},{"weight":320.0,"label":"outcome"},{"weight":295.0,"label":"review"},{"weight":283.0,"label":"include"},{"weight":261.0,"label":"low"},{"weight":201.0,"label":"rct"},{"weight":196.0,"label":"search"},{"weight":191.0,"label":"controlled"},{"weight":190.0,"label":"risk"},{"weight":176.0,"label":"compare"},{"weight":171.0,"label":"data"},{"weight":160.0,"label":"analysis"},{"weight":156.0,"label":"effectiveness"},{"weight":146.0,"label":"meta"},{"weight":137.0,"label":"assess"},{"weight":131.0,"label":"control"},{"weight":129.0,"label":"smd"},{"weight":129.0,"label":"result"},{"weight":123.0,"label":"bias"},{"weight":123.0,"label":"effective"}]},{"conceptId":0,"clusterId":0,"hexCoordinates":{"x":3.4641016151377544,"y":-3.0},"labels":[{"weight":673.0,"label":"trial"},{"weight":287.0,"label":"evidence"},{"weight":215.0,"label":"quality"},{"weight":214.0,"label":"participant"},{"weight":205.0,"label":"rct"},{"weight":183.0,"label":"low"},{"weight":178.0,"label":"data"},{"weight":176.0,"label":"compare"},{"weight":146.0,"label":"search"},{"weight":137.0,"label":"versus"},{"weight":136.0,"label":"risk"},{"weight":135.0,"label":"register"},{"weight":133.0,"label":"treatment"},{"weight":130.0,"label":"assess"},{"weight":113.0,"label":"include"},{"weight":111.0,"label":"controlled"},{"weight":110.0,"label":"effect"},{"weight":106.0,"label":"study"},{"weight":102.0,"label":"cochrane"},{"weight":94.0,"label":"central"},{"weight":92.0,"label":"rate"},{"weight":91.0,"label":"adverse"},{"weight":90.0,"label":"report"},{"weight":87.0,"label":"outcome"},{"weight":86.0,"label":"author"}]},{"conceptId":10,"clusterId":0,"hexCoordinates":{"x":1.7320508075688772,"y":0.0},"labels":[{"weight":994.0,"label":"study"},{"weight":940.0,"label":"review"},{"weight":620.0,"label":"search"},{"weight":398.0,"label":"systematic"},{"weight":370.0,"label":"include"},{"weight":327.0,"label":"identify"},{"weight":303.0,"label":"quality"},{"weight":293.0,"label":"database"},{"weight":259.0,"label":"medline"},{"weight":252.0,"label":"data"},{"weight":209.0,"label":"criterion"},{"weight":202.0,"label":"papers"},{"weight":202.0,"label":"health"},{"weight":197.0,"label":"embase"},{"weight":197.0,"label":"method"},{"weight":193.0,"label":"evidence"},{"weight":185.0,"label":"synthesis"},{"weight":178.0,"label":"report"},{"weight":176.0,"label":"outcome"},{"weight":175.0,"label":"literature"},{"weight":169.0,"label":"reviewer"},{"weight":167.0,"label":"intervention"},{"weight":156.0,"label":"cochrane"},{"weight":146.0,"label":"result"},{"weight":144.0,"label":"inclusion"}]},{"conceptId":9,"clusterId":0,"hexCoordinates":{"x":0.0,"y":-3.0},"labels":[{"weight":856.0,"label":"evidence"},{"weight":724.0,"label":"clinical"},{"weight":599.0,"label":"guideline"},{"weight":418.0,"label":"trial"},{"weight":334.0,"label":"base"},{"weight":325.0,"label":"practice"},{"weight":297.0,"label":"recommendation"},{"weight":204.0,"label":"recommend"},{"weight":165.0,"label":"review"},{"weight":145.0,"label":"research"},{"weight":144.0,"label":"provide"},{"weight":134.0,"label":"assessment"},{"weight":130.0,"label":"clinician"},{"weight":127.0,"label":"rct"},{"weight":124.0,"label":"support"},{"weight":121.0,"label":"controlled"},{"weight":110.0,"label":"guidance"},{"weight":99.0,"label":"grade"},{"weight":96.0,"label":"effectiveness"},{"weight":93.0,"label":"regard"},{"weight":89.0,"label":"current"},{"weight":88.0,"label":"standard"},{"weight":84.0,"label":"expert"},{"weight":84.0,"label":"quality"},{"weight":77.0,"label":"evaluation"}]},{"conceptId":15,"clusterId":0,"hexCoordinates":{"x":2.598076211353316,"y":1.5},"labels":[{"weight":441.0,"label":"sensitivity"},{"weight":377.0,"label":"dementia"},{"weight":264.0,"label":"delirium"},{"weight":250.0,"label":"test"},{"weight":216.0,"label":"specificity"},{"weight":205.0,"label":"diagnostic"},{"weight":192.0,"label":"assessment"},{"weight":172.0,"label":"accuracy"},{"weight":129.0,"label":"study"},{"weight":105.0,"label":"diagnosis"},{"weight":100.0,"label":"tool"},{"weight":93.0,"label":"standard"},{"weight":79.0,"label":"reference"},{"weight":71.0,"label":"screening"},{"weight":67.0,"label":"sensitive"},{"weight":60.0,"label":"participant"},{"weight":47.0,"label":"criterion"},{"weight":47.0,"label":"assess"},{"weight":44.0,"label":"clinical"},{"weight":43.0,"label":"detect"},{"weight":42.0,"label":"score"},{"weight":42.0,"label":"cognitive"},{"weight":41.0,"label":"iqcode"},{"weight":39.0,"label":"positive"},{"weight":38.0,"label":"predictive"}]},{"conceptId":12,"clusterId":0,"hexCoordinates":{"x":-1.7320508075688772,"y":-3.0},"labels":[{"weight":348.0,"label":"http"},{"weight":322.0,"label":"report"},{"weight":316.0,"label":"include"},{"weight":307.0,"label":"provide"},{"weight":284.0,"label":"guideline"},{"weight":276.0,"label":"www"},{"weight":260.0,"label":"update"},{"weight":216.0,"label":"consensus"},{"weight":211.0,"label":"publication"},{"weight":207.0,"label":"describe"},{"weight":206.0,"label":"org"},{"weight":197.0,"label":"online"},{"weight":169.0,"label":"develop"},{"weight":160.0,"label":"publish"},{"weight":158.0,"label":"item"},{"weight":151.0,"label":"information"},{"weight":149.0,"label":"statement"},{"weight":149.0,"label":"international"},{"weight":137.0,"label":"description"},{"weight":136.0,"label":"doi"},{"weight":133.0,"label":"version"},{"weight":120.0,"label":"expert"},{"weight":116.0,"label":"document"},{"weight":116.0,"label":"review"},{"weight":113.0,"label":"detail"}]},{"conceptId":14,"clusterId":0,"hexCoordinates":{"x":0.8660254037844386,"y":-1.5},"labels":[{"weight":2860.0,"label":"review"},{"weight":1801.0,"label":"study"},{"weight":1054.0,"label":"systematic"},{"weight":1024.0,"label":"literature"},{"weight":1015.0,"label":"search"},{"weight":980.0,"label":"identify"},{"weight":882.0,"label":"evidence"},{"weight":828.0,"label":"include"},{"weight":647.0,"label":"research"},{"weight":583.0,"label":"article"},{"weight":567.0,"label":"method"},{"weight":544.0,"label":"publish"},{"weight":532.0,"label":"database"},{"weight":518.0,"label":"result"},{"weight":430.0,"label":"report"},{"weight":411.0,"label":"conduct"},{"weight":410.0,"label":"papers"},{"weight":400.0,"label":"conclusion"},{"weight":374.0,"label":"relevant"},{"weight":364.0,"label":"quality"},{"weight":362.0,"label":"synthesis"},{"weight":358.0,"label":"aim"},{"weight":342.0,"label":"criterion"},{"weight":311.0,"label":"data"},{"weight":302.0,"label":"background"}]},{"conceptId":-1,"clusterId":-1,"hexCoordinates":{"x":6.928203230275509,"y":1.5},"labels":[{"weight":2500,"label":"Unclassified"},{"weight":0,"label":""},{"weight":0,"label":""},{"weight":0,"label":""},{"weight":0,"label":""},{"weight":0,"label":""},{"weight":0,"label":""},{"weight":0,"label":""},{"weight":0,"label":""},{"weight":0,"label":""},{"weight":0,"label":""}]},{"conceptId":6,"clusterId":0,"hexCoordinates":{"x":-0.8660254037844386,"y":-4.5},"labels":[{"weight":268.0,"label":"meta"},{"weight":227.0,"label":"ethnography"},{"weight":188.0,"label":"guidance"},{"weight":168.0,"label":"design"},{"weight":163.0,"label":"report"},{"weight":97.0,"label":"synthesis"},{"weight":91.0,"label":"reporting"},{"weight":91.0,"label":"method"},{"weight":75.0,"label":"finding"},{"weight":67.0,"label":"conduct"},{"weight":66.0,"label":"study"},{"weight":64.0,"label":"phase"},{"weight":62.0,"label":"methodological"},{"weight":62.0,"label":"evidence"},{"weight":60.0,"label":"process"},{"weight":59.0,"label":"practice"},{"weight":53.0,"label":"health"},{"weight":50.0,"label":"quality"},{"weight":48.0,"label":"develop"},{"weight":42.0,"label":"methodology"},{"weight":42.0,"label":"improve"},{"weight":41.0,"label":"research"},{"weight":40.0,"label":"publish"},{"weight":40.0,"label":"development"},{"weight":39.0,"label":"systematic"}]},{"conceptId":1,"clusterId":0,"hexCoordinates":{"x":1.7320508075688772,"y":-3.0},"labels":[{"weight":89.0,"label":"evidence"},{"weight":76.0,"label":"participant"},{"weight":64.0,"label":"study"},{"weight":62.0,"label":"low"},{"weight":57.0,"label":"quality"},{"weight":42.0,"label":"arch"},{"weight":39.0,"label":"vte"},{"weight":36.0,"label":"wire"},{"weight":32.0,"label":"dvt"},{"weight":31.0,"label":"retainer"},{"weight":30.0,"label":"versus"},{"weight":28.0,"label":"symptomatic"},{"weight":26.0,"label":"moderate"},{"weight":26.0,"label":"high"},{"weight":25.0,"label":"heparin"},{"weight":25.0,"label":"certainty"},{"weight":25.0,"label":"bleeding"},{"weight":25.0,"label":"trial"},{"weight":24.0,"label":"linezolid"},{"weight":23.0,"label":"difference"},{"weight":22.0,"label":"lmwh"},{"weight":21.0,"label":"cochrane"},{"weight":20.0,"label":"duration"},{"weight":19.0,"label":"nitus"},{"weight":19.0,"label":"author"}]},{"conceptId":2,"clusterId":0,"hexCoordinates":{"x":0.8660254037844386,"y":1.5},"labels":[{"weight":1838.0,"label":"study"},{"weight":925.0,"label":"analysis"},{"weight":903.0,"label":"meta"},{"weight":462.0,"label":"risk"},{"weight":462.0,"label":"review"},{"weight":427.0,"label":"include"},{"weight":414.0,"label":"effect"},{"weight":407.0,"label":"systematic"},{"weight":388.0,"label":"report"},{"weight":371.0,"label":"data"},{"weight":328.0,"label":"bias"},{"weight":306.0,"label":"search"},{"weight":244.0,"label":"result"},{"weight":213.0,"label":"estimate"},{"weight":212.0,"label":"conduct"},{"weight":211.0,"label":"quality"},{"weight":200.0,"label":"random"},{"weight":200.0,"label":"assess"},{"weight":198.0,"label":"database"},{"weight":197.0,"label":"heterogeneity"},{"weight":196.0,"label":"identify"},{"weight":195.0,"label":"perform"},{"weight":188.0,"label":"prevalence"},{"weight":187.0,"label":"pooled"},{"weight":187.0,"label":"conclusion"}]},{"conceptId":7,"clusterId":0,"hexCoordinates":{"x":-2.598076211353316,"y":-1.5},"labels":[{"weight":500.0,"label":"peer"},{"weight":357.0,"label":"review"},{"weight":172.0,"label":"journal"},{"weight":103.0,"label":"publication"},{"weight":79.0,"label":"report"},{"weight":78.0,"label":"publish"},{"weight":66.0,"label":"editor"},{"weight":66.0,"label":"author"},{"weight":52.0,"label":"time"},{"weight":50.0,"label":"reviewer"},{"weight":48.0,"label":"scientific"},{"weight":43.0,"label":"article"},{"weight":37.0,"label":"delay"},{"weight":35.0,"label":"study"},{"weight":34.0,"label":"relevant"},{"weight":34.0,"label":"identify"},{"weight":31.0,"label":"critical"},{"weight":31.0,"label":"result"},{"weight":29.0,"label":"analysis"},{"weight":26.0,"label":"comment"},{"weight":25.0,"label":"coi"},{"weight":25.0,"label":"undertake"},{"weight":23.0,"label":"benefit"},{"weight":23.0,"label":"literature"},{"weight":23.0,"label":"open"}]},{"conceptId":4,"clusterId":0,"hexCoordinates":{"x":-0.8660254037844386,"y":1.5},"labels":[{"weight":2739.0,"label":"behaviour"},{"weight":1607.0,"label":"intervention"},{"weight":1028.0,"label":"change"},{"weight":538.0,"label":"behavioural"},{"weight":335.0,"label":"theory"},{"weight":268.0,"label":"bct"},{"weight":254.0,"label":"health"},{"weight":215.0,"label":"technique"},{"weight":213.0,"label":"social"},{"weight":202.0,"label":"effective"},{"weight":183.0,"label":"target"},{"weight":181.0,"label":"individual"},{"weight":159.0,"label":"develop"},{"weight":156.0,"label":"base"},{"weight":146.0,"label":"evidence"},{"weight":143.0,"label":"identify"},{"weight":134.0,"label":"theoretical"},{"weight":133.0,"label":"influence"},{"weight":127.0,"label":"link"},{"weight":122.0,"label":"context"},{"weight":116.0,"label":"related"},{"weight":114.0,"label":"development"},{"weight":113.0,"label":"design"},{"weight":111.0,"label":"aim"},{"weight":110.0,"label":"include"}]},{"conceptId":5,"clusterId":0,"hexCoordinates":{"x":-0.8660254037844386,"y":-1.5},"labels":[{"weight":380.0,"label":"study"},{"weight":228.0,"label":"review"},{"weight":207.0,"label":"search"},{"weight":169.0,"label":"analysis"},{"weight":168.0,"label":"meta"},{"weight":161.0,"label":"effect"},{"weight":116.0,"label":"quality"},{"weight":112.0,"label":"criterion"},{"weight":111.0,"label":"database"},{"weight":102.0,"label":"include"},{"weight":95.0,"label":"identify"},{"weight":92.0,"label":"systematic"},{"weight":85.0,"label":"medline"},{"weight":83.0,"label":"result"},{"weight":81.0,"label":"article"},{"weight":77.0,"label":"prevalence"},{"weight":77.0,"label":"science"},{"weight":76.0,"label":"inclusion"},{"weight":73.0,"label":"embase"},{"weight":73.0,"label":"health"},{"weight":69.0,"label":"high"},{"weight":68.0,"label":"data"},{"weight":64.0,"label":"conduct"},{"weight":63.0,"label":"meet"},{"weight":60.0,"label":"positive"}]},{"conceptId":11,"clusterId":0,"hexCoordinates":{"x":2.598076211353316,"y":-1.5},"labels":[{"weight":890.0,"label":"trial"},{"weight":596.0,"label":"study"},{"weight":377.0,"label":"evidence"},{"weight":347.0,"label":"effect"},{"weight":344.0,"label":"data"},{"weight":318.0,"label":"analysis"},{"weight":297.0,"label":"risk"},{"weight":264.0,"label":"quality"},{"weight":261.0,"label":"search"},{"weight":237.0,"label":"meta"},{"weight":237.0,"label":"include"},{"weight":231.0,"label":"review"},{"weight":222.0,"label":"bias"},{"weight":219.0,"label":"controlled"},{"weight":189.0,"label":"outcome"},{"weight":186.0,"label":"report"},{"weight":184.0,"label":"participant"},{"weight":179.0,"label":"rct"},{"weight":178.0,"label":"cochrane"},{"weight":162.0,"label":"compare"},{"weight":143.0,"label":"criterion"},{"weight":139.0,"label":"assess"},{"weight":135.0,"label":"low"},{"weight":128.0,"label":"register"},{"weight":117.0,"label":"randomised"}]}]}