{"linkageTable":[{"node2":18,"distance":0.44802775934017003,"node1":3},{"node2":16,"distance":0.462872071731205,"node1":12},{"node2":13,"distance":0.46974779465172,"node1":6},{"node2":11,"distance":0.47576071537685,"node1":2},{"node2":7,"distance":0.47626847804457,"node1":0},{"node2":9,"distance":0.479357639402465,"node1":8},{"node2":17,"distance":0.4851535196204675,"node1":20},{"node2":15,"distance":0.4879556520866475,"node1":22},{"node2":14,"distance":0.4892693256875425,"node1":23},{"node2":10,"distance":0.4894540736142467,"node1":27},{"node2":21,"distance":0.4894633724767875,"node1":24},{"node2":26,"distance":0.4923571813538054,"node1":30},{"node2":19,"distance":0.49436560311648126,"node1":29},{"node2":32,"distance":0.49693820590137583,"node1":31},{"node2":28,"distance":0.49737312930028427,"node1":33},{"node2":5,"distance":0.49829508576761833,"node1":34},{"node2":1,"distance":0.4988658711655609,"node1":35},{"node2":25,"distance":0.4991858845310605,"node1":36},{"node2":4,"distance":0.49980620282909366,"node1":37}],"conceptsData":[{"conceptId":9,"clusterId":0,"hexCoordinates":{"x":-3.4641016151377544,"y":3.0},"labels":[{"weight":706.0,"label":"air"},{"weight":640.0,"label":"concentration"},{"weight":445.0,"label":"pollution"},{"weight":324.0,"label":"emission"},{"weight":283.0,"label":"exposure"},{"weight":181.0,"label":"health"},{"weight":178.0,"label":"measurement"},{"weight":168.0,"label":"site"},{"weight":167.0,"label":"pollutant"},{"weight":166.0,"label":"ozone"},{"weight":153.0,"label":"source"},{"weight":137.0,"label":"average"},{"weight":135.0,"label":"atmospheric"},{"weight":125.0,"label":"particulate"},{"weight":116.0,"label":"background"},{"weight":105.0,"label":"quality"},{"weight":92.0,"label":"impact"},{"weight":90.0,"label":"urban"},{"weight":90.0,"label":"matter"},{"weight":86.0,"label":"monitor"},{"weight":85.0,"label":"aerosol"},{"weight":85.0,"label":"transport"},{"weight":79.0,"label":"effect"},{"weight":71.0,"label":"carbon"},{"weight":71.0,"label":"estimate"}]},{"conceptId":8,"clusterId":0,"hexCoordinates":{"x":-4.330127018922193,"y":1.5},"labels":[{"weight":51.0,"label":"snow"},{"weight":45.0,"label":"penguin"},{"weight":30.0,"label":"sampler"},{"weight":28.0,"label":"plume"},{"weight":26.0,"label":"wind"},{"weight":25.0,"label":"tube"},{"weight":22.0,"label":"ogawa"},{"weight":21.0,"label":"dnapl"},{"weight":16.0,"label":"dechlorination"},{"weight":16.0,"label":"speed"},{"weight":16.0,"label":"rate"},{"weight":14.0,"label":"sublimation"},{"weight":14.0,"label":"variation"},{"weight":13.0,"label":"palme"},{"weight":13.0,"label":"tce"},{"weight":13.0,"label":"cane"},{"weight":13.0,"label":"remove"},{"weight":13.0,"label":"associate"},{"weight":12.0,"label":"analyser"},{"weight":12.0,"label":"ventilation"},{"weight":12.0,"label":"day"},{"weight":11.0,"label":"ssa"},{"weight":11.0,"label":"pdt"},{"weight":11.0,"label":"observe"},{"weight":10.0,"label":"csw"}]},{"conceptId":12,"clusterId":0,"hexCoordinates":{"x":0.0,"y":0.0},"labels":[{"weight":313.0,"label":"solution"},{"weight":266.0,"label":"concentration"},{"weight":233.0,"label":"acid"},{"weight":233.0,"label":"carbonate"},{"weight":200.0,"label":"result"},{"weight":193.0,"label":"formation"},{"weight":190.0,"label":"oxide"},{"weight":177.0,"label":"iron"},{"weight":177.0,"label":"water"},{"weight":173.0,"label":"process"},{"weight":170.0,"label":"precipitation"},{"weight":166.0,"label":"mineral"},{"weight":164.0,"label":"phosphate"},{"weight":161.0,"label":"show"},{"weight":158.0,"label":"chemical"},{"weight":150.0,"label":"dissolution"},{"weight":144.0,"label":"surface"},{"weight":143.0,"label":"calcium"},{"weight":140.0,"label":"copper"},{"weight":135.0,"label":"study"},{"weight":134.0,"label":"aqueous"},{"weight":133.0,"label":"phase"},{"weight":131.0,"label":"reduce"},{"weight":127.0,"label":"reaction"},{"weight":126.0,"label":"presence"}]},{"conceptId":16,"clusterId":0,"hexCoordinates":{"x":1.7320508075688772,"y":0.0},"labels":[{"weight":336.0,"label":"cement"},{"weight":304.0,"label":"concrete"},{"weight":295.0,"label":"material"},{"weight":124.0,"label":"strength"},{"weight":113.0,"label":"mortar"},{"weight":98.0,"label":"property"},{"weight":97.0,"label":"mix"},{"weight":89.0,"label":"binder"},{"weight":83.0,"label":"ash"},{"weight":81.0,"label":"paper"},{"weight":80.0,"label":"water"},{"weight":76.0,"label":"sap"},{"weight":75.0,"label":"cure"},{"weight":75.0,"label":"content"},{"weight":74.0,"label":"calcium"},{"weight":74.0,"label":"test"},{"weight":71.0,"label":"lime"},{"weight":70.0,"label":"construction"},{"weight":67.0,"label":"durability"},{"weight":61.0,"label":"fly"},{"weight":56.0,"label":"specimen"},{"weight":55.0,"label":"portland"},{"weight":54.0,"label":"result"},{"weight":52.0,"label":"slag"},{"weight":52.0,"label":"show"}]},{"conceptId":1,"clusterId":0,"hexCoordinates":{"x":3.4641016151377544,"y":0.0},"labels":[{"weight":72.0,"label":"sulfide"},{"weight":68.0,"label":"analysis"},{"weight":58.0,"label":"elemental"},{"weight":48.0,"label":"sulfur"},{"weight":47.0,"label":"icp"},{"weight":47.0,"label":"element"},{"weight":45.0,"label":"spectrometry"},{"weight":35.0,"label":"selenium"},{"weight":29.0,"label":"determination"},{"weight":28.0,"label":"xrf"},{"weight":28.0,"label":"sulfate"},{"weight":27.0,"label":"chemical"},{"weight":27.0,"label":"method"},{"weight":26.0,"label":"lib"},{"weight":25.0,"label":"tellurium"},{"weight":25.0,"label":"trace"},{"weight":22.0,"label":"plasma"},{"weight":22.0,"label":"produce"},{"weight":21.0,"label":"oxidation"},{"weight":20.0,"label":"ray"},{"weight":19.0,"label":"spp"},{"weight":19.0,"label":"mass"},{"weight":18.0,"label":"fluorescence"},{"weight":18.0,"label":"material"},{"weight":17.0,"label":"counterfeit"}]},{"conceptId":-1,"clusterId":-1,"hexCoordinates":{"x":6.928203230275509,"y":4.5},"labels":[{"weight":2500,"label":"Unclassified"},{"weight":0,"label":""},{"weight":0,"label":""},{"weight":0,"label":""},{"weight":0,"label":""},{"weight":0,"label":""},{"weight":0,"label":""},{"weight":0,"label":""},{"weight":0,"label":""},{"weight":0,"label":""},{"weight":0,"label":""}]},{"conceptId":18,"clusterId":0,"hexCoordinates":{"x":-1.7320508075688772,"y":0.0},"labels":[{"weight":417.0,"label":"storage"},{"weight":376.0,"label":"reservoir"},{"weight":369.0,"label":"fluid"},{"weight":345.0,"label":"injection"},{"weight":243.0,"label":"oil"},{"weight":217.0,"label":"rock"},{"weight":203.0,"label":"formation"},{"weight":193.0,"label":"pressure"},{"weight":189.0,"label":"water"},{"weight":167.0,"label":"gas"},{"weight":158.0,"label":"phase"},{"weight":147.0,"label":"brine"},{"weight":125.0,"label":"flow"},{"weight":121.0,"label":"inject"},{"weight":112.0,"label":"hydrocarbon"},{"weight":110.0,"label":"site"},{"weight":106.0,"label":"production"},{"weight":105.0,"label":"sandstone"},{"weight":101.0,"label":"trapping"},{"weight":94.0,"label":"store"},{"weight":91.0,"label":"result"},{"weight":90.0,"label":"saline"},{"weight":84.0,"label":"permeability"},{"weight":84.0,"label":"aquifer"},{"weight":77.0,"label":"saturation"}]},{"conceptId":11,"clusterId":0,"hexCoordinates":{"x":-1.7320508075688772,"y":3.0},"labels":[{"weight":505.0,"label":"production"},{"weight":355.0,"label":"gas"},{"weight":248.0,"label":"biomass"},{"weight":213.0,"label":"methane"},{"weight":206.0,"label":"process"},{"weight":205.0,"label":"energy"},{"weight":174.0,"label":"gasification"},{"weight":165.0,"label":"coal"},{"weight":162.0,"label":"yield"},{"weight":156.0,"label":"temperature"},{"weight":146.0,"label":"ethanol"},{"weight":144.0,"label":"produce"},{"weight":134.0,"label":"feedstock"},{"weight":123.0,"label":"ratio"},{"weight":121.0,"label":"pyrolysis"},{"weight":118.0,"label":"fuel"},{"weight":116.0,"label":"product"},{"weight":105.0,"label":"content"},{"weight":104.0,"label":"reactor"},{"weight":100.0,"label":"concentration"},{"weight":99.0,"label":"study"},{"weight":95.0,"label":"pah"},{"weight":88.0,"label":"higher"},{"weight":86.0,"label":"hydrogen"},{"weight":85.0,"label":"high"}]},{"conceptId":10,"clusterId":0,"hexCoordinates":{"x":0.8660254037844386,"y":4.5},"labels":[{"weight":111.0,"label":"sediment"},{"weight":67.0,"label":"suds"},{"weight":63.0,"label":"pcb"},{"weight":60.0,"label":"chemical"},{"weight":56.0,"label":"metal"},{"weight":42.0,"label":"sludge"},{"weight":42.0,"label":"soil"},{"weight":25.0,"label":"monitoring"},{"weight":22.0,"label":"urban"},{"weight":21.0,"label":"contaminant"},{"weight":19.0,"label":"runoff"},{"weight":19.0,"label":"uptake"},{"weight":19.0,"label":"mixture"},{"weight":19.0,"label":"research"},{"weight":18.0,"label":"permeable"},{"weight":17.0,"label":"pavement"},{"weight":17.0,"label":"contamination"},{"weight":17.0,"label":"laboratory"},{"weight":17.0,"label":"present"},{"weight":16.0,"label":"ytx"},{"weight":16.0,"label":"cefa"},{"weight":16.0,"label":"produce"},{"weight":15.0,"label":"torc"},{"weight":15.0,"label":"wetland"},{"weight":15.0,"label":"intensity"}]},{"conceptId":14,"clusterId":0,"hexCoordinates":{"x":-2.598076211353316,"y":4.5},"labels":[{"weight":261.0,"label":"extract"},{"weight":217.0,"label":"dry"},{"weight":196.0,"label":"extraction"},{"weight":162.0,"label":"compound"},{"weight":110.0,"label":"sample"},{"weight":94.0,"label":"solvent"},{"weight":89.0,"label":"content"},{"weight":85.0,"label":"total"},{"weight":77.0,"label":"voc"},{"weight":72.0,"label":"uspio"},{"weight":71.0,"label":"antioxidant"},{"weight":65.0,"label":"show"},{"weight":61.0,"label":"phenolic"},{"weight":60.0,"label":"detect"},{"weight":57.0,"label":"organic"},{"weight":57.0,"label":"study"},{"weight":56.0,"label":"activity"},{"weight":56.0,"label":"product"},{"weight":55.0,"label":"volatile"},{"weight":54.0,"label":"freeze"},{"weight":53.0,"label":"produce"},{"weight":51.0,"label":"enhancement"},{"weight":49.0,"label":"time"},{"weight":45.0,"label":"method"},{"weight":43.0,"label":"microwave"}]},{"conceptId":17,"clusterId":0,"hexCoordinates":{"x":-2.598076211353316,"y":1.5},"labels":[{"weight":674.0,"label":"oil"},{"weight":303.0,"label":"foam"},{"weight":224.0,"label":"recovery"},{"weight":203.0,"label":"water"},{"weight":150.0,"label":"injection"},{"weight":143.0,"label":"reservoir"},{"weight":111.0,"label":"front"},{"weight":107.0,"label":"surfactant"},{"weight":106.0,"label":"eor"},{"weight":93.0,"label":"displacement"},{"weight":92.0,"label":"gas"},{"weight":87.0,"label":"result"},{"weight":79.0,"label":"crude"},{"weight":79.0,"label":"experiment"},{"weight":78.0,"label":"phase"},{"weight":75.0,"label":"stability"},{"weight":67.0,"label":"flooding"},{"weight":67.0,"label":"study"},{"weight":65.0,"label":"viscosity"},{"weight":61.0,"label":"improve"},{"weight":60.0,"label":"condition"},{"weight":59.0,"label":"enhance"},{"weight":55.0,"label":"oils"},{"weight":53.0,"label":"field"},{"weight":51.0,"label":"wet"}]},{"conceptId":13,"clusterId":0,"hexCoordinates":{"x":0.0,"y":3.0},"labels":[{"weight":394.0,"label":"water"},{"weight":364.0,"label":"treatment"},{"weight":266.0,"label":"wastewater"},{"weight":188.0,"label":"removal"},{"weight":127.0,"label":"concentration"},{"weight":116.0,"label":"chemical"},{"weight":93.0,"label":"pharmaceutical"},{"weight":82.0,"label":"remove"},{"weight":75.0,"label":"effluent"},{"weight":68.0,"label":"system"},{"weight":67.0,"label":"product"},{"weight":67.0,"label":"process"},{"weight":63.0,"label":"cod"},{"weight":61.0,"label":"drinking"},{"weight":60.0,"label":"pesticide"},{"weight":60.0,"label":"plant"},{"weight":59.0,"label":"environmental"},{"weight":59.0,"label":"treat"},{"weight":56.0,"label":"find"},{"weight":52.0,"label":"sludge"},{"weight":52.0,"label":"environment"},{"weight":52.0,"label":"performance"},{"weight":50.0,"label":"diclofenac"},{"weight":50.0,"label":"discharge"},{"weight":48.0,"label":"oxygen"}]},{"conceptId":19,"clusterId":0,"hexCoordinates":{"x":2.598076211353316,"y":1.5},"labels":[{"weight":384.0,"label":"ion"},{"weight":181.0,"label":"salt"},{"weight":144.0,"label":"concentration"},{"weight":141.0,"label":"solution"},{"weight":132.0,"label":"ionic"},{"weight":127.0,"label":"chloride"},{"weight":97.0,"label":"sodium"},{"weight":92.0,"label":"magnesium"},{"weight":71.0,"label":"water"},{"weight":65.0,"label":"charge"},{"weight":63.0,"label":"cation"},{"weight":58.0,"label":"nacl"},{"weight":52.0,"label":"electrolyte"},{"weight":52.0,"label":"potassium"},{"weight":51.0,"label":"sulfate"},{"weight":51.0,"label":"aqueous"},{"weight":46.0,"label":"liquid"},{"weight":45.0,"label":"anion"},{"weight":42.0,"label":"system"},{"weight":40.0,"label":"calcium"},{"weight":38.0,"label":"base"},{"weight":37.0,"label":"grassmann"},{"weight":37.0,"label":"temperature"},{"weight":37.0,"label":"phase"},{"weight":36.0,"label":"membrane"}]},{"conceptId":15,"clusterId":0,"hexCoordinates":{"x":1.7320508075688772,"y":3.0},"labels":[{"weight":631.0,"label":"concentration"},{"weight":304.0,"label":"exposure"},{"weight":289.0,"label":"metal"},{"weight":240.0,"label":"toxicity"},{"weight":233.0,"label":"arsenic"},{"weight":175.0,"label":"toxic"},{"weight":170.0,"label":"effect"},{"weight":150.0,"label":"risk"},{"weight":148.0,"label":"element"},{"weight":138.0,"label":"study"},{"weight":131.0,"label":"level"},{"weight":121.0,"label":"expose"},{"weight":119.0,"label":"assess"},{"weight":99.0,"label":"high"},{"weight":97.0,"label":"don"},{"weight":95.0,"label":"human"},{"weight":90.0,"label":"contamination"},{"weight":89.0,"label":"environmental"},{"weight":88.0,"label":"microplastic"},{"weight":87.0,"label":"contaminant"},{"weight":85.0,"label":"sample"},{"weight":83.0,"label":"potential"},{"weight":75.0,"label":"total"},{"weight":74.0,"label":"impact"},{"weight":73.0,"label":"higher"}]},{"conceptId":0,"clusterId":0,"hexCoordinates":{"x":0.8660254037844386,"y":-1.5},"labels":[{"weight":263.0,"label":"gas"},{"weight":174.0,"label":"natural"},{"weight":161.0,"label":"site"},{"weight":141.0,"label":"experiment"},{"weight":137.0,"label":"waste"},{"weight":134.0,"label":"tracer"},{"weight":120.0,"label":"deep"},{"weight":113.0,"label":"environment"},{"weight":105.0,"label":"groundwater"},{"weight":99.0,"label":"geological"},{"weight":89.0,"label":"nuclear"},{"weight":87.0,"label":"noble"},{"weight":85.0,"label":"radioactive"},{"weight":81.0,"label":"storage"},{"weight":79.0,"label":"surface"},{"weight":78.0,"label":"release"},{"weight":77.0,"label":"environmental"},{"weight":77.0,"label":"radionuclide"},{"weight":75.0,"label":"subsurface"},{"weight":74.0,"label":"contamination"},{"weight":71.0,"label":"remediation"},{"weight":70.0,"label":"monitoring"},{"weight":69.0,"label":"disposal"},{"weight":68.0,"label":"shallow"},{"weight":67.0,"label":"bentonite"}]},{"conceptId":4,"clusterId":0,"hexCoordinates":{"x":2.598076211353316,"y":-1.5},"labels":[{"weight":81.0,"label":"airborne"},{"weight":50.0,"label":"cleanroom"},{"weight":49.0,"label":"air"},{"weight":47.0,"label":"correspondence"},{"weight":46.0,"label":"graph"},{"weight":41.0,"label":"contamination"},{"weight":39.0,"label":"deposition"},{"weight":36.0,"label":"grape"},{"weight":36.0,"label":"incremental"},{"weight":35.0,"label":"algorithm"},{"weight":33.0,"label":"pst"},{"weight":29.0,"label":"article"},{"weight":27.0,"label":"computation"},{"weight":26.0,"label":"parallel"},{"weight":25.0,"label":"particle"},{"weight":25.0,"label":"source"},{"weight":25.0,"label":"distance"},{"weight":25.0,"label":"system"},{"weight":24.0,"label":"sdt"},{"weight":24.0,"label":"sequential"},{"weight":23.0,"label":"product"},{"weight":23.0,"label":"rate"},{"weight":22.0,"label":"surface"},{"weight":22.0,"label":"show"},{"weight":21.0,"label":"concentration"}]},{"conceptId":5,"clusterId":0,"hexCoordinates":{"x":-2.598076211353316,"y":-1.5},"labels":[{"weight":915.0,"label":"oil"},{"weight":447.0,"label":"gas"},{"weight":121.0,"label":"spill"},{"weight":112.0,"label":"industry"},{"weight":93.0,"label":"hydrocarbon"},{"weight":61.0,"label":"sea"},{"weight":60.0,"label":"palm"},{"weight":53.0,"label":"produce"},{"weight":52.0,"label":"offshore"},{"weight":51.0,"label":"marine"},{"weight":48.0,"label":"crude"},{"weight":47.0,"label":"significant"},{"weight":44.0,"label":"production"},{"weight":43.0,"label":"region"},{"weight":42.0,"label":"water"},{"weight":42.0,"label":"formation"},{"weight":41.0,"label":"dispersant"},{"weight":41.0,"label":"petroleum"},{"weight":41.0,"label":"natural"},{"weight":40.0,"label":"environmental"},{"weight":40.0,"label":"deep"},{"weight":40.0,"label":"result"},{"weight":35.0,"label":"exploration"},{"weight":32.0,"label":"deepwater"},{"weight":32.0,"label":"presence"}]},{"conceptId":3,"clusterId":0,"hexCoordinates":{"x":-0.8660254037844386,"y":1.5},"labels":[{"weight":748.0,"label":"pore"},{"weight":272.0,"label":"porosity"},{"weight":201.0,"label":"permeability"},{"weight":118.0,"label":"porous"},{"weight":114.0,"label":"size"},{"weight":112.0,"label":"carbonate"},{"weight":100.0,"label":"volume"},{"weight":86.0,"label":"compaction"},{"weight":86.0,"label":"chemical"},{"weight":84.0,"label":"water"},{"weight":83.0,"label":"rock"},{"weight":82.0,"label":"space"},{"weight":77.0,"label":"pressure"},{"weight":70.0,"label":"type"},{"weight":66.0,"label":"grain"},{"weight":65.0,"label":"sample"},{"weight":62.0,"label":"calcite"},{"weight":61.0,"label":"dissolution"},{"weight":60.0,"label":"flow"},{"weight":59.0,"label":"diffusion"},{"weight":58.0,"label":"wet"},{"weight":58.0,"label":"gas"},{"weight":56.0,"label":"cement"},{"weight":56.0,"label":"property"},{"weight":55.0,"label":"distribution"}]},{"conceptId":2,"clusterId":0,"hexCoordinates":{"x":-0.8660254037844386,"y":4.5},"labels":[{"weight":251.0,"label":"fuel"},{"weight":250.0,"label":"combustion"},{"weight":248.0,"label":"flame"},{"weight":228.0,"label":"biomass"},{"weight":153.0,"label":"temperature"},{"weight":125.0,"label":"ignition"},{"weight":102.0,"label":"coal"},{"weight":99.0,"label":"reaction"},{"weight":92.0,"label":"air"},{"weight":85.0,"label":"rate"},{"weight":78.0,"label":"particle"},{"weight":76.0,"label":"result"},{"weight":70.0,"label":"high"},{"weight":68.0,"label":"time"},{"weight":58.0,"label":"char"},{"weight":58.0,"label":"process"},{"weight":55.0,"label":"heating"},{"weight":55.0,"label":"firing"},{"weight":55.0,"label":"emission"},{"weight":48.0,"label":"heat"},{"weight":48.0,"label":"model"},{"weight":47.0,"label":"devolatilization"},{"weight":44.0,"label":"species"},{"weight":42.0,"label":"behaviour"},{"weight":41.0,"label":"fire"}]},{"conceptId":6,"clusterId":0,"hexCoordinates":{"x":0.8660254037844386,"y":1.5},"labels":[{"weight":458.0,"label":"adsorption"},{"weight":274.0,"label":"removal"},{"weight":172.0,"label":"concentration"},{"weight":168.0,"label":"capacity"},{"weight":151.0,"label":"process"},{"weight":139.0,"label":"study"},{"weight":118.0,"label":"temperature"},{"weight":117.0,"label":"increase"},{"weight":116.0,"label":"initial"},{"weight":115.0,"label":"kinetic"},{"weight":98.0,"label":"adsorbent"},{"weight":98.0,"label":"rate"},{"weight":95.0,"label":"show"},{"weight":93.0,"label":"kinetics"},{"weight":89.0,"label":"solution"},{"weight":85.0,"label":"time"},{"weight":85.0,"label":"result"},{"weight":84.0,"label":"efficiency"},{"weight":81.0,"label":"pseudo"},{"weight":79.0,"label":"iii"},{"weight":78.0,"label":"activate"},{"weight":77.0,"label":"sorbent"},{"weight":77.0,"label":"order"},{"weight":76.0,"label":"high"},{"weight":74.0,"label":"condition"}]},{"conceptId":7,"clusterId":0,"hexCoordinates":{"x":-0.8660254037844386,"y":-1.5},"labels":[{"weight":132.0,"label":"leakage"},{"weight":99.0,"label":"fault"},{"weight":80.0,"label":"site"},{"weight":79.0,"label":"storage"},{"weight":71.0,"label":"leak"},{"weight":70.0,"label":"surface"},{"weight":57.0,"label":"hsa"},{"weight":54.0,"label":"seep"},{"weight":51.0,"label":"geological"},{"weight":46.0,"label":"natural"},{"weight":44.0,"label":"rate"},{"weight":37.0,"label":"iii"},{"weight":36.0,"label":"fracture"},{"weight":34.0,"label":"aunc"},{"weight":34.0,"label":"migration"},{"weight":30.0,"label":"permeability"},{"weight":30.0,"label":"reservoir"},{"weight":29.0,"label":"seal"},{"weight":28.0,"label":"flux"},{"weight":28.0,"label":"characteristic"},{"weight":25.0,"label":"subsurface"},{"weight":25.0,"label":"pathway"},{"weight":25.0,"label":"control"},{"weight":24.0,"label":"swallow"},{"weight":22.0,"label":"spectrin"}]}]}