{"linkageTable":[{"node2":8,"distance":0.40635681425896997,"node1":5},{"node2":10,"distance":0.41940509906989,"node1":9},{"node2":18,"distance":0.4517873513939375,"node1":3},{"node2":12,"distance":0.45524030014675,"node1":6},{"node2":16,"distance":0.46853291644079,"node1":14},{"node2":7,"distance":0.4687376506928,"node1":17},{"node2":19,"distance":0.4773041954347783,"node1":0},{"node2":13,"distance":0.48095363515921336,"node1":22},{"node2":21,"distance":0.4811647801151843,"node1":23},{"node2":20,"distance":0.48260148386857504,"node1":4},{"node2":15,"distance":0.48855026067146246,"node1":25},{"node2":24,"distance":0.49094199724256826,"node1":27},{"node2":2,"distance":0.49415494397956505,"node1":28},{"node2":26,"distance":0.49442238658344295,"node1":29},{"node2":1,"distance":0.49802764599838095,"node1":30},{"node2":11,"distance":0.49836977530648774,"node1":31}],"conceptsData":[{"conceptId":-1,"clusterId":-1,"hexCoordinates":{"x":9.526279441628825,"y":1.5},"labels":[{"weight":2500,"label":"Unclassified"},{"weight":0,"label":""},{"weight":0,"label":""},{"weight":0,"label":""},{"weight":0,"label":""},{"weight":0,"label":""},{"weight":0,"label":""},{"weight":0,"label":""},{"weight":0,"label":""},{"weight":0,"label":""},{"weight":0,"label":""}]},{"conceptId":0,"clusterId":0,"hexCoordinates":{"x":2.598076211353316,"y":-1.5},"labels":[{"weight":1058.0,"label":"ice"},{"weight":360.0,"label":"glacier"},{"weight":358.0,"label":"ocean"},{"weight":345.0,"label":"water"},{"weight":281.0,"label":"sea"},{"weight":220.0,"label":"melt"},{"weight":213.0,"label":"surface"},{"weight":197.0,"label":"shelf"},{"weight":191.0,"label":"atlantic"},{"weight":156.0,"label":"subglacial"},{"weight":146.0,"label":"greenland"},{"weight":137.0,"label":"sheet"},{"weight":136.0,"label":"circulation"},{"weight":133.0,"label":"arctic"},{"weight":127.0,"label":"calving"},{"weight":123.0,"label":"fjord"},{"weight":119.0,"label":"mass"},{"weight":106.0,"label":"meltwater"},{"weight":105.0,"label":"rate"},{"weight":100.0,"label":"increase"},{"weight":100.0,"label":"observation"},{"weight":96.0,"label":"model"},{"weight":94.0,"label":"process"},{"weight":93.0,"label":"flux"},{"weight":92.0,"label":"retreat"}]},{"conceptId":12,"clusterId":0,"hexCoordinates":{"x":3.4641016151377544,"y":-3.0},"labels":[{"weight":559.0,"label":"water"},{"weight":381.0,"label":"catchment"},{"weight":267.0,"label":"flow"},{"weight":234.0,"label":"soil"},{"weight":231.0,"label":"hydrological"},{"weight":221.0,"label":"rainfall"},{"weight":219.0,"label":"stream"},{"weight":192.0,"label":"runoff"},{"weight":182.0,"label":"groundwater"},{"weight":155.0,"label":"river"},{"weight":139.0,"label":"event"},{"weight":124.0,"label":"storage"},{"weight":117.0,"label":"riparian"},{"weight":112.0,"label":"tracer"},{"weight":109.0,"label":"surface"},{"weight":109.0,"label":"isotope"},{"weight":106.0,"label":"discharge"},{"weight":104.0,"label":"dynamics"},{"weight":100.0,"label":"time"},{"weight":95.0,"label":"snow"},{"weight":92.0,"label":"response"},{"weight":91.0,"label":"zone"},{"weight":89.0,"label":"hillslope"},{"weight":89.0,"label":"site"},{"weight":85.0,"label":"precipitation"}]},{"conceptId":8,"clusterId":0,"hexCoordinates":{"x":5.196152422706632,"y":0.0},"labels":[{"weight":118.0,"label":"ice"},{"weight":89.0,"label":"sheet"},{"weight":66.0,"label":"retreat"},{"weight":63.0,"label":"north"},{"weight":48.0,"label":"channel"},{"weight":45.0,"label":"lobe"},{"weight":40.0,"label":"sea"},{"weight":39.0,"label":"margin"},{"weight":37.0,"label":"biis"},{"weight":35.0,"label":"irish"},{"weight":32.0,"label":"bank"},{"weight":31.0,"label":"area"},{"weight":27.0,"label":"record"},{"weight":25.0,"label":"loch"},{"weight":25.0,"label":"british"},{"weight":22.0,"label":"moraine"},{"weight":21.0,"label":"landscape"},{"weight":21.0,"label":"dogger"},{"weight":21.0,"label":"coast"},{"weight":20.0,"label":"donegal"},{"weight":20.0,"label":"lake"},{"weight":20.0,"label":"evidence"},{"weight":19.0,"label":"drya"},{"weight":19.0,"label":"glacial"},{"weight":19.0,"label":"slope"}]},{"conceptId":4,"clusterId":0,"hexCoordinates":{"x":4.330127018922193,"y":-4.5},"labels":[{"weight":1520.0,"label":"water"},{"weight":427.0,"label":"river"},{"weight":258.0,"label":"groundwater"},{"weight":258.0,"label":"source"},{"weight":243.0,"label":"flood"},{"weight":242.0,"label":"quality"},{"weight":195.0,"label":"lake"},{"weight":191.0,"label":"catchment"},{"weight":172.0,"label":"risk"},{"weight":158.0,"label":"pollution"},{"weight":153.0,"label":"management"},{"weight":141.0,"label":"environmental"},{"weight":131.0,"label":"concentration"},{"weight":128.0,"label":"environment"},{"weight":108.0,"label":"sediment"},{"weight":108.0,"label":"land"},{"weight":108.0,"label":"impact"},{"weight":99.0,"label":"aquifer"},{"weight":99.0,"label":"aquatic"},{"weight":99.0,"label":"drinking"},{"weight":97.0,"label":"flow"},{"weight":96.0,"label":"contamination"},{"weight":93.0,"label":"natural"},{"weight":91.0,"label":"freshwater"},{"weight":89.0,"label":"macrophyte"}]},{"conceptId":9,"clusterId":0,"hexCoordinates":{"x":0.0,"y":0.0},"labels":[{"weight":200.0,"label":"model"},{"weight":191.0,"label":"climate"},{"weight":147.0,"label":"global"},{"weight":137.0,"label":"aerosol"},{"weight":118.0,"label":"atmospheric"},{"weight":92.0,"label":"precipitation"},{"weight":86.0,"label":"extreme"},{"weight":85.0,"label":"force"},{"weight":81.0,"label":"simulation"},{"weight":80.0,"label":"temperature"},{"weight":79.0,"label":"region"},{"weight":61.0,"label":"circulation"},{"weight":60.0,"label":"ocean"},{"weight":58.0,"label":"warming"},{"weight":54.0,"label":"cdr"},{"weight":52.0,"label":"monsoon"},{"weight":52.0,"label":"observation"},{"weight":50.0,"label":"scale"},{"weight":49.0,"label":"emission"},{"weight":47.0,"label":"tropical"},{"weight":47.0,"label":"response"},{"weight":44.0,"label":"anthropogenic"},{"weight":43.0,"label":"heatwave"},{"weight":42.0,"label":"surface"},{"weight":42.0,"label":"gas"}]},{"conceptId":10,"clusterId":0,"hexCoordinates":{"x":1.7320508075688772,"y":0.0},"labels":[{"weight":531.0,"label":"seasonal"},{"weight":521.0,"label":"summer"},{"weight":505.0,"label":"year"},{"weight":478.0,"label":"temperature"},{"weight":471.0,"label":"period"},{"weight":440.0,"label":"winter"},{"weight":434.0,"label":"season"},{"weight":382.0,"label":"annual"},{"weight":329.0,"label":"spring"},{"weight":324.0,"label":"variability"},{"weight":301.0,"label":"high"},{"weight":300.0,"label":"variation"},{"weight":276.0,"label":"change"},{"weight":273.0,"label":"north"},{"weight":265.0,"label":"climate"},{"weight":258.0,"label":"show"},{"weight":244.0,"label":"observe"},{"weight":242.0,"label":"trend"},{"weight":241.0,"label":"pattern"},{"weight":234.0,"label":"data"},{"weight":204.0,"label":"increase"},{"weight":201.0,"label":"observation"},{"weight":200.0,"label":"sea"},{"weight":199.0,"label":"find"},{"weight":198.0,"label":"surface"}]},{"conceptId":5,"clusterId":0,"hexCoordinates":{"x":4.330127018922193,"y":-1.5},"labels":[{"weight":939.0,"label":"ice"},{"weight":349.0,"label":"sheet"},{"weight":249.0,"label":"glacial"},{"weight":218.0,"label":"stream"},{"weight":196.0,"label":"retreat"},{"weight":191.0,"label":"surface"},{"weight":186.0,"label":"sea"},{"weight":185.0,"label":"age"},{"weight":180.0,"label":"erosion"},{"weight":151.0,"label":"present"},{"weight":149.0,"label":"shelf"},{"weight":137.0,"label":"flow"},{"weight":132.0,"label":"margin"},{"weight":122.0,"label":"bed"},{"weight":121.0,"label":"deglaciation"},{"weight":118.0,"label":"suggest"},{"weight":117.0,"label":"maximum"},{"weight":116.0,"label":"data"},{"weight":115.0,"label":"marine"},{"weight":111.0,"label":"level"},{"weight":110.0,"label":"exposure"},{"weight":106.0,"label":"sediment"},{"weight":103.0,"label":"antarctica"},{"weight":101.0,"label":"cosmogenic"},{"weight":91.0,"label":"evidence"}]},{"conceptId":13,"clusterId":0,"hexCoordinates":{"x":5.196152422706632,"y":-3.0},"labels":[{"weight":693.0,"label":"sediment"},{"weight":342.0,"label":"channel"},{"weight":289.0,"label":"bed"},{"weight":267.0,"label":"transport"},{"weight":214.0,"label":"river"},{"weight":191.0,"label":"slope"},{"weight":190.0,"label":"erosion"},{"weight":158.0,"label":"deposit"},{"weight":157.0,"label":"fluvial"},{"weight":124.0,"label":"basin"},{"weight":115.0,"label":"bar"},{"weight":110.0,"label":"flow"},{"weight":103.0,"label":"grain"},{"weight":103.0,"label":"scale"},{"weight":86.0,"label":"hillslope"},{"weight":81.0,"label":"landscape"},{"weight":79.0,"label":"area"},{"weight":77.0,"label":"system"},{"weight":76.0,"label":"sand"},{"weight":76.0,"label":"deposition"},{"weight":70.0,"label":"control"},{"weight":65.0,"label":"rate"},{"weight":63.0,"label":"gradient"},{"weight":61.0,"label":"supply"},{"weight":58.0,"label":"mtd"}]},{"conceptId":16,"clusterId":0,"hexCoordinates":{"x":2.598076211353316,"y":1.5},"labels":[{"weight":261.0,"label":"record"},{"weight":206.0,"label":"climate"},{"weight":134.0,"label":"temperature"},{"weight":126.0,"label":"southern"},{"weight":126.0,"label":"reconstruction"},{"weight":105.0,"label":"change"},{"weight":93.0,"label":"proxy"},{"weight":89.0,"label":"period"},{"weight":76.0,"label":"climatic"},{"weight":69.0,"label":"glacial"},{"weight":69.0,"label":"age"},{"weight":67.0,"label":"date"},{"weight":65.0,"label":"hemisphere"},{"weight":63.0,"label":"high"},{"weight":61.0,"label":"holocene"},{"weight":61.0,"label":"cal"},{"weight":59.0,"label":"data"},{"weight":58.0,"label":"kyr"},{"weight":57.0,"label":"past"},{"weight":57.0,"label":"year"},{"weight":53.0,"label":"chronology"},{"weight":48.0,"label":"force"},{"weight":47.0,"label":"regional"},{"weight":46.0,"label":"solar"},{"weight":45.0,"label":"northern"}]},{"conceptId":7,"clusterId":0,"hexCoordinates":{"x":6.06217782649107,"y":-1.5},"labels":[{"weight":449.0,"label":"glacier"},{"weight":235.0,"label":"lake"},{"weight":159.0,"label":"river"},{"weight":145.0,"label":"debris"},{"weight":130.0,"label":"surge"},{"weight":123.0,"label":"ice"},{"weight":110.0,"label":"glacial"},{"weight":107.0,"label":"area"},{"weight":100.0,"label":"mountain"},{"weight":99.0,"label":"cover"},{"weight":98.0,"label":"elevation"},{"weight":94.0,"label":"mass"},{"weight":90.0,"label":"dam"},{"weight":89.0,"label":"ridge"},{"weight":88.0,"label":"process"},{"weight":82.0,"label":"surface"},{"weight":75.0,"label":"moraine"},{"weight":75.0,"label":"sediment"},{"weight":74.0,"label":"boulder"},{"weight":65.0,"label":"dem"},{"weight":59.0,"label":"flood"},{"weight":59.0,"label":"system"},{"weight":57.0,"label":"drainage"},{"weight":55.0,"label":"large"},{"weight":50.0,"label":"rate"}]},{"conceptId":11,"clusterId":0,"hexCoordinates":{"x":0.8660254037844386,"y":-4.5},"labels":[{"weight":192.0,"label":"absorption"},{"weight":183.0,"label":"water"},{"weight":92.0,"label":"sense"},{"weight":87.0,"label":"lake"},{"weight":75.0,"label":"remote"},{"weight":70.0,"label":"situ"},{"weight":67.0,"label":"optical"},{"weight":66.0,"label":"algorithm"},{"weight":63.0,"label":"spectral"},{"weight":61.0,"label":"concentration"},{"weight":57.0,"label":"reflectance"},{"weight":54.0,"label":"chlorophyll"},{"weight":53.0,"label":"property"},{"weight":52.0,"label":"retrieval"},{"weight":51.0,"label":"chl"},{"weight":50.0,"label":"satellite"},{"weight":44.0,"label":"measurement"},{"weight":43.0,"label":"coefficient"},{"weight":42.0,"label":"cdom"},{"weight":39.0,"label":"ocean"},{"weight":35.0,"label":"inland"},{"weight":34.0,"label":"coastal"},{"weight":33.0,"label":"scattering"},{"weight":33.0,"label":"observation"},{"weight":28.0,"label":"pigment"}]},{"conceptId":14,"clusterId":0,"hexCoordinates":{"x":0.8660254037844386,"y":1.5},"labels":[{"weight":239.0,"label":"record"},{"weight":172.0,"label":"eruption"},{"weight":162.0,"label":"tephra"},{"weight":157.0,"label":"event"},{"weight":132.0,"label":"volcanic"},{"weight":95.0,"label":"layer"},{"weight":94.0,"label":"deposit"},{"weight":93.0,"label":"core"},{"weight":82.0,"label":"lake"},{"weight":75.0,"label":"date"},{"weight":69.0,"label":"past"},{"weight":60.0,"label":"sequence"},{"weight":57.0,"label":"reconstruction"},{"weight":56.0,"label":"age"},{"weight":51.0,"label":"volcano"},{"weight":51.0,"label":"time"},{"weight":50.0,"label":"holocene"},{"weight":50.0,"label":"proxy"},{"weight":50.0,"label":"period"},{"weight":47.0,"label":"sediment"},{"weight":47.0,"label":"present"},{"weight":46.0,"label":"radiocarbon"},{"weight":45.0,"label":"chronology"},{"weight":45.0,"label":"ash"},{"weight":44.0,"label":"high"}]},{"conceptId":1,"clusterId":0,"hexCoordinates":{"x":0.0,"y":-3.0},"labels":[{"weight":198.0,"label":"ice"},{"weight":55.0,"label":"sea"},{"weight":45.0,"label":"floe"},{"weight":38.0,"label":"replication"},{"weight":37.0,"label":"arctic"},{"weight":32.0,"label":"original"},{"weight":32.0,"label":"size"},{"weight":28.0,"label":"beh"},{"weight":20.0,"label":"fsd"},{"weight":17.0,"label":"van"},{"weight":17.0,"label":"force"},{"weight":14.0,"label":"edl"},{"weight":14.0,"label":"polar"},{"weight":14.0,"label":"power"},{"weight":14.0,"label":"law"},{"weight":13.0,"label":"zone"},{"weight":13.0,"label":"bear"},{"weight":12.0,"label":"buoy"},{"weight":12.0,"label":"sol"},{"weight":11.0,"label":"bzcy"},{"weight":11.0,"label":"enamel"},{"weight":11.0,"label":"spine"},{"weight":10.0,"label":"rrr"},{"weight":10.0,"label":"dif"},{"weight":10.0,"label":"optimism"}]},{"conceptId":2,"clusterId":0,"hexCoordinates":{"x":1.7320508075688772,"y":-3.0},"labels":[{"weight":1485.0,"label":"temperature"},{"weight":590.0,"label":"day"},{"weight":491.0,"label":"condition"},{"weight":313.0,"label":"increase"},{"weight":299.0,"label":"time"},{"weight":208.0,"label":"ambient"},{"weight":205.0,"label":"hour"},{"weight":199.0,"label":"exposure"},{"weight":168.0,"label":"humidity"},{"weight":167.0,"label":"rate"},{"weight":161.0,"label":"environment"},{"weight":159.0,"label":"weather"},{"weight":154.0,"label":"cold"},{"weight":147.0,"label":"higher"},{"weight":147.0,"label":"lower"},{"weight":147.0,"label":"change"},{"weight":137.0,"label":"air"},{"weight":137.0,"label":"average"},{"weight":135.0,"label":"compare"},{"weight":133.0,"label":"expose"},{"weight":131.0,"label":"variation"},{"weight":129.0,"label":"daily"},{"weight":129.0,"label":"period"},{"weight":121.0,"label":"investigate"},{"weight":120.0,"label":"significantly"}]},{"conceptId":3,"clusterId":0,"hexCoordinates":{"x":0.8660254037844386,"y":-1.5},"labels":[{"weight":8831.0,"label":"change"},{"weight":2309.0,"label":"climate"},{"weight":1512.0,"label":"increase"},{"weight":919.0,"label":"response"},{"weight":812.0,"label":"shift"},{"weight":806.0,"label":"impact"},{"weight":765.0,"label":"future"},{"weight":580.0,"label":"time"},{"weight":575.0,"label":"result"},{"weight":461.0,"label":"adaptation"},{"weight":436.0,"label":"global"},{"weight":425.0,"label":"effect"},{"weight":381.0,"label":"show"},{"weight":376.0,"label":"event"},{"weight":354.0,"label":"trend"},{"weight":353.0,"label":"decrease"},{"weight":340.0,"label":"occur"},{"weight":323.0,"label":"affect"},{"weight":323.0,"label":"year"},{"weight":317.0,"label":"period"},{"weight":312.0,"label":"drive"},{"weight":305.0,"label":"extreme"},{"weight":297.0,"label":"environmental"},{"weight":282.0,"label":"term"},{"weight":277.0,"label":"significant"}]},{"conceptId":6,"clusterId":0,"hexCoordinates":{"x":2.598076211353316,"y":-4.5},"labels":[{"weight":379.0,"label":"carbon"},{"weight":248.0,"label":"organic"},{"weight":212.0,"label":"doc"},{"weight":196.0,"label":"permafrost"},{"weight":196.0,"label":"pool"},{"weight":155.0,"label":"stream"},{"weight":147.0,"label":"thaw"},{"weight":140.0,"label":"source"},{"weight":130.0,"label":"dissolve"},{"weight":127.0,"label":"water"},{"weight":126.0,"label":"soil"},{"weight":116.0,"label":"methane"},{"weight":110.0,"label":"peatland"},{"weight":101.0,"label":"concentration"},{"weight":95.0,"label":"aquatic"},{"weight":92.0,"label":"matter"},{"weight":86.0,"label":"export"},{"weight":81.0,"label":"system"},{"weight":80.0,"label":"increase"},{"weight":73.0,"label":"arctic"},{"weight":65.0,"label":"terrestrial"},{"weight":65.0,"label":"age"},{"weight":65.0,"label":"condition"},{"weight":63.0,"label":"study"},{"weight":57.0,"label":"radiocarbon"}]},{"conceptId":15,"clusterId":0,"hexCoordinates":{"x":3.4641016151377544,"y":0.0},"labels":[{"weight":484.0,"label":"island"},{"weight":445.0,"label":"coastal"},{"weight":300.0,"label":"sea"},{"weight":197.0,"label":"beach"},{"weight":160.0,"label":"sediment"},{"weight":140.0,"label":"level"},{"weight":139.0,"label":"water"},{"weight":128.0,"label":"storm"},{"weight":121.0,"label":"mangrove"},{"weight":117.0,"label":"coast"},{"weight":114.0,"label":"tidal"},{"weight":101.0,"label":"erosion"},{"weight":92.0,"label":"tide"},{"weight":91.0,"label":"platform"},{"weight":89.0,"label":"marsh"},{"weight":78.0,"label":"high"},{"weight":74.0,"label":"event"},{"weight":72.0,"label":"shoreline"},{"weight":67.0,"label":"coastline"},{"weight":66.0,"label":"wave"},{"weight":60.0,"label":"shore"},{"weight":60.0,"label":"rise"},{"weight":60.0,"label":"salt"},{"weight":59.0,"label":"site"},{"weight":57.0,"label":"surge"}]}]}