{"linkageTable":[{"node2":8,"distance":0.44675400513753,"node1":3},{"node2":11,"distance":0.4719132760993025,"node1":1},{"node2":5,"distance":0.47582944911271,"node1":0},{"node2":7,"distance":0.47658152651582836,"node1":12},{"node2":10,"distance":0.4789068249083,"node1":9},{"node2":2,"distance":0.4864408333978988,"node1":14},{"node2":16,"distance":0.488072946739959,"node1":13},{"node2":15,"distance":0.49253568401616826,"node1":17},{"node2":6,"distance":0.49406744162948396,"node1":18},{"node2":4,"distance":0.49627786031909454,"node1":19}],"conceptsData":[{"conceptId":10,"clusterId":0,"hexCoordinates":{"x":1.7320508075688772,"y":3.0},"labels":[{"weight":297.0,"label":"mass"},{"weight":237.0,"label":"limit"},{"weight":230.0,"label":"boson"},{"weight":212.0,"label":"particle"},{"weight":206.0,"label":"decay"},{"weight":194.0,"label":"search"},{"weight":190.0,"label":"model"},{"weight":185.0,"label":"higg"},{"weight":177.0,"label":"gev"},{"weight":135.0,"label":"production"},{"weight":132.0,"label":"tev"},{"weight":132.0,"label":"proton"},{"weight":129.0,"label":"upper"},{"weight":109.0,"label":"standard"},{"weight":107.0,"label":"live"},{"weight":102.0,"label":"observe"},{"weight":102.0,"label":"data"},{"weight":101.0,"label":"long"},{"weight":101.0,"label":"cross"},{"weight":100.0,"label":"collision"},{"weight":97.0,"label":"range"},{"weight":95.0,"label":"detector"},{"weight":94.0,"label":"section"},{"weight":83.0,"label":"set"},{"weight":81.0,"label":"dark"}]},{"conceptId":3,"clusterId":0,"hexCoordinates":{"x":0.0,"y":0.0},"labels":[{"weight":1370.0,"label":"cross"},{"weight":1244.0,"label":"section"},{"weight":249.0,"label":"measure"},{"weight":198.0,"label":"production"},{"weight":185.0,"label":"measurement"},{"weight":143.0,"label":"differential"},{"weight":120.0,"label":"uncertainty"},{"weight":107.0,"label":"prediction"},{"weight":107.0,"label":"range"},{"weight":81.0,"label":"sectional"},{"weight":80.0,"label":"ratio"},{"weight":79.0,"label":"sigma"},{"weight":74.0,"label":"experimental"},{"weight":73.0,"label":"fiducial"},{"weight":73.0,"label":"transverse"},{"weight":69.0,"label":"determine"},{"weight":69.0,"label":"energy"},{"weight":69.0,"label":"data"},{"weight":68.0,"label":"gev"},{"weight":64.0,"label":"theoretical"},{"weight":61.0,"label":"inclusive"},{"weight":61.0,"label":"agreement"},{"weight":60.0,"label":"lead"},{"weight":56.0,"label":"systematic"},{"weight":56.0,"label":"function"}]},{"conceptId":5,"clusterId":0,"hexCoordinates":{"x":-1.7320508075688772,"y":0.0},"labels":[{"weight":124.0,"label":"quark"},{"weight":124.0,"label":"lattice"},{"weight":95.0,"label":"qcd"},{"weight":84.0,"label":"calculation"},{"weight":76.0,"label":"soft"},{"weight":74.0,"label":"theory"},{"weight":69.0,"label":"amplitude"},{"weight":63.0,"label":"contribution"},{"weight":61.0,"label":"order"},{"weight":60.0,"label":"gauge"},{"weight":53.0,"label":"anomalous"},{"weight":51.0,"label":"correction"},{"weight":49.0,"label":"gluon"},{"weight":47.0,"label":"lead"},{"weight":44.0,"label":"loop"},{"weight":44.0,"label":"compute"},{"weight":44.0,"label":"limit"},{"weight":44.0,"label":"include"},{"weight":40.0,"label":"perturbative"},{"weight":38.0,"label":"effect"},{"weight":37.0,"label":"nlo"},{"weight":37.0,"label":"wilson"},{"weight":35.0,"label":"line"},{"weight":34.0,"label":"logarithm"},{"weight":34.0,"label":"text"}]},{"conceptId":8,"clusterId":0,"hexCoordinates":{"x":1.7320508075688772,"y":0.0},"labels":[{"weight":731.0,"label":"jet"},{"weight":536.0,"label":"collision"},{"weight":455.0,"label":"transverse"},{"weight":388.0,"label":"proton"},{"weight":387.0,"label":"data"},{"weight":366.0,"label":"measurement"},{"weight":365.0,"label":"momentum"},{"weight":361.0,"label":"energy"},{"weight":354.0,"label":"tev"},{"weight":345.0,"label":"measure"},{"weight":323.0,"label":"event"},{"weight":308.0,"label":"detector"},{"weight":275.0,"label":"mass"},{"weight":240.0,"label":"atlas"},{"weight":235.0,"label":"function"},{"weight":219.0,"label":"present"},{"weight":218.0,"label":"production"},{"weight":217.0,"label":"particle"},{"weight":215.0,"label":"lhc"},{"weight":207.0,"label":"section"},{"weight":207.0,"label":"cross"},{"weight":195.0,"label":"luminosity"},{"weight":193.0,"label":"distribution"},{"weight":188.0,"label":"gev"},{"weight":187.0,"label":"compare"}]},{"conceptId":0,"clusterId":0,"hexCoordinates":{"x":-0.8660254037844386,"y":-1.5},"labels":[{"weight":1245.0,"label":"decay"},{"weight":572.0,"label":"mass"},{"weight":475.0,"label":"fraction"},{"weight":458.0,"label":"data"},{"weight":447.0,"label":"collision"},{"weight":442.0,"label":"correspond"},{"weight":432.0,"label":"lhcb"},{"weight":423.0,"label":"branch"},{"weight":417.0,"label":"integrate"},{"weight":404.0,"label":"measure"},{"weight":373.0,"label":"luminosity"},{"weight":360.0,"label":"proton"},{"weight":358.0,"label":"measurement"},{"weight":347.0,"label":"meson"},{"weight":337.0,"label":"tev"},{"weight":324.0,"label":"uncertainty"},{"weight":324.0,"label":"collect"},{"weight":269.0,"label":"stat"},{"weight":269.0,"label":"experiment"},{"weight":267.0,"label":"energy"},{"weight":253.0,"label":"syst"},{"weight":248.0,"label":"state"},{"weight":246.0,"label":"systematic"},{"weight":246.0,"label":"statistical"},{"weight":234.0,"label":"time"}]},{"conceptId":1,"clusterId":0,"hexCoordinates":{"x":0.8660254037844386,"y":-1.5},"labels":[{"weight":130.0,"label":"top"},{"weight":106.0,"label":"mass"},{"weight":98.0,"label":"collision"},{"weight":96.0,"label":"quark"},{"weight":80.0,"label":"tev"},{"weight":78.0,"label":"particle"},{"weight":77.0,"label":"measure"},{"weight":75.0,"label":"jet"},{"weight":75.0,"label":"correlation"},{"weight":73.0,"label":"data"},{"weight":67.0,"label":"lhc"},{"weight":67.0,"label":"charge"},{"weight":64.0,"label":"proton"},{"weight":57.0,"label":"energy"},{"weight":54.0,"label":"lepton"},{"weight":52.0,"label":"measurement"},{"weight":46.0,"label":"vertex"},{"weight":45.0,"label":"event"},{"weight":43.0,"label":"track"},{"weight":42.0,"label":"coefficient"},{"weight":39.0,"label":"gev"},{"weight":39.0,"label":"function"},{"weight":37.0,"label":"luminosity"},{"weight":37.0,"label":"result"},{"weight":36.0,"label":"cos"}]},{"conceptId":6,"clusterId":0,"hexCoordinates":{"x":2.598076211353316,"y":-1.5},"labels":[{"weight":202.0,"label":"gev"},{"weight":177.0,"label":"photon"},{"weight":161.0,"label":"data"},{"weight":158.0,"label":"beam"},{"weight":142.0,"label":"energy"},{"weight":140.0,"label":"section"},{"weight":137.0,"label":"cross"},{"weight":128.0,"label":"reaction"},{"weight":126.0,"label":"result"},{"weight":124.0,"label":"proton"},{"weight":121.0,"label":"target"},{"weight":117.0,"label":"asymmetry"},{"weight":115.0,"label":"nucleon"},{"weight":115.0,"label":"measurement"},{"weight":105.0,"label":"polarize"},{"weight":101.0,"label":"resonance"},{"weight":95.0,"label":"measure"},{"weight":85.0,"label":"detector"},{"weight":82.0,"label":"spin"},{"weight":81.0,"label":"electron"},{"weight":80.0,"label":"scattering"},{"weight":78.0,"label":"experiment"},{"weight":75.0,"label":"neutron"},{"weight":73.0,"label":"large"},{"weight":73.0,"label":"range"}]},{"conceptId":2,"clusterId":0,"hexCoordinates":{"x":-0.8660254037844386,"y":1.5},"labels":[{"weight":621.0,"label":"boson"},{"weight":497.0,"label":"model"},{"weight":492.0,"label":"mass"},{"weight":466.0,"label":"decay"},{"weight":454.0,"label":"higg"},{"weight":421.0,"label":"production"},{"weight":413.0,"label":"quark"},{"weight":377.0,"label":"search"},{"weight":355.0,"label":"tev"},{"weight":349.0,"label":"standard"},{"weight":343.0,"label":"limit"},{"weight":300.0,"label":"top"},{"weight":273.0,"label":"proton"},{"weight":249.0,"label":"gev"},{"weight":216.0,"label":"jet"},{"weight":216.0,"label":"collision"},{"weight":212.0,"label":"data"},{"weight":208.0,"label":"pair"},{"weight":197.0,"label":"atlas"},{"weight":194.0,"label":"large"},{"weight":186.0,"label":"observe"},{"weight":173.0,"label":"coupling"},{"weight":172.0,"label":"detector"},{"weight":169.0,"label":"set"},{"weight":167.0,"label":"collider"}]},{"conceptId":4,"clusterId":0,"hexCoordinates":{"x":0.0,"y":3.0},"labels":[{"weight":347.0,"label":"mass"},{"weight":241.0,"label":"model"},{"weight":208.0,"label":"tev"},{"weight":152.0,"label":"limit"},{"weight":147.0,"label":"search"},{"weight":142.0,"label":"boson"},{"weight":132.0,"label":"decay"},{"weight":122.0,"label":"production"},{"weight":116.0,"label":"resonance"},{"weight":106.0,"label":"proton"},{"weight":104.0,"label":"pair"},{"weight":103.0,"label":"standard"},{"weight":101.0,"label":"data"},{"weight":94.0,"label":"state"},{"weight":92.0,"label":"gev"},{"weight":84.0,"label":"large"},{"weight":83.0,"label":"collision"},{"weight":83.0,"label":"final"},{"weight":74.0,"label":"tilde"},{"weight":72.0,"label":"atlas"},{"weight":72.0,"label":"observe"},{"weight":71.0,"label":"exclude"},{"weight":68.0,"label":"cross"},{"weight":68.0,"label":"set"},{"weight":67.0,"label":"section"}]},{"conceptId":-1,"clusterId":-1,"hexCoordinates":{"x":6.06217782649107,"y":3.0},"labels":[{"weight":2500,"label":"Unclassified"},{"weight":0,"label":""},{"weight":0,"label":""},{"weight":0,"label":""},{"weight":0,"label":""},{"weight":0,"label":""},{"weight":0,"label":""},{"weight":0,"label":""},{"weight":0,"label":""},{"weight":0,"label":""},{"weight":0,"label":""}]},{"conceptId":9,"clusterId":0,"hexCoordinates":{"x":2.598076211353316,"y":1.5},"labels":[{"weight":336.0,"label":"mass"},{"weight":321.0,"label":"model"},{"weight":281.0,"label":"jet"},{"weight":228.0,"label":"search"},{"weight":219.0,"label":"proton"},{"weight":209.0,"label":"tev"},{"weight":190.0,"label":"decay"},{"weight":189.0,"label":"standard"},{"weight":181.0,"label":"data"},{"weight":178.0,"label":"limit"},{"weight":171.0,"label":"large"},{"weight":165.0,"label":"boson"},{"weight":161.0,"label":"gev"},{"weight":161.0,"label":"top"},{"weight":155.0,"label":"event"},{"weight":135.0,"label":"quark"},{"weight":129.0,"label":"production"},{"weight":124.0,"label":"collision"},{"weight":109.0,"label":"lepton"},{"weight":109.0,"label":"pair"},{"weight":104.0,"label":"hadron"},{"weight":104.0,"label":"result"},{"weight":102.0,"label":"atlas"},{"weight":102.0,"label":"tau"},{"weight":94.0,"label":"detector"}]},{"conceptId":7,"clusterId":0,"hexCoordinates":{"x":0.8660254037844386,"y":1.5},"labels":[{"weight":282.0,"label":"production"},{"weight":246.0,"label":"section"},{"weight":237.0,"label":"cross"},{"weight":234.0,"label":"boson"},{"weight":195.0,"label":"mass"},{"weight":192.0,"label":"proton"},{"weight":182.0,"label":"top"},{"weight":177.0,"label":"quark"},{"weight":166.0,"label":"event"},{"weight":159.0,"label":"jet"},{"weight":155.0,"label":"tev"},{"weight":155.0,"label":"data"},{"weight":153.0,"label":"measure"},{"weight":143.0,"label":"collision"},{"weight":135.0,"label":"standard"},{"weight":128.0,"label":"lepton"},{"weight":119.0,"label":"atlas"},{"weight":116.0,"label":"decay"},{"weight":116.0,"label":"detector"},{"weight":114.0,"label":"measurement"},{"weight":109.0,"label":"pair"},{"weight":107.0,"label":"gev"},{"weight":107.0,"label":"integrate"},{"weight":106.0,"label":"stat"},{"weight":105.0,"label":"energy"}]}]}