{"linkageTable":[{"node2":12,"distance":0.452223724732385,"node1":2},{"node2":10,"distance":0.45339961064327,"node1":5},{"node2":20,"distance":0.45389098806086,"node1":4},{"node2":18,"distance":0.46732552065815747,"node1":26},{"node2":17,"distance":0.471856249550495,"node1":0},{"node2":16,"distance":0.477361862127265,"node1":9},{"node2":25,"distance":0.48098195608346,"node1":8},{"node2":13,"distance":0.48260675673341,"node1":27},{"node2":33,"distance":0.4835004546171017,"node1":3},{"node2":11,"distance":0.48361142861781836,"node1":29},{"node2":6,"distance":0.48532664526725,"node1":30},{"node2":23,"distance":0.48617576350931246,"node1":31},{"node2":21,"distance":0.486604998167905,"node1":1},{"node2":22,"distance":0.4892390082073,"node1":35},{"node2":7,"distance":0.48962143664394,"node1":28},{"node2":32,"distance":0.491271187296429,"node1":39},{"node2":34,"distance":0.49199246414088593,"node1":36},{"node2":37,"distance":0.49308070904375306,"node1":42},{"node2":38,"distance":0.4948026104545282,"node1":43},{"node2":41,"distance":0.49548716148422267,"node1":44},{"node2":19,"distance":0.49621856798304576,"node1":45},{"node2":40,"distance":0.49681604637637894,"node1":46},{"node2":24,"distance":0.4975370562107727,"node1":47},{"node2":14,"distance":0.4979475763952319,"node1":48},{"node2":15,"distance":0.49880549961884685,"node1":49}],"conceptsData":[{"conceptId":5,"clusterId":0,"hexCoordinates":{"x":0.0,"y":0.0},"labels":[{"weight":1079.0,"label":"security"},{"weight":476.0,"label":"privacy"},{"weight":362.0,"label":"user"},{"weight":331.0,"label":"attack"},{"weight":212.0,"label":"threat"},{"weight":186.0,"label":"information"},{"weight":177.0,"label":"detection"},{"weight":165.0,"label":"system"},{"weight":152.0,"label":"cyber"},{"weight":152.0,"label":"authentication"},{"weight":148.0,"label":"paper"},{"weight":144.0,"label":"network"},{"weight":140.0,"label":"iot"},{"weight":120.0,"label":"secure"},{"weight":120.0,"label":"internet"},{"weight":119.0,"label":"propose"},{"weight":116.0,"label":"data"},{"weight":111.0,"label":"malware"},{"weight":110.0,"label":"device"},{"weight":107.0,"label":"solution"},{"weight":105.0,"label":"detect"},{"weight":96.0,"label":"application"},{"weight":95.0,"label":"vulnerability"},{"weight":89.0,"label":"protection"},{"weight":84.0,"label":"anomaly"}]},{"conceptId":2,"clusterId":0,"hexCoordinates":{"x":5.196152422706632,"y":-3.0},"labels":[{"weight":817.0,"label":"software"},{"weight":684.0,"label":"system"},{"weight":409.0,"label":"present"},{"weight":399.0,"label":"application"},{"weight":338.0,"label":"approach"},{"weight":334.0,"label":"large"},{"weight":332.0,"label":"provide"},{"weight":315.0,"label":"parallel"},{"weight":310.0,"label":"architecture"},{"weight":304.0,"label":"implementation"},{"weight":298.0,"label":"computer"},{"weight":290.0,"label":"model"},{"weight":282.0,"label":"computational"},{"weight":277.0,"label":"design"},{"weight":255.0,"label":"code"},{"weight":247.0,"label":"paper"},{"weight":245.0,"label":"computing"},{"weight":244.0,"label":"framework"},{"weight":244.0,"label":"distribute"},{"weight":234.0,"label":"tool"},{"weight":229.0,"label":"workflow"},{"weight":229.0,"label":"performance"},{"weight":225.0,"label":"time"},{"weight":213.0,"label":"task"},{"weight":208.0,"label":"platform"}]},{"conceptId":24,"clusterId":0,"hexCoordinates":{"x":2.598076211353316,"y":-4.5},"labels":[{"weight":1310.0,"label":"information"},{"weight":217.0,"label":"data"},{"weight":154.0,"label":"provenance"},{"weight":122.0,"label":"text"},{"weight":111.0,"label":"record"},{"weight":92.0,"label":"source"},{"weight":82.0,"label":"project"},{"weight":76.0,"label":"document"},{"weight":75.0,"label":"work"},{"weight":73.0,"label":"research"},{"weight":71.0,"label":"expert"},{"weight":64.0,"label":"processing"},{"weight":61.0,"label":"exchange"},{"weight":57.0,"label":"collection"},{"weight":57.0,"label":"paper"},{"weight":55.0,"label":"make"},{"weight":53.0,"label":"trace"},{"weight":48.0,"label":"mining"},{"weight":46.0,"label":"link"},{"weight":46.0,"label":"process"},{"weight":43.0,"label":"contextual"},{"weight":43.0,"label":"digital"},{"weight":41.0,"label":"type"},{"weight":39.0,"label":"large"},{"weight":36.0,"label":"set"}]},{"conceptId":10,"clusterId":0,"hexCoordinates":{"x":1.7320508075688772,"y":0.0},"labels":[{"weight":1247.0,"label":"mobile"},{"weight":821.0,"label":"app"},{"weight":655.0,"label":"technology"},{"weight":644.0,"label":"device"},{"weight":581.0,"label":"user"},{"weight":382.0,"label":"smartphone"},{"weight":341.0,"label":"phone"},{"weight":310.0,"label":"application"},{"weight":275.0,"label":"digital"},{"weight":154.0,"label":"personal"},{"weight":148.0,"label":"mhealth"},{"weight":138.0,"label":"tablet"},{"weight":132.0,"label":"people"},{"weight":122.0,"label":"real"},{"weight":120.0,"label":"computer"},{"weight":109.0,"label":"potential"},{"weight":105.0,"label":"smart"},{"weight":105.0,"label":"base"},{"weight":104.0,"label":"life"},{"weight":104.0,"label":"time"},{"weight":94.0,"label":"activity"},{"weight":90.0,"label":"world"},{"weight":90.0,"label":"data"},{"weight":87.0,"label":"usage"},{"weight":87.0,"label":"platform"}]},{"conceptId":14,"clusterId":0,"hexCoordinates":{"x":-1.7320508075688772,"y":0.0},"labels":[{"weight":532.0,"label":"tool"},{"weight":329.0,"label":"software"},{"weight":253.0,"label":"package"},{"weight":162.0,"label":"process"},{"weight":118.0,"label":"model"},{"weight":101.0,"label":"develop"},{"weight":69.0,"label":"time"},{"weight":66.0,"label":"testing"},{"weight":63.0,"label":"machine"},{"weight":62.0,"label":"cycle"},{"weight":53.0,"label":"perform"},{"weight":50.0,"label":"generate"},{"weight":49.0,"label":"plug"},{"weight":48.0,"label":"design"},{"weight":48.0,"label":"component"},{"weight":47.0,"label":"assessment"},{"weight":45.0,"label":"part"},{"weight":45.0,"label":"work"},{"weight":42.0,"label":"machining"},{"weight":40.0,"label":"computer"},{"weight":40.0,"label":"commercial"},{"weight":39.0,"label":"error"},{"weight":39.0,"label":"validate"},{"weight":38.0,"label":"automate"},{"weight":38.0,"label":"manual"}]},{"conceptId":19,"clusterId":0,"hexCoordinates":{"x":5.196152422706632,"y":0.0},"labels":[{"weight":353.0,"label":"attack"},{"weight":88.0,"label":"spoof"},{"weight":77.0,"label":"detection"},{"weight":77.0,"label":"vulnerability"},{"weight":62.0,"label":"url"},{"weight":59.0,"label":"detect"},{"weight":50.0,"label":"verification"},{"weight":48.0,"label":"threat"},{"weight":47.0,"label":"malicious"},{"weight":44.0,"label":"technique"},{"weight":42.0,"label":"propose"},{"weight":41.0,"label":"asv"},{"weight":41.0,"label":"benign"},{"weight":38.0,"label":"countermeasure"},{"weight":37.0,"label":"speaker"},{"weight":33.0,"label":"security"},{"weight":32.0,"label":"conversion"},{"weight":30.0,"label":"attacker"},{"weight":28.0,"label":"paper"},{"weight":27.0,"label":"cyber"},{"weight":27.0,"label":"pattern"},{"weight":26.0,"label":"asvspoof"},{"weight":26.0,"label":"replay"},{"weight":24.0,"label":"database"},{"weight":23.0,"label":"order"}]},{"conceptId":18,"clusterId":0,"hexCoordinates":{"x":4.330127018922193,"y":-4.5},"labels":[{"weight":438.0,"label":"code"},{"weight":245.0,"label":"language"},{"weight":204.0,"label":"programming"},{"weight":165.0,"label":"type"},{"weight":115.0,"label":"program"},{"weight":96.0,"label":"write"},{"weight":51.0,"label":"programmer"},{"weight":49.0,"label":"source"},{"weight":46.0,"label":"implement"},{"weight":42.0,"label":"technique"},{"weight":38.0,"label":"make"},{"weight":38.0,"label":"require"},{"weight":37.0,"label":"function"},{"weight":36.0,"label":"specific"},{"weight":35.0,"label":"developer"},{"weight":34.0,"label":"gct"},{"weight":32.0,"label":"library"},{"weight":31.0,"label":"compiler"},{"weight":29.0,"label":"row"},{"weight":29.0,"label":"support"},{"weight":28.0,"label":"haskell"},{"weight":28.0,"label":"novice"},{"weight":27.0,"label":"idiom"},{"weight":27.0,"label":"feature"},{"weight":27.0,"label":"exist"}]},{"conceptId":0,"clusterId":0,"hexCoordinates":{"x":1.7320508075688772,"y":-3.0},"labels":[{"weight":1301.0,"label":"agent"},{"weight":838.0,"label":"action"},{"weight":405.0,"label":"human"},{"weight":287.0,"label":"task"},{"weight":244.0,"label":"goal"},{"weight":234.0,"label":"plan"},{"weight":216.0,"label":"reasoning"},{"weight":207.0,"label":"interaction"},{"weight":203.0,"label":"domain"},{"weight":201.0,"label":"knowledge"},{"weight":193.0,"label":"planning"},{"weight":187.0,"label":"base"},{"weight":183.0,"label":"problem"},{"weight":177.0,"label":"dialogue"},{"weight":176.0,"label":"learn"},{"weight":174.0,"label":"scenario"},{"weight":165.0,"label":"state"},{"weight":162.0,"label":"paper"},{"weight":154.0,"label":"information"},{"weight":147.0,"label":"rule"},{"weight":143.0,"label":"framework"},{"weight":136.0,"label":"environment"},{"weight":130.0,"label":"behaviour"},{"weight":128.0,"label":"world"},{"weight":128.0,"label":"decision"}]},{"conceptId":9,"clusterId":0,"hexCoordinates":{"x":3.4641016151377544,"y":0.0},"labels":[{"weight":2606.0,"label":"data"},{"weight":991.0,"label":"tool"},{"weight":632.0,"label":"provide"},{"weight":590.0,"label":"database"},{"weight":550.0,"label":"user"},{"weight":516.0,"label":"information"},{"weight":494.0,"label":"dataset"},{"weight":438.0,"label":"web"},{"weight":435.0,"label":"analysis"},{"weight":430.0,"label":"software"},{"weight":403.0,"label":"source"},{"weight":378.0,"label":"resource"},{"weight":348.0,"label":"visualization"},{"weight":336.0,"label":"present"},{"weight":306.0,"label":"include"},{"weight":287.0,"label":"generate"},{"weight":284.0,"label":"result"},{"weight":278.0,"label":"open"},{"weight":277.0,"label":"visualisation"},{"weight":271.0,"label":"base"},{"weight":271.0,"label":"set"},{"weight":264.0,"label":"knowledge"},{"weight":253.0,"label":"describe"},{"weight":245.0,"label":"http"},{"weight":242.0,"label":"large"}]},{"conceptId":7,"clusterId":0,"hexCoordinates":{"x":-0.8660254037844386,"y":-4.5},"labels":[{"weight":266.0,"label":"quantum"},{"weight":216.0,"label":"signature"},{"weight":143.0,"label":"scheme"},{"weight":97.0,"label":"key"},{"weight":79.0,"label":"security"},{"weight":75.0,"label":"digital"},{"weight":55.0,"label":"protocol"},{"weight":55.0,"label":"distribution"},{"weight":54.0,"label":"communication"},{"weight":51.0,"label":"qkd"},{"weight":48.0,"label":"secure"},{"weight":41.0,"label":"rely"},{"weight":40.0,"label":"information"},{"weight":39.0,"label":"classical"},{"weight":37.0,"label":"channel"},{"weight":37.0,"label":"previous"},{"weight":36.0,"label":"base"},{"weight":34.0,"label":"pep"},{"weight":29.0,"label":"state"},{"weight":29.0,"label":"present"},{"weight":27.0,"label":"require"},{"weight":27.0,"label":"rate"},{"weight":25.0,"label":"message"},{"weight":25.0,"label":"mechanic"},{"weight":25.0,"label":"transmission"}]},{"conceptId":12,"clusterId":0,"hexCoordinates":{"x":6.06217782649107,"y":-4.5},"labels":[{"weight":484.0,"label":"performance"},{"weight":256.0,"label":"code"},{"weight":242.0,"label":"parallel"},{"weight":232.0,"label":"gpu"},{"weight":224.0,"label":"level"},{"weight":208.0,"label":"hardware"},{"weight":208.0,"label":"application"},{"weight":199.0,"label":"high"},{"weight":193.0,"label":"core"},{"weight":186.0,"label":"implementation"},{"weight":172.0,"label":"program"},{"weight":164.0,"label":"system"},{"weight":152.0,"label":"time"},{"weight":138.0,"label":"cpu"},{"weight":137.0,"label":"programming"},{"weight":134.0,"label":"approach"},{"weight":128.0,"label":"gpus"},{"weight":127.0,"label":"fpga"},{"weight":127.0,"label":"architecture"},{"weight":125.0,"label":"compiler"},{"weight":124.0,"label":"memory"},{"weight":116.0,"label":"paper"},{"weight":113.0,"label":"kernel"},{"weight":111.0,"label":"opencl"},{"weight":108.0,"label":"optimization"}]},{"conceptId":25,"clusterId":0,"hexCoordinates":{"x":7.794228634059947,"y":-1.5},"labels":[{"weight":417.0,"label":"service"},{"weight":252.0,"label":"cloud"},{"weight":149.0,"label":"resource"},{"weight":134.0,"label":"deployment"},{"weight":110.0,"label":"isolation"},{"weight":109.0,"label":"component"},{"weight":104.0,"label":"application"},{"weight":83.0,"label":"tenant"},{"weight":75.0,"label":"user"},{"weight":73.0,"label":"deploy"},{"weight":72.0,"label":"degree"},{"weight":63.0,"label":"provide"},{"weight":58.0,"label":"approach"},{"weight":58.0,"label":"requirement"},{"weight":52.0,"label":"workload"},{"weight":52.0,"label":"base"},{"weight":52.0,"label":"paper"},{"weight":51.0,"label":"provider"},{"weight":49.0,"label":"computing"},{"weight":48.0,"label":"slice"},{"weight":46.0,"label":"infrastructure"},{"weight":46.0,"label":"enable"},{"weight":46.0,"label":"system"},{"weight":41.0,"label":"multitenancy"},{"weight":40.0,"label":"virtual"}]},{"conceptId":20,"clusterId":0,"hexCoordinates":{"x":0.8660254037844386,"y":-4.5},"labels":[{"weight":219.0,"label":"protocol"},{"weight":142.0,"label":"communication"},{"weight":131.0,"label":"round"},{"weight":58.0,"label":"message"},{"weight":57.0,"label":"key"},{"weight":56.0,"label":"construction"},{"weight":46.0,"label":"scheme"},{"weight":41.0,"label":"party"},{"weight":41.0,"label":"knowledge"},{"weight":40.0,"label":"proof"},{"weight":37.0,"label":"work"},{"weight":33.0,"label":"show"},{"weight":32.0,"label":"number"},{"weight":32.0,"label":"function"},{"weight":32.0,"label":"require"},{"weight":29.0,"label":"coin"},{"weight":29.0,"label":"transform"},{"weight":26.0,"label":"bit"},{"weight":26.0,"label":"channel"},{"weight":25.0,"label":"oracle"},{"weight":25.0,"label":"interest"},{"weight":24.0,"label":"hash"},{"weight":24.0,"label":"construct"},{"weight":24.0,"label":"efficient"},{"weight":24.0,"label":"code"}]},{"conceptId":21,"clusterId":0,"hexCoordinates":{"x":1.7320508075688772,"y":3.0},"labels":[{"weight":845.0,"label":"online"},{"weight":530.0,"label":"internet"},{"weight":478.0,"label":"access"},{"weight":307.0,"label":"information"},{"weight":301.0,"label":"website"},{"weight":298.0,"label":"web"},{"weight":150.0,"label":"user"},{"weight":143.0,"label":"site"},{"weight":138.0,"label":"content"},{"weight":125.0,"label":"resource"},{"weight":125.0,"label":"digital"},{"weight":124.0,"label":"base"},{"weight":106.0,"label":"provide"},{"weight":88.0,"label":"service"},{"weight":85.0,"label":"increase"},{"weight":75.0,"label":"usage"},{"weight":75.0,"label":"offer"},{"weight":74.0,"label":"platform"},{"weight":61.0,"label":"google"},{"weight":54.0,"label":"airline"},{"weight":54.0,"label":"source"},{"weight":50.0,"label":"feature"},{"weight":49.0,"label":"paper"},{"weight":48.0,"label":"technology"},{"weight":48.0,"label":"search"}]},{"conceptId":6,"clusterId":0,"hexCoordinates":{"x":3.4641016151377544,"y":-3.0},"labels":[{"weight":1674.0,"label":"game"},{"weight":338.0,"label":"player"},{"weight":295.0,"label":"play"},{"weight":123.0,"label":"gamification"},{"weight":114.0,"label":"video"},{"weight":101.0,"label":"equilibrium"},{"weight":90.0,"label":"design"},{"weight":80.0,"label":"strategy"},{"weight":76.0,"label":"computer"},{"weight":71.0,"label":"character"},{"weight":71.0,"label":"develop"},{"weight":67.0,"label":"digital"},{"weight":64.0,"label":"gaming"},{"weight":47.0,"label":"gameplay"},{"weight":47.0,"label":"theory"},{"weight":41.0,"label":"payoff"},{"weight":41.0,"label":"study"},{"weight":40.0,"label":"interaction"},{"weight":37.0,"label":"action"},{"weight":35.0,"label":"card"},{"weight":35.0,"label":"real"},{"weight":34.0,"label":"environment"},{"weight":33.0,"label":"nash"},{"weight":33.0,"label":"bargaining"},{"weight":33.0,"label":"element"}]},{"conceptId":15,"clusterId":0,"hexCoordinates":{"x":6.928203230275509,"y":0.0},"labels":[{"weight":97.0,"label":"proof"},{"weight":80.0,"label":"tactic"},{"weight":45.0,"label":"explanation"},{"weight":43.0,"label":"language"},{"weight":42.0,"label":"theorem"},{"weight":42.0,"label":"user"},{"weight":40.0,"label":"acl"},{"weight":39.0,"label":"tool"},{"weight":37.0,"label":"concept"},{"weight":33.0,"label":"show"},{"weight":31.0,"label":"representation"},{"weight":28.0,"label":"prover"},{"weight":28.0,"label":"graphical"},{"weight":28.0,"label":"paper"},{"weight":26.0,"label":"map"},{"weight":25.0,"label":"strategy"},{"weight":23.0,"label":"psgraph"},{"weight":23.0,"label":"provide"},{"weight":22.0,"label":"bigraph"},{"weight":22.0,"label":"improve"},{"weight":21.0,"label":"support"},{"weight":20.0,"label":"automate"},{"weight":20.0,"label":"iec"},{"weight":20.0,"label":"automatically"},{"weight":20.0,"label":"simple"}]},{"conceptId":11,"clusterId":0,"hexCoordinates":{"x":6.928203230275509,"y":-3.0},"labels":[{"weight":257.0,"label":"memory"},{"weight":204.0,"label":"cache"},{"weight":99.0,"label":"access"},{"weight":90.0,"label":"appliance"},{"weight":82.0,"label":"performance"},{"weight":74.0,"label":"load"},{"weight":66.0,"label":"propose"},{"weight":66.0,"label":"data"},{"weight":64.0,"label":"dram"},{"weight":58.0,"label":"latency"},{"weight":57.0,"label":"high"},{"weight":56.0,"label":"show"},{"weight":52.0,"label":"bandwidth"},{"weight":47.0,"label":"overhead"},{"weight":46.0,"label":"core"},{"weight":45.0,"label":"reduce"},{"weight":44.0,"label":"chip"},{"weight":43.0,"label":"base"},{"weight":43.0,"label":"level"},{"weight":39.0,"label":"consumption"},{"weight":38.0,"label":"consistency"},{"weight":37.0,"label":"work"},{"weight":36.0,"label":"nilm"},{"weight":34.0,"label":"meter"},{"weight":33.0,"label":"processor"}]},{"conceptId":16,"clusterId":0,"hexCoordinates":{"x":2.598076211353316,"y":1.5},"labels":[{"weight":2450.0,"label":"data"},{"weight":449.0,"label":"research"},{"weight":448.0,"label":"open"},{"weight":436.0,"label":"access"},{"weight":331.0,"label":"share"},{"weight":278.0,"label":"information"},{"weight":181.0,"label":"collection"},{"weight":178.0,"label":"management"},{"weight":164.0,"label":"file"},{"weight":162.0,"label":"system"},{"weight":133.0,"label":"store"},{"weight":129.0,"label":"repository"},{"weight":127.0,"label":"researcher"},{"weight":123.0,"label":"provide"},{"weight":112.0,"label":"user"},{"weight":106.0,"label":"library"},{"weight":105.0,"label":"platform"},{"weight":102.0,"label":"support"},{"weight":102.0,"label":"sharing"},{"weight":97.0,"label":"manage"},{"weight":96.0,"label":"enable"},{"weight":90.0,"label":"make"},{"weight":87.0,"label":"service"},{"weight":82.0,"label":"paper"},{"weight":77.0,"label":"dataset"}]},{"conceptId":13,"clusterId":0,"hexCoordinates":{"x":0.8660254037844386,"y":-1.5},"labels":[{"weight":1828.0,"label":"user"},{"weight":518.0,"label":"interaction"},{"weight":448.0,"label":"interface"},{"weight":303.0,"label":"display"},{"weight":284.0,"label":"device"},{"weight":253.0,"label":"feedback"},{"weight":250.0,"label":"design"},{"weight":237.0,"label":"virtual"},{"weight":205.0,"label":"study"},{"weight":200.0,"label":"present"},{"weight":175.0,"label":"base"},{"weight":174.0,"label":"input"},{"weight":168.0,"label":"gesture"},{"weight":165.0,"label":"paper"},{"weight":159.0,"label":"show"},{"weight":150.0,"label":"hand"},{"weight":150.0,"label":"mobile"},{"weight":144.0,"label":"reality"},{"weight":141.0,"label":"touch"},{"weight":141.0,"label":"real"},{"weight":140.0,"label":"interactive"},{"weight":133.0,"label":"usability"},{"weight":131.0,"label":"result"},{"weight":128.0,"label":"system"},{"weight":127.0,"label":"interact"}]},{"conceptId":17,"clusterId":0,"hexCoordinates":{"x":2.598076211353316,"y":-1.5},"labels":[{"weight":9253.0,"label":"system"},{"weight":1160.0,"label":"design"},{"weight":849.0,"label":"base"},{"weight":679.0,"label":"develop"},{"weight":599.0,"label":"propose"},{"weight":595.0,"label":"approach"},{"weight":447.0,"label":"paper"},{"weight":446.0,"label":"challenge"},{"weight":425.0,"label":"requirement"},{"weight":425.0,"label":"require"},{"weight":418.0,"label":"present"},{"weight":400.0,"label":"provide"},{"weight":376.0,"label":"concept"},{"weight":364.0,"label":"environment"},{"weight":361.0,"label":"component"},{"weight":349.0,"label":"application"},{"weight":345.0,"label":"demonstrate"},{"weight":344.0,"label":"work"},{"weight":325.0,"label":"complex"},{"weight":307.0,"label":"include"},{"weight":303.0,"label":"problem"},{"weight":289.0,"label":"support"},{"weight":284.0,"label":"achieve"},{"weight":277.0,"label":"order"},{"weight":276.0,"label":"end"}]},{"conceptId":8,"clusterId":0,"hexCoordinates":{"x":6.06217782649107,"y":-1.5},"labels":[{"weight":743.0,"label":"cloud"},{"weight":303.0,"label":"network"},{"weight":265.0,"label":"computing"},{"weight":257.0,"label":"resource"},{"weight":239.0,"label":"data"},{"weight":210.0,"label":"application"},{"weight":174.0,"label":"infrastructure"},{"weight":163.0,"label":"service"},{"weight":125.0,"label":"server"},{"weight":112.0,"label":"run"},{"weight":110.0,"label":"time"},{"weight":106.0,"label":"paper"},{"weight":104.0,"label":"performance"},{"weight":103.0,"label":"base"},{"weight":99.0,"label":"end"},{"weight":99.0,"label":"distribute"},{"weight":99.0,"label":"present"},{"weight":95.0,"label":"latency"},{"weight":94.0,"label":"user"},{"weight":89.0,"label":"stream"},{"weight":85.0,"label":"architecture"},{"weight":79.0,"label":"execution"},{"weight":79.0,"label":"virtual"},{"weight":76.0,"label":"container"},{"weight":75.0,"label":"propose"}]},{"conceptId":1,"clusterId":0,"hexCoordinates":{"x":0.8660254037844386,"y":1.5},"labels":[{"weight":2290.0,"label":"technology"},{"weight":1087.0,"label":"digital"},{"weight":346.0,"label":"information"},{"weight":302.0,"label":"ict"},{"weight":285.0,"label":"smart"},{"weight":253.0,"label":"communication"},{"weight":238.0,"label":"technological"},{"weight":225.0,"label":"adoption"},{"weight":202.0,"label":"internet"},{"weight":164.0,"label":"enable"},{"weight":158.0,"label":"emerge"},{"weight":153.0,"label":"innovation"},{"weight":151.0,"label":"challenge"},{"weight":127.0,"label":"infrastructure"},{"weight":123.0,"label":"future"},{"weight":121.0,"label":"paper"},{"weight":120.0,"label":"benefit"},{"weight":115.0,"label":"potential"},{"weight":113.0,"label":"virtual"},{"weight":113.0,"label":"opportunity"},{"weight":107.0,"label":"iot"},{"weight":103.0,"label":"service"},{"weight":103.0,"label":"system"},{"weight":101.0,"label":"provide"},{"weight":98.0,"label":"change"}]},{"conceptId":22,"clusterId":0,"hexCoordinates":{"x":4.330127018922193,"y":-1.5},"labels":[{"weight":201.0,"label":"saudi"},{"weight":149.0,"label":"arabia"},{"weight":86.0,"label":"erlang"},{"weight":74.0,"label":"opt"},{"weight":59.0,"label":"thinsp"},{"weight":54.0,"label":"ksa"},{"weight":45.0,"label":"hdph"},{"weight":42.0,"label":"nivolumab"},{"weight":39.0,"label":"saudus"},{"weight":35.0,"label":"consent"},{"weight":34.0,"label":"abi"},{"weight":33.0,"label":"fault"},{"weight":31.0,"label":"recovery"},{"weight":31.0,"label":"reliability"},{"weight":30.0,"label":"distribute"},{"weight":29.0,"label":"country"},{"weight":26.0,"label":"apology"},{"weight":25.0,"label":"scalability"},{"weight":24.0,"label":"ipilimumab"},{"weight":23.0,"label":"oncology"},{"weight":23.0,"label":"kingdom"},{"weight":22.0,"label":"arabian"},{"weight":22.0,"label":"language"},{"weight":20.0,"label":"actor"},{"weight":20.0,"label":"acceptance"}]},{"conceptId":-1,"clusterId":-1,"hexCoordinates":{"x":11.258330249197702,"y":3.0},"labels":[{"weight":2500,"label":"Unclassified"},{"weight":0,"label":""},{"weight":0,"label":""},{"weight":0,"label":""},{"weight":0,"label":""},{"weight":0,"label":""},{"weight":0,"label":""},{"weight":0,"label":""},{"weight":0,"label":""},{"weight":0,"label":""},{"weight":0,"label":""}]},{"conceptId":3,"clusterId":0,"hexCoordinates":{"x":-0.8660254037844386,"y":-1.5},"labels":[{"weight":1549.0,"label":"system"},{"weight":1342.0,"label":"sensor"},{"weight":749.0,"label":"device"},{"weight":664.0,"label":"time"},{"weight":629.0,"label":"monitoring"},{"weight":582.0,"label":"data"},{"weight":501.0,"label":"real"},{"weight":451.0,"label":"technology"},{"weight":438.0,"label":"monitor"},{"weight":407.0,"label":"base"},{"weight":400.0,"label":"sense"},{"weight":371.0,"label":"application"},{"weight":349.0,"label":"provide"},{"weight":327.0,"label":"platform"},{"weight":319.0,"label":"environment"},{"weight":296.0,"label":"cost"},{"weight":287.0,"label":"low"},{"weight":280.0,"label":"present"},{"weight":258.0,"label":"remote"},{"weight":257.0,"label":"develop"},{"weight":239.0,"label":"measurement"},{"weight":232.0,"label":"enable"},{"weight":229.0,"label":"paper"},{"weight":222.0,"label":"control"},{"weight":215.0,"label":"detection"}]},{"conceptId":23,"clusterId":0,"hexCoordinates":{"x":4.330127018922193,"y":1.5},"labels":[{"weight":1016.0,"label":"search"},{"weight":429.0,"label":"query"},{"weight":306.0,"label":"information"},{"weight":280.0,"label":"retrieval"},{"weight":256.0,"label":"user"},{"weight":213.0,"label":"document"},{"weight":185.0,"label":"task"},{"weight":152.0,"label":"system"},{"weight":139.0,"label":"performance"},{"weight":139.0,"label":"result"},{"weight":96.0,"label":"show"},{"weight":94.0,"label":"evaluation"},{"weight":84.0,"label":"relevant"},{"weight":83.0,"label":"relevance"},{"weight":78.0,"label":"bias"},{"weight":75.0,"label":"engine"},{"weight":69.0,"label":"searcher"},{"weight":69.0,"label":"access"},{"weight":68.0,"label":"stop"},{"weight":67.0,"label":"work"},{"weight":66.0,"label":"topic"},{"weight":65.0,"label":"behaviour"},{"weight":59.0,"label":"collection"},{"weight":58.0,"label":"examine"},{"weight":56.0,"label":"provide"}]},{"conceptId":4,"clusterId":0,"hexCoordinates":{"x":0.0,"y":-3.0},"labels":[{"weight":283.0,"label":"protocol"},{"weight":200.0,"label":"scheme"},{"weight":198.0,"label":"security"},{"weight":155.0,"label":"encryption"},{"weight":152.0,"label":"secure"},{"weight":92.0,"label":"key"},{"weight":89.0,"label":"verification"},{"weight":87.0,"label":"base"},{"weight":83.0,"label":"computation"},{"weight":81.0,"label":"propose"},{"weight":79.0,"label":"blockchain"},{"weight":77.0,"label":"cryptographic"},{"weight":75.0,"label":"box"},{"weight":73.0,"label":"attack"},{"weight":73.0,"label":"privacy"},{"weight":65.0,"label":"chaotic"},{"weight":64.0,"label":"verify"},{"weight":62.0,"label":"bitcoin"},{"weight":57.0,"label":"client"},{"weight":56.0,"label":"proof"},{"weight":56.0,"label":"paper"},{"weight":52.0,"label":"hash"},{"weight":51.0,"label":"transaction"},{"weight":47.0,"label":"server"},{"weight":46.0,"label":"secret"}]}]}