{"linkageTable":[{"node2":12,"distance":0.448951273204355,"node1":5},{"node2":15,"distance":0.47124863490504,"node1":6},{"node2":16,"distance":0.4794044671563475,"node1":18},{"node2":10,"distance":0.4814382207458,"node1":0},{"node2":13,"distance":0.484313101688355,"node1":2},{"node2":8,"distance":0.484320737635755,"node1":3},{"node2":19,"distance":0.4871251557405758,"node1":17},{"node2":1,"distance":0.4905359859660525,"node1":20},{"node2":14,"distance":0.4916654948493116,"node1":24},{"node2":23,"distance":0.4938575631767225,"node1":22},{"node2":21,"distance":0.4945404930755938,"node1":25},{"node2":26,"distance":0.49639992448645753,"node1":27},{"node2":4,"distance":0.498398816606015,"node1":28},{"node2":11,"distance":0.49877576722638,"node1":29},{"node2":7,"distance":0.4989249043791977,"node1":30},{"node2":9,"distance":0.5,"node1":31}],"conceptsData":[{"conceptId":4,"clusterId":0,"hexCoordinates":{"x":5.196152422706632,"y":0.0},"labels":[{"weight":73.0,"label":"pcm"},{"weight":40.0,"label":"rmn"},{"weight":39.0,"label":"mixture"},{"weight":33.0,"label":"chemical"},{"weight":29.0,"label":"surface"},{"weight":28.0,"label":"ras"},{"weight":28.0,"label":"composition"},{"weight":27.0,"label":"solution"},{"weight":25.0,"label":"chain"},{"weight":24.0,"label":"alkyl"},{"weight":20.0,"label":"pure"},{"weight":20.0,"label":"adsorption"},{"weight":20.0,"label":"phase"},{"weight":19.0,"label":"result"},{"weight":17.0,"label":"adsorbed"},{"weight":17.0,"label":"tar"},{"weight":17.0,"label":"sample"},{"weight":17.0,"label":"experimental"},{"weight":16.0,"label":"atom"},{"weight":16.0,"label":"amount"},{"weight":16.0,"label":"induce"},{"weight":15.0,"label":"stm"},{"weight":14.0,"label":"ideal"},{"weight":14.0,"label":"common"},{"weight":13.0,"label":"mim"}]},{"conceptId":1,"clusterId":0,"hexCoordinates":{"x":5.196152422706632,"y":3.0},"labels":[{"weight":222.0,"label":"continuous"},{"weight":114.0,"label":"pharmaceutical"},{"weight":104.0,"label":"process"},{"weight":87.0,"label":"api"},{"weight":87.0,"label":"batch"},{"weight":82.0,"label":"obstacle"},{"weight":63.0,"label":"cpm"},{"weight":51.0,"label":"design"},{"weight":49.0,"label":"flow"},{"weight":49.0,"label":"total"},{"weight":47.0,"label":"separation"},{"weight":41.0,"label":"cost"},{"weight":38.0,"label":"pla"},{"weight":38.0,"label":"active"},{"weight":35.0,"label":"ingredient"},{"weight":34.0,"label":"manufacturing"},{"weight":32.0,"label":"crystallisation"},{"weight":30.0,"label":"antisolvent"},{"weight":30.0,"label":"synthesis"},{"weight":28.0,"label":"dichotomy"},{"weight":28.0,"label":"solvent"},{"weight":27.0,"label":"crystallization"},{"weight":25.0,"label":"time"},{"weight":24.0,"label":"crystallizer"},{"weight":24.0,"label":"product"}]},{"conceptId":6,"clusterId":0,"hexCoordinates":{"x":0.0,"y":0.0},"labels":[{"weight":421.0,"label":"gel"},{"weight":310.0,"label":"hydrogel"},{"weight":214.0,"label":"collagen"},{"weight":151.0,"label":"tissue"},{"weight":148.0,"label":"property"},{"weight":134.0,"label":"matrix"},{"weight":122.0,"label":"structure"},{"weight":115.0,"label":"form"},{"weight":113.0,"label":"ecm"},{"weight":91.0,"label":"mechanical"},{"weight":85.0,"label":"scaffold"},{"weight":68.0,"label":"show"},{"weight":65.0,"label":"base"},{"weight":57.0,"label":"gelator"},{"weight":56.0,"label":"fiber"},{"weight":55.0,"label":"link"},{"weight":54.0,"label":"assembly"},{"weight":51.0,"label":"construct"},{"weight":51.0,"label":"material"},{"weight":50.0,"label":"supramolecular"},{"weight":49.0,"label":"assemble"},{"weight":48.0,"label":"low"},{"weight":48.0,"label":"lead"},{"weight":47.0,"label":"alginate"},{"weight":47.0,"label":"formation"}]},{"conceptId":3,"clusterId":0,"hexCoordinates":{"x":2.598076211353316,"y":-1.5},"labels":[{"weight":33.0,"label":"process"},{"weight":32.0,"label":"erosion"},{"weight":27.0,"label":"silicone"},{"weight":27.0,"label":"coating"},{"weight":26.0,"label":"cycle"},{"weight":26.0,"label":"material"},{"weight":24.0,"label":"shark"},{"weight":24.0,"label":"flutter"},{"weight":21.0,"label":"settlement"},{"weight":18.0,"label":"performance"},{"weight":17.0,"label":"fouling"},{"weight":17.0,"label":"chem"},{"weight":16.0,"label":"siloxane"},{"weight":16.0,"label":"computational"},{"weight":16.0,"label":"limit"},{"weight":15.0,"label":"openfoam"},{"weight":14.0,"label":"lco"},{"weight":14.0,"label":"cus"},{"weight":14.0,"label":"extraction"},{"weight":13.0,"label":"hse"},{"weight":12.0,"label":"toolbox"},{"weight":12.0,"label":"separation"},{"weight":12.0,"label":"removal"},{"weight":11.0,"label":"pdm"},{"weight":11.0,"label":"ranking"}]},{"conceptId":16,"clusterId":0,"hexCoordinates":{"x":0.8660254037844386,"y":-1.5},"labels":[{"weight":285.0,"label":"cell"},{"weight":187.0,"label":"adhesion"},{"weight":112.0,"label":"surface"},{"weight":75.0,"label":"pea"},{"weight":59.0,"label":"protein"},{"weight":56.0,"label":"differentiation"},{"weight":54.0,"label":"growth"},{"weight":53.0,"label":"implant"},{"weight":51.0,"label":"fibronectin"},{"weight":44.0,"label":"material"},{"weight":42.0,"label":"integrin"},{"weight":42.0,"label":"substrate"},{"weight":41.0,"label":"cadherin"},{"weight":36.0,"label":"factor"},{"weight":33.0,"label":"adhesive"},{"weight":33.0,"label":"mobility"},{"weight":31.0,"label":"interface"},{"weight":30.0,"label":"biomaterial"},{"weight":30.0,"label":"matrix"},{"weight":29.0,"label":"wnk"},{"weight":29.0,"label":"extracellular"},{"weight":29.0,"label":"stem"},{"weight":28.0,"label":"pma"},{"weight":28.0,"label":"focal"},{"weight":26.0,"label":"proliferation"}]},{"conceptId":0,"clusterId":0,"hexCoordinates":{"x":3.4641016151377544,"y":3.0},"labels":[{"weight":1227.0,"label":"phase"},{"weight":490.0,"label":"crystal"},{"weight":264.0,"label":"nucleation"},{"weight":253.0,"label":"liquid"},{"weight":203.0,"label":"solid"},{"weight":196.0,"label":"solution"},{"weight":156.0,"label":"form"},{"weight":154.0,"label":"growth"},{"weight":154.0,"label":"process"},{"weight":115.0,"label":"crystallization"},{"weight":91.0,"label":"formation"},{"weight":90.0,"label":"crystallisation"},{"weight":85.0,"label":"result"},{"weight":74.0,"label":"mechanism"},{"weight":73.0,"label":"concentration"},{"weight":72.0,"label":"control"},{"weight":71.0,"label":"seed"},{"weight":62.0,"label":"polymorph"},{"weight":61.0,"label":"induce"},{"weight":54.0,"label":"transformation"},{"weight":53.0,"label":"vapor"},{"weight":53.0,"label":"aqueous"},{"weight":53.0,"label":"time"},{"weight":52.0,"label":"kinetics"},{"weight":52.0,"label":"product"}]},{"conceptId":15,"clusterId":0,"hexCoordinates":{"x":1.7320508075688772,"y":0.0},"labels":[{"weight":584.0,"label":"surface"},{"weight":579.0,"label":"polymer"},{"weight":245.0,"label":"protein"},{"weight":197.0,"label":"structure"},{"weight":196.0,"label":"property"},{"weight":193.0,"label":"chain"},{"weight":184.0,"label":"form"},{"weight":178.0,"label":"poly"},{"weight":175.0,"label":"solution"},{"weight":172.0,"label":"molecular"},{"weight":145.0,"label":"force"},{"weight":136.0,"label":"interaction"},{"weight":122.0,"label":"adhesion"},{"weight":112.0,"label":"show"},{"weight":107.0,"label":"gel"},{"weight":105.0,"label":"aggregate"},{"weight":102.0,"label":"formation"},{"weight":96.0,"label":"cellulose"},{"weight":95.0,"label":"adsorption"},{"weight":88.0,"label":"assembly"},{"weight":87.0,"label":"concentration"},{"weight":87.0,"label":"complex"},{"weight":84.0,"label":"copolymer"},{"weight":83.0,"label":"charge"},{"weight":82.0,"label":"range"}]},{"conceptId":12,"clusterId":0,"hexCoordinates":{"x":2.598076211353316,"y":1.5},"labels":[{"weight":1015.0,"label":"nanoparticle"},{"weight":388.0,"label":"surface"},{"weight":166.0,"label":"particle"},{"weight":153.0,"label":"application"},{"weight":135.0,"label":"gold"},{"weight":133.0,"label":"silver"},{"weight":117.0,"label":"property"},{"weight":110.0,"label":"enhance"},{"weight":100.0,"label":"delivery"},{"weight":99.0,"label":"nanomaterial"},{"weight":96.0,"label":"nano"},{"weight":95.0,"label":"concentration"},{"weight":95.0,"label":"size"},{"weight":86.0,"label":"result"},{"weight":84.0,"label":"material"},{"weight":83.0,"label":"silica"},{"weight":82.0,"label":"molecule"},{"weight":81.0,"label":"assembly"},{"weight":73.0,"label":"nanostructure"},{"weight":72.0,"label":"uptake"},{"weight":72.0,"label":"synthesis"},{"weight":72.0,"label":"report"},{"weight":70.0,"label":"resonance"},{"weight":70.0,"label":"demonstrate"},{"weight":66.0,"label":"formation"}]},{"conceptId":9,"clusterId":0,"hexCoordinates":{"x":1.7320508075688772,"y":-3.0},"labels":[{"weight":194.0,"label":"des"},{"weight":152.0,"label":"les"},{"weight":50.0,"label":"une"},{"weight":50.0,"label":"sur"},{"weight":45.0,"label":"est"},{"weight":36.0,"label":"pour"},{"weight":32.0,"label":"dans"},{"weight":29.0,"label":"qui"},{"weight":26.0,"label":"sont"},{"weight":25.0,"label":"aux"},{"weight":23.0,"label":"comme"},{"weight":22.0,"label":"dan"},{"weight":22.0,"label":"par"},{"weight":20.0,"label":"article"},{"weight":17.0,"label":"tre"},{"weight":15.0,"label":"gide"},{"weight":15.0,"label":"singe"},{"weight":15.0,"label":"cet"},{"weight":14.0,"label":"cette"},{"weight":14.0,"label":"nous"},{"weight":13.0,"label":"entre"},{"weight":12.0,"label":"avec"},{"weight":12.0,"label":"grands"},{"weight":12.0,"label":"ces"},{"weight":12.0,"label":"pin"}]},{"conceptId":14,"clusterId":0,"hexCoordinates":{"x":4.330127018922193,"y":1.5},"labels":[{"weight":2621.0,"label":"size"},{"weight":1633.0,"label":"particle"},{"weight":536.0,"label":"small"},{"weight":304.0,"label":"large"},{"weight":294.0,"label":"larger"},{"weight":279.0,"label":"distribution"},{"weight":243.0,"label":"shape"},{"weight":232.0,"label":"smaller"},{"weight":182.0,"label":"ratio"},{"weight":176.0,"label":"effect"},{"weight":169.0,"label":"number"},{"weight":149.0,"label":"increase"},{"weight":137.0,"label":"medium"},{"weight":107.0,"label":"diameter"},{"weight":96.0,"label":"fine"},{"weight":96.0,"label":"process"},{"weight":93.0,"label":"produce"},{"weight":86.0,"label":"similar"},{"weight":82.0,"label":"volume"},{"weight":74.0,"label":"sample"},{"weight":71.0,"label":"control"},{"weight":69.0,"label":"aspect"},{"weight":63.0,"label":"breakage"},{"weight":62.0,"label":"morphology"},{"weight":61.0,"label":"attribute"}]},{"conceptId":11,"clusterId":0,"hexCoordinates":{"x":-0.8660254037844386,"y":1.5},"labels":[{"weight":267.0,"label":"drug"},{"weight":194.0,"label":"release"},{"weight":79.0,"label":"mao"},{"weight":73.0,"label":"stent"},{"weight":61.0,"label":"renin"},{"weight":43.0,"label":"inhibitor"},{"weight":34.0,"label":"profile"},{"weight":33.0,"label":"design"},{"weight":32.0,"label":"monoamine"},{"weight":29.0,"label":"arterial"},{"weight":29.0,"label":"store"},{"weight":27.0,"label":"mtdl"},{"weight":27.0,"label":"coating"},{"weight":25.0,"label":"oxidase"},{"weight":25.0,"label":"device"},{"weight":23.0,"label":"polymer"},{"weight":23.0,"label":"delivery"},{"weight":22.0,"label":"angiotensin"},{"weight":22.0,"label":"binding"},{"weight":22.0,"label":"mathematical"},{"weight":21.0,"label":"abt"},{"weight":20.0,"label":"reversible"},{"weight":20.0,"label":"tissue"},{"weight":20.0,"label":"multus"},{"weight":19.0,"label":"eluting"}]},{"conceptId":13,"clusterId":0,"hexCoordinates":{"x":2.598076211353316,"y":4.5},"labels":[{"weight":214.0,"label":"water"},{"weight":120.0,"label":"surfactant"},{"weight":116.0,"label":"solvent"},{"weight":96.0,"label":"drug"},{"weight":94.0,"label":"formulation"},{"weight":78.0,"label":"form"},{"weight":77.0,"label":"solubility"},{"weight":76.0,"label":"study"},{"weight":69.0,"label":"concentration"},{"weight":62.0,"label":"polymer"},{"weight":54.0,"label":"solution"},{"weight":53.0,"label":"glycerol"},{"weight":52.0,"label":"prepare"},{"weight":51.0,"label":"liquid"},{"weight":50.0,"label":"micelle"},{"weight":50.0,"label":"molecular"},{"weight":47.0,"label":"aqueous"},{"weight":47.0,"label":"mix"},{"weight":45.0,"label":"show"},{"weight":43.0,"label":"dissolution"},{"weight":42.0,"label":"vesicle"},{"weight":40.0,"label":"extrusion"},{"weight":40.0,"label":"soluble"},{"weight":40.0,"label":"content"},{"weight":39.0,"label":"ionic"}]},{"conceptId":8,"clusterId":0,"hexCoordinates":{"x":3.4641016151377544,"y":0.0},"labels":[{"weight":246.0,"label":"gas"},{"weight":175.0,"label":"hydrate"},{"weight":158.0,"label":"material"},{"weight":132.0,"label":"pim"},{"weight":123.0,"label":"mof"},{"weight":103.0,"label":"polymer"},{"weight":100.0,"label":"carbon"},{"weight":80.0,"label":"adsorption"},{"weight":69.0,"label":"porous"},{"weight":65.0,"label":"separation"},{"weight":62.0,"label":"selectivity"},{"weight":61.0,"label":"metal"},{"weight":59.0,"label":"pressure"},{"weight":58.0,"label":"organic"},{"weight":57.0,"label":"framework"},{"weight":54.0,"label":"capture"},{"weight":50.0,"label":"methanol"},{"weight":48.0,"label":"mixture"},{"weight":48.0,"label":"show"},{"weight":41.0,"label":"presence"},{"weight":40.0,"label":"condition"},{"weight":38.0,"label":"maf"},{"weight":38.0,"label":"dioxide"},{"weight":38.0,"label":"obtain"},{"weight":37.0,"label":"flue"}]},{"conceptId":7,"clusterId":0,"hexCoordinates":{"x":0.8660254037844386,"y":4.5},"labels":[{"weight":142.0,"label":"catheter"},{"weight":92.0,"label":"liposome"},{"weight":87.0,"label":"washout"},{"weight":76.0,"label":"solution"},{"weight":45.0,"label":"result"},{"weight":42.0,"label":"urethral"},{"weight":34.0,"label":"tdb"},{"weight":32.0,"label":"liposomal"},{"weight":32.0,"label":"device"},{"weight":29.0,"label":"dda"},{"weight":29.0,"label":"acidic"},{"weight":29.0,"label":"study"},{"weight":28.0,"label":"bladder"},{"weight":28.0,"label":"elasticity"},{"weight":27.0,"label":"saline"},{"weight":25.0,"label":"lipid"},{"weight":24.0,"label":"ccbt"},{"weight":24.0,"label":"tissue"},{"weight":24.0,"label":"relative"},{"weight":23.0,"label":"indwelling"},{"weight":23.0,"label":"method"},{"weight":22.0,"label":"vesicle"},{"weight":22.0,"label":"aim"},{"weight":21.0,"label":"urinary"},{"weight":21.0,"label":"prostate"}]},{"conceptId":-1,"clusterId":-1,"hexCoordinates":{"x":8.660254037844386,"y":4.5},"labels":[{"weight":2500,"label":"Unclassified"},{"weight":0,"label":""},{"weight":0,"label":""},{"weight":0,"label":""},{"weight":0,"label":""},{"weight":0,"label":""},{"weight":0,"label":""},{"weight":0,"label":""},{"weight":0,"label":""},{"weight":0,"label":""},{"weight":0,"label":""}]},{"conceptId":2,"clusterId":0,"hexCoordinates":{"x":1.7320508075688772,"y":3.0},"labels":[{"weight":208.0,"label":"tablet"},{"weight":52.0,"label":"exit"},{"weight":52.0,"label":"terahertz"},{"weight":50.0,"label":"pharmaceutical"},{"weight":41.0,"label":"cbz"},{"weight":36.0,"label":"powder"},{"weight":35.0,"label":"disintegration"},{"weight":34.0,"label":"excipient"},{"weight":33.0,"label":"tunnel"},{"weight":30.0,"label":"region"},{"weight":29.0,"label":"drug"},{"weight":28.0,"label":"tpi"},{"weight":28.0,"label":"thickness"},{"weight":25.0,"label":"perforated"},{"weight":24.0,"label":"disturbance"},{"weight":23.0,"label":"pressure"},{"weight":21.0,"label":"mannitol"},{"weight":20.0,"label":"dosage"},{"weight":20.0,"label":"measurement"},{"weight":19.0,"label":"carbamazepine"},{"weight":16.0,"label":"effectiveness"},{"weight":16.0,"label":"formulation"},{"weight":16.0,"label":"parameter"},{"weight":15.0,"label":"valproate"},{"weight":15.0,"label":"compaction"}]},{"conceptId":10,"clusterId":0,"hexCoordinates":{"x":4.330127018922193,"y":4.5},"labels":[{"weight":358.0,"label":"structure"},{"weight":273.0,"label":"water"},{"weight":263.0,"label":"interaction"},{"weight":252.0,"label":"molecular"},{"weight":222.0,"label":"molecule"},{"weight":210.0,"label":"hydrogen"},{"weight":169.0,"label":"adsorption"},{"weight":168.0,"label":"organic"},{"weight":159.0,"label":"framework"},{"weight":154.0,"label":"form"},{"weight":152.0,"label":"phase"},{"weight":147.0,"label":"pressure"},{"weight":143.0,"label":"solvent"},{"weight":138.0,"label":"energy"},{"weight":138.0,"label":"high"},{"weight":136.0,"label":"crystal"},{"weight":131.0,"label":"material"},{"weight":127.0,"label":"bond"},{"weight":116.0,"label":"functional"},{"weight":116.0,"label":"metal"},{"weight":112.0,"label":"calculation"},{"weight":105.0,"label":"formation"},{"weight":105.0,"label":"experimental"},{"weight":104.0,"label":"surface"},{"weight":100.0,"label":"structural"}]},{"conceptId":5,"clusterId":0,"hexCoordinates":{"x":0.8660254037844386,"y":1.5},"labels":[{"weight":213.0,"label":"drug"},{"weight":196.0,"label":"release"},{"weight":191.0,"label":"silk"},{"weight":156.0,"label":"delivery"},{"weight":115.0,"label":"peg"},{"weight":90.0,"label":"load"},{"weight":46.0,"label":"poly"},{"weight":45.0,"label":"glycol"},{"weight":43.0,"label":"nacre"},{"weight":43.0,"label":"vitro"},{"weight":41.0,"label":"show"},{"weight":41.0,"label":"response"},{"weight":39.0,"label":"system"},{"weight":38.0,"label":"nanoparticle"},{"weight":34.0,"label":"loaded"},{"weight":31.0,"label":"design"},{"weight":30.0,"label":"polyethylene"},{"weight":30.0,"label":"vivo"},{"weight":30.0,"label":"therapy"},{"weight":30.0,"label":"deliver"},{"weight":28.0,"label":"beef"},{"weight":28.0,"label":"carrier"},{"weight":27.0,"label":"reparation"},{"weight":27.0,"label":"encapsulate"},{"weight":27.0,"label":"potential"}]}]}