{"linkageTable":[{"node2":13,"distance":0.45710810665767,"node1":8},{"node2":5,"distance":0.46734477988803,"node1":1},{"node2":11,"distance":0.468993550636475,"node1":0},{"node2":12,"distance":0.4771898739927475,"node1":18},{"node2":7,"distance":0.482041971549385,"node1":3},{"node2":10,"distance":0.4854510561211283,"node1":19},{"node2":15,"distance":0.4870969906462625,"node1":17},{"node2":14,"distance":0.48932516198186504,"node1":20},{"node2":4,"distance":0.4903701998887576,"node1":21},{"node2":16,"distance":0.4918145083586475,"node1":2},{"node2":22,"distance":0.493368852224562,"node1":24},{"node2":25,"distance":0.4947245417221269,"node1":26},{"node2":23,"distance":0.4956800555058985,"node1":27},{"node2":6,"distance":0.49800526880789214,"node1":28},{"node2":9,"distance":0.5,"node1":29}],"conceptsData":[{"conceptId":0,"clusterId":0,"hexCoordinates":{"x":0.0,"y":0.0},"labels":[{"weight":856.0,"label":"oxidative"},{"weight":790.0,"label":"stress"},{"weight":350.0,"label":"antioxidant"},{"weight":303.0,"label":"damage"},{"weight":261.0,"label":"increase"},{"weight":239.0,"label":"nox"},{"weight":238.0,"label":"reactive"},{"weight":223.0,"label":"oxygen"},{"weight":211.0,"label":"ros"},{"weight":207.0,"label":"species"},{"weight":164.0,"label":"level"},{"weight":159.0,"label":"induce"},{"weight":131.0,"label":"production"},{"weight":115.0,"label":"marker"},{"weight":108.0,"label":"superoxide"},{"weight":99.0,"label":"peroxide"},{"weight":96.0,"label":"sod"},{"weight":94.0,"label":"effect"},{"weight":92.0,"label":"reduce"},{"weight":90.0,"label":"activity"},{"weight":90.0,"label":"hydrogen"},{"weight":88.0,"label":"associate"},{"weight":87.0,"label":"glutathione"},{"weight":86.0,"label":"response"},{"weight":85.0,"label":"oxidase"}]},{"conceptId":-1,"clusterId":-1,"hexCoordinates":{"x":8.660254037844386,"y":3.0},"labels":[{"weight":2500,"label":"Unclassified"},{"weight":0,"label":""},{"weight":0,"label":""},{"weight":0,"label":""},{"weight":0,"label":""},{"weight":0,"label":""},{"weight":0,"label":""},{"weight":0,"label":""},{"weight":0,"label":""},{"weight":0,"label":""},{"weight":0,"label":""}]},{"conceptId":1,"clusterId":0,"hexCoordinates":{"x":2.598076211353316,"y":-1.5},"labels":[{"weight":2291.0,"label":"treatment"},{"weight":1466.0,"label":"day"},{"weight":1269.0,"label":"effect"},{"weight":1155.0,"label":"increase"},{"weight":923.0,"label":"result"},{"weight":880.0,"label":"control"},{"weight":823.0,"label":"study"},{"weight":755.0,"label":"dose"},{"weight":713.0,"label":"significantly"},{"weight":707.0,"label":"change"},{"weight":677.0,"label":"compare"},{"weight":645.0,"label":"significant"},{"weight":638.0,"label":"week"},{"weight":627.0,"label":"follow"},{"weight":625.0,"label":"reduction"},{"weight":608.0,"label":"reduce"},{"weight":596.0,"label":"time"},{"weight":562.0,"label":"treat"},{"weight":525.0,"label":"decrease"},{"weight":390.0,"label":"group"},{"weight":382.0,"label":"assess"},{"weight":375.0,"label":"conclusion"},{"weight":355.0,"label":"response"},{"weight":351.0,"label":"period"},{"weight":351.0,"label":"level"}]},{"conceptId":6,"clusterId":0,"hexCoordinates":{"x":-1.7320508075688772,"y":0.0},"labels":[{"weight":81.0,"label":"vivo"},{"weight":74.0,"label":"mitochondrial"},{"weight":49.0,"label":"drug"},{"weight":48.0,"label":"cardiac"},{"weight":45.0,"label":"cell"},{"weight":43.0,"label":"scn"},{"weight":42.0,"label":"cardiomyocyte"},{"weight":42.0,"label":"heart"},{"weight":39.0,"label":"channel"},{"weight":39.0,"label":"isolate"},{"weight":37.0,"label":"arrhythmia"},{"weight":35.0,"label":"atrial"},{"weight":32.0,"label":"apd"},{"weight":32.0,"label":"induce"},{"weight":32.0,"label":"change"},{"weight":30.0,"label":"action"},{"weight":30.0,"label":"effect"},{"weight":29.0,"label":"mitochondria"},{"weight":27.0,"label":"anti"},{"weight":26.0,"label":"itaconate"},{"weight":26.0,"label":"redox"},{"weight":26.0,"label":"sodium"},{"weight":26.0,"label":"current"},{"weight":25.0,"label":"salicylate"},{"weight":24.0,"label":"activation"}]},{"conceptId":3,"clusterId":0,"hexCoordinates":{"x":2.598076211353316,"y":1.5},"labels":[{"weight":179.0,"label":"leptin"},{"weight":159.0,"label":"expression"},{"weight":142.0,"label":"hormone"},{"weight":135.0,"label":"hypothalamic"},{"weight":115.0,"label":"oxytocin"},{"weight":100.0,"label":"receptor"},{"weight":97.0,"label":"hypothalamus"},{"weight":94.0,"label":"intake"},{"weight":93.0,"label":"energy"},{"weight":92.0,"label":"food"},{"weight":89.0,"label":"increase"},{"weight":84.0,"label":"appetite"},{"weight":80.0,"label":"nucleus"},{"weight":73.0,"label":"brain"},{"weight":71.0,"label":"regulation"},{"weight":71.0,"label":"weight"},{"weight":71.0,"label":"body"},{"weight":68.0,"label":"secretion"},{"weight":66.0,"label":"photoperiod"},{"weight":66.0,"label":"peptide"},{"weight":65.0,"label":"hamster"},{"weight":64.0,"label":"response"},{"weight":63.0,"label":"rat"},{"weight":62.0,"label":"regulate"},{"weight":61.0,"label":"pomc"}]},{"conceptId":13,"clusterId":0,"hexCoordinates":{"x":5.196152422706632,"y":0.0},"labels":[{"weight":259.0,"label":"insulin"},{"weight":229.0,"label":"autophagy"},{"weight":94.0,"label":"glucose"},{"weight":79.0,"label":"uptake"},{"weight":71.0,"label":"protein"},{"weight":65.0,"label":"atg"},{"weight":59.0,"label":"fgf"},{"weight":58.0,"label":"degradation"},{"weight":58.0,"label":"induce"},{"weight":57.0,"label":"muscle"},{"weight":54.0,"label":"increase"},{"weight":52.0,"label":"glut"},{"weight":50.0,"label":"adipogenesis"},{"weight":47.0,"label":"target"},{"weight":47.0,"label":"cell"},{"weight":46.0,"label":"vhl"},{"weight":41.0,"label":"protac"},{"weight":41.0,"label":"resistance"},{"weight":38.0,"label":"bace"},{"weight":37.0,"label":"lysosome"},{"weight":36.0,"label":"decrease"},{"weight":34.0,"label":"palmitate"},{"weight":34.0,"label":"adipocyte"},{"weight":33.0,"label":"fenretinide"},{"weight":33.0,"label":"skeletal"}]},{"conceptId":11,"clusterId":0,"hexCoordinates":{"x":1.7320508075688772,"y":0.0},"labels":[{"weight":298.0,"label":"vascular"},{"weight":209.0,"label":"platelet"},{"weight":209.0,"label":"mouse"},{"weight":205.0,"label":"endothelial"},{"weight":174.0,"label":"increase"},{"weight":158.0,"label":"effect"},{"weight":146.0,"label":"atherosclerosis"},{"weight":122.0,"label":"induce"},{"weight":113.0,"label":"inflammatory"},{"weight":107.0,"label":"plasma"},{"weight":100.0,"label":"cell"},{"weight":98.0,"label":"cardiovascular"},{"weight":95.0,"label":"receptor"},{"weight":93.0,"label":"smooth"},{"weight":90.0,"label":"apoe"},{"weight":88.0,"label":"reduce"},{"weight":87.0,"label":"inflammation"},{"weight":84.0,"label":"pvat"},{"weight":81.0,"label":"vsmc"},{"weight":79.0,"label":"role"},{"weight":77.0,"label":"expression"},{"weight":72.0,"label":"study"},{"weight":70.0,"label":"function"},{"weight":66.0,"label":"disease"},{"weight":64.0,"label":"associate"}]},{"conceptId":5,"clusterId":0,"hexCoordinates":{"x":3.4641016151377544,"y":-3.0},"labels":[{"weight":984.0,"label":"glucose"},{"weight":683.0,"label":"insulin"},{"weight":508.0,"label":"diabetes"},{"weight":462.0,"label":"blood"},{"weight":248.0,"label":"metabolic"},{"weight":239.0,"label":"level"},{"weight":225.0,"label":"type"},{"weight":205.0,"label":"plasma"},{"weight":172.0,"label":"mmol"},{"weight":161.0,"label":"fasting"},{"weight":146.0,"label":"resistance"},{"weight":138.0,"label":"concentration"},{"weight":119.0,"label":"cholesterol"},{"weight":118.0,"label":"marker"},{"weight":113.0,"label":"high"},{"weight":110.0,"label":"associate"},{"weight":101.0,"label":"tolerance"},{"weight":99.0,"label":"fast"},{"weight":98.0,"label":"metformin"},{"weight":98.0,"label":"impaired"},{"weight":90.0,"label":"control"},{"weight":90.0,"label":"higher"},{"weight":90.0,"label":"lower"},{"weight":83.0,"label":"individual"},{"weight":81.0,"label":"sensitivity"}]},{"conceptId":2,"clusterId":0,"hexCoordinates":{"x":4.330127018922193,"y":-1.5},"labels":[{"weight":1489.0,"label":"muscle"},{"weight":354.0,"label":"skeletal"},{"weight":332.0,"label":"protein"},{"weight":151.0,"label":"exercise"},{"weight":150.0,"label":"increase"},{"weight":145.0,"label":"mass"},{"weight":86.0,"label":"response"},{"weight":71.0,"label":"sarcopenia"},{"weight":69.0,"label":"contraction"},{"weight":67.0,"label":"cachexia"},{"weight":60.0,"label":"healthy"},{"weight":60.0,"label":"function"},{"weight":57.0,"label":"mvc"},{"weight":56.0,"label":"change"},{"weight":54.0,"label":"myotube"},{"weight":53.0,"label":"stimulation"},{"weight":52.0,"label":"strain"},{"weight":50.0,"label":"associate"},{"weight":48.0,"label":"creatine"},{"weight":48.0,"label":"resistance"},{"weight":47.0,"label":"compare"},{"weight":46.0,"label":"rest"},{"weight":44.0,"label":"supplementation"},{"weight":44.0,"label":"follow"},{"weight":43.0,"label":"biopsy"}]},{"conceptId":7,"clusterId":0,"hexCoordinates":{"x":3.4641016151377544,"y":3.0},"labels":[{"weight":250.0,"label":"stress"},{"weight":225.0,"label":"cortisol"},{"weight":211.0,"label":"axis"},{"weight":184.0,"label":"pituitary"},{"weight":156.0,"label":"response"},{"weight":150.0,"label":"glucocorticoid"},{"weight":137.0,"label":"hormone"},{"weight":127.0,"label":"level"},{"weight":122.0,"label":"adrenal"},{"weight":113.0,"label":"hpa"},{"weight":103.0,"label":"effect"},{"weight":87.0,"label":"corticosterone"},{"weight":83.0,"label":"physiological"},{"weight":79.0,"label":"receptor"},{"weight":77.0,"label":"release"},{"weight":76.0,"label":"life"},{"weight":74.0,"label":"exposure"},{"weight":71.0,"label":"hypothalamic"},{"weight":69.0,"label":"cort"},{"weight":66.0,"label":"expression"},{"weight":63.0,"label":"behavior"},{"weight":62.0,"label":"secretion"},{"weight":60.0,"label":"concentration"},{"weight":59.0,"label":"ehec"},{"weight":59.0,"label":"salivary"}]},{"conceptId":14,"clusterId":0,"hexCoordinates":{"x":4.330127018922193,"y":1.5},"labels":[{"weight":1518.0,"label":"stress"},{"weight":314.0,"label":"cortisol"},{"weight":304.0,"label":"hsd"},{"weight":294.0,"label":"level"},{"weight":286.0,"label":"response"},{"weight":249.0,"label":"glucocorticoid"},{"weight":175.0,"label":"increase"},{"weight":111.0,"label":"activity"},{"weight":108.0,"label":"control"},{"weight":104.0,"label":"stressor"},{"weight":90.0,"label":"reactivity"},{"weight":84.0,"label":"acute"},{"weight":81.0,"label":"exposure"},{"weight":80.0,"label":"corticosterone"},{"weight":79.0,"label":"induce"},{"weight":64.0,"label":"associate"},{"weight":64.0,"label":"higher"},{"weight":61.0,"label":"physiological"},{"weight":59.0,"label":"stressful"},{"weight":58.0,"label":"blunt"},{"weight":55.0,"label":"effect"},{"weight":54.0,"label":"significantly"},{"weight":53.0,"label":"reduce"},{"weight":52.0,"label":"elevated"},{"weight":51.0,"label":"dehydrogenase"}]},{"conceptId":10,"clusterId":0,"hexCoordinates":{"x":0.8660254037844386,"y":1.5},"labels":[{"weight":450.0,"label":"vascular"},{"weight":345.0,"label":"endothelial"},{"weight":239.0,"label":"vessel"},{"weight":237.0,"label":"artery"},{"weight":234.0,"label":"blood"},{"weight":192.0,"label":"flow"},{"weight":188.0,"label":"stent"},{"weight":127.0,"label":"function"},{"weight":116.0,"label":"endothelium"},{"weight":102.0,"label":"cell"},{"weight":98.0,"label":"vein"},{"weight":90.0,"label":"muscle"},{"weight":90.0,"label":"smooth"},{"weight":84.0,"label":"arterial"},{"weight":76.0,"label":"increase"},{"weight":75.0,"label":"coronary"},{"weight":69.0,"label":"smc"},{"weight":68.0,"label":"capillary"},{"weight":64.0,"label":"wall"},{"weight":60.0,"label":"response"},{"weight":58.0,"label":"release"},{"weight":53.0,"label":"reduce"},{"weight":50.0,"label":"dysfunction"},{"weight":49.0,"label":"study"},{"weight":47.0,"label":"acetylcholine"}]},{"conceptId":12,"clusterId":0,"hexCoordinates":{"x":0.8660254037844386,"y":-1.5},"labels":[{"weight":446.0,"label":"hypertension"},{"weight":377.0,"label":"blood"},{"weight":289.0,"label":"pressure"},{"weight":252.0,"label":"rat"},{"weight":205.0,"label":"vascular"},{"weight":162.0,"label":"increase"},{"weight":108.0,"label":"hypertensive"},{"weight":107.0,"label":"arterial"},{"weight":98.0,"label":"cardiovascular"},{"weight":94.0,"label":"aldosterone"},{"weight":92.0,"label":"ang"},{"weight":90.0,"label":"shrsp"},{"weight":87.0,"label":"cardiac"},{"weight":83.0,"label":"renal"},{"weight":82.0,"label":"trpm"},{"weight":77.0,"label":"function"},{"weight":74.0,"label":"effect"},{"weight":73.0,"label":"artery"},{"weight":66.0,"label":"endothelial"},{"weight":66.0,"label":"angiotensin"},{"weight":65.0,"label":"pulmonary"},{"weight":63.0,"label":"heart"},{"weight":58.0,"label":"reduce"},{"weight":52.0,"label":"infusion"},{"weight":50.0,"label":"dysfunction"}]},{"conceptId":15,"clusterId":0,"hexCoordinates":{"x":1.7320508075688772,"y":-3.0},"labels":[{"weight":238.0,"label":"salt"},{"weight":224.0,"label":"sodium"},{"weight":122.0,"label":"fluid"},{"weight":87.0,"label":"intake"},{"weight":77.0,"label":"water"},{"weight":69.0,"label":"caffeine"},{"weight":55.0,"label":"excretion"},{"weight":50.0,"label":"beaver"},{"weight":50.0,"label":"chloride"},{"weight":41.0,"label":"hydration"},{"weight":39.0,"label":"low"},{"weight":36.0,"label":"urine"},{"weight":36.0,"label":"serum"},{"weight":36.0,"label":"increase"},{"weight":36.0,"label":"study"},{"weight":35.0,"label":"concentration"},{"weight":35.0,"label":"effect"},{"weight":34.0,"label":"beverage"},{"weight":34.0,"label":"high"},{"weight":33.0,"label":"blood"},{"weight":32.0,"label":"dietary"},{"weight":31.0,"label":"state"},{"weight":29.0,"label":"coffee"},{"weight":28.0,"label":"consumption"},{"weight":28.0,"label":"trial"}]},{"conceptId":8,"clusterId":0,"hexCoordinates":{"x":3.4641016151377544,"y":0.0},"labels":[{"weight":580.0,"label":"fat"},{"weight":462.0,"label":"tissue"},{"weight":436.0,"label":"adipose"},{"weight":419.0,"label":"mouse"},{"weight":401.0,"label":"insulin"},{"weight":302.0,"label":"obesity"},{"weight":285.0,"label":"diet"},{"weight":279.0,"label":"metabolic"},{"weight":277.0,"label":"increase"},{"weight":246.0,"label":"glucose"},{"weight":243.0,"label":"adipocyte"},{"weight":230.0,"label":"body"},{"weight":197.0,"label":"high"},{"weight":164.0,"label":"liver"},{"weight":158.0,"label":"restriction"},{"weight":156.0,"label":"resistance"},{"weight":150.0,"label":"feed"},{"weight":136.0,"label":"hfd"},{"weight":135.0,"label":"level"},{"weight":131.0,"label":"associate"},{"weight":127.0,"label":"metabolism"},{"weight":119.0,"label":"energy"},{"weight":112.0,"label":"visceral"},{"weight":108.0,"label":"effect"},{"weight":105.0,"label":"weight"}]},{"conceptId":9,"clusterId":0,"hexCoordinates":{"x":2.598076211353316,"y":-4.5},"labels":[{"weight":71.0,"label":"belt"},{"weight":49.0,"label":"norovirus"},{"weight":38.0,"label":"endotoxin"},{"weight":27.0,"label":"depuration"},{"weight":27.0,"label":"cavitation"},{"weight":23.0,"label":"level"},{"weight":17.0,"label":"shellfish"},{"weight":16.0,"label":"astrocyte"},{"weight":16.0,"label":"concentration"},{"weight":15.0,"label":"describe"},{"weight":13.0,"label":"minimum"},{"weight":13.0,"label":"suggest"},{"weight":12.0,"label":"phenazepam"},{"weight":12.0,"label":"benzodiazepine"},{"weight":12.0,"label":"junction"},{"weight":11.0,"label":"grid"},{"weight":9.0,"label":"csf"},{"weight":9.0,"label":"cavitating"},{"weight":9.0,"label":"plasma"},{"weight":9.0,"label":"demonstrate"},{"weight":8.0,"label":"hat"},{"weight":8.0,"label":"sign"},{"weight":8.0,"label":"variability"},{"weight":7.0,"label":"ssvf"},{"weight":7.0,"label":"gpis"}]},{"conceptId":4,"clusterId":0,"hexCoordinates":{"x":-0.8660254037844386,"y":-1.5},"labels":[{"weight":227.0,"label":"pulmonary"},{"weight":166.0,"label":"pah"},{"weight":165.0,"label":"hypoxia"},{"weight":114.0,"label":"hypertension"},{"weight":106.0,"label":"hif"},{"weight":103.0,"label":"hypoxic"},{"weight":94.0,"label":"hpasmc"},{"weight":93.0,"label":"estrogen"},{"weight":92.0,"label":"increase"},{"weight":88.0,"label":"expression"},{"weight":87.0,"label":"bmp"},{"weight":75.0,"label":"arterial"},{"weight":71.0,"label":"protein"},{"weight":65.0,"label":"serotonin"},{"weight":62.0,"label":"mouse"},{"weight":55.0,"label":"receptor"},{"weight":53.0,"label":"smooth"},{"weight":53.0,"label":"human"},{"weight":52.0,"label":"induce"},{"weight":51.0,"label":"proliferation"},{"weight":51.0,"label":"vascular"},{"weight":51.0,"label":"cell"},{"weight":50.0,"label":"bmpr"},{"weight":48.0,"label":"muscle"},{"weight":48.0,"label":"reduce"}]}]}