[{"topicData":[{"numberOfDocuments":0.0,"label":"Heriot-Watt University"},{"numberOfDocuments":0.0,"label":"Robert Gordon University"},{"numberOfDocuments":0.0,"label":"Glasgow Caledonian University"},{"numberOfDocuments":0.0,"label":"Queen Margaret University"},{"numberOfDocuments":0.0,"label":"University of Dundee"},{"numberOfDocuments":0.0,"label":"University of the Highlands and Islands"},{"numberOfDocuments":0.0,"label":"Edinburgh Napier University"},{"numberOfDocuments":0.0,"label":"University of Stirling"},{"numberOfDocuments":0.0,"label":"Abertay University"},{"numberOfDocuments":0.0,"label":"University of Aberdeen"},{"numberOfDocuments":0.0,"label":"University of Edinburgh"},{"numberOfDocuments":0.0,"label":"University of the West of Scotland"},{"numberOfDocuments":0.0,"label":"University of Glasgow"},{"numberOfDocuments":0.0,"label":"University of St Andrews"},{"numberOfDocuments":0.0,"label":"University of Strathclyde"}],"conceptId":-1},{"topicData":[{"numberOfDocuments":0.6471143101641974,"label":"Heriot-Watt University"},{"numberOfDocuments":0.19536364613612717,"label":"Robert Gordon University"},{"numberOfDocuments":0.07928812505248727,"label":"Glasgow Caledonian University"},{"numberOfDocuments":0.06359180101606682,"label":"Queen Margaret University"},{"numberOfDocuments":0.35712796832780846,"label":"University of Dundee"},{"numberOfDocuments":0.5612543341464835,"label":"University of the Highlands and Islands"},{"numberOfDocuments":0.3698113579934001,"label":"Edinburgh Napier University"},{"numberOfDocuments":0.6278358659967654,"label":"University of Stirling"},{"numberOfDocuments":0.00909090909090909,"label":"Abertay University"},{"numberOfDocuments":1.4824831088459596,"label":"University of Aberdeen"},{"numberOfDocuments":149.43835658109006,"label":"University of Edinburgh"},{"numberOfDocuments":0.43136433223231097,"label":"University of the West of Scotland"},{"numberOfDocuments":262.40900621215087,"label":"University of Glasgow"},{"numberOfDocuments":1.7332667435720115,"label":"University of St Andrews"},{"numberOfDocuments":2.8240704318095826,"label":"University of Strathclyde"}],"conceptId":0},{"topicData":[{"numberOfDocuments":0.5205682922049132,"label":"Heriot-Watt University"},{"numberOfDocuments":0.04271092601263379,"label":"Robert Gordon University"},{"numberOfDocuments":0.0,"label":"Glasgow Caledonian University"},{"numberOfDocuments":0.17299578059071732,"label":"Queen Margaret University"},{"numberOfDocuments":0.3051192398488263,"label":"University of Dundee"},{"numberOfDocuments":0.0864796835670622,"label":"University of the Highlands and Islands"},{"numberOfDocuments":0.01594022415940224,"label":"Edinburgh Napier University"},{"numberOfDocuments":0.37508875622533816,"label":"University of Stirling"},{"numberOfDocuments":0.0460453459229469,"label":"Abertay University"},{"numberOfDocuments":0.13786337929006473,"label":"University of Aberdeen"},{"numberOfDocuments":14.858087466485241,"label":"University of Edinburgh"},{"numberOfDocuments":0.2356438793900566,"label":"University of the West of Scotland"},{"numberOfDocuments":25.627463771216807,"label":"University of Glasgow"},{"numberOfDocuments":0.2661927502864847,"label":"University of St Andrews"},{"numberOfDocuments":1.0831564556393813,"label":"University of Strathclyde"}],"conceptId":1},{"topicData":[{"numberOfDocuments":0.8800429864743019,"label":"Heriot-Watt University"},{"numberOfDocuments":0.2368588161276858,"label":"Robert Gordon University"},{"numberOfDocuments":0.014770023790642347,"label":"Glasgow Caledonian University"},{"numberOfDocuments":0.061995223329045515,"label":"Queen Margaret University"},{"numberOfDocuments":0.282522162521044,"label":"University of Dundee"},{"numberOfDocuments":0.09797380374887973,"label":"University of the Highlands and Islands"},{"numberOfDocuments":0.14824531403690694,"label":"Edinburgh Napier University"},{"numberOfDocuments":0.3592218696119021,"label":"University of Stirling"},{"numberOfDocuments":0.029914529914529916,"label":"Abertay University"},{"numberOfDocuments":0.24279175295003338,"label":"University of Aberdeen"},{"numberOfDocuments":80.308065310087,"label":"University of Edinburgh"},{"numberOfDocuments":0.06383189668073389,"label":"University of the West of Scotland"},{"numberOfDocuments":139.14172576051814,"label":"University of Glasgow"},{"numberOfDocuments":1.2053442736443238,"label":"University of St Andrews"},{"numberOfDocuments":1.036898417150346,"label":"University of Strathclyde"}],"conceptId":2},{"topicData":[{"numberOfDocuments":2.3826386625788376,"label":"Heriot-Watt University"},{"numberOfDocuments":0.5029108449941774,"label":"Robert Gordon University"},{"numberOfDocuments":0.6215317207730924,"label":"Glasgow Caledonian University"},{"numberOfDocuments":0.7129819606557734,"label":"Queen Margaret University"},{"numberOfDocuments":0.9317136189631565,"label":"University of Dundee"},{"numberOfDocuments":0.6128745603425664,"label":"University of the Highlands and Islands"},{"numberOfDocuments":1.0389187984669124,"label":"Edinburgh Napier University"},{"numberOfDocuments":2.4596610314484333,"label":"University of Stirling"},{"numberOfDocuments":0.19456994889401624,"label":"Abertay University"},{"numberOfDocuments":1.497550672267691,"label":"University of Aberdeen"},{"numberOfDocuments":33.12661051440015,"label":"University of Edinburgh"},{"numberOfDocuments":0.6528490934836542,"label":"University of the West of Scotland"},{"numberOfDocuments":39.82447244557284,"label":"University of Glasgow"},{"numberOfDocuments":2.735557465865401,"label":"University of St Andrews"},{"numberOfDocuments":3.9122750490269076,"label":"University of Strathclyde"}],"conceptId":3},{"topicData":[{"numberOfDocuments":0.02214960058097313,"label":"Heriot-Watt University"},{"numberOfDocuments":0.04716981132075471,"label":"Robert Gordon University"},{"numberOfDocuments":0.0,"label":"Glasgow Caledonian University"},{"numberOfDocuments":0.019109840751327073,"label":"Queen Margaret University"},{"numberOfDocuments":0.016216565447732267,"label":"University of Dundee"},{"numberOfDocuments":0.06627748949839388,"label":"University of the Highlands and Islands"},{"numberOfDocuments":0.08,"label":"Edinburgh Napier University"},{"numberOfDocuments":0.054642200803375854,"label":"University of Stirling"},{"numberOfDocuments":0.008771929824561403,"label":"Abertay University"},{"numberOfDocuments":0.19636063373788312,"label":"University of Aberdeen"},{"numberOfDocuments":34.764204084945334,"label":"University of Edinburgh"},{"numberOfDocuments":0.013988750305698214,"label":"University of the West of Scotland"},{"numberOfDocuments":46.84148617965536,"label":"University of Glasgow"},{"numberOfDocuments":0.26333358842715104,"label":"University of St Andrews"},{"numberOfDocuments":0.2619254115522772,"label":"University of Strathclyde"}],"conceptId":4},{"topicData":[{"numberOfDocuments":0.6026074246038509,"label":"Heriot-Watt University"},{"numberOfDocuments":0.016666666666666666,"label":"Robert Gordon University"},{"numberOfDocuments":0.007936507936507936,"label":"Glasgow Caledonian University"},{"numberOfDocuments":0.03611111111111111,"label":"Queen Margaret University"},{"numberOfDocuments":0.4903521196903724,"label":"University of Dundee"},{"numberOfDocuments":0.0,"label":"University of the Highlands and Islands"},{"numberOfDocuments":0.29447233455963334,"label":"Edinburgh Napier University"},{"numberOfDocuments":0.1783546931889633,"label":"University of Stirling"},{"numberOfDocuments":0.1619047619047619,"label":"Abertay University"},{"numberOfDocuments":0.26515300870631686,"label":"University of Aberdeen"},{"numberOfDocuments":23.875919346819348,"label":"University of Edinburgh"},{"numberOfDocuments":0.21230329342398518,"label":"University of the West of Scotland"},{"numberOfDocuments":19.572639095939095,"label":"University of Glasgow"},{"numberOfDocuments":1.1901183697340498,"label":"University of St Andrews"},{"numberOfDocuments":1.2227268297751805,"label":"University of Strathclyde"}],"conceptId":5},{"topicData":[{"numberOfDocuments":1.0140527316332644,"label":"Heriot-Watt University"},{"numberOfDocuments":0.10271719587886748,"label":"Robert Gordon University"},{"numberOfDocuments":0.10902721980237098,"label":"Glasgow Caledonian University"},{"numberOfDocuments":0.0948016659795042,"label":"Queen Margaret University"},{"numberOfDocuments":0.33405975117699005,"label":"University of Dundee"},{"numberOfDocuments":0.062463851937536154,"label":"University of the Highlands and Islands"},{"numberOfDocuments":0.06171396335913314,"label":"Edinburgh Napier University"},{"numberOfDocuments":0.20927170052013408,"label":"University of Stirling"},{"numberOfDocuments":0.021136945155189678,"label":"Abertay University"},{"numberOfDocuments":0.8195268073044365,"label":"University of Aberdeen"},{"numberOfDocuments":28.41705633331185,"label":"University of Edinburgh"},{"numberOfDocuments":3.1885589785071886,"label":"University of the West of Scotland"},{"numberOfDocuments":80.47285374326835,"label":"University of Glasgow"},{"numberOfDocuments":0.83570774563562,"label":"University of St Andrews"},{"numberOfDocuments":2.726563085453247,"label":"University of Strathclyde"}],"conceptId":6},{"topicData":[{"numberOfDocuments":0.13925502308861062,"label":"Heriot-Watt University"},{"numberOfDocuments":0.04551820728291316,"label":"Robert Gordon University"},{"numberOfDocuments":0.009433962264150943,"label":"Glasgow Caledonian University"},{"numberOfDocuments":0.007936507936507936,"label":"Queen Margaret University"},{"numberOfDocuments":0.3114283504764911,"label":"University of Dundee"},{"numberOfDocuments":0.009900990099009901,"label":"University of the Highlands and Islands"},{"numberOfDocuments":0.06155852273615385,"label":"Edinburgh Napier University"},{"numberOfDocuments":0.09780380522038498,"label":"University of Stirling"},{"numberOfDocuments":0.05172413793103448,"label":"Abertay University"},{"numberOfDocuments":0.36441738626804215,"label":"University of Aberdeen"},{"numberOfDocuments":53.52629081899036,"label":"University of Edinburgh"},{"numberOfDocuments":0.09742862085440795,"label":"University of the West of Scotland"},{"numberOfDocuments":72.06936847774547,"label":"University of Glasgow"},{"numberOfDocuments":0.34634644116124746,"label":"University of St Andrews"},{"numberOfDocuments":0.239091752558756,"label":"University of Strathclyde"}],"conceptId":7},{"topicData":[{"numberOfDocuments":0.9166438917700337,"label":"Heriot-Watt University"},{"numberOfDocuments":0.11578993256315093,"label":"Robert Gordon University"},{"numberOfDocuments":0.02832244008714597,"label":"Glasgow Caledonian University"},{"numberOfDocuments":0.14568201647930568,"label":"Queen Margaret University"},{"numberOfDocuments":0.5299118759322657,"label":"University of Dundee"},{"numberOfDocuments":0.08566433566433566,"label":"University of the Highlands and Islands"},{"numberOfDocuments":0.1825273600572682,"label":"Edinburgh Napier University"},{"numberOfDocuments":0.17136126132515642,"label":"University of Stirling"},{"numberOfDocuments":0.04740957966764418,"label":"Abertay University"},{"numberOfDocuments":0.42415661338476324,"label":"University of Aberdeen"},{"numberOfDocuments":97.7924392224601,"label":"University of Edinburgh"},{"numberOfDocuments":0.1511554641056868,"label":"University of the West of Scotland"},{"numberOfDocuments":141.951928708605,"label":"University of Glasgow"},{"numberOfDocuments":1.4323275665436135,"label":"University of St Andrews"},{"numberOfDocuments":2.0140249039730436,"label":"University of Strathclyde"}],"conceptId":8},{"topicData":[{"numberOfDocuments":0.25156032914454973,"label":"Heriot-Watt University"},{"numberOfDocuments":0.08090986799531286,"label":"Robert Gordon University"},{"numberOfDocuments":0.05531324345757335,"label":"Glasgow Caledonian University"},{"numberOfDocuments":0.031235750113999088,"label":"Queen Margaret University"},{"numberOfDocuments":0.3624526150194643,"label":"University of Dundee"},{"numberOfDocuments":0.10895673191498963,"label":"University of the Highlands and Islands"},{"numberOfDocuments":0.03555899120687989,"label":"Edinburgh Napier University"},{"numberOfDocuments":0.17256053761560586,"label":"University of Stirling"},{"numberOfDocuments":0.1411764705882353,"label":"Abertay University"},{"numberOfDocuments":0.19138227688986703,"label":"University of Aberdeen"},{"numberOfDocuments":44.31677437513792,"label":"University of Edinburgh"},{"numberOfDocuments":0.027777777777777776,"label":"University of the West of Scotland"},{"numberOfDocuments":76.57399310941209,"label":"University of Glasgow"},{"numberOfDocuments":0.5226570020899044,"label":"University of St Andrews"},{"numberOfDocuments":0.530506622692613,"label":"University of Strathclyde"}],"conceptId":9},{"topicData":[{"numberOfDocuments":0.4235070955759893,"label":"Heriot-Watt University"},{"numberOfDocuments":0.0,"label":"Robert Gordon University"},{"numberOfDocuments":0.0,"label":"Glasgow Caledonian University"},{"numberOfDocuments":0.05709645177411294,"label":"Queen Margaret University"},{"numberOfDocuments":0.2689419429696557,"label":"University of Dundee"},{"numberOfDocuments":0.0,"label":"University of the Highlands and Islands"},{"numberOfDocuments":0.10580080963823932,"label":"Edinburgh Napier University"},{"numberOfDocuments":0.2810958760987572,"label":"University of Stirling"},{"numberOfDocuments":0.035211267605633804,"label":"Abertay University"},{"numberOfDocuments":0.25678881839628964,"label":"University of Aberdeen"},{"numberOfDocuments":36.323899602838324,"label":"University of Edinburgh"},{"numberOfDocuments":0.27001731180870026,"label":"University of the West of Scotland"},{"numberOfDocuments":60.92894064362717,"label":"University of Glasgow"},{"numberOfDocuments":0.6213168360552251,"label":"University of St Andrews"},{"numberOfDocuments":0.8792683636097768,"label":"University of Strathclyde"}],"conceptId":10}]