{"linkageTable":[{"node2":16,"distance":0.464450242864285,"node1":4},{"node2":8,"distance":0.468262342247265,"node1":6},{"node2":10,"distance":0.4690765570194,"node1":2},{"node2":1,"distance":0.47309604648355,"node1":0},{"node2":13,"distance":0.47362461847059,"node1":11},{"node2":7,"distance":0.48039091884808,"node1":19},{"node2":23,"distance":0.48227033567586003,"node1":20},{"node2":24,"distance":0.48529257382713165,"node1":22},{"node2":14,"distance":0.4859881954660225,"node1":21},{"node2":17,"distance":0.487407963132915,"node1":26},{"node2":25,"distance":0.4888104282125136,"node1":28},{"node2":15,"distance":0.49206333514507666,"node1":27},{"node2":30,"distance":0.4926013193153899,"node1":29},{"node2":5,"distance":0.49394295757965,"node1":3},{"node2":9,"distance":0.4966160169950658,"node1":31},{"node2":32,"distance":0.49691488064232936,"node1":33},{"node2":12,"distance":0.4982252956016068,"node1":34},{"node2":18,"distance":0.4988621216027947,"node1":35}],"conceptsData":[{"conceptId":6,"clusterId":0,"hexCoordinates":{"x":4.330127018922193,"y":-4.5},"labels":[{"weight":1030.0,"label":"law"},{"weight":411.0,"label":"court"},{"weight":379.0,"label":"legal"},{"weight":299.0,"label":"article"},{"weight":246.0,"label":"rights"},{"weight":226.0,"label":"dispute"},{"weight":224.0,"label":"rule"},{"weight":202.0,"label":"international"},{"weight":194.0,"label":"case"},{"weight":182.0,"label":"state"},{"weight":176.0,"label":"jurisdiction"},{"weight":168.0,"label":"contract"},{"weight":141.0,"label":"convention"},{"weight":137.0,"label":"party"},{"weight":134.0,"label":"arbitration"},{"weight":128.0,"label":"protection"},{"weight":124.0,"label":"principle"},{"weight":120.0,"label":"property"},{"weight":111.0,"label":"decision"},{"weight":107.0,"label":"act"},{"weight":104.0,"label":"regime"},{"weight":101.0,"label":"agreement"},{"weight":100.0,"label":"regulation"},{"weight":92.0,"label":"european"},{"weight":89.0,"label":"provision"}]},{"conceptId":-1,"clusterId":-1,"hexCoordinates":{"x":9.526279441628825,"y":1.5},"labels":[{"weight":2500,"label":"Unclassified"},{"weight":0,"label":""},{"weight":0,"label":""},{"weight":0,"label":""},{"weight":0,"label":""},{"weight":0,"label":""},{"weight":0,"label":""},{"weight":0,"label":""},{"weight":0,"label":""},{"weight":0,"label":""},{"weight":0,"label":""}]},{"conceptId":5,"clusterId":0,"hexCoordinates":{"x":5.196152422706632,"y":0.0},"labels":[{"weight":676.0,"label":"police"},{"weight":135.0,"label":"officer"},{"weight":104.0,"label":"crime"},{"weight":87.0,"label":"unit"},{"weight":84.0,"label":"training"},{"weight":79.0,"label":"forensic"},{"weight":72.0,"label":"investigation"},{"weight":67.0,"label":"scotland"},{"weight":58.0,"label":"miss"},{"weight":45.0,"label":"apgar"},{"weight":38.0,"label":"search"},{"weight":37.0,"label":"force"},{"weight":36.0,"label":"custody"},{"weight":32.0,"label":"abuse"},{"weight":32.0,"label":"service"},{"weight":32.0,"label":"justice"},{"weight":31.0,"label":"scottish"},{"weight":31.0,"label":"evidence"},{"weight":28.0,"label":"stop"},{"weight":28.0,"label":"min"},{"weight":27.0,"label":"reform"},{"weight":26.0,"label":"person"},{"weight":23.0,"label":"evofit"},{"weight":23.0,"label":"procedural"},{"weight":23.0,"label":"prompt"}]},{"conceptId":11,"clusterId":0,"hexCoordinates":{"x":3.4641016151377544,"y":-3.0},"labels":[{"weight":867.0,"label":"rights"},{"weight":641.0,"label":"human"},{"weight":588.0,"label":"international"},{"weight":368.0,"label":"law"},{"weight":237.0,"label":"legal"},{"weight":192.0,"label":"justice"},{"weight":172.0,"label":"convention"},{"weight":160.0,"label":"climate"},{"weight":158.0,"label":"article"},{"weight":156.0,"label":"global"},{"weight":145.0,"label":"agreement"},{"weight":120.0,"label":"state"},{"weight":106.0,"label":"nation"},{"weight":92.0,"label":"paris"},{"weight":91.0,"label":"framework"},{"weight":82.0,"label":"treaty"},{"weight":80.0,"label":"regime"},{"weight":77.0,"label":"unite"},{"weight":72.0,"label":"chapter"},{"weight":72.0,"label":"national"},{"weight":71.0,"label":"obligation"},{"weight":70.0,"label":"party"},{"weight":69.0,"label":"norm"},{"weight":69.0,"label":"protection"},{"weight":61.0,"label":"domestic"}]},{"conceptId":4,"clusterId":0,"hexCoordinates":{"x":0.0,"y":0.0},"labels":[{"weight":1148.0,"label":"political"},{"weight":1055.0,"label":"party"},{"weight":401.0,"label":"election"},{"weight":331.0,"label":"government"},{"weight":277.0,"label":"article"},{"weight":260.0,"label":"politics"},{"weight":237.0,"label":"voter"},{"weight":227.0,"label":"campaign"},{"weight":227.0,"label":"issue"},{"weight":209.0,"label":"vote"},{"weight":166.0,"label":"electoral"},{"weight":164.0,"label":"debate"},{"weight":164.0,"label":"national"},{"weight":151.0,"label":"state"},{"weight":149.0,"label":"coalition"},{"weight":132.0,"label":"public"},{"weight":131.0,"label":"democracy"},{"weight":128.0,"label":"referendum"},{"weight":128.0,"label":"candidate"},{"weight":126.0,"label":"policy"},{"weight":125.0,"label":"independence"},{"weight":124.0,"label":"conservative"},{"weight":121.0,"label":"parliamentary"},{"weight":121.0,"label":"analysis"},{"weight":117.0,"label":"politician"}]},{"conceptId":1,"clusterId":0,"hexCoordinates":{"x":2.598076211353316,"y":-1.5},"labels":[{"weight":1326.0,"label":"european"},{"weight":1319.0,"label":"country"},{"weight":544.0,"label":"state"},{"weight":480.0,"label":"policy"},{"weight":448.0,"label":"national"},{"weight":438.0,"label":"europe"},{"weight":398.0,"label":"international"},{"weight":394.0,"label":"union"},{"weight":316.0,"label":"global"},{"weight":259.0,"label":"member"},{"weight":209.0,"label":"economic"},{"weight":203.0,"label":"development"},{"weight":191.0,"label":"level"},{"weight":184.0,"label":"fund"},{"weight":166.0,"label":"aid"},{"weight":150.0,"label":"trade"},{"weight":147.0,"label":"article"},{"weight":145.0,"label":"world"},{"weight":140.0,"label":"commission"},{"weight":137.0,"label":"system"},{"weight":128.0,"label":"cross"},{"weight":119.0,"label":"foreign"},{"weight":107.0,"label":"domestic"},{"weight":106.0,"label":"organization"},{"weight":104.0,"label":"cooperation"}]},{"conceptId":17,"clusterId":0,"hexCoordinates":{"x":1.7320508075688772,"y":-3.0},"labels":[{"weight":439.0,"label":"public"},{"weight":403.0,"label":"political"},{"weight":388.0,"label":"citizen"},{"weight":384.0,"label":"society"},{"weight":349.0,"label":"participation"},{"weight":347.0,"label":"social"},{"weight":217.0,"label":"institution"},{"weight":193.0,"label":"democratic"},{"weight":184.0,"label":"citizenship"},{"weight":177.0,"label":"democracy"},{"weight":176.0,"label":"civil"},{"weight":146.0,"label":"people"},{"weight":141.0,"label":"rights"},{"weight":139.0,"label":"authority"},{"weight":134.0,"label":"engagement"},{"weight":124.0,"label":"article"},{"weight":123.0,"label":"governance"},{"weight":114.0,"label":"activist"},{"weight":113.0,"label":"involve"},{"weight":113.0,"label":"government"},{"weight":112.0,"label":"community"},{"weight":111.0,"label":"participatory"},{"weight":111.0,"label":"issue"},{"weight":110.0,"label":"process"},{"weight":107.0,"label":"politics"}]},{"conceptId":18,"clusterId":0,"hexCoordinates":{"x":0.8660254037844386,"y":-4.5},"labels":[{"weight":203.0,"label":"security"},{"weight":89.0,"label":"police"},{"weight":48.0,"label":"people"},{"weight":45.0,"label":"young"},{"weight":42.0,"label":"intelligence"},{"weight":35.0,"label":"desistance"},{"weight":33.0,"label":"article"},{"weight":32.0,"label":"paper"},{"weight":31.0,"label":"geopolitics"},{"weight":29.0,"label":"scotland"},{"weight":28.0,"label":"ontological"},{"weight":28.0,"label":"officer"},{"weight":27.0,"label":"everyday"},{"weight":25.0,"label":"insecurity"},{"weight":25.0,"label":"explore"},{"weight":24.0,"label":"minority"},{"weight":24.0,"label":"draw"},{"weight":24.0,"label":"examine"},{"weight":22.0,"label":"religious"},{"weight":22.0,"label":"youth"},{"weight":22.0,"label":"focus"},{"weight":21.0,"label":"analysis"},{"weight":20.0,"label":"nationalism"},{"weight":20.0,"label":"feminist"},{"weight":20.0,"label":"representation"}]},{"conceptId":16,"clusterId":0,"hexCoordinates":{"x":1.7320508075688772,"y":0.0},"labels":[{"weight":809.0,"label":"scotland"},{"weight":705.0,"label":"scottish"},{"weight":430.0,"label":"referendum"},{"weight":363.0,"label":"independence"},{"weight":306.0,"label":"union"},{"weight":296.0,"label":"brexit"},{"weight":244.0,"label":"european"},{"weight":240.0,"label":"political"},{"weight":234.0,"label":"government"},{"weight":218.0,"label":"constitutional"},{"weight":188.0,"label":"power"},{"weight":169.0,"label":"parliament"},{"weight":154.0,"label":"membership"},{"weight":152.0,"label":"leave"},{"weight":152.0,"label":"independent"},{"weight":147.0,"label":"vote"},{"weight":144.0,"label":"debate"},{"weight":136.0,"label":"devolution"},{"weight":129.0,"label":"state"},{"weight":127.0,"label":"national"},{"weight":122.0,"label":"future"},{"weight":112.0,"label":"policy"},{"weight":111.0,"label":"argue"},{"weight":103.0,"label":"kingdom"},{"weight":102.0,"label":"commission"}]},{"conceptId":0,"clusterId":0,"hexCoordinates":{"x":3.4641016151377544,"y":0.0},"labels":[{"weight":817.0,"label":"policy"},{"weight":502.0,"label":"government"},{"weight":455.0,"label":"public"},{"weight":448.0,"label":"regulation"},{"weight":447.0,"label":"regulatory"},{"weight":380.0,"label":"organisation"},{"weight":350.0,"label":"sector"},{"weight":348.0,"label":"industry"},{"weight":341.0,"label":"stakeholder"},{"weight":302.0,"label":"scheme"},{"weight":286.0,"label":"issue"},{"weight":259.0,"label":"governance"},{"weight":249.0,"label":"support"},{"weight":235.0,"label":"national"},{"weight":205.0,"label":"market"},{"weight":201.0,"label":"tax"},{"weight":197.0,"label":"key"},{"weight":192.0,"label":"implementation"},{"weight":176.0,"label":"risk"},{"weight":170.0,"label":"practice"},{"weight":164.0,"label":"interest"},{"weight":162.0,"label":"financial"},{"weight":161.0,"label":"company"},{"weight":160.0,"label":"level"},{"weight":159.0,"label":"case"}]},{"conceptId":12,"clusterId":0,"hexCoordinates":{"x":2.598076211353316,"y":1.5},"labels":[{"weight":88.0,"label":"translation"},{"weight":83.0,"label":"mining"},{"weight":63.0,"label":"conflict"},{"weight":36.0,"label":"article"},{"weight":35.0,"label":"withdrawal"},{"weight":34.0,"label":"mercury"},{"weight":32.0,"label":"artisanal"},{"weight":30.0,"label":"miner"},{"weight":29.0,"label":"gold"},{"weight":29.0,"label":"political"},{"weight":24.0,"label":"catastrophe"},{"weight":20.0,"label":"analysis"},{"weight":18.0,"label":"zimbabwe"},{"weight":18.0,"label":"deep"},{"weight":15.0,"label":"bhutanese"},{"weight":15.0,"label":"shift"},{"weight":14.0,"label":"bhutan"},{"weight":14.0,"label":"translator"},{"weight":14.0,"label":"discourse"},{"weight":14.0,"label":"call"},{"weight":14.0,"label":"associate"},{"weight":14.0,"label":"argue"},{"weight":13.0,"label":"study"},{"weight":12.0,"label":"dva"},{"weight":11.0,"label":"livelihood"}]},{"conceptId":3,"clusterId":0,"hexCoordinates":{"x":6.06217782649107,"y":-1.5},"labels":[{"weight":582.0,"label":"prison"},{"weight":293.0,"label":"justice"},{"weight":266.0,"label":"prisoner"},{"weight":175.0,"label":"criminal"},{"weight":153.0,"label":"offender"},{"weight":142.0,"label":"offend"},{"weight":128.0,"label":"crime"},{"weight":128.0,"label":"staff"},{"weight":103.0,"label":"release"},{"weight":87.0,"label":"penal"},{"weight":81.0,"label":"scotland"},{"weight":81.0,"label":"scottish"},{"weight":71.0,"label":"snail"},{"weight":71.0,"label":"desistance"},{"weight":71.0,"label":"community"},{"weight":69.0,"label":"system"},{"weight":64.0,"label":"punishment"},{"weight":57.0,"label":"imprisonment"},{"weight":57.0,"label":"policy"},{"weight":56.0,"label":"ban"},{"weight":52.0,"label":"sentence"},{"weight":52.0,"label":"restorative"},{"weight":49.0,"label":"detention"},{"weight":48.0,"label":"probation"},{"weight":43.0,"label":"paper"}]},{"conceptId":15,"clusterId":0,"hexCoordinates":{"x":-0.8660254037844386,"y":-4.5},"labels":[{"weight":355.0,"label":"media"},{"weight":247.0,"label":"article"},{"weight":175.0,"label":"russian"},{"weight":162.0,"label":"news"},{"weight":155.0,"label":"newspaper"},{"weight":154.0,"label":"frame"},{"weight":139.0,"label":"narrative"},{"weight":128.0,"label":"russia"},{"weight":127.0,"label":"coverage"},{"weight":123.0,"label":"public"},{"weight":90.0,"label":"analysis"},{"weight":81.0,"label":"state"},{"weight":78.0,"label":"discourse"},{"weight":76.0,"label":"representation"},{"weight":71.0,"label":"international"},{"weight":65.0,"label":"story"},{"weight":64.0,"label":"press"},{"weight":61.0,"label":"war"},{"weight":60.0,"label":"soviet"},{"weight":60.0,"label":"examine"},{"weight":58.0,"label":"present"},{"weight":57.0,"label":"relation"},{"weight":56.0,"label":"framing"},{"weight":52.0,"label":"national"},{"weight":51.0,"label":"debate"}]},{"conceptId":10,"clusterId":0,"hexCoordinates":{"x":0.0,"y":-3.0},"labels":[{"weight":465.0,"label":"ireland"},{"weight":345.0,"label":"irish"},{"weight":255.0,"label":"northern"},{"weight":105.0,"label":"national"},{"weight":92.0,"label":"article"},{"weight":90.0,"label":"nation"},{"weight":84.0,"label":"state"},{"weight":71.0,"label":"sectarianism"},{"weight":68.0,"label":"scotland"},{"weight":62.0,"label":"british"},{"weight":60.0,"label":"east"},{"weight":58.0,"label":"class"},{"weight":56.0,"label":"religious"},{"weight":56.0,"label":"identity"},{"weight":54.0,"label":"minority"},{"weight":53.0,"label":"nationalism"},{"weight":50.0,"label":"britain"},{"weight":49.0,"label":"diaspora"},{"weight":49.0,"label":"examine"},{"weight":48.0,"label":"wale"},{"weight":48.0,"label":"community"},{"weight":47.0,"label":"sectarian"},{"weight":47.0,"label":"religion"},{"weight":47.0,"label":"west"},{"weight":45.0,"label":"catholic"}]},{"conceptId":13,"clusterId":0,"hexCoordinates":{"x":4.330127018922193,"y":-1.5},"labels":[{"weight":401.0,"label":"share"},{"weight":321.0,"label":"theory"},{"weight":264.0,"label":"conflict"},{"weight":259.0,"label":"justice"},{"weight":226.0,"label":"social"},{"weight":208.0,"label":"economic"},{"weight":190.0,"label":"argue"},{"weight":180.0,"label":"principle"},{"weight":180.0,"label":"approach"},{"weight":170.0,"label":"sharing"},{"weight":165.0,"label":"goal"},{"weight":165.0,"label":"concern"},{"weight":160.0,"label":"form"},{"weight":159.0,"label":"interest"},{"weight":153.0,"label":"benefit"},{"weight":147.0,"label":"paper"},{"weight":146.0,"label":"equality"},{"weight":135.0,"label":"framework"},{"weight":128.0,"label":"power"},{"weight":122.0,"label":"fair"},{"weight":120.0,"label":"economics"},{"weight":113.0,"label":"article"},{"weight":107.0,"label":"set"},{"weight":106.0,"label":"fairness"},{"weight":106.0,"label":"provide"}]},{"conceptId":14,"clusterId":0,"hexCoordinates":{"x":-1.7320508075688772,"y":-3.0},"labels":[{"weight":731.0,"label":"conflict"},{"weight":480.0,"label":"war"},{"weight":173.0,"label":"peace"},{"weight":98.0,"label":"violence"},{"weight":97.0,"label":"post"},{"weight":97.0,"label":"civil"},{"weight":59.0,"label":"military"},{"weight":58.0,"label":"humanitarian"},{"weight":58.0,"label":"civilian"},{"weight":55.0,"label":"armed"},{"weight":47.0,"label":"warfare"},{"weight":47.0,"label":"political"},{"weight":47.0,"label":"force"},{"weight":45.0,"label":"camp"},{"weight":43.0,"label":"actor"},{"weight":42.0,"label":"militia"},{"weight":40.0,"label":"security"},{"weight":40.0,"label":"government"},{"weight":38.0,"label":"international"},{"weight":38.0,"label":"state"},{"weight":35.0,"label":"combatant"},{"weight":35.0,"label":"violent"},{"weight":34.0,"label":"resolution"},{"weight":28.0,"label":"society"},{"weight":27.0,"label":"defence"}]},{"conceptId":2,"clusterId":0,"hexCoordinates":{"x":-0.8660254037844386,"y":-1.5},"labels":[{"weight":816.0,"label":"state"},{"weight":435.0,"label":"political"},{"weight":134.0,"label":"regime"},{"weight":132.0,"label":"article"},{"weight":131.0,"label":"politics"},{"weight":108.0,"label":"power"},{"weight":97.0,"label":"arab"},{"weight":90.0,"label":"constitutional"},{"weight":89.0,"label":"international"},{"weight":84.0,"label":"liberal"},{"weight":83.0,"label":"settlement"},{"weight":83.0,"label":"conflict"},{"weight":76.0,"label":"constitution"},{"weight":76.0,"label":"security"},{"weight":71.0,"label":"terrorism"},{"weight":71.0,"label":"post"},{"weight":69.0,"label":"peace"},{"weight":67.0,"label":"global"},{"weight":65.0,"label":"syria"},{"weight":63.0,"label":"egypt"},{"weight":63.0,"label":"violence"},{"weight":62.0,"label":"uprising"},{"weight":61.0,"label":"war"},{"weight":55.0,"label":"muslim"},{"weight":54.0,"label":"terrorist"}]},{"conceptId":9,"clusterId":0,"hexCoordinates":{"x":2.598076211353316,"y":-4.5},"labels":[{"weight":388.0,"label":"rule"},{"weight":208.0,"label":"corruption"},{"weight":203.0,"label":"vice"},{"weight":181.0,"label":"versa"},{"weight":73.0,"label":"law"},{"weight":54.0,"label":"supplement"},{"weight":48.0,"label":"retirement"},{"weight":39.0,"label":"legal"},{"weight":33.0,"label":"bar"},{"weight":32.0,"label":"pasar"},{"weight":31.0,"label":"moral"},{"weight":31.0,"label":"system"},{"weight":26.0,"label":"apply"},{"weight":26.0,"label":"order"},{"weight":25.0,"label":"elite"},{"weight":23.0,"label":"violation"},{"weight":22.0,"label":"sara"},{"weight":20.0,"label":"mindset"},{"weight":20.0,"label":"primary"},{"weight":19.0,"label":"corrupt"},{"weight":19.0,"label":"regulation"},{"weight":19.0,"label":"norm"},{"weight":19.0,"label":"type"},{"weight":18.0,"label":"enforcement"},{"weight":18.0,"label":"anti"}]},{"conceptId":8,"clusterId":0,"hexCoordinates":{"x":5.196152422706632,"y":-3.0},"labels":[{"weight":1100.0,"label":"law"},{"weight":774.0,"label":"legal"},{"weight":345.0,"label":"act"},{"weight":340.0,"label":"case"},{"weight":336.0,"label":"criminal"},{"weight":331.0,"label":"article"},{"weight":257.0,"label":"crime"},{"weight":238.0,"label":"rights"},{"weight":233.0,"label":"justice"},{"weight":226.0,"label":"state"},{"weight":226.0,"label":"court"},{"weight":192.0,"label":"legislation"},{"weight":183.0,"label":"make"},{"weight":171.0,"label":"protection"},{"weight":166.0,"label":"public"},{"weight":162.0,"label":"order"},{"weight":161.0,"label":"authority"},{"weight":145.0,"label":"protect"},{"weight":144.0,"label":"argue"},{"weight":143.0,"label":"duty"},{"weight":142.0,"label":"victim"},{"weight":142.0,"label":"paper"},{"weight":140.0,"label":"responsibility"},{"weight":137.0,"label":"enforcement"},{"weight":126.0,"label":"examine"}]},{"conceptId":7,"clusterId":0,"hexCoordinates":{"x":0.8660254037844386,"y":-1.5},"labels":[{"weight":4677.0,"label":"policy"},{"weight":510.0,"label":"government"},{"weight":325.0,"label":"public"},{"weight":281.0,"label":"analysis"},{"weight":231.0,"label":"paper"},{"weight":220.0,"label":"national"},{"weight":208.0,"label":"maker"},{"weight":206.0,"label":"actor"},{"weight":198.0,"label":"reform"},{"weight":194.0,"label":"state"},{"weight":184.0,"label":"implementation"},{"weight":153.0,"label":"political"},{"weight":147.0,"label":"governance"},{"weight":135.0,"label":"examine"},{"weight":132.0,"label":"influence"},{"weight":129.0,"label":"level"},{"weight":128.0,"label":"process"},{"weight":126.0,"label":"key"},{"weight":125.0,"label":"change"},{"weight":124.0,"label":"foreign"},{"weight":124.0,"label":"local"},{"weight":119.0,"label":"international"},{"weight":118.0,"label":"article"},{"weight":117.0,"label":"role"},{"weight":110.0,"label":"country"}]}]}