{"linkageTable":[{"node2":6,"distance":0.445244070097105,"node1":0},{"node2":9,"distance":0.45651729314823497,"node1":2},{"node2":4,"distance":0.45999767681859,"node1":3},{"node2":11,"distance":0.465361165334305,"node1":1},{"node2":14,"distance":0.4732117417942225,"node1":12},{"node2":10,"distance":0.48783059126926753,"node1":16},{"node2":5,"distance":0.48972987627555203,"node1":17},{"node2":7,"distance":0.4923079208550199,"node1":18},{"node2":13,"distance":0.49667174280982623,"node1":15},{"node2":20,"distance":0.49882081150879476,"node1":19},{"node2":8,"distance":0.5,"node1":21}],"conceptsData":[{"conceptId":3,"clusterId":0,"hexCoordinates":{"x":0.0,"y":0.0},"labels":[{"weight":681.0,"label":"fish"},{"weight":580.0,"label":"salmon"},{"weight":352.0,"label":"atlantic"},{"weight":213.0,"label":"triploid"},{"weight":131.0,"label":"diploid"},{"weight":125.0,"label":"growth"},{"weight":124.0,"label":"salar"},{"weight":122.0,"label":"salmo"},{"weight":116.0,"label":"aquaculture"},{"weight":111.0,"label":"freshwater"},{"weight":110.0,"label":"smolt"},{"weight":110.0,"label":"wild"},{"weight":101.0,"label":"difference"},{"weight":96.0,"label":"stage"},{"weight":96.0,"label":"higher"},{"weight":93.0,"label":"result"},{"weight":92.0,"label":"post"},{"weight":88.0,"label":"trout"},{"weight":87.0,"label":"stock"},{"weight":84.0,"label":"species"},{"weight":81.0,"label":"survival"},{"weight":81.0,"label":"farmed"},{"weight":78.0,"label":"ploidy"},{"weight":72.0,"label":"marine"},{"weight":70.0,"label":"study"}]},{"conceptId":4,"clusterId":0,"hexCoordinates":{"x":1.7320508075688772,"y":0.0},"labels":[{"weight":596.0,"label":"feed"},{"weight":567.0,"label":"diet"},{"weight":200.0,"label":"dietary"},{"weight":190.0,"label":"protein"},{"weight":153.0,"label":"growth"},{"weight":119.0,"label":"level"},{"weight":109.0,"label":"larva"},{"weight":93.0,"label":"effect"},{"weight":91.0,"label":"fish"},{"weight":85.0,"label":"performance"},{"weight":82.0,"label":"fed"},{"weight":75.0,"label":"weight"},{"weight":73.0,"label":"inclusion"},{"weight":70.0,"label":"higher"},{"weight":70.0,"label":"high"},{"weight":62.0,"label":"observe"},{"weight":60.0,"label":"supplementation"},{"weight":59.0,"label":"lipid"},{"weight":59.0,"label":"significantly"},{"weight":56.0,"label":"feeding"},{"weight":55.0,"label":"day"},{"weight":53.0,"label":"survival"},{"weight":53.0,"label":"treatment"},{"weight":51.0,"label":"meal"},{"weight":51.0,"label":"experiment"}]},{"conceptId":0,"clusterId":0,"hexCoordinates":{"x":2.598076211353316,"y":-1.5},"labels":[{"weight":326.0,"label":"acid"},{"weight":300.0,"label":"pufa"},{"weight":282.0,"label":"fatty"},{"weight":171.0,"label":"elovl"},{"weight":162.0,"label":"biosynthesis"},{"weight":112.0,"label":"lipid"},{"weight":102.0,"label":"fads"},{"weight":102.0,"label":"chain"},{"weight":100.0,"label":"desaturase"},{"weight":97.0,"label":"long"},{"weight":89.0,"label":"expression"},{"weight":84.0,"label":"fad"},{"weight":78.0,"label":"activity"},{"weight":75.0,"label":"gene"},{"weight":64.0,"label":"polyunsaturated"},{"weight":63.0,"label":"dha"},{"weight":62.0,"label":"teleost"},{"weight":62.0,"label":"enzyme"},{"weight":58.0,"label":"pathway"},{"weight":54.0,"label":"ppar"},{"weight":54.0,"label":"show"},{"weight":49.0,"label":"abt"},{"weight":49.0,"label":"liver"},{"weight":49.0,"label":"fish"},{"weight":48.0,"label":"srebp"}]},{"conceptId":-1,"clusterId":-1,"hexCoordinates":{"x":6.06217782649107,"y":1.5},"labels":[{"weight":2500,"label":"Unclassified"},{"weight":0,"label":""},{"weight":0,"label":""},{"weight":0,"label":""},{"weight":0,"label":""},{"weight":0,"label":""},{"weight":0,"label":""},{"weight":0,"label":""},{"weight":0,"label":""},{"weight":0,"label":""},{"weight":0,"label":""}]},{"conceptId":9,"clusterId":0,"hexCoordinates":{"x":0.0,"y":-3.0},"labels":[{"weight":253.0,"label":"acid"},{"weight":241.0,"label":"antioxidant"},{"weight":203.0,"label":"food"},{"weight":190.0,"label":"tea"},{"weight":186.0,"label":"effect"},{"weight":162.0,"label":"polyphenol"},{"weight":132.0,"label":"study"},{"weight":128.0,"label":"product"},{"weight":127.0,"label":"consumption"},{"weight":121.0,"label":"content"},{"weight":119.0,"label":"compound"},{"weight":118.0,"label":"phenolic"},{"weight":105.0,"label":"protein"},{"weight":105.0,"label":"total"},{"weight":99.0,"label":"starch"},{"weight":96.0,"label":"concentration"},{"weight":96.0,"label":"human"},{"weight":93.0,"label":"health"},{"weight":92.0,"label":"juice"},{"weight":87.0,"label":"potential"},{"weight":78.0,"label":"rich"},{"weight":74.0,"label":"bread"},{"weight":71.0,"label":"result"},{"weight":70.0,"label":"anthocyanin"},{"weight":70.0,"label":"digestion"}]},{"conceptId":10,"clusterId":0,"hexCoordinates":{"x":-0.8660254037844386,"y":-1.5},"labels":[{"weight":387.0,"label":"fish"},{"weight":264.0,"label":"trout"},{"weight":163.0,"label":"intestinal"},{"weight":149.0,"label":"rainbow"},{"weight":107.0,"label":"intestine"},{"weight":106.0,"label":"gut"},{"weight":95.0,"label":"tissue"},{"weight":88.0,"label":"study"},{"weight":85.0,"label":"kidney"},{"weight":84.0,"label":"probiotic"},{"weight":76.0,"label":"salmonid"},{"weight":58.0,"label":"liver"},{"weight":56.0,"label":"gill"},{"weight":56.0,"label":"gastrointestinal"},{"weight":55.0,"label":"brown"},{"weight":55.0,"label":"salmon"},{"weight":52.0,"label":"head"},{"weight":48.0,"label":"species"},{"weight":47.0,"label":"bacterial"},{"weight":45.0,"label":"small"},{"weight":44.0,"label":"prebiotic"},{"weight":44.0,"label":"oncorhynchus"},{"weight":37.0,"label":"mykiss"},{"weight":36.0,"label":"microbiota"},{"weight":36.0,"label":"aquaculture"}]},{"conceptId":11,"clusterId":0,"hexCoordinates":{"x":0.8660254037844386,"y":-4.5},"labels":[{"weight":103.0,"label":"exposure"},{"weight":103.0,"label":"risk"},{"weight":89.0,"label":"day"},{"weight":83.0,"label":"malnutrition"},{"weight":73.0,"label":"nutritional"},{"weight":72.0,"label":"food"},{"weight":69.0,"label":"data"},{"weight":58.0,"label":"human"},{"weight":57.0,"label":"health"},{"weight":54.0,"label":"panel"},{"weight":52.0,"label":"estimate"},{"weight":47.0,"label":"weight"},{"weight":44.0,"label":"effect"},{"weight":43.0,"label":"level"},{"weight":42.0,"label":"dose"},{"weight":38.0,"label":"undernutrition"},{"weight":38.0,"label":"dietary"},{"weight":38.0,"label":"assessment"},{"weight":37.0,"label":"contam"},{"weight":36.0,"label":"group"},{"weight":36.0,"label":"base"},{"weight":34.0,"label":"efsa"},{"weight":34.0,"label":"feed"},{"weight":33.0,"label":"form"},{"weight":33.0,"label":"body"}]},{"conceptId":8,"clusterId":0,"hexCoordinates":{"x":2.598076211353316,"y":-4.5},"labels":[{"weight":124.0,"label":"die"},{"weight":97.0,"label":"der"},{"weight":69.0,"label":"und"},{"weight":52.0,"label":"van"},{"weight":37.0,"label":"von"},{"weight":32.0,"label":"den"},{"weight":27.0,"label":"partnership"},{"weight":26.0,"label":"des"},{"weight":26.0,"label":"innovation"},{"weight":26.0,"label":"healthy"},{"weight":26.0,"label":"active"},{"weight":25.0,"label":"mit"},{"weight":25.0,"label":"chronic"},{"weight":25.0,"label":"action"},{"weight":24.0,"label":"disease"},{"weight":24.0,"label":"european"},{"weight":23.0,"label":"ageing"},{"weight":21.0,"label":"scale"},{"weight":20.0,"label":"eine"},{"weight":20.0,"label":"das"},{"weight":18.0,"label":"respiratory"},{"weight":17.0,"label":"synergy"},{"weight":16.0,"label":"aha"},{"weight":16.0,"label":"het"},{"weight":16.0,"label":"plan"}]},{"conceptId":2,"clusterId":0,"hexCoordinates":{"x":-1.7320508075688772,"y":-3.0},"labels":[{"weight":213.0,"label":"fruit"},{"weight":73.0,"label":"fin"},{"weight":57.0,"label":"cherry"},{"weight":51.0,"label":"storage"},{"weight":40.0,"label":"mcp"},{"weight":40.0,"label":"store"},{"weight":33.0,"label":"low"},{"weight":31.0,"label":"berry"},{"weight":30.0,"label":"psgg"},{"weight":30.0,"label":"ipnv"},{"weight":28.0,"label":"morph"},{"weight":28.0,"label":"pressure"},{"weight":26.0,"label":"content"},{"weight":23.0,"label":"anthocyanin"},{"weight":22.0,"label":"tomato"},{"weight":22.0,"label":"fresh"},{"weight":21.0,"label":"quality"},{"weight":21.0,"label":"week"},{"weight":18.0,"label":"yogurt"},{"weight":18.0,"label":"sweet"},{"weight":17.0,"label":"caudal"},{"weight":16.0,"label":"production"},{"weight":15.0,"label":"strawberry"},{"weight":15.0,"label":"lame"},{"weight":15.0,"label":"ethylene"}]},{"conceptId":5,"clusterId":0,"hexCoordinates":{"x":1.7320508075688772,"y":-3.0},"labels":[{"weight":379.0,"label":"aquaculture"},{"weight":253.0,"label":"production"},{"weight":185.0,"label":"fish"},{"weight":146.0,"label":"impact"},{"weight":133.0,"label":"species"},{"weight":119.0,"label":"food"},{"weight":118.0,"label":"industry"},{"weight":117.0,"label":"seaweed"},{"weight":108.0,"label":"farm"},{"weight":108.0,"label":"growth"},{"weight":107.0,"label":"increase"},{"weight":106.0,"label":"feed"},{"weight":94.0,"label":"culture"},{"weight":89.0,"label":"marine"},{"weight":88.0,"label":"environmental"},{"weight":83.0,"label":"goose"},{"weight":77.0,"label":"potential"},{"weight":70.0,"label":"grow"},{"weight":68.0,"label":"produce"},{"weight":66.0,"label":"sea"},{"weight":66.0,"label":"source"},{"weight":65.0,"label":"animal"},{"weight":64.0,"label":"fishery"},{"weight":64.0,"label":"salmon"},{"weight":62.0,"label":"imta"}]},{"conceptId":6,"clusterId":0,"hexCoordinates":{"x":0.8660254037844386,"y":-1.5},"labels":[{"weight":564.0,"label":"acid"},{"weight":496.0,"label":"diet"},{"weight":487.0,"label":"fish"},{"weight":472.0,"label":"feed"},{"weight":424.0,"label":"dha"},{"weight":413.0,"label":"lipid"},{"weight":403.0,"label":"fatty"},{"weight":305.0,"label":"dietary"},{"weight":304.0,"label":"oil"},{"weight":288.0,"label":"epa"},{"weight":206.0,"label":"pufa"},{"weight":203.0,"label":"level"},{"weight":195.0,"label":"protein"},{"weight":194.0,"label":"composition"},{"weight":171.0,"label":"growth"},{"weight":133.0,"label":"ara"},{"weight":128.0,"label":"source"},{"weight":122.0,"label":"nutritional"},{"weight":122.0,"label":"effect"},{"weight":119.0,"label":"content"},{"weight":108.0,"label":"omega"},{"weight":108.0,"label":"increase"},{"weight":103.0,"label":"meal"},{"weight":91.0,"label":"phospholipid"},{"weight":89.0,"label":"fed"}]},{"conceptId":1,"clusterId":0,"hexCoordinates":{"x":-0.8660254037844386,"y":-4.5},"labels":[{"weight":261.0,"label":"panel"},{"weight":258.0,"label":"food"},{"weight":157.0,"label":"substance"},{"weight":112.0,"label":"process"},{"weight":108.0,"label":"safety"},{"weight":95.0,"label":"pet"},{"weight":82.0,"label":"efsa"},{"weight":81.0,"label":"flavouring"},{"weight":80.0,"label":"conclude"},{"weight":79.0,"label":"concern"},{"weight":77.0,"label":"enzyme"},{"weight":70.0,"label":"material"},{"weight":66.0,"label":"contact"},{"weight":66.0,"label":"claim"},{"weight":63.0,"label":"provide"},{"weight":60.0,"label":"scientific"},{"weight":56.0,"label":"evaluation"},{"weight":55.0,"label":"consumer"},{"weight":55.0,"label":"product"},{"weight":54.0,"label":"opinion"},{"weight":50.0,"label":"level"},{"weight":49.0,"label":"step"},{"weight":48.0,"label":"intend"},{"weight":47.0,"label":"processing"},{"weight":45.0,"label":"applicant"}]},{"conceptId":7,"clusterId":0,"hexCoordinates":{"x":0.8660254037844386,"y":1.5},"labels":[{"weight":310.0,"label":"lice"},{"weight":253.0,"label":"sea"},{"weight":246.0,"label":"salmon"},{"weight":127.0,"label":"farm"},{"weight":95.0,"label":"fish"},{"weight":92.0,"label":"atlantic"},{"weight":74.0,"label":"salmonis"},{"weight":67.0,"label":"parasite"},{"weight":62.0,"label":"resistance"},{"weight":61.0,"label":"control"},{"weight":60.0,"label":"host"},{"weight":59.0,"label":"louse"},{"weight":56.0,"label":"wrasse"},{"weight":48.0,"label":"abundance"},{"weight":44.0,"label":"aquaculture"},{"weight":43.0,"label":"gill"},{"weight":43.0,"label":"wild"},{"weight":42.0,"label":"time"},{"weight":39.0,"label":"agd"},{"weight":39.0,"label":"ballan"},{"weight":38.0,"label":"significant"},{"weight":37.0,"label":"site"},{"weight":35.0,"label":"farmed"},{"weight":34.0,"label":"lepeophtheirus"},{"weight":34.0,"label":"stage"}]}]}