[{"topicData":[{"numberOfDocuments":0.0,"label":"Heriot-Watt University"},{"numberOfDocuments":0.0,"label":"Robert Gordon University"},{"numberOfDocuments":0.0,"label":"Glasgow Caledonian University"},{"numberOfDocuments":0.0,"label":"Queen Margaret University"},{"numberOfDocuments":0.0,"label":"University of the Highlands and Islands"},{"numberOfDocuments":0.0,"label":"University of Dundee"},{"numberOfDocuments":0.0,"label":"Edinburgh Napier University"},{"numberOfDocuments":0.0,"label":"University of Stirling"},{"numberOfDocuments":0.0,"label":"Abertay University"},{"numberOfDocuments":0.0,"label":"University of Aberdeen"},{"numberOfDocuments":0.0,"label":"University of Edinburgh"},{"numberOfDocuments":0.0,"label":"University of the West of Scotland"},{"numberOfDocuments":0.0,"label":"University of St Andrews"},{"numberOfDocuments":0.0,"label":"University of Glasgow"},{"numberOfDocuments":0.0,"label":"University of Strathclyde"}],"conceptId":-1},{"topicData":[{"numberOfDocuments":18.28714176293717,"label":"Heriot-Watt University"},{"numberOfDocuments":1.0343569688378593,"label":"Robert Gordon University"},{"numberOfDocuments":0.2850706237189238,"label":"Glasgow Caledonian University"},{"numberOfDocuments":0.5781842542733397,"label":"Queen Margaret University"},{"numberOfDocuments":0.16264359031735393,"label":"University of the Highlands and Islands"},{"numberOfDocuments":1.5253846433819527,"label":"University of Dundee"},{"numberOfDocuments":0.9657789558159257,"label":"Edinburgh Napier University"},{"numberOfDocuments":6.8944141440304705,"label":"University of Stirling"},{"numberOfDocuments":1.2012659442188622,"label":"Abertay University"},{"numberOfDocuments":10.585703462994287,"label":"University of Aberdeen"},{"numberOfDocuments":42.56530681031519,"label":"University of Edinburgh"},{"numberOfDocuments":0.37142602719641704,"label":"University of the West of Scotland"},{"numberOfDocuments":82.38226322027981,"label":"University of St Andrews"},{"numberOfDocuments":31.2955678429106,"label":"University of Glasgow"},{"numberOfDocuments":37.08757230318086,"label":"University of Strathclyde"}],"conceptId":0},{"topicData":[{"numberOfDocuments":1.9629019007488502,"label":"Heriot-Watt University"},{"numberOfDocuments":0.6575019957795954,"label":"Robert Gordon University"},{"numberOfDocuments":0.33840808314492526,"label":"Glasgow Caledonian University"},{"numberOfDocuments":0.27941855193933524,"label":"Queen Margaret University"},{"numberOfDocuments":0.141564110094656,"label":"University of the Highlands and Islands"},{"numberOfDocuments":0.8183079741810103,"label":"University of Dundee"},{"numberOfDocuments":0.9388992971971274,"label":"Edinburgh Napier University"},{"numberOfDocuments":4.370715788583163,"label":"University of Stirling"},{"numberOfDocuments":0.1844973577456541,"label":"Abertay University"},{"numberOfDocuments":2.3884411999561905,"label":"University of Aberdeen"},{"numberOfDocuments":28.872097035539316,"label":"University of Edinburgh"},{"numberOfDocuments":0.3138092013293319,"label":"University of the West of Scotland"},{"numberOfDocuments":4.413160751546137,"label":"University of St Andrews"},{"numberOfDocuments":31.932965754455374,"label":"University of Glasgow"},{"numberOfDocuments":5.678140620766835,"label":"University of Strathclyde"}],"conceptId":1},{"topicData":[{"numberOfDocuments":6.783470718874557,"label":"Heriot-Watt University"},{"numberOfDocuments":0.021052631578947368,"label":"Robert Gordon University"},{"numberOfDocuments":0.02129547471162378,"label":"Glasgow Caledonian University"},{"numberOfDocuments":0.27838188710598744,"label":"Queen Margaret University"},{"numberOfDocuments":0.08247422680412371,"label":"University of the Highlands and Islands"},{"numberOfDocuments":1.1208220040961805,"label":"University of Dundee"},{"numberOfDocuments":0.09559184989542284,"label":"Edinburgh Napier University"},{"numberOfDocuments":1.74202403708567,"label":"University of Stirling"},{"numberOfDocuments":0.057971014492753624,"label":"Abertay University"},{"numberOfDocuments":1.6554356694992542,"label":"University of Aberdeen"},{"numberOfDocuments":22.340082889795443,"label":"University of Edinburgh"},{"numberOfDocuments":0.5085430257844051,"label":"University of the West of Scotland"},{"numberOfDocuments":2.146800300907689,"label":"University of St Andrews"},{"numberOfDocuments":1.98688565001144,"label":"University of Glasgow"},{"numberOfDocuments":2.5146029191529666,"label":"University of Strathclyde"}],"conceptId":2},{"topicData":[{"numberOfDocuments":0.10250268724781089,"label":"Heriot-Watt University"},{"numberOfDocuments":0.05770792251478947,"label":"Robert Gordon University"},{"numberOfDocuments":0.022550752584498367,"label":"Glasgow Caledonian University"},{"numberOfDocuments":0.21531417112299464,"label":"Queen Margaret University"},{"numberOfDocuments":0.019258987527512837,"label":"University of the Highlands and Islands"},{"numberOfDocuments":0.31287388652478326,"label":"University of Dundee"},{"numberOfDocuments":0.7266442586198665,"label":"Edinburgh Napier University"},{"numberOfDocuments":0.40845883039888115,"label":"University of Stirling"},{"numberOfDocuments":0.08411214953271028,"label":"Abertay University"},{"numberOfDocuments":0.48584951921700675,"label":"University of Aberdeen"},{"numberOfDocuments":5.203708124301401,"label":"University of Edinburgh"},{"numberOfDocuments":0.04458874458874459,"label":"University of the West of Scotland"},{"numberOfDocuments":0.9713370535946648,"label":"University of St Andrews"},{"numberOfDocuments":7.930633341587788,"label":"University of Glasgow"},{"numberOfDocuments":0.5053222064643343,"label":"University of Strathclyde"}],"conceptId":3},{"topicData":[{"numberOfDocuments":3.5652674334931027,"label":"Heriot-Watt University"},{"numberOfDocuments":0.03636945847861667,"label":"Robert Gordon University"},{"numberOfDocuments":0.22368796470941993,"label":"Glasgow Caledonian University"},{"numberOfDocuments":0.282485541565141,"label":"Queen Margaret University"},{"numberOfDocuments":0.07578859375266561,"label":"University of the Highlands and Islands"},{"numberOfDocuments":1.9434151256089638,"label":"University of Dundee"},{"numberOfDocuments":0.5923216386069348,"label":"Edinburgh Napier University"},{"numberOfDocuments":1.4538847766266054,"label":"University of Stirling"},{"numberOfDocuments":1.048844618216405,"label":"Abertay University"},{"numberOfDocuments":1.1291878133827935,"label":"University of Aberdeen"},{"numberOfDocuments":34.54508144201548,"label":"University of Edinburgh"},{"numberOfDocuments":0.18488500765652538,"label":"University of the West of Scotland"},{"numberOfDocuments":1.6995516238098656,"label":"University of St Andrews"},{"numberOfDocuments":4.502010169478622,"label":"University of Glasgow"},{"numberOfDocuments":2.858927115134273,"label":"University of Strathclyde"}],"conceptId":4},{"topicData":[{"numberOfDocuments":35.61175039443694,"label":"Heriot-Watt University"},{"numberOfDocuments":0.5953444133590445,"label":"Robert Gordon University"},{"numberOfDocuments":1.086125395203025,"label":"Glasgow Caledonian University"},{"numberOfDocuments":0.40441334527645756,"label":"Queen Margaret University"},{"numberOfDocuments":0.6155643857662965,"label":"University of the Highlands and Islands"},{"numberOfDocuments":5.81977006690247,"label":"University of Dundee"},{"numberOfDocuments":1.1520710010670505,"label":"Edinburgh Napier University"},{"numberOfDocuments":5.088291441909092,"label":"University of Stirling"},{"numberOfDocuments":2.5817840908299323,"label":"Abertay University"},{"numberOfDocuments":9.590129462904098,"label":"University of Aberdeen"},{"numberOfDocuments":94.50726203853498,"label":"University of Edinburgh"},{"numberOfDocuments":0.8074147144500492,"label":"University of the West of Scotland"},{"numberOfDocuments":19.883072300606813,"label":"University of St Andrews"},{"numberOfDocuments":25.38568872156818,"label":"University of Glasgow"},{"numberOfDocuments":87.64498012007866,"label":"University of Strathclyde"}],"conceptId":5},{"topicData":[{"numberOfDocuments":4.772229718886085,"label":"Heriot-Watt University"},{"numberOfDocuments":1.7689383551218076,"label":"Robert Gordon University"},{"numberOfDocuments":1.4174092085183223,"label":"Glasgow Caledonian University"},{"numberOfDocuments":3.989052230599686,"label":"Queen Margaret University"},{"numberOfDocuments":1.7226713837546186,"label":"University of the Highlands and Islands"},{"numberOfDocuments":7.742963771619848,"label":"University of Dundee"},{"numberOfDocuments":3.331421875169884,"label":"Edinburgh Napier University"},{"numberOfDocuments":8.71348308109007,"label":"University of Stirling"},{"numberOfDocuments":1.2990146755277996,"label":"Abertay University"},{"numberOfDocuments":9.073967577055415,"label":"University of Aberdeen"},{"numberOfDocuments":24.479427029972534,"label":"University of Edinburgh"},{"numberOfDocuments":3.4125581790052064,"label":"University of the West of Scotland"},{"numberOfDocuments":17.39024666496792,"label":"University of St Andrews"},{"numberOfDocuments":23.060249497153222,"label":"University of Glasgow"},{"numberOfDocuments":9.443647456084953,"label":"University of Strathclyde"}],"conceptId":6},{"topicData":[{"numberOfDocuments":0.24184427901907168,"label":"Heriot-Watt University"},{"numberOfDocuments":0.060825285825285826,"label":"Robert Gordon University"},{"numberOfDocuments":0.07759836618107613,"label":"Glasgow Caledonian University"},{"numberOfDocuments":0.23067171165548447,"label":"Queen Margaret University"},{"numberOfDocuments":0.03125,"label":"University of the Highlands and Islands"},{"numberOfDocuments":0.6019289244186219,"label":"University of Dundee"},{"numberOfDocuments":0.7341843961921922,"label":"Edinburgh Napier University"},{"numberOfDocuments":1.3289541307970187,"label":"University of Stirling"},{"numberOfDocuments":0.0,"label":"Abertay University"},{"numberOfDocuments":0.38551364955024847,"label":"University of Aberdeen"},{"numberOfDocuments":4.156823442513016,"label":"University of Edinburgh"},{"numberOfDocuments":0.004807692307692308,"label":"University of the West of Scotland"},{"numberOfDocuments":2.3196241684652588,"label":"University of St Andrews"},{"numberOfDocuments":3.0679540546216555,"label":"University of Glasgow"},{"numberOfDocuments":17.101513483155603,"label":"University of Strathclyde"}],"conceptId":7},{"topicData":[{"numberOfDocuments":11.737446996165424,"label":"Heriot-Watt University"},{"numberOfDocuments":0.14343940851742726,"label":"Robert Gordon University"},{"numberOfDocuments":0.005291005291005291,"label":"Glasgow Caledonian University"},{"numberOfDocuments":0.2134090714558089,"label":"Queen Margaret University"},{"numberOfDocuments":0.4067210372477831,"label":"University of the Highlands and Islands"},{"numberOfDocuments":0.6116748913175645,"label":"University of Dundee"},{"numberOfDocuments":0.22600614275870218,"label":"Edinburgh Napier University"},{"numberOfDocuments":0.60664471059189,"label":"University of Stirling"},{"numberOfDocuments":0.0064516129032258064,"label":"Abertay University"},{"numberOfDocuments":2.2888842427278755,"label":"University of Aberdeen"},{"numberOfDocuments":22.513817168225952,"label":"University of Edinburgh"},{"numberOfDocuments":0.013513513513513514,"label":"University of the West of Scotland"},{"numberOfDocuments":6.371237930163445,"label":"University of St Andrews"},{"numberOfDocuments":11.104400036401218,"label":"University of Glasgow"},{"numberOfDocuments":23.293195150698853,"label":"University of Strathclyde"}],"conceptId":8},{"topicData":[{"numberOfDocuments":16.510842501744406,"label":"Heriot-Watt University"},{"numberOfDocuments":1.0355374734498106,"label":"Robert Gordon University"},{"numberOfDocuments":0.1288380831381374,"label":"Glasgow Caledonian University"},{"numberOfDocuments":0.5785780076254994,"label":"Queen Margaret University"},{"numberOfDocuments":0.33468637201592555,"label":"University of the Highlands and Islands"},{"numberOfDocuments":6.477067527140748,"label":"University of Dundee"},{"numberOfDocuments":2.3551824086438313,"label":"Edinburgh Napier University"},{"numberOfDocuments":5.3709911117473,"label":"University of Stirling"},{"numberOfDocuments":0.11891386848080317,"label":"Abertay University"},{"numberOfDocuments":9.381817050637425,"label":"University of Aberdeen"},{"numberOfDocuments":120.29688274415523,"label":"University of Edinburgh"},{"numberOfDocuments":1.0410107803033948,"label":"University of the West of Scotland"},{"numberOfDocuments":25.553590808621287,"label":"University of St Andrews"},{"numberOfDocuments":39.270867817760035,"label":"University of Glasgow"},{"numberOfDocuments":33.4577864994197,"label":"University of Strathclyde"}],"conceptId":9},{"topicData":[{"numberOfDocuments":14.141159365618321,"label":"Heriot-Watt University"},{"numberOfDocuments":5.314710563775991,"label":"Robert Gordon University"},{"numberOfDocuments":3.4317094519034206,"label":"Glasgow Caledonian University"},{"numberOfDocuments":1.2177624368080764,"label":"Queen Margaret University"},{"numberOfDocuments":1.7499513117686079,"label":"University of the Highlands and Islands"},{"numberOfDocuments":2.235396043586686,"label":"University of Dundee"},{"numberOfDocuments":8.660589831990377,"label":"Edinburgh Napier University"},{"numberOfDocuments":14.721519592986866,"label":"University of Stirling"},{"numberOfDocuments":0.7318404561525279,"label":"Abertay University"},{"numberOfDocuments":8.454207846137932,"label":"University of Aberdeen"},{"numberOfDocuments":56.261187872507904,"label":"University of Edinburgh"},{"numberOfDocuments":2.5196900926644132,"label":"University of the West of Scotland"},{"numberOfDocuments":16.3389891424455,"label":"University of St Andrews"},{"numberOfDocuments":39.92911512416546,"label":"University of Glasgow"},{"numberOfDocuments":64.76102402460951,"label":"University of Strathclyde"}],"conceptId":10},{"topicData":[{"numberOfDocuments":1.9928460745661358,"label":"Heriot-Watt University"},{"numberOfDocuments":0.3140677622176673,"label":"Robert Gordon University"},{"numberOfDocuments":0.23787628491518653,"label":"Glasgow Caledonian University"},{"numberOfDocuments":0.004784688995215311,"label":"Queen Margaret University"},{"numberOfDocuments":0.047590068159688415,"label":"University of the Highlands and Islands"},{"numberOfDocuments":0.23264450760733543,"label":"University of Dundee"},{"numberOfDocuments":1.204173514348796,"label":"Edinburgh Napier University"},{"numberOfDocuments":1.636483236859526,"label":"University of Stirling"},{"numberOfDocuments":0.058823529411764705,"label":"Abertay University"},{"numberOfDocuments":1.1388154092613079,"label":"University of Aberdeen"},{"numberOfDocuments":4.369485721232038,"label":"University of Edinburgh"},{"numberOfDocuments":0.12151014251854589,"label":"University of the West of Scotland"},{"numberOfDocuments":0.40577086957751063,"label":"University of St Andrews"},{"numberOfDocuments":2.7085085647173313,"label":"University of Glasgow"},{"numberOfDocuments":21.92548810746124,"label":"University of Strathclyde"}],"conceptId":11},{"topicData":[{"numberOfDocuments":9.51552061974508,"label":"Heriot-Watt University"},{"numberOfDocuments":0.19366582592483875,"label":"Robert Gordon University"},{"numberOfDocuments":0.06440548780487805,"label":"Glasgow Caledonian University"},{"numberOfDocuments":0.13077407113400066,"label":"Queen Margaret University"},{"numberOfDocuments":0.026488651535380506,"label":"University of the Highlands and Islands"},{"numberOfDocuments":0.48171060072385113,"label":"University of Dundee"},{"numberOfDocuments":0.24114247618376328,"label":"Edinburgh Napier University"},{"numberOfDocuments":1.2527131110722032,"label":"University of Stirling"},{"numberOfDocuments":0.21451591233136297,"label":"Abertay University"},{"numberOfDocuments":26.86039543669513,"label":"University of Aberdeen"},{"numberOfDocuments":53.61690363767103,"label":"University of Edinburgh"},{"numberOfDocuments":0.1625842294643308,"label":"University of the West of Scotland"},{"numberOfDocuments":7.784551499076091,"label":"University of St Andrews"},{"numberOfDocuments":57.131087276106875,"label":"University of Glasgow"},{"numberOfDocuments":6.251007814098638,"label":"University of Strathclyde"}],"conceptId":12},{"topicData":[{"numberOfDocuments":75.8440513312215,"label":"Heriot-Watt University"},{"numberOfDocuments":1.0591719002765425,"label":"Robert Gordon University"},{"numberOfDocuments":0.14084322169959557,"label":"Glasgow Caledonian University"},{"numberOfDocuments":0.225467807081008,"label":"Queen Margaret University"},{"numberOfDocuments":0.20641259643621246,"label":"University of the Highlands and Islands"},{"numberOfDocuments":2.5172826518121445,"label":"University of Dundee"},{"numberOfDocuments":0.553681851187808,"label":"Edinburgh Napier University"},{"numberOfDocuments":4.393576614800612,"label":"University of Stirling"},{"numberOfDocuments":1.1287018096329458,"label":"Abertay University"},{"numberOfDocuments":27.007465312148852,"label":"University of Aberdeen"},{"numberOfDocuments":159.56751376418072,"label":"University of Edinburgh"},{"numberOfDocuments":0.5279029142430304,"label":"University of the West of Scotland"},{"numberOfDocuments":13.157140800414146,"label":"University of St Andrews"},{"numberOfDocuments":99.6805009074804,"label":"University of Glasgow"},{"numberOfDocuments":22.110692734039667,"label":"University of Strathclyde"}],"conceptId":13},{"topicData":[{"numberOfDocuments":6.6205464689637825,"label":"Heriot-Watt University"},{"numberOfDocuments":4.91675280912609,"label":"Robert Gordon University"},{"numberOfDocuments":1.5736618875810802,"label":"Glasgow Caledonian University"},{"numberOfDocuments":0.6799462272155947,"label":"Queen Margaret University"},{"numberOfDocuments":0.48499491590882426,"label":"University of the Highlands and Islands"},{"numberOfDocuments":0.848118871531857,"label":"University of Dundee"},{"numberOfDocuments":3.616569578298434,"label":"Edinburgh Napier University"},{"numberOfDocuments":19.92510033156841,"label":"University of Stirling"},{"numberOfDocuments":0.9140527364193383,"label":"Abertay University"},{"numberOfDocuments":3.5233958823263825,"label":"University of Aberdeen"},{"numberOfDocuments":34.032456431576406,"label":"University of Edinburgh"},{"numberOfDocuments":1.4226388202348264,"label":"University of the West of Scotland"},{"numberOfDocuments":5.530671646963688,"label":"University of St Andrews"},{"numberOfDocuments":11.970028025423813,"label":"University of Glasgow"},{"numberOfDocuments":26.87402944800254,"label":"University of Strathclyde"}],"conceptId":14},{"topicData":[{"numberOfDocuments":12.835608415732308,"label":"Heriot-Watt University"},{"numberOfDocuments":1.0603110800590696,"label":"Robert Gordon University"},{"numberOfDocuments":0.8524869469098251,"label":"Glasgow Caledonian University"},{"numberOfDocuments":0.2611745845325898,"label":"Queen Margaret University"},{"numberOfDocuments":0.42472995177379336,"label":"University of the Highlands and Islands"},{"numberOfDocuments":2.7866156180326356,"label":"University of Dundee"},{"numberOfDocuments":1.7482240057099108,"label":"Edinburgh Napier University"},{"numberOfDocuments":3.3203976571645586,"label":"University of Stirling"},{"numberOfDocuments":0.153241566672369,"label":"Abertay University"},{"numberOfDocuments":3.764838376932562,"label":"University of Aberdeen"},{"numberOfDocuments":50.03912056787716,"label":"University of Edinburgh"},{"numberOfDocuments":0.16850514527009347,"label":"University of the West of Scotland"},{"numberOfDocuments":7.133051708744498,"label":"University of St Andrews"},{"numberOfDocuments":16.753384363536394,"label":"University of Glasgow"},{"numberOfDocuments":48.599441328371555,"label":"University of Strathclyde"}],"conceptId":15},{"topicData":[{"numberOfDocuments":34.13400823576358,"label":"Heriot-Watt University"},{"numberOfDocuments":1.9338255648189382,"label":"Robert Gordon University"},{"numberOfDocuments":0.5048290384526493,"label":"Glasgow Caledonian University"},{"numberOfDocuments":0.5710223451188571,"label":"Queen Margaret University"},{"numberOfDocuments":0.7996426439102108,"label":"University of the Highlands and Islands"},{"numberOfDocuments":5.783838384566278,"label":"University of Dundee"},{"numberOfDocuments":2.3779508949425767,"label":"Edinburgh Napier University"},{"numberOfDocuments":9.135864476038558,"label":"University of Stirling"},{"numberOfDocuments":10.05435412448203,"label":"Abertay University"},{"numberOfDocuments":8.768159252844397,"label":"University of Aberdeen"},{"numberOfDocuments":101.44002428788859,"label":"University of Edinburgh"},{"numberOfDocuments":1.2071096870847313,"label":"University of the West of Scotland"},{"numberOfDocuments":10.584717537164776,"label":"University of St Andrews"},{"numberOfDocuments":26.412557290053087,"label":"University of Glasgow"},{"numberOfDocuments":43.87605118590731,"label":"University of Strathclyde"}],"conceptId":16},{"topicData":[{"numberOfDocuments":3.6608085449141248,"label":"Heriot-Watt University"},{"numberOfDocuments":1.3620891966376238,"label":"Robert Gordon University"},{"numberOfDocuments":0.35955716911479235,"label":"Glasgow Caledonian University"},{"numberOfDocuments":0.7400936390504533,"label":"Queen Margaret University"},{"numberOfDocuments":0.3635566819364484,"label":"University of the Highlands and Islands"},{"numberOfDocuments":1.3444410162654106,"label":"University of Dundee"},{"numberOfDocuments":1.3988442693121135,"label":"Edinburgh Napier University"},{"numberOfDocuments":6.238137733704454,"label":"University of Stirling"},{"numberOfDocuments":0.2251581982111939,"label":"Abertay University"},{"numberOfDocuments":3.6474740230722746,"label":"University of Aberdeen"},{"numberOfDocuments":131.73418080073378,"label":"University of Edinburgh"},{"numberOfDocuments":0.6657826905594735,"label":"University of the West of Scotland"},{"numberOfDocuments":9.641052209938957,"label":"University of St Andrews"},{"numberOfDocuments":25.922928060708024,"label":"University of Glasgow"},{"numberOfDocuments":10.307565967778428,"label":"University of Strathclyde"}],"conceptId":17},{"topicData":[{"numberOfDocuments":0.5685068897741794,"label":"Heriot-Watt University"},{"numberOfDocuments":1.0504268463837432,"label":"Robert Gordon University"},{"numberOfDocuments":0.5695657618422076,"label":"Glasgow Caledonian University"},{"numberOfDocuments":0.6771879625539318,"label":"Queen Margaret University"},{"numberOfDocuments":0.37380040960824173,"label":"University of the Highlands and Islands"},{"numberOfDocuments":1.19631154233117,"label":"University of Dundee"},{"numberOfDocuments":0.5505507604771607,"label":"Edinburgh Napier University"},{"numberOfDocuments":1.5013222167122424,"label":"University of Stirling"},{"numberOfDocuments":0.025523809523809525,"label":"Abertay University"},{"numberOfDocuments":1.6126257871285017,"label":"University of Aberdeen"},{"numberOfDocuments":14.118125791724308,"label":"University of Edinburgh"},{"numberOfDocuments":0.4272779316617125,"label":"University of the West of Scotland"},{"numberOfDocuments":3.9046060929903734,"label":"University of St Andrews"},{"numberOfDocuments":5.3440608369405975,"label":"University of Glasgow"},{"numberOfDocuments":3.335361186580318,"label":"University of Strathclyde"}],"conceptId":18}]