{"linkageTable":[{"node2":8,"distance":0.439503018843655,"node1":2},{"node2":10,"distance":0.44063510097942,"node1":5},{"node2":7,"distance":0.44725297789336,"node1":1},{"node2":12,"distance":0.46041247152770004,"node1":13},{"node2":11,"distance":0.46117588598007997,"node1":15},{"node2":6,"distance":0.4724718080534034,"node1":16},{"node2":14,"distance":0.47312154796642414,"node1":17},{"node2":4,"distance":0.48150129166488126,"node1":18},{"node2":9,"distance":0.48641567789893003,"node1":20},{"node2":21,"distance":0.49001844276192436,"node1":19},{"node2":22,"distance":0.4933720942672773,"node1":0},{"node2":3,"distance":0.4980913738946933,"node1":23}],"conceptsData":[{"conceptId":5,"clusterId":0,"hexCoordinates":{"x":5.196152422706632,"y":0.0},"labels":[{"weight":654.0,"label":"galaxy"},{"weight":195.0,"label":"mass"},{"weight":156.0,"label":"stellar"},{"weight":134.0,"label":"sample"},{"weight":108.0,"label":"velocity"},{"weight":105.0,"label":"survey"},{"weight":104.0,"label":"find"},{"weight":94.0,"label":"merger"},{"weight":91.0,"label":"disc"},{"weight":86.0,"label":"type"},{"weight":81.0,"label":"population"},{"weight":77.0,"label":"kinematic"},{"weight":73.0,"label":"gaia"},{"weight":71.0,"label":"gas"},{"weight":69.0,"label":"radial"},{"weight":67.0,"label":"halo"},{"weight":66.0,"label":"bulge"},{"weight":58.0,"label":"host"},{"weight":58.0,"label":"property"},{"weight":57.0,"label":"luminosity"},{"weight":54.0,"label":"profile"},{"weight":52.0,"label":"star"},{"weight":50.0,"label":"gradient"},{"weight":49.0,"label":"dwarf"},{"weight":49.0,"label":"cent"}]},{"conceptId":2,"clusterId":0,"hexCoordinates":{"x":0.0,"y":0.0},"labels":[{"weight":317.0,"label":"planet"},{"weight":314.0,"label":"star"},{"weight":257.0,"label":"wasp"},{"weight":236.0,"label":"mass"},{"weight":206.0,"label":"transit"},{"weight":182.0,"label":"orbit"},{"weight":176.0,"label":"system"},{"weight":167.0,"label":"radius"},{"weight":138.0,"label":"host"},{"weight":124.0,"label":"jupiter"},{"weight":122.0,"label":"orbital"},{"weight":120.0,"label":"period"},{"weight":117.0,"label":"hot"},{"weight":98.0,"label":"planetary"},{"weight":97.0,"label":"stellar"},{"weight":77.0,"label":"companion"},{"weight":76.0,"label":"find"},{"weight":66.0,"label":"radial"},{"weight":63.0,"label":"mjup"},{"weight":61.0,"label":"day"},{"weight":61.0,"label":"axis"},{"weight":60.0,"label":"detect"},{"weight":59.0,"label":"velocity"},{"weight":59.0,"label":"observation"},{"weight":57.0,"label":"rotation"}]},{"conceptId":8,"clusterId":0,"hexCoordinates":{"x":1.7320508075688772,"y":0.0},"labels":[{"weight":807.0,"label":"star"},{"weight":284.0,"label":"mass"},{"weight":264.0,"label":"dwarf"},{"weight":201.0,"label":"object"},{"weight":178.0,"label":"stellar"},{"weight":138.0,"label":"companion"},{"weight":135.0,"label":"brown"},{"weight":127.0,"label":"light"},{"weight":122.0,"label":"accretion"},{"weight":122.0,"label":"present"},{"weight":117.0,"label":"low"},{"weight":116.0,"label":"data"},{"weight":109.0,"label":"disk"},{"weight":106.0,"label":"variable"},{"weight":105.0,"label":"system"},{"weight":103.0,"label":"young"},{"weight":101.0,"label":"telescope"},{"weight":100.0,"label":"variability"},{"weight":100.0,"label":"observation"},{"weight":98.0,"label":"binary"},{"weight":94.0,"label":"high"},{"weight":92.0,"label":"spectrum"},{"weight":90.0,"label":"period"},{"weight":86.0,"label":"photometry"},{"weight":82.0,"label":"band"}]},{"conceptId":3,"clusterId":0,"hexCoordinates":{"x":3.4641016151377544,"y":-3.0},"labels":[{"weight":105.0,"label":"comet"},{"weight":81.0,"label":"membrane"},{"weight":37.0,"label":"nucleus"},{"weight":32.0,"label":"permeate"},{"weight":32.0,"label":"water"},{"weight":31.0,"label":"flux"},{"weight":28.0,"label":"process"},{"weight":20.0,"label":"kelp"},{"weight":19.0,"label":"fouling"},{"weight":18.0,"label":"rosetta"},{"weight":18.0,"label":"foul"},{"weight":18.0,"label":"surface"},{"weight":17.0,"label":"latissima"},{"weight":17.0,"label":"gerasimenko"},{"weight":17.0,"label":"churyumov"},{"weight":17.0,"label":"cometary"},{"weight":17.0,"label":"endophyte"},{"weight":16.0,"label":"pcdd"},{"weight":16.0,"label":"filtration"},{"weight":16.0,"label":"contaminant"},{"weight":16.0,"label":"feed"},{"weight":15.0,"label":"jfc"},{"weight":15.0,"label":"dioxin"},{"weight":15.0,"label":"pcb"},{"weight":14.0,"label":"digitata"}]},{"conceptId":1,"clusterId":0,"hexCoordinates":{"x":3.4641016151377544,"y":0.0},"labels":[{"weight":1765.0,"label":"galaxy"},{"weight":1101.0,"label":"mass"},{"weight":768.0,"label":"star"},{"weight":571.0,"label":"stellar"},{"weight":520.0,"label":"formation"},{"weight":443.0,"label":"redshift"},{"weight":341.0,"label":"sample"},{"weight":336.0,"label":"find"},{"weight":313.0,"label":"survey"},{"weight":313.0,"label":"form"},{"weight":240.0,"label":"halo"},{"weight":227.0,"label":"gas"},{"weight":218.0,"label":"high"},{"weight":207.0,"label":"density"},{"weight":205.0,"label":"evolution"},{"weight":204.0,"label":"sfr"},{"weight":203.0,"label":"field"},{"weight":202.0,"label":"population"},{"weight":190.0,"label":"low"},{"weight":186.0,"label":"luminosity"},{"weight":179.0,"label":"function"},{"weight":174.0,"label":"rate"},{"weight":165.0,"label":"massive"},{"weight":157.0,"label":"relation"},{"weight":156.0,"label":"starburst"}]},{"conceptId":9,"clusterId":0,"hexCoordinates":{"x":-0.8660254037844386,"y":-1.5},"labels":[{"weight":389.0,"label":"field"},{"weight":287.0,"label":"magnetic"},{"weight":240.0,"label":"rotation"},{"weight":174.0,"label":"star"},{"weight":99.0,"label":"stellar"},{"weight":98.0,"label":"surface"},{"weight":98.0,"label":"scale"},{"weight":88.0,"label":"map"},{"weight":86.0,"label":"solar"},{"weight":76.0,"label":"rotational"},{"weight":72.0,"label":"large"},{"weight":72.0,"label":"find"},{"weight":64.0,"label":"activity"},{"weight":61.0,"label":"period"},{"weight":60.0,"label":"radial"},{"weight":60.0,"label":"rotate"},{"weight":56.0,"label":"show"},{"weight":54.0,"label":"component"},{"weight":51.0,"label":"dynamo"},{"weight":51.0,"label":"differential"},{"weight":50.0,"label":"sun"},{"weight":50.0,"label":"observation"},{"weight":48.0,"label":"velocity"},{"weight":44.0,"label":"toroidal"},{"weight":43.0,"label":"small"}]},{"conceptId":-1,"clusterId":-1,"hexCoordinates":{"x":8.660254037844386,"y":1.5},"labels":[{"weight":2500,"label":"Unclassified"},{"weight":0,"label":""},{"weight":0,"label":""},{"weight":0,"label":""},{"weight":0,"label":""},{"weight":0,"label":""},{"weight":0,"label":""},{"weight":0,"label":""},{"weight":0,"label":""},{"weight":0,"label":""},{"weight":0,"label":""}]},{"conceptId":12,"clusterId":0,"hexCoordinates":{"x":0.8660254037844386,"y":-1.5},"labels":[{"weight":703.0,"label":"planet"},{"weight":265.0,"label":"earth"},{"weight":255.0,"label":"mass"},{"weight":206.0,"label":"system"},{"weight":161.0,"label":"planetary"},{"weight":160.0,"label":"kepler"},{"weight":157.0,"label":"transit"},{"weight":146.0,"label":"star"},{"weight":135.0,"label":"period"},{"weight":133.0,"label":"exoplanet"},{"weight":128.0,"label":"radial"},{"weight":128.0,"label":"velocity"},{"weight":128.0,"label":"atmosphere"},{"weight":104.0,"label":"stellar"},{"weight":92.0,"label":"day"},{"weight":92.0,"label":"orbit"},{"weight":83.0,"label":"observation"},{"weight":81.0,"label":"radius"},{"weight":81.0,"label":"solar"},{"weight":79.0,"label":"composition"},{"weight":71.0,"label":"density"},{"weight":70.0,"label":"rocky"},{"weight":68.0,"label":"harp"},{"weight":68.0,"label":"measurement"},{"weight":68.0,"label":"find"}]},{"conceptId":10,"clusterId":0,"hexCoordinates":{"x":4.330127018922193,"y":-1.5},"labels":[{"weight":1217.0,"label":"cluster"},{"weight":194.0,"label":"velocity"},{"weight":171.0,"label":"clustering"},{"weight":76.0,"label":"mass"},{"weight":65.0,"label":"distance"},{"weight":57.0,"label":"stream"},{"weight":54.0,"label":"ngc"},{"weight":52.0,"label":"kinematic"},{"weight":52.0,"label":"dispersion"},{"weight":47.0,"label":"halo"},{"weight":46.0,"label":"dynamical"},{"weight":44.0,"label":"component"},{"weight":43.0,"label":"radial"},{"weight":43.0,"label":"simulation"},{"weight":41.0,"label":"kpc"},{"weight":41.0,"label":"substructure"},{"weight":41.0,"label":"present"},{"weight":37.0,"label":"profile"},{"weight":36.0,"label":"group"},{"weight":35.0,"label":"member"},{"weight":35.0,"label":"line"},{"weight":35.0,"label":"context"},{"weight":34.0,"label":"globular"},{"weight":33.0,"label":"field"},{"weight":30.0,"label":"spectrograph"}]},{"conceptId":11,"clusterId":0,"hexCoordinates":{"x":4.330127018922193,"y":1.5},"labels":[{"weight":612.0,"label":"survey"},{"weight":472.0,"label":"redshift"},{"weight":467.0,"label":"galaxy"},{"weight":379.0,"label":"data"},{"weight":295.0,"label":"measurement"},{"weight":186.0,"label":"sample"},{"weight":178.0,"label":"dark"},{"weight":176.0,"label":"release"},{"weight":171.0,"label":"cosmological"},{"weight":159.0,"label":"scale"},{"weight":155.0,"label":"spectroscopic"},{"weight":152.0,"label":"cosmic"},{"weight":147.0,"label":"constraint"},{"weight":144.0,"label":"spectrum"},{"weight":143.0,"label":"catalogue"},{"weight":143.0,"label":"sky"},{"weight":142.0,"label":"sdss"},{"weight":140.0,"label":"lensing"},{"weight":133.0,"label":"field"},{"weight":116.0,"label":"present"},{"weight":115.0,"label":"photometric"},{"weight":115.0,"label":"shear"},{"weight":114.0,"label":"analysis"},{"weight":109.0,"label":"source"},{"weight":109.0,"label":"include"}]},{"conceptId":0,"clusterId":0,"hexCoordinates":{"x":1.7320508075688772,"y":-3.0},"labels":[{"weight":250.0,"label":"fragment"},{"weight":129.0,"label":"disc"},{"weight":102.0,"label":"fragmentation"},{"weight":56.0,"label":"spiral"},{"weight":53.0,"label":"object"},{"weight":39.0,"label":"stream"},{"weight":37.0,"label":"form"},{"weight":31.0,"label":"giant"},{"weight":29.0,"label":"large"},{"weight":28.0,"label":"produce"},{"weight":27.0,"label":"space"},{"weight":23.0,"label":"edge"},{"weight":20.0,"label":"generate"},{"weight":20.0,"label":"feature"},{"weight":19.0,"label":"gravitate"},{"weight":19.0,"label":"entry"},{"weight":18.0,"label":"population"},{"weight":17.0,"label":"gravity"},{"weight":16.0,"label":"outer"},{"weight":16.0,"label":"formation"},{"weight":15.0,"label":"eccentricity"},{"weight":14.0,"label":"region"},{"weight":14.0,"label":"scattering"},{"weight":13.0,"label":"protostellar"},{"weight":13.0,"label":"semimajor"}]},{"conceptId":6,"clusterId":0,"hexCoordinates":{"x":2.598076211353316,"y":-1.5},"labels":[{"weight":594.0,"label":"disk"},{"weight":501.0,"label":"dust"},{"weight":456.0,"label":"gas"},{"weight":371.0,"label":"cloud"},{"weight":276.0,"label":"formation"},{"weight":271.0,"label":"disc"},{"weight":205.0,"label":"line"},{"weight":203.0,"label":"model"},{"weight":198.0,"label":"star"},{"weight":175.0,"label":"atmosphere"},{"weight":164.0,"label":"observation"},{"weight":160.0,"label":"grain"},{"weight":154.0,"label":"mass"},{"weight":141.0,"label":"region"},{"weight":140.0,"label":"emission"},{"weight":135.0,"label":"form"},{"weight":132.0,"label":"result"},{"weight":130.0,"label":"density"},{"weight":117.0,"label":"structure"},{"weight":115.0,"label":"temperature"},{"weight":106.0,"label":"find"},{"weight":104.0,"label":"particle"},{"weight":99.0,"label":"core"},{"weight":98.0,"label":"molecular"},{"weight":96.0,"label":"planet"}]},{"conceptId":7,"clusterId":0,"hexCoordinates":{"x":2.598076211353316,"y":1.5},"labels":[{"weight":348.0,"label":"radio"},{"weight":327.0,"label":"line"},{"weight":297.0,"label":"emission"},{"weight":289.0,"label":"source"},{"weight":204.0,"label":"continuum"},{"weight":190.0,"label":"ray"},{"weight":181.0,"label":"agn"},{"weight":171.0,"label":"spectrum"},{"weight":159.0,"label":"lag"},{"weight":158.0,"label":"optical"},{"weight":152.0,"label":"quasar"},{"weight":125.0,"label":"observation"},{"weight":122.0,"label":"broad"},{"weight":111.0,"label":"alma"},{"weight":111.0,"label":"band"},{"weight":107.0,"label":"flux"},{"weight":106.0,"label":"luminosity"},{"weight":97.0,"label":"high"},{"weight":93.0,"label":"time"},{"weight":88.0,"label":"disk"},{"weight":87.0,"label":"ghz"},{"weight":86.0,"label":"detect"},{"weight":85.0,"label":"light"},{"weight":79.0,"label":"find"},{"weight":76.0,"label":"accretion"}]},{"conceptId":4,"clusterId":0,"hexCoordinates":{"x":0.8660254037844386,"y":1.5},"labels":[{"weight":343.0,"label":"lens"},{"weight":142.0,"label":"event"},{"weight":131.0,"label":"source"},{"weight":100.0,"label":"microlensing"},{"weight":98.0,"label":"mass"},{"weight":86.0,"label":"parallax"},{"weight":83.0,"label":"chart"},{"weight":73.0,"label":"ogle"},{"weight":72.0,"label":"blg"},{"weight":67.0,"label":"observation"},{"weight":64.0,"label":"binary"},{"weight":60.0,"label":"light"},{"weight":52.0,"label":"brown"},{"weight":52.0,"label":"solution"},{"weight":51.0,"label":"curve"},{"weight":51.0,"label":"distance"},{"weight":48.0,"label":"kpc"},{"weight":48.0,"label":"star"},{"weight":45.0,"label":"measure"},{"weight":43.0,"label":"motion"},{"weight":42.0,"label":"galactic"},{"weight":42.0,"label":"measurement"},{"weight":40.0,"label":"microlen"},{"weight":38.0,"label":"dwarf"},{"weight":37.0,"label":"planet"}]}]}