{"linkageTable":[{"node2":16,"distance":0.45699037055846503,"node1":15},{"node2":12,"distance":0.457411554338175,"node1":5},{"node2":8,"distance":0.463526241945455,"node1":7},{"node2":6,"distance":0.46430575541776,"node1":1},{"node2":20,"distance":0.473371957061565,"node1":2},{"node2":14,"distance":0.47933154759583496,"node1":21},{"node2":10,"distance":0.48328161497759,"node1":4},{"node2":24,"distance":0.485513864753265,"node1":0},{"node2":19,"distance":0.48771034267795377,"node1":25},{"node2":13,"distance":0.4897839426658184,"node1":23},{"node2":27,"distance":0.49092503520172,"node1":22},{"node2":18,"distance":0.493641415715955,"node1":11},{"node2":28,"distance":0.49410220005028815,"node1":29},{"node2":31,"distance":0.4944645361711288,"node1":26},{"node2":30,"distance":0.4969005626491216,"node1":32},{"node2":17,"distance":0.49815506767564655,"node1":33},{"node2":3,"distance":0.4994829729880924,"node1":34},{"node2":9,"distance":0.49965248511230026,"node1":35}],"conceptsData":[{"conceptId":8,"clusterId":0,"hexCoordinates":{"x":3.4641016151377544,"y":-3.0},"labels":[{"weight":2365.0,"label":"temperature"},{"weight":1095.0,"label":"thermal"},{"weight":578.0,"label":"heat"},{"weight":253.0,"label":"heating"},{"weight":190.0,"label":"condition"},{"weight":161.0,"label":"effect"},{"weight":130.0,"label":"high"},{"weight":120.0,"label":"result"},{"weight":112.0,"label":"elevated"},{"weight":108.0,"label":"range"},{"weight":103.0,"label":"increase"},{"weight":101.0,"label":"study"},{"weight":96.0,"label":"change"},{"weight":88.0,"label":"cool"},{"weight":86.0,"label":"rate"},{"weight":82.0,"label":"cold"},{"weight":78.0,"label":"loss"},{"weight":76.0,"label":"ambient"},{"weight":75.0,"label":"cooling"},{"weight":74.0,"label":"gradient"},{"weight":71.0,"label":"flux"},{"weight":71.0,"label":"investigate"},{"weight":69.0,"label":"hot"},{"weight":64.0,"label":"transfer"},{"weight":58.0,"label":"thermo"}]},{"conceptId":11,"clusterId":0,"hexCoordinates":{"x":3.4641016151377544,"y":3.0},"labels":[{"weight":247.0,"label":"textile"},{"weight":148.0,"label":"fabric"},{"weight":146.0,"label":"sensor"},{"weight":140.0,"label":"soft"},{"weight":100.0,"label":"actuator"},{"weight":92.0,"label":"material"},{"weight":86.0,"label":"design"},{"weight":85.0,"label":"fibre"},{"weight":75.0,"label":"property"},{"weight":74.0,"label":"device"},{"weight":56.0,"label":"range"},{"weight":54.0,"label":"membrane"},{"weight":52.0,"label":"pressure"},{"weight":52.0,"label":"develop"},{"weight":46.0,"label":"change"},{"weight":45.0,"label":"actuation"},{"weight":43.0,"label":"weave"},{"weight":41.0,"label":"tuning"},{"weight":41.0,"label":"application"},{"weight":40.0,"label":"yarn"},{"weight":40.0,"label":"cotton"},{"weight":38.0,"label":"apply"},{"weight":36.0,"label":"actuate"},{"weight":34.0,"label":"print"},{"weight":34.0,"label":"frequency"}]},{"conceptId":-1,"clusterId":-1,"hexCoordinates":{"x":8.660254037844386,"y":3.0},"labels":[{"weight":2500,"label":"Unclassified"},{"weight":0,"label":""},{"weight":0,"label":""},{"weight":0,"label":""},{"weight":0,"label":""},{"weight":0,"label":""},{"weight":0,"label":""},{"weight":0,"label":""},{"weight":0,"label":""},{"weight":0,"label":""},{"weight":0,"label":""}]},{"conceptId":17,"clusterId":0,"hexCoordinates":{"x":0.0,"y":-3.0},"labels":[{"weight":192.0,"label":"drill"},{"weight":149.0,"label":"drilling"},{"weight":110.0,"label":"ultrasonic"},{"weight":78.0,"label":"device"},{"weight":72.0,"label":"vibration"},{"weight":71.0,"label":"power"},{"weight":56.0,"label":"transducer"},{"weight":55.0,"label":"cut"},{"weight":52.0,"label":"bit"},{"weight":48.0,"label":"cutting"},{"weight":46.0,"label":"experimental"},{"weight":43.0,"label":"tip"},{"weight":39.0,"label":"force"},{"weight":38.0,"label":"string"},{"weight":38.0,"label":"hole"},{"weight":35.0,"label":"pml"},{"weight":34.0,"label":"penetration"},{"weight":33.0,"label":"higher"},{"weight":33.0,"label":"mass"},{"weight":32.0,"label":"cymbal"},{"weight":32.0,"label":"rock"},{"weight":31.0,"label":"rig"},{"weight":31.0,"label":"design"},{"weight":27.0,"label":"cap"},{"weight":26.0,"label":"chord"}]},{"conceptId":18,"clusterId":0,"hexCoordinates":{"x":1.7320508075688772,"y":3.0},"labels":[{"weight":231.0,"label":"defect"},{"weight":158.0,"label":"ultrasonic"},{"weight":154.0,"label":"surface"},{"weight":151.0,"label":"inspection"},{"weight":100.0,"label":"array"},{"weight":87.0,"label":"carbon"},{"weight":85.0,"label":"nanotube"},{"weight":82.0,"label":"destructive"},{"weight":82.0,"label":"technique"},{"weight":81.0,"label":"sample"},{"weight":71.0,"label":"fingermark"},{"weight":69.0,"label":"material"},{"weight":69.0,"label":"process"},{"weight":65.0,"label":"phased"},{"weight":64.0,"label":"ndt"},{"weight":64.0,"label":"testing"},{"weight":64.0,"label":"result"},{"weight":61.0,"label":"steel"},{"weight":61.0,"label":"present"},{"weight":58.0,"label":"cnt"},{"weight":53.0,"label":"interconnect"},{"weight":50.0,"label":"mwcnt"},{"weight":50.0,"label":"detection"},{"weight":48.0,"label":"detect"},{"weight":48.0,"label":"test"}]},{"conceptId":15,"clusterId":0,"hexCoordinates":{"x":0.0,"y":0.0},"labels":[{"weight":426.0,"label":"grain"},{"weight":208.0,"label":"temperature"},{"weight":187.0,"label":"microstructure"},{"weight":168.0,"label":"strain"},{"weight":141.0,"label":"boundary"},{"weight":134.0,"label":"deformation"},{"weight":126.0,"label":"process"},{"weight":122.0,"label":"alloy"},{"weight":93.0,"label":"mechanical"},{"weight":83.0,"label":"property"},{"weight":80.0,"label":"strength"},{"weight":77.0,"label":"material"},{"weight":73.0,"label":"ecap"},{"weight":71.0,"label":"microstructural"},{"weight":70.0,"label":"orientation"},{"weight":65.0,"label":"size"},{"weight":64.0,"label":"processing"},{"weight":61.0,"label":"forge"},{"weight":59.0,"label":"pass"},{"weight":57.0,"label":"evolution"},{"weight":56.0,"label":"twin"},{"weight":56.0,"label":"dislocation"},{"weight":55.0,"label":"texture"},{"weight":51.0,"label":"crystal"},{"weight":51.0,"label":"high"}]},{"conceptId":16,"clusterId":0,"hexCoordinates":{"x":1.7320508075688772,"y":0.0},"labels":[{"weight":758.0,"label":"surface"},{"weight":571.0,"label":"process"},{"weight":484.0,"label":"material"},{"weight":380.0,"label":"cut"},{"weight":370.0,"label":"form"},{"weight":349.0,"label":"steel"},{"weight":274.0,"label":"micro"},{"weight":273.0,"label":"metal"},{"weight":267.0,"label":"tool"},{"weight":234.0,"label":"result"},{"weight":225.0,"label":"wear"},{"weight":216.0,"label":"machining"},{"weight":207.0,"label":"weld"},{"weight":198.0,"label":"residual"},{"weight":191.0,"label":"component"},{"weight":188.0,"label":"alloy"},{"weight":185.0,"label":"parameter"},{"weight":180.0,"label":"powder"},{"weight":163.0,"label":"part"},{"weight":154.0,"label":"welding"},{"weight":148.0,"label":"condition"},{"weight":147.0,"label":"study"},{"weight":145.0,"label":"stress"},{"weight":141.0,"label":"sheet"},{"weight":139.0,"label":"manufacturing"}]},{"conceptId":9,"clusterId":0,"hexCoordinates":{"x":0.0,"y":3.0},"labels":[{"weight":182.0,"label":"inspection"},{"weight":88.0,"label":"defect"},{"weight":60.0,"label":"fuel"},{"weight":59.0,"label":"reactor"},{"weight":47.0,"label":"core"},{"weight":44.0,"label":"visual"},{"weight":40.0,"label":"process"},{"weight":33.0,"label":"tube"},{"weight":32.0,"label":"channel"},{"weight":31.0,"label":"nuclear"},{"weight":29.0,"label":"inspect"},{"weight":29.0,"label":"crack"},{"weight":26.0,"label":"pressure"},{"weight":23.0,"label":"analyst"},{"weight":23.0,"label":"ultrasonic"},{"weight":22.0,"label":"outage"},{"weight":22.0,"label":"footage"},{"weight":22.0,"label":"competition"},{"weight":21.0,"label":"flaw"},{"weight":21.0,"label":"brick"},{"weight":21.0,"label":"depth"},{"weight":21.0,"label":"gas"},{"weight":21.0,"label":"advanced"},{"weight":20.0,"label":"graphite"},{"weight":20.0,"label":"video"}]},{"conceptId":14,"clusterId":0,"hexCoordinates":{"x":2.598076211353316,"y":-4.5},"labels":[{"weight":260.0,"label":"timber"},{"weight":104.0,"label":"fire"},{"weight":86.0,"label":"material"},{"weight":81.0,"label":"construction"},{"weight":69.0,"label":"structural"},{"weight":65.0,"label":"wall"},{"weight":64.0,"label":"floor"},{"weight":62.0,"label":"rack"},{"weight":58.0,"label":"test"},{"weight":56.0,"label":"roof"},{"weight":55.0,"label":"penetration"},{"weight":46.0,"label":"building"},{"weight":45.0,"label":"load"},{"weight":44.0,"label":"ceiling"},{"weight":36.0,"label":"paper"},{"weight":35.0,"label":"connection"},{"weight":34.0,"label":"compartment"},{"weight":34.0,"label":"experiment"},{"weight":33.0,"label":"tower"},{"weight":33.0,"label":"expose"},{"weight":33.0,"label":"performance"},{"weight":31.0,"label":"frame"},{"weight":30.0,"label":"clt"},{"weight":30.0,"label":"design"},{"weight":29.0,"label":"offsite"}]},{"conceptId":12,"clusterId":0,"hexCoordinates":{"x":4.330127018922193,"y":1.5},"labels":[{"weight":233.0,"label":"laminate"},{"weight":203.0,"label":"composite"},{"weight":176.0,"label":"ply"},{"weight":129.0,"label":"design"},{"weight":114.0,"label":"bend"},{"weight":86.0,"label":"fibre"},{"weight":79.0,"label":"carbon"},{"weight":79.0,"label":"material"},{"weight":71.0,"label":"hybrid"},{"weight":64.0,"label":"angle"},{"weight":62.0,"label":"cfrp"},{"weight":59.0,"label":"twist"},{"weight":56.0,"label":"orientation"},{"weight":55.0,"label":"plate"},{"weight":52.0,"label":"damage"},{"weight":50.0,"label":"pseudo"},{"weight":49.0,"label":"notch"},{"weight":48.0,"label":"coupling"},{"weight":46.0,"label":"property"},{"weight":45.0,"label":"shear"},{"weight":41.0,"label":"thin"},{"weight":41.0,"label":"investigate"},{"weight":39.0,"label":"buckle"},{"weight":39.0,"label":"delamination"},{"weight":38.0,"label":"elastic"}]},{"conceptId":5,"clusterId":0,"hexCoordinates":{"x":3.4641016151377544,"y":0.0},"labels":[{"weight":251.0,"label":"failure"},{"weight":192.0,"label":"strain"},{"weight":174.0,"label":"damage"},{"weight":172.0,"label":"beam"},{"weight":167.0,"label":"specimen"},{"weight":157.0,"label":"load"},{"weight":129.0,"label":"crack"},{"weight":123.0,"label":"mode"},{"weight":119.0,"label":"composite"},{"weight":119.0,"label":"test"},{"weight":104.0,"label":"stress"},{"weight":101.0,"label":"adhesive"},{"weight":97.0,"label":"bond"},{"weight":85.0,"label":"delamination"},{"weight":85.0,"label":"bend"},{"weight":85.0,"label":"static"},{"weight":77.0,"label":"mechanism"},{"weight":76.0,"label":"layer"},{"weight":74.0,"label":"carbon"},{"weight":70.0,"label":"tensile"},{"weight":66.0,"label":"strength"},{"weight":65.0,"label":"epoxy"},{"weight":65.0,"label":"mechanical"},{"weight":63.0,"label":"energy"},{"weight":60.0,"label":"hybrid"}]},{"conceptId":13,"clusterId":0,"hexCoordinates":{"x":4.330127018922193,"y":-1.5},"labels":[{"weight":850.0,"label":"fibre"},{"weight":306.0,"label":"glass"},{"weight":160.0,"label":"composite"},{"weight":113.0,"label":"strength"},{"weight":78.0,"label":"explosive"},{"weight":51.0,"label":"matrix"},{"weight":49.0,"label":"result"},{"weight":42.0,"label":"reinforce"},{"weight":41.0,"label":"tnt"},{"weight":41.0,"label":"epoxy"},{"weight":36.0,"label":"performance"},{"weight":32.0,"label":"property"},{"weight":31.0,"label":"recycle"},{"weight":31.0,"label":"detonation"},{"weight":30.0,"label":"recycling"},{"weight":30.0,"label":"treatment"},{"weight":29.0,"label":"recycled"},{"weight":29.0,"label":"surface"},{"weight":29.0,"label":"material"},{"weight":28.0,"label":"thermally"},{"weight":27.0,"label":"ifss"},{"weight":27.0,"label":"reinforcement"},{"weight":27.0,"label":"thermal"},{"weight":27.0,"label":"investigate"},{"weight":26.0,"label":"diameter"}]},{"conceptId":1,"clusterId":0,"hexCoordinates":{"x":0.8660254037844386,"y":1.5},"labels":[{"weight":1001.0,"label":"stress"},{"weight":717.0,"label":"strain"},{"weight":631.0,"label":"mechanical"},{"weight":605.0,"label":"material"},{"weight":458.0,"label":"model"},{"weight":431.0,"label":"deformation"},{"weight":365.0,"label":"shear"},{"weight":318.0,"label":"behaviour"},{"weight":317.0,"label":"property"},{"weight":315.0,"label":"elastic"},{"weight":272.0,"label":"load"},{"weight":259.0,"label":"element"},{"weight":247.0,"label":"response"},{"weight":246.0,"label":"test"},{"weight":243.0,"label":"compression"},{"weight":203.0,"label":"damage"},{"weight":194.0,"label":"result"},{"weight":189.0,"label":"crack"},{"weight":188.0,"label":"experimental"},{"weight":181.0,"label":"constitutive"},{"weight":177.0,"label":"modulus"},{"weight":172.0,"label":"failure"},{"weight":171.0,"label":"strength"},{"weight":168.0,"label":"finite"},{"weight":157.0,"label":"fracture"}]},{"conceptId":6,"clusterId":0,"hexCoordinates":{"x":2.598076211353316,"y":1.5},"labels":[{"weight":220.0,"label":"port"},{"weight":102.0,"label":"water"},{"weight":51.0,"label":"srna"},{"weight":45.0,"label":"retention"},{"weight":44.0,"label":"curve"},{"weight":39.0,"label":"unsaturated"},{"weight":38.0,"label":"sif"},{"weight":34.0,"label":"dry"},{"weight":30.0,"label":"saturation"},{"weight":29.0,"label":"soil"},{"weight":28.0,"label":"flop"},{"weight":27.0,"label":"suction"},{"weight":27.0,"label":"dehydration"},{"weight":26.0,"label":"degree"},{"weight":25.0,"label":"saturated"},{"weight":24.0,"label":"container"},{"weight":22.0,"label":"turgor"},{"weight":22.0,"label":"wet"},{"weight":22.0,"label":"air"},{"weight":20.0,"label":"trichome"},{"weight":19.0,"label":"richard"},{"weight":18.0,"label":"condition"},{"weight":17.0,"label":"fold"},{"weight":15.0,"label":"yield"},{"weight":14.0,"label":"couple"}]},{"conceptId":3,"clusterId":0,"hexCoordinates":{"x":-0.8660254037844386,"y":-1.5},"labels":[{"weight":314.0,"label":"fire"},{"weight":312.0,"label":"plan"},{"weight":301.0,"label":"planning"},{"weight":89.0,"label":"chi"},{"weight":57.0,"label":"method"},{"weight":54.0,"label":"glass"},{"weight":44.0,"label":"address"},{"weight":36.0,"label":"flag"},{"weight":36.0,"label":"safety"},{"weight":31.0,"label":"compartment"},{"weight":27.0,"label":"flash"},{"weight":27.0,"label":"design"},{"weight":26.0,"label":"match"},{"weight":25.0,"label":"planner"},{"weight":20.0,"label":"tunnel"},{"weight":18.0,"label":"phonics"},{"weight":18.0,"label":"matching"},{"weight":17.0,"label":"firefighter"},{"weight":16.0,"label":"execution"},{"weight":16.0,"label":"travel"},{"weight":16.0,"label":"erg"},{"weight":16.0,"label":"critical"},{"weight":15.0,"label":"ppv"},{"weight":15.0,"label":"dark"},{"weight":15.0,"label":"markov"}]},{"conceptId":4,"clusterId":0,"hexCoordinates":{"x":0.8660254037844386,"y":-1.5},"labels":[{"weight":538.0,"label":"stress"},{"weight":375.0,"label":"fatigue"},{"weight":316.0,"label":"crack"},{"weight":310.0,"label":"load"},{"weight":203.0,"label":"creep"},{"weight":192.0,"label":"cyclic"},{"weight":158.0,"label":"pipe"},{"weight":153.0,"label":"analysis"},{"weight":133.0,"label":"residual"},{"weight":126.0,"label":"method"},{"weight":126.0,"label":"effect"},{"weight":123.0,"label":"structural"},{"weight":122.0,"label":"material"},{"weight":110.0,"label":"failure"},{"weight":109.0,"label":"corrosion"},{"weight":107.0,"label":"life"},{"weight":97.0,"label":"strain"},{"weight":95.0,"label":"loading"},{"weight":93.0,"label":"test"},{"weight":88.0,"label":"structure"},{"weight":87.0,"label":"component"},{"weight":86.0,"label":"limit"},{"weight":84.0,"label":"thermal"},{"weight":84.0,"label":"investigate"},{"weight":84.0,"label":"element"}]},{"conceptId":10,"clusterId":0,"hexCoordinates":{"x":2.598076211353316,"y":-1.5},"labels":[{"weight":186.0,"label":"element"},{"weight":128.0,"label":"design"},{"weight":125.0,"label":"sensitivity"},{"weight":104.0,"label":"analysis"},{"weight":92.0,"label":"model"},{"weight":84.0,"label":"result"},{"weight":69.0,"label":"parameter"},{"weight":63.0,"label":"mismatch"},{"weight":56.0,"label":"finite"},{"weight":53.0,"label":"material"},{"weight":53.0,"label":"measurement"},{"weight":52.0,"label":"paper"},{"weight":50.0,"label":"stress"},{"weight":48.0,"label":"work"},{"weight":44.0,"label":"high"},{"weight":41.0,"label":"determine"},{"weight":40.0,"label":"present"},{"weight":38.0,"label":"mmi"},{"weight":35.0,"label":"method"},{"weight":34.0,"label":"cable"},{"weight":34.0,"label":"base"},{"weight":30.0,"label":"fea"},{"weight":30.0,"label":"study"},{"weight":29.0,"label":"experimental"},{"weight":28.0,"label":"simulate"}]},{"conceptId":2,"clusterId":0,"hexCoordinates":{"x":5.196152422706632,"y":0.0},"labels":[{"weight":627.0,"label":"material"},{"weight":456.0,"label":"composite"},{"weight":411.0,"label":"property"},{"weight":285.0,"label":"polymer"},{"weight":238.0,"label":"mechanical"},{"weight":213.0,"label":"fiber"},{"weight":168.0,"label":"nanocomposite"},{"weight":161.0,"label":"matrix"},{"weight":122.0,"label":"strength"},{"weight":120.0,"label":"thermal"},{"weight":115.0,"label":"increase"},{"weight":108.0,"label":"show"},{"weight":104.0,"label":"fibre"},{"weight":101.0,"label":"investigate"},{"weight":99.0,"label":"application"},{"weight":96.0,"label":"carbon"},{"weight":92.0,"label":"test"},{"weight":90.0,"label":"base"},{"weight":88.0,"label":"improve"},{"weight":87.0,"label":"result"},{"weight":83.0,"label":"filler"},{"weight":82.0,"label":"reinforce"},{"weight":81.0,"label":"study"},{"weight":79.0,"label":"tensile"},{"weight":78.0,"label":"analysis"}]},{"conceptId":0,"clusterId":0,"hexCoordinates":{"x":0.8660254037844386,"y":-4.5},"labels":[{"weight":410.0,"label":"vibration"},{"weight":383.0,"label":"response"},{"weight":356.0,"label":"structure"},{"weight":242.0,"label":"structural"},{"weight":216.0,"label":"damage"},{"weight":200.0,"label":"pile"},{"weight":184.0,"label":"soil"},{"weight":180.0,"label":"foundation"},{"weight":169.0,"label":"ground"},{"weight":164.0,"label":"seismic"},{"weight":159.0,"label":"dynamic"},{"weight":159.0,"label":"frequency"},{"weight":158.0,"label":"displacement"},{"weight":136.0,"label":"bridge"},{"weight":136.0,"label":"load"},{"weight":133.0,"label":"model"},{"weight":131.0,"label":"stiffness"},{"weight":127.0,"label":"paper"},{"weight":126.0,"label":"scour"},{"weight":116.0,"label":"analysis"},{"weight":113.0,"label":"modal"},{"weight":102.0,"label":"result"},{"weight":97.0,"label":"bearing"},{"weight":93.0,"label":"element"},{"weight":92.0,"label":"design"}]},{"conceptId":7,"clusterId":0,"hexCoordinates":{"x":1.7320508075688772,"y":-3.0},"labels":[{"weight":513.0,"label":"concrete"},{"weight":366.0,"label":"steel"},{"weight":278.0,"label":"design"},{"weight":249.0,"label":"test"},{"weight":208.0,"label":"fire"},{"weight":205.0,"label":"structural"},{"weight":200.0,"label":"load"},{"weight":192.0,"label":"reinforce"},{"weight":184.0,"label":"column"},{"weight":173.0,"label":"strength"},{"weight":171.0,"label":"structure"},{"weight":153.0,"label":"section"},{"weight":151.0,"label":"result"},{"weight":146.0,"label":"frame"},{"weight":134.0,"label":"element"},{"weight":133.0,"label":"frp"},{"weight":130.0,"label":"paper"},{"weight":123.0,"label":"beam"},{"weight":119.0,"label":"present"},{"weight":118.0,"label":"web"},{"weight":104.0,"label":"study"},{"weight":103.0,"label":"slab"},{"weight":100.0,"label":"capacity"},{"weight":98.0,"label":"plate"},{"weight":94.0,"label":"form"}]}]}