[{"topicData":[{"numberOfDocuments":0.0,"label":"Robert Gordon University"},{"numberOfDocuments":0.0,"label":"Heriot-Watt University"},{"numberOfDocuments":0.0,"label":"Glasgow Caledonian University"},{"numberOfDocuments":0.0,"label":"Queen Margaret University"},{"numberOfDocuments":0.0,"label":"University of the Highlands and Islands"},{"numberOfDocuments":0.0,"label":"University of Dundee"},{"numberOfDocuments":0.0,"label":"Edinburgh Napier University"},{"numberOfDocuments":0.0,"label":"University of Stirling"},{"numberOfDocuments":0.0,"label":"Abertay University"},{"numberOfDocuments":0.0,"label":"University of Aberdeen"},{"numberOfDocuments":0.0,"label":"University of Edinburgh"},{"numberOfDocuments":0.0,"label":"University of the West of Scotland"},{"numberOfDocuments":0.0,"label":"University of St Andrews"},{"numberOfDocuments":0.0,"label":"University of Glasgow"},{"numberOfDocuments":0.0,"label":"University of Strathclyde"}],"conceptId":-1},{"topicData":[{"numberOfDocuments":0.5580135227773847,"label":"Robert Gordon University"},{"numberOfDocuments":9.720680164692867,"label":"Heriot-Watt University"},{"numberOfDocuments":0.09362639396700789,"label":"Glasgow Caledonian University"},{"numberOfDocuments":0.1483150725453361,"label":"Queen Margaret University"},{"numberOfDocuments":11.676782071779211,"label":"University of the Highlands and Islands"},{"numberOfDocuments":4.273669318217565,"label":"University of Dundee"},{"numberOfDocuments":0.8865994564029923,"label":"Edinburgh Napier University"},{"numberOfDocuments":1.3713998138459134,"label":"University of Stirling"},{"numberOfDocuments":0.1811353459482883,"label":"Abertay University"},{"numberOfDocuments":7.460789430078615,"label":"University of Aberdeen"},{"numberOfDocuments":17.428715713619713,"label":"University of Edinburgh"},{"numberOfDocuments":0.6705403913306217,"label":"University of the West of Scotland"},{"numberOfDocuments":1.8194070470754622,"label":"University of St Andrews"},{"numberOfDocuments":7.140813510262121,"label":"University of Glasgow"},{"numberOfDocuments":27.251042456551403,"label":"University of Strathclyde"}],"conceptId":0},{"topicData":[{"numberOfDocuments":8.245798614670292,"label":"Robert Gordon University"},{"numberOfDocuments":24.97425746821464,"label":"Heriot-Watt University"},{"numberOfDocuments":2.738210005335421,"label":"Glasgow Caledonian University"},{"numberOfDocuments":0.8099531248864922,"label":"Queen Margaret University"},{"numberOfDocuments":5.15029788699517,"label":"University of the Highlands and Islands"},{"numberOfDocuments":8.241070159943511,"label":"University of Dundee"},{"numberOfDocuments":6.383730971915329,"label":"Edinburgh Napier University"},{"numberOfDocuments":4.426153779318439,"label":"University of Stirling"},{"numberOfDocuments":1.3877583936774034,"label":"Abertay University"},{"numberOfDocuments":15.883791984134936,"label":"University of Aberdeen"},{"numberOfDocuments":53.52024264546442,"label":"University of Edinburgh"},{"numberOfDocuments":4.01713027676471,"label":"University of the West of Scotland"},{"numberOfDocuments":13.190090913115492,"label":"University of St Andrews"},{"numberOfDocuments":40.044409983011896,"label":"University of Glasgow"},{"numberOfDocuments":91.33768591762463,"label":"University of Strathclyde"}],"conceptId":1},{"topicData":[{"numberOfDocuments":1.681924732991783,"label":"Robert Gordon University"},{"numberOfDocuments":3.9747506343954004,"label":"Heriot-Watt University"},{"numberOfDocuments":0.33268409784770514,"label":"Glasgow Caledonian University"},{"numberOfDocuments":0.12450084804120179,"label":"Queen Margaret University"},{"numberOfDocuments":0.3079495537367398,"label":"University of the Highlands and Islands"},{"numberOfDocuments":2.156284276058683,"label":"University of Dundee"},{"numberOfDocuments":0.49506118609453986,"label":"Edinburgh Napier University"},{"numberOfDocuments":0.8124980657782371,"label":"University of Stirling"},{"numberOfDocuments":0.23633063770766413,"label":"Abertay University"},{"numberOfDocuments":6.822388497341869,"label":"University of Aberdeen"},{"numberOfDocuments":9.353576959129692,"label":"University of Edinburgh"},{"numberOfDocuments":0.18246015543974836,"label":"University of the West of Scotland"},{"numberOfDocuments":3.4208263298126846,"label":"University of St Andrews"},{"numberOfDocuments":36.023467450078,"label":"University of Glasgow"},{"numberOfDocuments":19.46056387740356,"label":"University of Strathclyde"}],"conceptId":2},{"topicData":[{"numberOfDocuments":1.6353414747475452,"label":"Robert Gordon University"},{"numberOfDocuments":9.631725897538953,"label":"Heriot-Watt University"},{"numberOfDocuments":0.5043320152374093,"label":"Glasgow Caledonian University"},{"numberOfDocuments":0.10633368197902848,"label":"Queen Margaret University"},{"numberOfDocuments":1.4972147640397553,"label":"University of the Highlands and Islands"},{"numberOfDocuments":2.478844396272748,"label":"University of Dundee"},{"numberOfDocuments":1.4309826447276006,"label":"Edinburgh Napier University"},{"numberOfDocuments":1.0183363358433541,"label":"University of Stirling"},{"numberOfDocuments":0.5598946833234237,"label":"Abertay University"},{"numberOfDocuments":2.9166874554733915,"label":"University of Aberdeen"},{"numberOfDocuments":39.11785856053508,"label":"University of Edinburgh"},{"numberOfDocuments":2.65367320618633,"label":"University of the West of Scotland"},{"numberOfDocuments":6.615194773845943,"label":"University of St Andrews"},{"numberOfDocuments":27.66496945968448,"label":"University of Glasgow"},{"numberOfDocuments":61.43127889977176,"label":"University of Strathclyde"}],"conceptId":3},{"topicData":[{"numberOfDocuments":4.715363919740874,"label":"Robert Gordon University"},{"numberOfDocuments":42.51890141111355,"label":"Heriot-Watt University"},{"numberOfDocuments":2.442406459142559,"label":"Glasgow Caledonian University"},{"numberOfDocuments":2.6489224386596986,"label":"Queen Margaret University"},{"numberOfDocuments":6.479095200911195,"label":"University of the Highlands and Islands"},{"numberOfDocuments":22.08484714935617,"label":"University of Dundee"},{"numberOfDocuments":7.3935344306052,"label":"Edinburgh Napier University"},{"numberOfDocuments":15.814264969161925,"label":"University of Stirling"},{"numberOfDocuments":3.5454495011003515,"label":"Abertay University"},{"numberOfDocuments":43.33747449376421,"label":"University of Aberdeen"},{"numberOfDocuments":172.0955202921659,"label":"University of Edinburgh"},{"numberOfDocuments":5.814301701338334,"label":"University of the West of Scotland"},{"numberOfDocuments":85.72060031579136,"label":"University of St Andrews"},{"numberOfDocuments":92.87788599354877,"label":"University of Glasgow"},{"numberOfDocuments":96.55365475470609,"label":"University of Strathclyde"}],"conceptId":4},{"topicData":[{"numberOfDocuments":0.47186516638304843,"label":"Robert Gordon University"},{"numberOfDocuments":2.2950419127108583,"label":"Heriot-Watt University"},{"numberOfDocuments":0.22945804195804195,"label":"Glasgow Caledonian University"},{"numberOfDocuments":0.018667925499957085,"label":"Queen Margaret University"},{"numberOfDocuments":0.2616413467999438,"label":"University of the Highlands and Islands"},{"numberOfDocuments":2.1603966623405166,"label":"University of Dundee"},{"numberOfDocuments":0.3115520474595462,"label":"Edinburgh Napier University"},{"numberOfDocuments":0.846939468623548,"label":"University of Stirling"},{"numberOfDocuments":0.265675364244598,"label":"Abertay University"},{"numberOfDocuments":1.4175746604286186,"label":"University of Aberdeen"},{"numberOfDocuments":2.2511865417376415,"label":"University of Edinburgh"},{"numberOfDocuments":0.13127702028599933,"label":"University of the West of Scotland"},{"numberOfDocuments":3.9226740746334037,"label":"University of St Andrews"},{"numberOfDocuments":2.837339023053759,"label":"University of Glasgow"},{"numberOfDocuments":1.8431126835044243,"label":"University of Strathclyde"}],"conceptId":5},{"topicData":[{"numberOfDocuments":2.2765305543017105,"label":"Robert Gordon University"},{"numberOfDocuments":5.316137499906858,"label":"Heriot-Watt University"},{"numberOfDocuments":0.3860049789542185,"label":"Glasgow Caledonian University"},{"numberOfDocuments":0.12707009553638884,"label":"Queen Margaret University"},{"numberOfDocuments":0.18001289856027816,"label":"University of the Highlands and Islands"},{"numberOfDocuments":2.814311563902246,"label":"University of Dundee"},{"numberOfDocuments":0.44893028491994197,"label":"Edinburgh Napier University"},{"numberOfDocuments":1.1935782640478947,"label":"University of Stirling"},{"numberOfDocuments":0.18050907164988533,"label":"Abertay University"},{"numberOfDocuments":3.550353263325869,"label":"University of Aberdeen"},{"numberOfDocuments":12.666696063258089,"label":"University of Edinburgh"},{"numberOfDocuments":1.6293169765635822,"label":"University of the West of Scotland"},{"numberOfDocuments":3.2996061907217924,"label":"University of St Andrews"},{"numberOfDocuments":9.003065822725922,"label":"University of Glasgow"},{"numberOfDocuments":11.442429335249773,"label":"University of Strathclyde"}],"conceptId":6},{"topicData":[{"numberOfDocuments":2.997427628897347,"label":"Robert Gordon University"},{"numberOfDocuments":44.176827475710716,"label":"Heriot-Watt University"},{"numberOfDocuments":0.566728083399833,"label":"Glasgow Caledonian University"},{"numberOfDocuments":0.41129640380597016,"label":"Queen Margaret University"},{"numberOfDocuments":1.0148873855932394,"label":"University of the Highlands and Islands"},{"numberOfDocuments":12.237150447027762,"label":"University of Dundee"},{"numberOfDocuments":2.6030983463862776,"label":"Edinburgh Napier University"},{"numberOfDocuments":2.287925623121383,"label":"University of Stirling"},{"numberOfDocuments":1.1912060641044435,"label":"Abertay University"},{"numberOfDocuments":11.381393666802476,"label":"University of Aberdeen"},{"numberOfDocuments":67.06118695793933,"label":"University of Edinburgh"},{"numberOfDocuments":3.09620325968013,"label":"University of the West of Scotland"},{"numberOfDocuments":30.107646103858272,"label":"University of St Andrews"},{"numberOfDocuments":38.603869051661206,"label":"University of Glasgow"},{"numberOfDocuments":59.833884917458285,"label":"University of Strathclyde"}],"conceptId":7},{"topicData":[{"numberOfDocuments":0.7389112479465318,"label":"Robert Gordon University"},{"numberOfDocuments":17.699469899421853,"label":"Heriot-Watt University"},{"numberOfDocuments":0.3554349139422208,"label":"Glasgow Caledonian University"},{"numberOfDocuments":0.16035615944315965,"label":"Queen Margaret University"},{"numberOfDocuments":0.25122310933074005,"label":"University of the Highlands and Islands"},{"numberOfDocuments":1.7655281410770756,"label":"University of Dundee"},{"numberOfDocuments":0.24816030959509677,"label":"Edinburgh Napier University"},{"numberOfDocuments":0.4682587989349342,"label":"University of Stirling"},{"numberOfDocuments":1.0457873542110487,"label":"Abertay University"},{"numberOfDocuments":4.473440155035722,"label":"University of Aberdeen"},{"numberOfDocuments":15.600107187070247,"label":"University of Edinburgh"},{"numberOfDocuments":1.135706376547739,"label":"University of the West of Scotland"},{"numberOfDocuments":1.9847229265664479,"label":"University of St Andrews"},{"numberOfDocuments":4.036884495370076,"label":"University of Glasgow"},{"numberOfDocuments":11.305184341180281,"label":"University of Strathclyde"}],"conceptId":8},{"topicData":[{"numberOfDocuments":1.62979838613187,"label":"Robert Gordon University"},{"numberOfDocuments":23.625955613538416,"label":"Heriot-Watt University"},{"numberOfDocuments":0.16922720998807955,"label":"Glasgow Caledonian University"},{"numberOfDocuments":0.25071000705746654,"label":"Queen Margaret University"},{"numberOfDocuments":0.19047186932849364,"label":"University of the Highlands and Islands"},{"numberOfDocuments":2.3032964259334703,"label":"University of Dundee"},{"numberOfDocuments":0.2734244267990841,"label":"Edinburgh Napier University"},{"numberOfDocuments":1.873808588196471,"label":"University of Stirling"},{"numberOfDocuments":1.019535485963401,"label":"Abertay University"},{"numberOfDocuments":9.87122752633475,"label":"University of Aberdeen"},{"numberOfDocuments":11.451813175363814,"label":"University of Edinburgh"},{"numberOfDocuments":1.477169442315105,"label":"University of the West of Scotland"},{"numberOfDocuments":1.5455962240535457,"label":"University of St Andrews"},{"numberOfDocuments":6.817392293885325,"label":"University of Glasgow"},{"numberOfDocuments":8.850865263414613,"label":"University of Strathclyde"}],"conceptId":9},{"topicData":[{"numberOfDocuments":4.909216883437641,"label":"Robert Gordon University"},{"numberOfDocuments":5.970446587974908,"label":"Heriot-Watt University"},{"numberOfDocuments":0.08610495195861051,"label":"Glasgow Caledonian University"},{"numberOfDocuments":0.06126521613116996,"label":"Queen Margaret University"},{"numberOfDocuments":0.031056910569105693,"label":"University of the Highlands and Islands"},{"numberOfDocuments":0.7185991192812365,"label":"University of Dundee"},{"numberOfDocuments":0.13935118078733205,"label":"Edinburgh Napier University"},{"numberOfDocuments":0.18114782105306165,"label":"University of Stirling"},{"numberOfDocuments":0.06349206349206349,"label":"Abertay University"},{"numberOfDocuments":4.366924697463917,"label":"University of Aberdeen"},{"numberOfDocuments":17.64142246874608,"label":"University of Edinburgh"},{"numberOfDocuments":0.09075268817204302,"label":"University of the West of Scotland"},{"numberOfDocuments":0.9387458117306127,"label":"University of St Andrews"},{"numberOfDocuments":5.95487222597291,"label":"University of Glasgow"},{"numberOfDocuments":24.324111279116075,"label":"University of Strathclyde"}],"conceptId":10},{"topicData":[{"numberOfDocuments":0.9554981825983033,"label":"Robert Gordon University"},{"numberOfDocuments":8.131909859610671,"label":"Heriot-Watt University"},{"numberOfDocuments":0.39644581569815374,"label":"Glasgow Caledonian University"},{"numberOfDocuments":0.4846695665757551,"label":"Queen Margaret University"},{"numberOfDocuments":5.2964229249614485,"label":"University of the Highlands and Islands"},{"numberOfDocuments":4.646151202983535,"label":"University of Dundee"},{"numberOfDocuments":2.017211853645936,"label":"Edinburgh Napier University"},{"numberOfDocuments":6.0439481815628,"label":"University of Stirling"},{"numberOfDocuments":0.8209748598979542,"label":"Abertay University"},{"numberOfDocuments":9.15700868586044,"label":"University of Aberdeen"},{"numberOfDocuments":22.564870321986078,"label":"University of Edinburgh"},{"numberOfDocuments":0.9121979267626712,"label":"University of the West of Scotland"},{"numberOfDocuments":11.879647417661582,"label":"University of St Andrews"},{"numberOfDocuments":19.010640828012882,"label":"University of Glasgow"},{"numberOfDocuments":12.817653553380119,"label":"University of Strathclyde"}],"conceptId":11},{"topicData":[{"numberOfDocuments":1.496669646219693,"label":"Robert Gordon University"},{"numberOfDocuments":6.759392182581624,"label":"Heriot-Watt University"},{"numberOfDocuments":1.5496479261983298,"label":"Glasgow Caledonian University"},{"numberOfDocuments":1.6475514521824317,"label":"Queen Margaret University"},{"numberOfDocuments":1.9478382841850757,"label":"University of the Highlands and Islands"},{"numberOfDocuments":7.775769467914495,"label":"University of Dundee"},{"numberOfDocuments":2.643990040093956,"label":"Edinburgh Napier University"},{"numberOfDocuments":9.25120468179109,"label":"University of Stirling"},{"numberOfDocuments":0.7986034649922293,"label":"Abertay University"},{"numberOfDocuments":9.868994790548674,"label":"University of Aberdeen"},{"numberOfDocuments":40.41887479517349,"label":"University of Edinburgh"},{"numberOfDocuments":1.8685909722574985,"label":"University of the West of Scotland"},{"numberOfDocuments":18.2524630441,"label":"University of St Andrews"},{"numberOfDocuments":31.950115820482264,"label":"University of Glasgow"},{"numberOfDocuments":22.307644529890506,"label":"University of Strathclyde"}],"conceptId":12},{"topicData":[{"numberOfDocuments":0.3038460352814617,"label":"Robert Gordon University"},{"numberOfDocuments":4.626336458839777,"label":"Heriot-Watt University"},{"numberOfDocuments":0.11361858753163101,"label":"Glasgow Caledonian University"},{"numberOfDocuments":0.08006742298217598,"label":"Queen Margaret University"},{"numberOfDocuments":0.1503202341021712,"label":"University of the Highlands and Islands"},{"numberOfDocuments":1.314387435272694,"label":"University of Dundee"},{"numberOfDocuments":0.7591242754679256,"label":"Edinburgh Napier University"},{"numberOfDocuments":0.34017264708085354,"label":"University of Stirling"},{"numberOfDocuments":0.6602041517829216,"label":"Abertay University"},{"numberOfDocuments":2.2425984762266755,"label":"University of Aberdeen"},{"numberOfDocuments":20.104811344572482,"label":"University of Edinburgh"},{"numberOfDocuments":0.2335595913662492,"label":"University of the West of Scotland"},{"numberOfDocuments":1.0931489807494674,"label":"University of St Andrews"},{"numberOfDocuments":5.910280515356197,"label":"University of Glasgow"},{"numberOfDocuments":14.835373882207714,"label":"University of Strathclyde"}],"conceptId":13},{"topicData":[{"numberOfDocuments":1.8640138795689425,"label":"Robert Gordon University"},{"numberOfDocuments":22.62151861066134,"label":"Heriot-Watt University"},{"numberOfDocuments":0.9915124814432097,"label":"Glasgow Caledonian University"},{"numberOfDocuments":0.6333067677930226,"label":"Queen Margaret University"},{"numberOfDocuments":1.4631875126867129,"label":"University of the Highlands and Islands"},{"numberOfDocuments":13.092580053872659,"label":"University of Dundee"},{"numberOfDocuments":7.426263986137456,"label":"Edinburgh Napier University"},{"numberOfDocuments":2.013429496893336,"label":"University of Stirling"},{"numberOfDocuments":1.4424854259153754,"label":"Abertay University"},{"numberOfDocuments":14.901196596982107,"label":"University of Aberdeen"},{"numberOfDocuments":42.09141282765682,"label":"University of Edinburgh"},{"numberOfDocuments":2.308088025618126,"label":"University of the West of Scotland"},{"numberOfDocuments":11.143593655162418,"label":"University of St Andrews"},{"numberOfDocuments":58.83443151386152,"label":"University of Glasgow"},{"numberOfDocuments":77.27887742905754,"label":"University of Strathclyde"}],"conceptId":14},{"topicData":[{"numberOfDocuments":3.3401737738087993,"label":"Robert Gordon University"},{"numberOfDocuments":14.650603475199702,"label":"Heriot-Watt University"},{"numberOfDocuments":0.3729110550670351,"label":"Glasgow Caledonian University"},{"numberOfDocuments":0.8389422679751157,"label":"Queen Margaret University"},{"numberOfDocuments":4.550458280481881,"label":"University of the Highlands and Islands"},{"numberOfDocuments":7.09743158202051,"label":"University of Dundee"},{"numberOfDocuments":1.0361923041929788,"label":"Edinburgh Napier University"},{"numberOfDocuments":1.8826252396364718,"label":"University of Stirling"},{"numberOfDocuments":2.194373523209679,"label":"Abertay University"},{"numberOfDocuments":19.54756591808796,"label":"University of Aberdeen"},{"numberOfDocuments":51.21074675647477,"label":"University of Edinburgh"},{"numberOfDocuments":0.7945969341678383,"label":"University of the West of Scotland"},{"numberOfDocuments":19.025364063698785,"label":"University of St Andrews"},{"numberOfDocuments":44.539967671378115,"label":"University of Glasgow"},{"numberOfDocuments":59.32774924056282,"label":"University of Strathclyde"}],"conceptId":15},{"topicData":[{"numberOfDocuments":0.3549985804378447,"label":"Robert Gordon University"},{"numberOfDocuments":5.611966985792331,"label":"Heriot-Watt University"},{"numberOfDocuments":0.1553624708884871,"label":"Glasgow Caledonian University"},{"numberOfDocuments":0.03911105828324768,"label":"Queen Margaret University"},{"numberOfDocuments":3.4321635558722208,"label":"University of the Highlands and Islands"},{"numberOfDocuments":5.452905950744623,"label":"University of Dundee"},{"numberOfDocuments":0.2897965944140223,"label":"Edinburgh Napier University"},{"numberOfDocuments":0.7290908429125219,"label":"University of Stirling"},{"numberOfDocuments":0.09094958713602781,"label":"Abertay University"},{"numberOfDocuments":4.358374352599441,"label":"University of Aberdeen"},{"numberOfDocuments":13.828591504403446,"label":"University of Edinburgh"},{"numberOfDocuments":0.0273972602739726,"label":"University of the West of Scotland"},{"numberOfDocuments":23.905110768446367,"label":"University of St Andrews"},{"numberOfDocuments":6.196336884915733,"label":"University of Glasgow"},{"numberOfDocuments":6.931948865247901,"label":"University of Strathclyde"}],"conceptId":16},{"topicData":[{"numberOfDocuments":0.9489091421845888,"label":"Robert Gordon University"},{"numberOfDocuments":7.406570998527041,"label":"Heriot-Watt University"},{"numberOfDocuments":0.3877359645162331,"label":"Glasgow Caledonian University"},{"numberOfDocuments":1.1825412461361182,"label":"Queen Margaret University"},{"numberOfDocuments":0.5430805417868182,"label":"University of the Highlands and Islands"},{"numberOfDocuments":4.133701784704808,"label":"University of Dundee"},{"numberOfDocuments":0.9603144985360391,"label":"Edinburgh Napier University"},{"numberOfDocuments":1.4436315637478019,"label":"University of Stirling"},{"numberOfDocuments":0.37802407227554014,"label":"Abertay University"},{"numberOfDocuments":5.124072083583326,"label":"University of Aberdeen"},{"numberOfDocuments":30.1475764644135,"label":"University of Edinburgh"},{"numberOfDocuments":0.30761508849179986,"label":"University of the West of Scotland"},{"numberOfDocuments":6.745618275245636,"label":"University of St Andrews"},{"numberOfDocuments":15.915904715068416,"label":"University of Glasgow"},{"numberOfDocuments":21.572144236178715,"label":"University of Strathclyde"}],"conceptId":17},{"topicData":[{"numberOfDocuments":2.910568977841711,"label":"Robert Gordon University"},{"numberOfDocuments":14.601793576590367,"label":"Heriot-Watt University"},{"numberOfDocuments":0.17799494449547126,"label":"Glasgow Caledonian University"},{"numberOfDocuments":0.0806968064855353,"label":"Queen Margaret University"},{"numberOfDocuments":1.579429949215871,"label":"University of the Highlands and Islands"},{"numberOfDocuments":2.9090757745540197,"label":"University of Dundee"},{"numberOfDocuments":0.6484588292721313,"label":"Edinburgh Napier University"},{"numberOfDocuments":1.218666955886926,"label":"University of Stirling"},{"numberOfDocuments":0.47305173501926506,"label":"Abertay University"},{"numberOfDocuments":4.195291050381708,"label":"University of Aberdeen"},{"numberOfDocuments":13.288477805503893,"label":"University of Edinburgh"},{"numberOfDocuments":2.6184741166791055,"label":"University of the West of Scotland"},{"numberOfDocuments":4.2770930483933,"label":"University of St Andrews"},{"numberOfDocuments":47.056564345888766,"label":"University of Glasgow"},{"numberOfDocuments":20.534678445749673,"label":"University of Strathclyde"}],"conceptId":18},{"topicData":[{"numberOfDocuments":1.499165846360606,"label":"Robert Gordon University"},{"numberOfDocuments":5.856173556469659,"label":"Heriot-Watt University"},{"numberOfDocuments":0.8584181239189359,"label":"Glasgow Caledonian University"},{"numberOfDocuments":0.4094832991041618,"label":"Queen Margaret University"},{"numberOfDocuments":1.2683759800282746,"label":"University of the Highlands and Islands"},{"numberOfDocuments":2.9472862222362832,"label":"University of Dundee"},{"numberOfDocuments":0.7601699969481817,"label":"Edinburgh Napier University"},{"numberOfDocuments":1.322189276539552,"label":"University of Stirling"},{"numberOfDocuments":0.29583493437923997,"label":"Abertay University"},{"numberOfDocuments":5.160401553563837,"label":"University of Aberdeen"},{"numberOfDocuments":11.877409460006723,"label":"University of Edinburgh"},{"numberOfDocuments":0.9934173750594588,"label":"University of the West of Scotland"},{"numberOfDocuments":5.400917223765711,"label":"University of St Andrews"},{"numberOfDocuments":15.147497712963101,"label":"University of Glasgow"},{"numberOfDocuments":27.794072337354994,"label":"University of Strathclyde"}],"conceptId":19}]