[{"topicData":[{"numberOfDocuments":0.0,"label":"Heriot-Watt University"},{"numberOfDocuments":0.0,"label":"Robert Gordon University"},{"numberOfDocuments":0.0,"label":"Glasgow Caledonian University"},{"numberOfDocuments":0.0,"label":"Queen Margaret University"},{"numberOfDocuments":0.0,"label":"University of Dundee"},{"numberOfDocuments":0.0,"label":"University of the Highlands and Islands"},{"numberOfDocuments":0.0,"label":"Edinburgh Napier University"},{"numberOfDocuments":0.0,"label":"University of Stirling"},{"numberOfDocuments":0.0,"label":"Abertay University"},{"numberOfDocuments":0.0,"label":"University of Aberdeen"},{"numberOfDocuments":0.0,"label":"University of Edinburgh"},{"numberOfDocuments":0.0,"label":"University of the West of Scotland"},{"numberOfDocuments":0.0,"label":"University of Glasgow"},{"numberOfDocuments":0.0,"label":"University of St Andrews"},{"numberOfDocuments":0.0,"label":"University of Strathclyde"}],"conceptId":-1},{"topicData":[{"numberOfDocuments":2.7582678731857153,"label":"Heriot-Watt University"},{"numberOfDocuments":0.43620262668260656,"label":"Robert Gordon University"},{"numberOfDocuments":1.3376903514686915,"label":"Glasgow Caledonian University"},{"numberOfDocuments":2.7828862459413615,"label":"Queen Margaret University"},{"numberOfDocuments":5.606435973562857,"label":"University of Dundee"},{"numberOfDocuments":0.3859959237851204,"label":"University of the Highlands and Islands"},{"numberOfDocuments":0.6177751558151587,"label":"Edinburgh Napier University"},{"numberOfDocuments":3.891931500169444,"label":"University of Stirling"},{"numberOfDocuments":0.46421394376352676,"label":"Abertay University"},{"numberOfDocuments":8.472911325743125,"label":"University of Aberdeen"},{"numberOfDocuments":36.950218722603395,"label":"University of Edinburgh"},{"numberOfDocuments":1.0732669752602106,"label":"University of the West of Scotland"},{"numberOfDocuments":13.834427468674171,"label":"University of Glasgow"},{"numberOfDocuments":2.793491897305256,"label":"University of St Andrews"},{"numberOfDocuments":8.563324304730932,"label":"University of Strathclyde"}],"conceptId":0},{"topicData":[{"numberOfDocuments":0.37250005556885074,"label":"Heriot-Watt University"},{"numberOfDocuments":0.7840980117851664,"label":"Robert Gordon University"},{"numberOfDocuments":0.864639127331299,"label":"Glasgow Caledonian University"},{"numberOfDocuments":3.6276614459570173,"label":"Queen Margaret University"},{"numberOfDocuments":10.097918858361515,"label":"University of Dundee"},{"numberOfDocuments":0.6681963815897145,"label":"University of the Highlands and Islands"},{"numberOfDocuments":2.7514170872998704,"label":"Edinburgh Napier University"},{"numberOfDocuments":8.734434417649641,"label":"University of Stirling"},{"numberOfDocuments":0.9497707139692408,"label":"Abertay University"},{"numberOfDocuments":6.293380685439527,"label":"University of Aberdeen"},{"numberOfDocuments":32.63857317419707,"label":"University of Edinburgh"},{"numberOfDocuments":3.1796213283638015,"label":"University of the West of Scotland"},{"numberOfDocuments":28.3993056924112,"label":"University of Glasgow"},{"numberOfDocuments":3.5891749452070405,"label":"University of St Andrews"},{"numberOfDocuments":7.862029248176501,"label":"University of Strathclyde"}],"conceptId":1},{"topicData":[{"numberOfDocuments":0.818282573557104,"label":"Heriot-Watt University"},{"numberOfDocuments":0.4304031255728367,"label":"Robert Gordon University"},{"numberOfDocuments":1.815442331210794,"label":"Glasgow Caledonian University"},{"numberOfDocuments":2.827549071795415,"label":"Queen Margaret University"},{"numberOfDocuments":3.677014879608309,"label":"University of Dundee"},{"numberOfDocuments":0.19041899087221095,"label":"University of the Highlands and Islands"},{"numberOfDocuments":1.4429293350713437,"label":"Edinburgh Napier University"},{"numberOfDocuments":2.666395807148887,"label":"University of Stirling"},{"numberOfDocuments":0.26789725324091895,"label":"Abertay University"},{"numberOfDocuments":1.8829773714902363,"label":"University of Aberdeen"},{"numberOfDocuments":5.624806465495015,"label":"University of Edinburgh"},{"numberOfDocuments":1.2316533976325192,"label":"University of the West of Scotland"},{"numberOfDocuments":5.6507904388234955,"label":"University of Glasgow"},{"numberOfDocuments":1.1077422936581505,"label":"University of St Andrews"},{"numberOfDocuments":3.7287962959352368,"label":"University of Strathclyde"}],"conceptId":2},{"topicData":[{"numberOfDocuments":3.9516615843197758,"label":"Heriot-Watt University"},{"numberOfDocuments":0.0,"label":"Robert Gordon University"},{"numberOfDocuments":0.5237955733297037,"label":"Glasgow Caledonian University"},{"numberOfDocuments":0.8886692301889322,"label":"Queen Margaret University"},{"numberOfDocuments":3.351983083648445,"label":"University of Dundee"},{"numberOfDocuments":0.17373660269192423,"label":"University of the Highlands and Islands"},{"numberOfDocuments":0.31762994003882566,"label":"Edinburgh Napier University"},{"numberOfDocuments":1.7545945954478428,"label":"University of Stirling"},{"numberOfDocuments":0.17990512333965844,"label":"Abertay University"},{"numberOfDocuments":2.362709428460632,"label":"University of Aberdeen"},{"numberOfDocuments":6.0600057663331555,"label":"University of Edinburgh"},{"numberOfDocuments":0.1807685240476959,"label":"University of the West of Scotland"},{"numberOfDocuments":6.270058016682533,"label":"University of Glasgow"},{"numberOfDocuments":1.5552307277368431,"label":"University of St Andrews"},{"numberOfDocuments":2.522787687430917,"label":"University of Strathclyde"}],"conceptId":3},{"topicData":[{"numberOfDocuments":6.56820479109578,"label":"Heriot-Watt University"},{"numberOfDocuments":0.3764860759177914,"label":"Robert Gordon University"},{"numberOfDocuments":0.39359674735399824,"label":"Glasgow Caledonian University"},{"numberOfDocuments":3.7212985419864735,"label":"Queen Margaret University"},{"numberOfDocuments":4.775152678856062,"label":"University of Dundee"},{"numberOfDocuments":0.15552888164950143,"label":"University of the Highlands and Islands"},{"numberOfDocuments":0.6496181341745003,"label":"Edinburgh Napier University"},{"numberOfDocuments":6.302192320486937,"label":"University of Stirling"},{"numberOfDocuments":1.026299405852404,"label":"Abertay University"},{"numberOfDocuments":9.547983398667832,"label":"University of Aberdeen"},{"numberOfDocuments":70.15138784329498,"label":"University of Edinburgh"},{"numberOfDocuments":0.7979287372300432,"label":"University of the West of Scotland"},{"numberOfDocuments":20.087847788909286,"label":"University of Glasgow"},{"numberOfDocuments":2.995034776612358,"label":"University of St Andrews"},{"numberOfDocuments":5.701407791067963,"label":"University of Strathclyde"}],"conceptId":4},{"topicData":[{"numberOfDocuments":0.4254513525612144,"label":"Heriot-Watt University"},{"numberOfDocuments":0.2460215958444325,"label":"Robert Gordon University"},{"numberOfDocuments":0.27646054374437373,"label":"Glasgow Caledonian University"},{"numberOfDocuments":11.060473297251956,"label":"Queen Margaret University"},{"numberOfDocuments":9.692043799640254,"label":"University of Dundee"},{"numberOfDocuments":0.38245583219228896,"label":"University of the Highlands and Islands"},{"numberOfDocuments":9.557068400514387,"label":"Edinburgh Napier University"},{"numberOfDocuments":9.737248821917916,"label":"University of Stirling"},{"numberOfDocuments":0.721638490630014,"label":"Abertay University"},{"numberOfDocuments":4.517865663508607,"label":"University of Aberdeen"},{"numberOfDocuments":27.23912168303294,"label":"University of Edinburgh"},{"numberOfDocuments":2.711388928981607,"label":"University of the West of Scotland"},{"numberOfDocuments":14.39346154697553,"label":"University of Glasgow"},{"numberOfDocuments":2.7334741640844245,"label":"University of St Andrews"},{"numberOfDocuments":7.071421111825026,"label":"University of Strathclyde"}],"conceptId":5},{"topicData":[{"numberOfDocuments":3.7922612461099683,"label":"Heriot-Watt University"},{"numberOfDocuments":3.731425553579187,"label":"Robert Gordon University"},{"numberOfDocuments":5.088268765677033,"label":"Glasgow Caledonian University"},{"numberOfDocuments":6.165605799964784,"label":"Queen Margaret University"},{"numberOfDocuments":16.04548044388109,"label":"University of Dundee"},{"numberOfDocuments":1.6333054393883726,"label":"University of the Highlands and Islands"},{"numberOfDocuments":18.327863332599243,"label":"Edinburgh Napier University"},{"numberOfDocuments":20.86537606632925,"label":"University of Stirling"},{"numberOfDocuments":3.758632905431462,"label":"Abertay University"},{"numberOfDocuments":9.353777308862728,"label":"University of Aberdeen"},{"numberOfDocuments":39.747144914960906,"label":"University of Edinburgh"},{"numberOfDocuments":3.326107331853885,"label":"University of the West of Scotland"},{"numberOfDocuments":25.036522402648824,"label":"University of Glasgow"},{"numberOfDocuments":7.8089658721448725,"label":"University of St Andrews"},{"numberOfDocuments":13.981073198187488,"label":"University of Strathclyde"}],"conceptId":6},{"topicData":[{"numberOfDocuments":0.6656194037242515,"label":"Heriot-Watt University"},{"numberOfDocuments":0.18337912087912087,"label":"Robert Gordon University"},{"numberOfDocuments":0.5349308791309164,"label":"Glasgow Caledonian University"},{"numberOfDocuments":0.37489074328873745,"label":"Queen Margaret University"},{"numberOfDocuments":2.8811666138929435,"label":"University of Dundee"},{"numberOfDocuments":0.06918238993710692,"label":"University of the Highlands and Islands"},{"numberOfDocuments":0.6551463223509278,"label":"Edinburgh Napier University"},{"numberOfDocuments":4.467184388760077,"label":"University of Stirling"},{"numberOfDocuments":0.13594771241830067,"label":"Abertay University"},{"numberOfDocuments":2.4204422192569304,"label":"University of Aberdeen"},{"numberOfDocuments":19.644027032524274,"label":"University of Edinburgh"},{"numberOfDocuments":0.15959842028566548,"label":"University of the West of Scotland"},{"numberOfDocuments":8.963370812586758,"label":"University of Glasgow"},{"numberOfDocuments":2.11671593913729,"label":"University of St Andrews"},{"numberOfDocuments":1.4910463160470213,"label":"University of Strathclyde"}],"conceptId":7},{"topicData":[{"numberOfDocuments":5.015888785210762,"label":"Heriot-Watt University"},{"numberOfDocuments":2.0226096146449297,"label":"Robert Gordon University"},{"numberOfDocuments":2.665037539441046,"label":"Glasgow Caledonian University"},{"numberOfDocuments":5.038190940991387,"label":"Queen Margaret University"},{"numberOfDocuments":9.41756162695838,"label":"University of Dundee"},{"numberOfDocuments":1.2567789201413229,"label":"University of the Highlands and Islands"},{"numberOfDocuments":5.384489787447436,"label":"Edinburgh Napier University"},{"numberOfDocuments":16.96534559470093,"label":"University of Stirling"},{"numberOfDocuments":0.929745910471165,"label":"Abertay University"},{"numberOfDocuments":8.988442983024372,"label":"University of Aberdeen"},{"numberOfDocuments":32.194072130854686,"label":"University of Edinburgh"},{"numberOfDocuments":2.582066072342602,"label":"University of the West of Scotland"},{"numberOfDocuments":30.531227363310595,"label":"University of Glasgow"},{"numberOfDocuments":12.109901729415622,"label":"University of St Andrews"},{"numberOfDocuments":17.688192895730868,"label":"University of Strathclyde"}],"conceptId":8},{"topicData":[{"numberOfDocuments":0.4912102248299556,"label":"Heriot-Watt University"},{"numberOfDocuments":0.12142857142857143,"label":"Robert Gordon University"},{"numberOfDocuments":0.04761904761904762,"label":"Glasgow Caledonian University"},{"numberOfDocuments":0.11044496944261843,"label":"Queen Margaret University"},{"numberOfDocuments":2.1089651114400176,"label":"University of Dundee"},{"numberOfDocuments":0.11764705882352941,"label":"University of the Highlands and Islands"},{"numberOfDocuments":1.5905209361120556,"label":"Edinburgh Napier University"},{"numberOfDocuments":0.8966833402947432,"label":"University of Stirling"},{"numberOfDocuments":0.0,"label":"Abertay University"},{"numberOfDocuments":1.893130699891932,"label":"University of Aberdeen"},{"numberOfDocuments":3.6218743069136132,"label":"University of Edinburgh"},{"numberOfDocuments":0.0,"label":"University of the West of Scotland"},{"numberOfDocuments":1.6559163934308503,"label":"University of Glasgow"},{"numberOfDocuments":0.8378968773699349,"label":"University of St Andrews"},{"numberOfDocuments":1.1233845264193365,"label":"University of Strathclyde"}],"conceptId":9},{"topicData":[{"numberOfDocuments":0.7152028934511786,"label":"Heriot-Watt University"},{"numberOfDocuments":0.7853997594718406,"label":"Robert Gordon University"},{"numberOfDocuments":0.2194404880008934,"label":"Glasgow Caledonian University"},{"numberOfDocuments":4.258625380986595,"label":"Queen Margaret University"},{"numberOfDocuments":2.042605491399931,"label":"University of Dundee"},{"numberOfDocuments":0.37613117779061667,"label":"University of the Highlands and Islands"},{"numberOfDocuments":2.0377304664107525,"label":"Edinburgh Napier University"},{"numberOfDocuments":9.693296073125518,"label":"University of Stirling"},{"numberOfDocuments":1.714347558678883,"label":"Abertay University"},{"numberOfDocuments":2.271934619595923,"label":"University of Aberdeen"},{"numberOfDocuments":40.62640347174773,"label":"University of Edinburgh"},{"numberOfDocuments":2.159344276123375,"label":"University of the West of Scotland"},{"numberOfDocuments":9.849539919831255,"label":"University of Glasgow"},{"numberOfDocuments":2.8851783520742535,"label":"University of St Andrews"},{"numberOfDocuments":7.018551764022414,"label":"University of Strathclyde"}],"conceptId":10},{"topicData":[{"numberOfDocuments":0.2132361617304846,"label":"Heriot-Watt University"},{"numberOfDocuments":0.16356304321507323,"label":"Robert Gordon University"},{"numberOfDocuments":0.08153466252057802,"label":"Glasgow Caledonian University"},{"numberOfDocuments":1.6107253458272217,"label":"Queen Margaret University"},{"numberOfDocuments":3.5649832386334612,"label":"University of Dundee"},{"numberOfDocuments":0.08534790834559597,"label":"University of the Highlands and Islands"},{"numberOfDocuments":3.2133199553377803,"label":"Edinburgh Napier University"},{"numberOfDocuments":3.5160522414447444,"label":"University of Stirling"},{"numberOfDocuments":0.6909818835398249,"label":"Abertay University"},{"numberOfDocuments":4.146251948142775,"label":"University of Aberdeen"},{"numberOfDocuments":12.509096430117712,"label":"University of Edinburgh"},{"numberOfDocuments":0.8316642312467973,"label":"University of the West of Scotland"},{"numberOfDocuments":9.037256447258338,"label":"University of Glasgow"},{"numberOfDocuments":1.3282124357596619,"label":"University of St Andrews"},{"numberOfDocuments":2.7207299705841987,"label":"University of Strathclyde"}],"conceptId":11},{"topicData":[{"numberOfDocuments":4.204761825666205,"label":"Heriot-Watt University"},{"numberOfDocuments":4.457385166946034,"label":"Robert Gordon University"},{"numberOfDocuments":4.374824584037861,"label":"Glasgow Caledonian University"},{"numberOfDocuments":7.519919149726117,"label":"Queen Margaret University"},{"numberOfDocuments":9.833657049990752,"label":"University of Dundee"},{"numberOfDocuments":1.5893133450186703,"label":"University of the Highlands and Islands"},{"numberOfDocuments":7.5271981313595955,"label":"Edinburgh Napier University"},{"numberOfDocuments":31.82927043816962,"label":"University of Stirling"},{"numberOfDocuments":4.095737320177887,"label":"Abertay University"},{"numberOfDocuments":9.038481618143278,"label":"University of Aberdeen"},{"numberOfDocuments":31.042655397470035,"label":"University of Edinburgh"},{"numberOfDocuments":5.17666608771343,"label":"University of the West of Scotland"},{"numberOfDocuments":26.868101641991093,"label":"University of Glasgow"},{"numberOfDocuments":12.733097831119736,"label":"University of St Andrews"},{"numberOfDocuments":21.119556638986186,"label":"University of Strathclyde"}],"conceptId":12},{"topicData":[{"numberOfDocuments":0.25406343684519894,"label":"Heriot-Watt University"},{"numberOfDocuments":0.17406144495807435,"label":"Robert Gordon University"},{"numberOfDocuments":0.3247691802250961,"label":"Glasgow Caledonian University"},{"numberOfDocuments":0.5346818425185875,"label":"Queen Margaret University"},{"numberOfDocuments":2.2671069048499275,"label":"University of Dundee"},{"numberOfDocuments":0.04487179487179487,"label":"University of the Highlands and Islands"},{"numberOfDocuments":3.041201224136556,"label":"Edinburgh Napier University"},{"numberOfDocuments":1.0637028632439416,"label":"University of Stirling"},{"numberOfDocuments":0.3973684210526316,"label":"Abertay University"},{"numberOfDocuments":2.0279931682697914,"label":"University of Aberdeen"},{"numberOfDocuments":7.316249275570275,"label":"University of Edinburgh"},{"numberOfDocuments":0.175251084059445,"label":"University of the West of Scotland"},{"numberOfDocuments":2.7840633369517214,"label":"University of Glasgow"},{"numberOfDocuments":1.246534177239502,"label":"University of St Andrews"},{"numberOfDocuments":1.6910542569245397,"label":"University of Strathclyde"}],"conceptId":13},{"topicData":[{"numberOfDocuments":1.0811201574516087,"label":"Heriot-Watt University"},{"numberOfDocuments":2.27936692062639,"label":"Robert Gordon University"},{"numberOfDocuments":2.754133639813544,"label":"Glasgow Caledonian University"},{"numberOfDocuments":6.384352965397158,"label":"Queen Margaret University"},{"numberOfDocuments":5.34491238724061,"label":"University of Dundee"},{"numberOfDocuments":1.3525482548860233,"label":"University of the Highlands and Islands"},{"numberOfDocuments":4.8955113737872615,"label":"Edinburgh Napier University"},{"numberOfDocuments":10.525848031980463,"label":"University of Stirling"},{"numberOfDocuments":0.9694305888896451,"label":"Abertay University"},{"numberOfDocuments":6.620159588084934,"label":"University of Aberdeen"},{"numberOfDocuments":20.337681334735553,"label":"University of Edinburgh"},{"numberOfDocuments":1.947047116349026,"label":"University of the West of Scotland"},{"numberOfDocuments":23.074381676825066,"label":"University of Glasgow"},{"numberOfDocuments":3.9452990010953877,"label":"University of St Andrews"},{"numberOfDocuments":7.3749121779805105,"label":"University of Strathclyde"}],"conceptId":14},{"topicData":[{"numberOfDocuments":0.15159736640412166,"label":"Heriot-Watt University"},{"numberOfDocuments":0.1274957439564181,"label":"Robert Gordon University"},{"numberOfDocuments":0.3537955395025514,"label":"Glasgow Caledonian University"},{"numberOfDocuments":4.226878409253801,"label":"Queen Margaret University"},{"numberOfDocuments":0.7041749993880733,"label":"University of Dundee"},{"numberOfDocuments":0.3525938806317131,"label":"University of the Highlands and Islands"},{"numberOfDocuments":0.39397838239792854,"label":"Edinburgh Napier University"},{"numberOfDocuments":2.859665156813126,"label":"University of Stirling"},{"numberOfDocuments":2.1066963568611334,"label":"Abertay University"},{"numberOfDocuments":0.42719968701472943,"label":"University of Aberdeen"},{"numberOfDocuments":3.9835114947962653,"label":"University of Edinburgh"},{"numberOfDocuments":1.0815086635545677,"label":"University of the West of Scotland"},{"numberOfDocuments":2.7232369431015355,"label":"University of Glasgow"},{"numberOfDocuments":1.6488038815694488,"label":"University of St Andrews"},{"numberOfDocuments":0.8614227659108231,"label":"University of Strathclyde"}],"conceptId":15},{"topicData":[{"numberOfDocuments":0.4130734500787904,"label":"Heriot-Watt University"},{"numberOfDocuments":1.629282634929615,"label":"Robert Gordon University"},{"numberOfDocuments":1.2146569263558653,"label":"Glasgow Caledonian University"},{"numberOfDocuments":5.49538363540207,"label":"Queen Margaret University"},{"numberOfDocuments":6.667293674060792,"label":"University of Dundee"},{"numberOfDocuments":0.16585988274804395,"label":"University of the Highlands and Islands"},{"numberOfDocuments":1.2094695616003062,"label":"Edinburgh Napier University"},{"numberOfDocuments":7.162477388263042,"label":"University of Stirling"},{"numberOfDocuments":0.482996844892164,"label":"Abertay University"},{"numberOfDocuments":9.990258307346542,"label":"University of Aberdeen"},{"numberOfDocuments":10.697521426378955,"label":"University of Edinburgh"},{"numberOfDocuments":1.36296779843541,"label":"University of the West of Scotland"},{"numberOfDocuments":10.367245725882928,"label":"University of Glasgow"},{"numberOfDocuments":0.6510069792383021,"label":"University of St Andrews"},{"numberOfDocuments":1.638765077191437,"label":"University of Strathclyde"}],"conceptId":16},{"topicData":[{"numberOfDocuments":0.008928571428571428,"label":"Heriot-Watt University"},{"numberOfDocuments":0.14427750226415081,"label":"Robert Gordon University"},{"numberOfDocuments":0.2272727272727273,"label":"Glasgow Caledonian University"},{"numberOfDocuments":0.5062565849575501,"label":"Queen Margaret University"},{"numberOfDocuments":1.9484227406265089,"label":"University of Dundee"},{"numberOfDocuments":0.025766716943187534,"label":"University of the Highlands and Islands"},{"numberOfDocuments":1.4333560416349362,"label":"Edinburgh Napier University"},{"numberOfDocuments":8.168163217771946,"label":"University of Stirling"},{"numberOfDocuments":1.932418586973211,"label":"Abertay University"},{"numberOfDocuments":0.54659296033529,"label":"University of Aberdeen"},{"numberOfDocuments":6.195088985270377,"label":"University of Edinburgh"},{"numberOfDocuments":0.2914610458458798,"label":"University of the West of Scotland"},{"numberOfDocuments":17.296851294293365,"label":"University of Glasgow"},{"numberOfDocuments":1.215052298564099,"label":"University of St Andrews"},{"numberOfDocuments":3.7552809701937453,"label":"University of Strathclyde"}],"conceptId":17},{"topicData":[{"numberOfDocuments":1.6490360819103318,"label":"Heriot-Watt University"},{"numberOfDocuments":1.691293446633809,"label":"Robert Gordon University"},{"numberOfDocuments":0.6993855904663733,"label":"Glasgow Caledonian University"},{"numberOfDocuments":14.652175200974193,"label":"Queen Margaret University"},{"numberOfDocuments":4.010079911785803,"label":"University of Dundee"},{"numberOfDocuments":0.5010618421091915,"label":"University of the Highlands and Islands"},{"numberOfDocuments":4.1588534738478655,"label":"Edinburgh Napier University"},{"numberOfDocuments":7.784350811504079,"label":"University of Stirling"},{"numberOfDocuments":0.8200806080646031,"label":"Abertay University"},{"numberOfDocuments":5.590454286900302,"label":"University of Aberdeen"},{"numberOfDocuments":22.03457889579276,"label":"University of Edinburgh"},{"numberOfDocuments":2.7505403048320494,"label":"University of the West of Scotland"},{"numberOfDocuments":15.534389045928844,"label":"University of Glasgow"},{"numberOfDocuments":3.758665183138534,"label":"University of St Andrews"},{"numberOfDocuments":8.487813267901684,"label":"University of Strathclyde"}],"conceptId":18}]