[{"topicData":[{"numberOfDocuments":0.0,"label":"Heriot-Watt University"},{"numberOfDocuments":0.0,"label":"Robert Gordon University"},{"numberOfDocuments":0.0,"label":"Glasgow Caledonian University"},{"numberOfDocuments":0.0,"label":"Queen Margaret University"},{"numberOfDocuments":0.0,"label":"University of Dundee"},{"numberOfDocuments":0.0,"label":"University of the Highlands and Islands"},{"numberOfDocuments":0.0,"label":"Edinburgh Napier University"},{"numberOfDocuments":0.0,"label":"University of Stirling"},{"numberOfDocuments":0.0,"label":"Abertay University"},{"numberOfDocuments":0.0,"label":"University of Aberdeen"},{"numberOfDocuments":0.0,"label":"University of Edinburgh"},{"numberOfDocuments":0.0,"label":"University of the West of Scotland"},{"numberOfDocuments":0.0,"label":"University of Glasgow"},{"numberOfDocuments":0.0,"label":"University of St Andrews"},{"numberOfDocuments":0.0,"label":"University of Strathclyde"}],"conceptId":-1},{"topicData":[{"numberOfDocuments":0.5534385208059354,"label":"Heriot-Watt University"},{"numberOfDocuments":0.8918452395678109,"label":"Robert Gordon University"},{"numberOfDocuments":0.025609334058436743,"label":"Glasgow Caledonian University"},{"numberOfDocuments":0.20401959128525587,"label":"Queen Margaret University"},{"numberOfDocuments":20.70165948893349,"label":"University of Dundee"},{"numberOfDocuments":0.018831067354274103,"label":"University of the Highlands and Islands"},{"numberOfDocuments":0.0,"label":"Edinburgh Napier University"},{"numberOfDocuments":0.2141411056932978,"label":"University of Stirling"},{"numberOfDocuments":0.11131139260565123,"label":"Abertay University"},{"numberOfDocuments":0.677416135495909,"label":"University of Aberdeen"},{"numberOfDocuments":3.0627171567074174,"label":"University of Edinburgh"},{"numberOfDocuments":0.44731039309267184,"label":"University of the West of Scotland"},{"numberOfDocuments":21.095130523623457,"label":"University of Glasgow"},{"numberOfDocuments":5.101319496642837,"label":"University of St Andrews"},{"numberOfDocuments":2.6198157459159024,"label":"University of Strathclyde"}],"conceptId":0},{"topicData":[{"numberOfDocuments":0.06951351351351351,"label":"Heriot-Watt University"},{"numberOfDocuments":0.2534501642935378,"label":"Robert Gordon University"},{"numberOfDocuments":0.6743015438667612,"label":"Glasgow Caledonian University"},{"numberOfDocuments":0.02678465989607936,"label":"Queen Margaret University"},{"numberOfDocuments":6.424761258855508,"label":"University of Dundee"},{"numberOfDocuments":0.12,"label":"University of the Highlands and Islands"},{"numberOfDocuments":0.17791411042944785,"label":"Edinburgh Napier University"},{"numberOfDocuments":0.6997208173917829,"label":"University of Stirling"},{"numberOfDocuments":0.29196328118243564,"label":"Abertay University"},{"numberOfDocuments":1.73159454564404,"label":"University of Aberdeen"},{"numberOfDocuments":4.17345722176607,"label":"University of Edinburgh"},{"numberOfDocuments":0.6924603174603174,"label":"University of the West of Scotland"},{"numberOfDocuments":3.1934664909442954,"label":"University of Glasgow"},{"numberOfDocuments":1.7367766996665743,"label":"University of St Andrews"},{"numberOfDocuments":0.8629111039189014,"label":"University of Strathclyde"}],"conceptId":1},{"topicData":[{"numberOfDocuments":0.13867805186590765,"label":"Heriot-Watt University"},{"numberOfDocuments":0.38232327423977763,"label":"Robert Gordon University"},{"numberOfDocuments":0.0,"label":"Glasgow Caledonian University"},{"numberOfDocuments":0.01589323627540188,"label":"Queen Margaret University"},{"numberOfDocuments":1.897769826793075,"label":"University of Dundee"},{"numberOfDocuments":0.8570833707619129,"label":"University of the Highlands and Islands"},{"numberOfDocuments":0.0632095177549723,"label":"Edinburgh Napier University"},{"numberOfDocuments":0.23360782998261242,"label":"University of Stirling"},{"numberOfDocuments":0.0,"label":"Abertay University"},{"numberOfDocuments":7.432355029222044,"label":"University of Aberdeen"},{"numberOfDocuments":1.9611169962663786,"label":"University of Edinburgh"},{"numberOfDocuments":6.466056620951975,"label":"University of the West of Scotland"},{"numberOfDocuments":2.84903729254353,"label":"University of Glasgow"},{"numberOfDocuments":1.9441891961383606,"label":"University of St Andrews"},{"numberOfDocuments":8.8848177657932,"label":"University of Strathclyde"}],"conceptId":2},{"topicData":[{"numberOfDocuments":0.8195883966139232,"label":"Heriot-Watt University"},{"numberOfDocuments":0.24583268320590837,"label":"Robert Gordon University"},{"numberOfDocuments":0.43665259234538445,"label":"Glasgow Caledonian University"},{"numberOfDocuments":0.19233814339014071,"label":"Queen Margaret University"},{"numberOfDocuments":5.068408371666869,"label":"University of Dundee"},{"numberOfDocuments":0.5650624539055318,"label":"University of the Highlands and Islands"},{"numberOfDocuments":0.03605309640378796,"label":"Edinburgh Napier University"},{"numberOfDocuments":0.8352512271792162,"label":"University of Stirling"},{"numberOfDocuments":2.0850054312483612,"label":"Abertay University"},{"numberOfDocuments":2.142688942684571,"label":"University of Aberdeen"},{"numberOfDocuments":4.3708165571628195,"label":"University of Edinburgh"},{"numberOfDocuments":0.5919127341849706,"label":"University of the West of Scotland"},{"numberOfDocuments":6.725856287105519,"label":"University of Glasgow"},{"numberOfDocuments":1.1292170017585896,"label":"University of St Andrews"},{"numberOfDocuments":4.08921936417637,"label":"University of Strathclyde"}],"conceptId":3},{"topicData":[{"numberOfDocuments":5.022827477034176,"label":"Heriot-Watt University"},{"numberOfDocuments":3.9303301360789655,"label":"Robert Gordon University"},{"numberOfDocuments":0.2533979721603817,"label":"Glasgow Caledonian University"},{"numberOfDocuments":1.0065177490961243,"label":"Queen Margaret University"},{"numberOfDocuments":43.15306739241001,"label":"University of Dundee"},{"numberOfDocuments":1.5580226934750494,"label":"University of the Highlands and Islands"},{"numberOfDocuments":0.8848015896506595,"label":"Edinburgh Napier University"},{"numberOfDocuments":3.6621763690124087,"label":"University of Stirling"},{"numberOfDocuments":2.379302459636729,"label":"Abertay University"},{"numberOfDocuments":15.702021107497625,"label":"University of Aberdeen"},{"numberOfDocuments":28.279827848954813,"label":"University of Edinburgh"},{"numberOfDocuments":5.189002153175418,"label":"University of the West of Scotland"},{"numberOfDocuments":37.51490135394953,"label":"University of Glasgow"},{"numberOfDocuments":20.848128175928476,"label":"University of St Andrews"},{"numberOfDocuments":32.73898167582565,"label":"University of Strathclyde"}],"conceptId":4},{"topicData":[{"numberOfDocuments":0.21280759711728214,"label":"Heriot-Watt University"},{"numberOfDocuments":0.13725490196078433,"label":"Robert Gordon University"},{"numberOfDocuments":0.0,"label":"Glasgow Caledonian University"},{"numberOfDocuments":0.09411117226197027,"label":"Queen Margaret University"},{"numberOfDocuments":0.49142988672014265,"label":"University of Dundee"},{"numberOfDocuments":0.31958762886597936,"label":"University of the Highlands and Islands"},{"numberOfDocuments":0.09981083787693334,"label":"Edinburgh Napier University"},{"numberOfDocuments":0.29182194616977225,"label":"University of Stirling"},{"numberOfDocuments":0.0,"label":"Abertay University"},{"numberOfDocuments":0.7508361650606061,"label":"University of Aberdeen"},{"numberOfDocuments":2.2727246968561676,"label":"University of Edinburgh"},{"numberOfDocuments":1.140854899831646,"label":"University of the West of Scotland"},{"numberOfDocuments":2.885564135511911,"label":"University of Glasgow"},{"numberOfDocuments":0.21740861022980543,"label":"University of St Andrews"},{"numberOfDocuments":5.3488742134094345,"label":"University of Strathclyde"}],"conceptId":5},{"topicData":[{"numberOfDocuments":0.9254492584346176,"label":"Heriot-Watt University"},{"numberOfDocuments":0.04,"label":"Robert Gordon University"},{"numberOfDocuments":0.0,"label":"Glasgow Caledonian University"},{"numberOfDocuments":0.07079646017699115,"label":"Queen Margaret University"},{"numberOfDocuments":7.518749459717488,"label":"University of Dundee"},{"numberOfDocuments":0.0,"label":"University of the Highlands and Islands"},{"numberOfDocuments":0.0,"label":"Edinburgh Napier University"},{"numberOfDocuments":0.1350071953343937,"label":"University of Stirling"},{"numberOfDocuments":0.0,"label":"Abertay University"},{"numberOfDocuments":0.2954299845978118,"label":"University of Aberdeen"},{"numberOfDocuments":3.930649148709326,"label":"University of Edinburgh"},{"numberOfDocuments":0.0,"label":"University of the West of Scotland"},{"numberOfDocuments":1.3514345082832209,"label":"University of Glasgow"},{"numberOfDocuments":1.0682854842763712,"label":"University of St Andrews"},{"numberOfDocuments":0.12249175255486261,"label":"University of Strathclyde"}],"conceptId":6},{"topicData":[{"numberOfDocuments":0.889296500267927,"label":"Heriot-Watt University"},{"numberOfDocuments":1.1275004442974768,"label":"Robert Gordon University"},{"numberOfDocuments":0.21114081996434939,"label":"Glasgow Caledonian University"},{"numberOfDocuments":0.056547619047619055,"label":"Queen Margaret University"},{"numberOfDocuments":7.681390571305763,"label":"University of Dundee"},{"numberOfDocuments":0.021803123284937383,"label":"University of the Highlands and Islands"},{"numberOfDocuments":0.05471510889055237,"label":"Edinburgh Napier University"},{"numberOfDocuments":0.4273056146414317,"label":"University of Stirling"},{"numberOfDocuments":0.11978319783197833,"label":"Abertay University"},{"numberOfDocuments":9.482072084628118,"label":"University of Aberdeen"},{"numberOfDocuments":10.63955673915395,"label":"University of Edinburgh"},{"numberOfDocuments":0.14786967418546365,"label":"University of the West of Scotland"},{"numberOfDocuments":20.30274939112825,"label":"University of Glasgow"},{"numberOfDocuments":5.578383142363067,"label":"University of St Andrews"},{"numberOfDocuments":6.301429710466344,"label":"University of Strathclyde"}],"conceptId":7},{"topicData":[{"numberOfDocuments":0.7214420235685315,"label":"Heriot-Watt University"},{"numberOfDocuments":0.1111111111111111,"label":"Robert Gordon University"},{"numberOfDocuments":0.1867016591798212,"label":"Glasgow Caledonian University"},{"numberOfDocuments":0.013694366635543105,"label":"Queen Margaret University"},{"numberOfDocuments":7.306982108525517,"label":"University of Dundee"},{"numberOfDocuments":0.2693561252695698,"label":"University of the Highlands and Islands"},{"numberOfDocuments":0.0,"label":"Edinburgh Napier University"},{"numberOfDocuments":0.8719816605965818,"label":"University of Stirling"},{"numberOfDocuments":0.02112676056338028,"label":"Abertay University"},{"numberOfDocuments":1.4971469533113295,"label":"University of Aberdeen"},{"numberOfDocuments":4.625253443066278,"label":"University of Edinburgh"},{"numberOfDocuments":0.1411697701780289,"label":"University of the West of Scotland"},{"numberOfDocuments":13.801702345040368,"label":"University of Glasgow"},{"numberOfDocuments":4.940595171967332,"label":"University of St Andrews"},{"numberOfDocuments":3.925843264535178,"label":"University of Strathclyde"}],"conceptId":8},{"topicData":[{"numberOfDocuments":2.341490666367745,"label":"Heriot-Watt University"},{"numberOfDocuments":1.0609309643092213,"label":"Robert Gordon University"},{"numberOfDocuments":0.2899771125928402,"label":"Glasgow Caledonian University"},{"numberOfDocuments":0.330786378537577,"label":"Queen Margaret University"},{"numberOfDocuments":22.99449615810035,"label":"University of Dundee"},{"numberOfDocuments":0.7307934069904893,"label":"University of the Highlands and Islands"},{"numberOfDocuments":0.8478653669625928,"label":"Edinburgh Napier University"},{"numberOfDocuments":1.884056647133726,"label":"University of Stirling"},{"numberOfDocuments":0.7034376553601677,"label":"Abertay University"},{"numberOfDocuments":8.629390218650743,"label":"University of Aberdeen"},{"numberOfDocuments":24.156885577668298,"label":"University of Edinburgh"},{"numberOfDocuments":1.8606061967272551,"label":"University of the West of Scotland"},{"numberOfDocuments":26.35690618278875,"label":"University of Glasgow"},{"numberOfDocuments":12.689134842622392,"label":"University of St Andrews"},{"numberOfDocuments":16.980109708008666,"label":"University of Strathclyde"}],"conceptId":9},{"topicData":[{"numberOfDocuments":0.5909477417812394,"label":"Heriot-Watt University"},{"numberOfDocuments":1.59634746056422,"label":"Robert Gordon University"},{"numberOfDocuments":0.006493506493506494,"label":"Glasgow Caledonian University"},{"numberOfDocuments":0.12019116836190007,"label":"Queen Margaret University"},{"numberOfDocuments":6.28126389164633,"label":"University of Dundee"},{"numberOfDocuments":0.7724776064425936,"label":"University of the Highlands and Islands"},{"numberOfDocuments":0.036649991132203553,"label":"Edinburgh Napier University"},{"numberOfDocuments":1.4057823877397626,"label":"University of Stirling"},{"numberOfDocuments":1.5601013461549478,"label":"Abertay University"},{"numberOfDocuments":4.45816590593271,"label":"University of Aberdeen"},{"numberOfDocuments":6.884412020547557,"label":"University of Edinburgh"},{"numberOfDocuments":0.14885412628036782,"label":"University of the West of Scotland"},{"numberOfDocuments":13.391526963984436,"label":"University of Glasgow"},{"numberOfDocuments":1.8155017969374274,"label":"University of St Andrews"},{"numberOfDocuments":4.031726579491384,"label":"University of Strathclyde"}],"conceptId":10},{"topicData":[{"numberOfDocuments":1.075383397130933,"label":"Heriot-Watt University"},{"numberOfDocuments":0.32730311796849887,"label":"Robert Gordon University"},{"numberOfDocuments":0.0999713837134659,"label":"Glasgow Caledonian University"},{"numberOfDocuments":0.058394160583941604,"label":"Queen Margaret University"},{"numberOfDocuments":0.9537085576192763,"label":"University of Dundee"},{"numberOfDocuments":0.28005376127183995,"label":"University of the Highlands and Islands"},{"numberOfDocuments":0.06414642490591857,"label":"Edinburgh Napier University"},{"numberOfDocuments":0.9121671983629797,"label":"University of Stirling"},{"numberOfDocuments":0.0,"label":"Abertay University"},{"numberOfDocuments":0.9177349883054363,"label":"University of Aberdeen"},{"numberOfDocuments":2.0674353277044846,"label":"University of Edinburgh"},{"numberOfDocuments":0.7420591606016325,"label":"University of the West of Scotland"},{"numberOfDocuments":3.9317855465975837,"label":"University of Glasgow"},{"numberOfDocuments":2.169372605030682,"label":"University of St Andrews"},{"numberOfDocuments":1.1005590242458356,"label":"University of Strathclyde"}],"conceptId":11},{"topicData":[{"numberOfDocuments":0.6270220358482976,"label":"Heriot-Watt University"},{"numberOfDocuments":0.3204131652661064,"label":"Robert Gordon University"},{"numberOfDocuments":0.07943611546207205,"label":"Glasgow Caledonian University"},{"numberOfDocuments":0.1292192950799952,"label":"Queen Margaret University"},{"numberOfDocuments":1.2272410641281717,"label":"University of Dundee"},{"numberOfDocuments":1.3168830943059577,"label":"University of the Highlands and Islands"},{"numberOfDocuments":0.2219201844370182,"label":"Edinburgh Napier University"},{"numberOfDocuments":0.18271893538241193,"label":"University of Stirling"},{"numberOfDocuments":0.17104453807946687,"label":"Abertay University"},{"numberOfDocuments":1.0508802783062032,"label":"University of Aberdeen"},{"numberOfDocuments":13.184421378497234,"label":"University of Edinburgh"},{"numberOfDocuments":0.4799675708055247,"label":"University of the West of Scotland"},{"numberOfDocuments":11.334262141262284,"label":"University of Glasgow"},{"numberOfDocuments":1.3841242762923631,"label":"University of St Andrews"},{"numberOfDocuments":2.95264480327902,"label":"University of Strathclyde"}],"conceptId":12},{"topicData":[{"numberOfDocuments":3.056677845224316,"label":"Heriot-Watt University"},{"numberOfDocuments":1.0835749948666715,"label":"Robert Gordon University"},{"numberOfDocuments":0.11092630531423084,"label":"Glasgow Caledonian University"},{"numberOfDocuments":0.10848593642082224,"label":"Queen Margaret University"},{"numberOfDocuments":10.86434360391622,"label":"University of Dundee"},{"numberOfDocuments":0.46546183310822703,"label":"University of the Highlands and Islands"},{"numberOfDocuments":0.3057326780137712,"label":"Edinburgh Napier University"},{"numberOfDocuments":0.907108346377028,"label":"University of Stirling"},{"numberOfDocuments":0.9525789733372387,"label":"Abertay University"},{"numberOfDocuments":11.560393500217318,"label":"University of Aberdeen"},{"numberOfDocuments":15.533287224524813,"label":"University of Edinburgh"},{"numberOfDocuments":1.0671206502881496,"label":"University of the West of Scotland"},{"numberOfDocuments":20.886007047979902,"label":"University of Glasgow"},{"numberOfDocuments":22.845999508649083,"label":"University of St Andrews"},{"numberOfDocuments":11.964587640214306,"label":"University of Strathclyde"}],"conceptId":13},{"topicData":[{"numberOfDocuments":0.062295404166601155,"label":"Heriot-Watt University"},{"numberOfDocuments":0.02470238095238095,"label":"Robert Gordon University"},{"numberOfDocuments":0.01694915254237288,"label":"Glasgow Caledonian University"},{"numberOfDocuments":0.012658227848101266,"label":"Queen Margaret University"},{"numberOfDocuments":8.822142820349466,"label":"University of Dundee"},{"numberOfDocuments":0.1845360101883764,"label":"University of the Highlands and Islands"},{"numberOfDocuments":0.0,"label":"Edinburgh Napier University"},{"numberOfDocuments":0.20410405902704618,"label":"University of Stirling"},{"numberOfDocuments":0.0,"label":"Abertay University"},{"numberOfDocuments":1.7850421788914748,"label":"University of Aberdeen"},{"numberOfDocuments":20.620816040958342,"label":"University of Edinburgh"},{"numberOfDocuments":0.011111111111111112,"label":"University of the West of Scotland"},{"numberOfDocuments":21.999273432768867,"label":"University of Glasgow"},{"numberOfDocuments":3.0984708200907614,"label":"University of St Andrews"},{"numberOfDocuments":1.6589886642882024,"label":"University of Strathclyde"}],"conceptId":14},{"topicData":[{"numberOfDocuments":1.278807549847934,"label":"Heriot-Watt University"},{"numberOfDocuments":0.6712905467811904,"label":"Robert Gordon University"},{"numberOfDocuments":0.39449539958691326,"label":"Glasgow Caledonian University"},{"numberOfDocuments":0.25146728228539805,"label":"Queen Margaret University"},{"numberOfDocuments":9.996127426095864,"label":"University of Dundee"},{"numberOfDocuments":10.103919051925894,"label":"University of the Highlands and Islands"},{"numberOfDocuments":0.5446605821340377,"label":"Edinburgh Napier University"},{"numberOfDocuments":5.102982114861902,"label":"University of Stirling"},{"numberOfDocuments":0.33840785759311537,"label":"Abertay University"},{"numberOfDocuments":5.89636779884923,"label":"University of Aberdeen"},{"numberOfDocuments":27.148005050532824,"label":"University of Edinburgh"},{"numberOfDocuments":0.19730915232029825,"label":"University of the West of Scotland"},{"numberOfDocuments":39.38974449072521,"label":"University of Glasgow"},{"numberOfDocuments":2.8603705611412478,"label":"University of St Andrews"},{"numberOfDocuments":3.952891137537315,"label":"University of Strathclyde"}],"conceptId":15},{"topicData":[{"numberOfDocuments":1.0644942528735633,"label":"Heriot-Watt University"},{"numberOfDocuments":0.05434782608695652,"label":"Robert Gordon University"},{"numberOfDocuments":0.0,"label":"Glasgow Caledonian University"},{"numberOfDocuments":0.01098901098901099,"label":"Queen Margaret University"},{"numberOfDocuments":1.0927665328382015,"label":"University of Dundee"},{"numberOfDocuments":0.02295566502463054,"label":"University of the Highlands and Islands"},{"numberOfDocuments":0.027975214142518683,"label":"Edinburgh Napier University"},{"numberOfDocuments":0.3377172681463914,"label":"University of Stirling"},{"numberOfDocuments":0.0,"label":"Abertay University"},{"numberOfDocuments":1.7802535256576275,"label":"University of Aberdeen"},{"numberOfDocuments":2.0244603507971135,"label":"University of Edinburgh"},{"numberOfDocuments":3.817572733794758,"label":"University of the West of Scotland"},{"numberOfDocuments":1.68759445529535,"label":"University of Glasgow"},{"numberOfDocuments":0.6259230885494003,"label":"University of St Andrews"},{"numberOfDocuments":2.074725514348669,"label":"University of Strathclyde"}],"conceptId":16},{"topicData":[{"numberOfDocuments":2.6339935095536826,"label":"Heriot-Watt University"},{"numberOfDocuments":5.919700673677108,"label":"Robert Gordon University"},{"numberOfDocuments":1.0908289811444256,"label":"Glasgow Caledonian University"},{"numberOfDocuments":0.30724822974787974,"label":"Queen Margaret University"},{"numberOfDocuments":6.12619972262929,"label":"University of Dundee"},{"numberOfDocuments":4.835284716948633,"label":"University of the Highlands and Islands"},{"numberOfDocuments":0.4223612722726687,"label":"Edinburgh Napier University"},{"numberOfDocuments":1.1573013117460227,"label":"University of Stirling"},{"numberOfDocuments":1.8634716471355488,"label":"Abertay University"},{"numberOfDocuments":13.973455415279403,"label":"University of Aberdeen"},{"numberOfDocuments":21.019320059930443,"label":"University of Edinburgh"},{"numberOfDocuments":2.029630188955623,"label":"University of the West of Scotland"},{"numberOfDocuments":26.064070942616283,"label":"University of Glasgow"},{"numberOfDocuments":6.081410546724267,"label":"University of St Andrews"},{"numberOfDocuments":23.18156394723169,"label":"University of Strathclyde"}],"conceptId":17}]