{"linkageTable":[{"node2":13,"distance":0.431873333464065,"node1":12},{"node2":6,"distance":0.44771526489873,"node1":0},{"node2":17,"distance":0.454467852785745,"node1":1},{"node2":16,"distance":0.46880261822079,"node1":15},{"node2":5,"distance":0.47276935790738,"node1":2},{"node2":19,"distance":0.4755329554616837,"node1":20},{"node2":14,"distance":0.478081718439695,"node1":10},{"node2":22,"distance":0.484331171006845,"node1":11},{"node2":9,"distance":0.48573563969218,"node1":8},{"node2":4,"distance":0.4864163406310175,"node1":21},{"node2":3,"distance":0.48830671835102374,"node1":24},{"node2":25,"distance":0.4919009279335708,"node1":28},{"node2":26,"distance":0.492072689149385,"node1":23},{"node2":7,"distance":0.49382689339763,"node1":29},{"node2":27,"distance":0.49493795784754546,"node1":30},{"node2":18,"distance":0.4955584437384407,"node1":33},{"node2":31,"distance":0.4964658170457274,"node1":32},{"node2":34,"distance":0.4967162926311144,"node1":35}],"conceptsData":[{"conceptId":17,"clusterId":0,"hexCoordinates":{"x":-3.4641016151377544,"y":0.0},"labels":[{"weight":755.0,"label":"query"},{"weight":375.0,"label":"problem"},{"weight":296.0,"label":"show"},{"weight":273.0,"label":"class"},{"weight":265.0,"label":"answer"},{"weight":265.0,"label":"complexity"},{"weight":253.0,"label":"graph"},{"weight":250.0,"label":"set"},{"weight":227.0,"label":"database"},{"weight":210.0,"label":"constraint"},{"weight":194.0,"label":"give"},{"weight":166.0,"label":"result"},{"weight":153.0,"label":"rule"},{"weight":145.0,"label":"define"},{"weight":141.0,"label":"language"},{"weight":140.0,"label":"relation"},{"weight":137.0,"label":"view"},{"weight":135.0,"label":"study"},{"weight":122.0,"label":"tree"},{"weight":118.0,"label":"relational"},{"weight":116.0,"label":"bound"},{"weight":115.0,"label":"property"},{"weight":107.0,"label":"algorithm"},{"weight":97.0,"label":"provide"},{"weight":95.0,"label":"complete"}]},{"conceptId":4,"clusterId":0,"hexCoordinates":{"x":-1.7320508075688772,"y":0.0},"labels":[{"weight":226.0,"label":"distribution"},{"weight":169.0,"label":"algorithm"},{"weight":116.0,"label":"time"},{"weight":99.0,"label":"probability"},{"weight":94.0,"label":"log"},{"weight":87.0,"label":"circuit"},{"weight":84.0,"label":"polynomial"},{"weight":83.0,"label":"give"},{"weight":80.0,"label":"bound"},{"weight":80.0,"label":"size"},{"weight":71.0,"label":"lower"},{"weight":66.0,"label":"function"},{"weight":66.0,"label":"result"},{"weight":63.0,"label":"bind"},{"weight":58.0,"label":"threshold"},{"weight":58.0,"label":"sample"},{"weight":57.0,"label":"run"},{"weight":56.0,"label":"complexity"},{"weight":54.0,"label":"variable"},{"weight":54.0,"label":"distance"},{"weight":51.0,"label":"optimal"},{"weight":46.0,"label":"show"},{"weight":45.0,"label":"problem"},{"weight":44.0,"label":"formula"},{"weight":42.0,"label":"poisson"}]},{"conceptId":8,"clusterId":0,"hexCoordinates":{"x":-5.196152422706632,"y":0.0},"labels":[{"weight":882.0,"label":"quantum"},{"weight":314.0,"label":"state"},{"weight":257.0,"label":"classical"},{"weight":144.0,"label":"measurement"},{"weight":136.0,"label":"coherence"},{"weight":103.0,"label":"entanglement"},{"weight":97.0,"label":"correlation"},{"weight":85.0,"label":"mechanic"},{"weight":83.0,"label":"system"},{"weight":82.0,"label":"qubit"},{"weight":77.0,"label":"theory"},{"weight":75.0,"label":"show"},{"weight":68.0,"label":"information"},{"weight":56.0,"label":"measure"},{"weight":50.0,"label":"general"},{"weight":45.0,"label":"computation"},{"weight":44.0,"label":"probability"},{"weight":44.0,"label":"operator"},{"weight":44.0,"label":"local"},{"weight":42.0,"label":"resource"},{"weight":41.0,"label":"physics"},{"weight":37.0,"label":"witness"},{"weight":37.0,"label":"pure"},{"weight":37.0,"label":"give"},{"weight":37.0,"label":"case"}]},{"conceptId":1,"clusterId":0,"hexCoordinates":{"x":-2.598076211353316,"y":-1.5},"labels":[{"weight":599.0,"label":"graph"},{"weight":288.0,"label":"problem"},{"weight":179.0,"label":"algorithm"},{"weight":161.0,"label":"matching"},{"weight":152.0,"label":"vertex"},{"weight":119.0,"label":"match"},{"weight":114.0,"label":"give"},{"weight":104.0,"label":"edge"},{"weight":102.0,"label":"show"},{"weight":101.0,"label":"bound"},{"weight":99.0,"label":"subgraph"},{"weight":99.0,"label":"preference"},{"weight":92.0,"label":"instance"},{"weight":91.0,"label":"time"},{"weight":90.0,"label":"number"},{"weight":89.0,"label":"pattern"},{"weight":86.0,"label":"pair"},{"weight":86.0,"label":"case"},{"weight":85.0,"label":"find"},{"weight":82.0,"label":"stable"},{"weight":81.0,"label":"complete"},{"weight":79.0,"label":"list"},{"weight":69.0,"label":"maximum"},{"weight":68.0,"label":"query"},{"weight":61.0,"label":"real"}]},{"conceptId":9,"clusterId":0,"hexCoordinates":{"x":-4.330127018922193,"y":1.5},"labels":[{"weight":651.0,"label":"type"},{"weight":447.0,"label":"logic"},{"weight":384.0,"label":"system"},{"weight":338.0,"label":"semantics"},{"weight":336.0,"label":"language"},{"weight":276.0,"label":"formal"},{"weight":267.0,"label":"proof"},{"weight":236.0,"label":"model"},{"weight":229.0,"label":"calculus"},{"weight":220.0,"label":"theory"},{"weight":216.0,"label":"property"},{"weight":200.0,"label":"show"},{"weight":188.0,"label":"programming"},{"weight":185.0,"label":"session"},{"weight":175.0,"label":"define"},{"weight":174.0,"label":"program"},{"weight":165.0,"label":"paper"},{"weight":160.0,"label":"prove"},{"weight":158.0,"label":"give"},{"weight":155.0,"label":"order"},{"weight":154.0,"label":"process"},{"weight":140.0,"label":"base"},{"weight":140.0,"label":"present"},{"weight":133.0,"label":"definition"},{"weight":132.0,"label":"logical"}]},{"conceptId":12,"clusterId":0,"hexCoordinates":{"x":0.0,"y":0.0},"labels":[{"weight":540.0,"label":"algebra"},{"weight":414.0,"label":"category"},{"weight":194.0,"label":"module"},{"weight":168.0,"label":"finite"},{"weight":150.0,"label":"ring"},{"weight":140.0,"label":"show"},{"weight":139.0,"label":"group"},{"weight":137.0,"label":"result"},{"weight":117.0,"label":"prove"},{"weight":115.0,"label":"give"},{"weight":88.0,"label":"functor"},{"weight":83.0,"label":"space"},{"weight":79.0,"label":"hopf"},{"weight":77.0,"label":"dimension"},{"weight":66.0,"label":"structure"},{"weight":64.0,"label":"case"},{"weight":63.0,"label":"theory"},{"weight":60.0,"label":"algebraic"},{"weight":59.0,"label":"commutative"},{"weight":58.0,"label":"map"},{"weight":57.0,"label":"theorem"},{"weight":56.0,"label":"property"},{"weight":54.0,"label":"construction"},{"weight":53.0,"label":"monoid"},{"weight":53.0,"label":"extend"}]},{"conceptId":-1,"clusterId":-1,"hexCoordinates":{"x":6.06217782649107,"y":1.5},"labels":[{"weight":2500,"label":"Unclassified"},{"weight":0,"label":""},{"weight":0,"label":""},{"weight":0,"label":""},{"weight":0,"label":""},{"weight":0,"label":""},{"weight":0,"label":""},{"weight":0,"label":""},{"weight":0,"label":""},{"weight":0,"label":""},{"weight":0,"label":""}]},{"conceptId":13,"clusterId":0,"hexCoordinates":{"x":1.7320508075688772,"y":0.0},"labels":[{"weight":671.0,"label":"space"},{"weight":626.0,"label":"theory"},{"weight":338.0,"label":"show"},{"weight":276.0,"label":"dimensional"},{"weight":255.0,"label":"field"},{"weight":240.0,"label":"algebra"},{"weight":237.0,"label":"give"},{"weight":201.0,"label":"geometry"},{"weight":197.0,"label":"action"},{"weight":196.0,"label":"manifold"},{"weight":186.0,"label":"structure"},{"weight":168.0,"label":"construct"},{"weight":168.0,"label":"operator"},{"weight":165.0,"label":"quantum"},{"weight":164.0,"label":"point"},{"weight":162.0,"label":"invariant"},{"weight":156.0,"label":"gauge"},{"weight":149.0,"label":"metric"},{"weight":140.0,"label":"symmetry"},{"weight":137.0,"label":"geometric"},{"weight":131.0,"label":"associate"},{"weight":128.0,"label":"obtain"},{"weight":125.0,"label":"general"},{"weight":124.0,"label":"property"},{"weight":123.0,"label":"group"}]},{"conceptId":16,"clusterId":0,"hexCoordinates":{"x":-0.8660254037844386,"y":-4.5},"labels":[{"weight":693.0,"label":"function"},{"weight":575.0,"label":"method"},{"weight":532.0,"label":"problem"},{"weight":231.0,"label":"order"},{"weight":228.0,"label":"linear"},{"weight":206.0,"label":"gradient"},{"weight":195.0,"label":"solution"},{"weight":191.0,"label":"term"},{"weight":184.0,"label":"point"},{"weight":183.0,"label":"convergence"},{"weight":183.0,"label":"integral"},{"weight":183.0,"label":"coordinate"},{"weight":165.0,"label":"approximation"},{"weight":158.0,"label":"boundary"},{"weight":157.0,"label":"result"},{"weight":156.0,"label":"convex"},{"weight":155.0,"label":"expansion"},{"weight":152.0,"label":"obtain"},{"weight":150.0,"label":"algorithm"},{"weight":139.0,"label":"show"},{"weight":138.0,"label":"space"},{"weight":131.0,"label":"bound"},{"weight":130.0,"label":"case"},{"weight":129.0,"label":"derive"},{"weight":129.0,"label":"analysis"}]},{"conceptId":14,"clusterId":0,"hexCoordinates":{"x":-0.8660254037844386,"y":1.5},"labels":[{"weight":1255.0,"label":"problem"},{"weight":424.0,"label":"solve"},{"weight":395.0,"label":"optimization"},{"weight":354.0,"label":"algorithm"},{"weight":214.0,"label":"propose"},{"weight":206.0,"label":"solution"},{"weight":163.0,"label":"constraint"},{"weight":162.0,"label":"search"},{"weight":147.0,"label":"approach"},{"weight":139.0,"label":"local"},{"weight":126.0,"label":"programming"},{"weight":121.0,"label":"set"},{"weight":119.0,"label":"base"},{"weight":103.0,"label":"heuristic"},{"weight":102.0,"label":"result"},{"weight":101.0,"label":"integer"},{"weight":100.0,"label":"instance"},{"weight":98.0,"label":"optimal"},{"weight":95.0,"label":"global"},{"weight":93.0,"label":"computational"},{"weight":92.0,"label":"method"},{"weight":91.0,"label":"network"},{"weight":89.0,"label":"paper"},{"weight":88.0,"label":"landscape"},{"weight":87.0,"label":"swarm"}]},{"conceptId":15,"clusterId":0,"hexCoordinates":{"x":-1.7320508075688772,"y":-3.0},"labels":[{"weight":689.0,"label":"method"},{"weight":456.0,"label":"problem"},{"weight":393.0,"label":"matrix"},{"weight":279.0,"label":"time"},{"weight":232.0,"label":"solve"},{"weight":220.0,"label":"algorithm"},{"weight":184.0,"label":"system"},{"weight":177.0,"label":"solution"},{"weight":165.0,"label":"linear"},{"weight":153.0,"label":"iterative"},{"weight":144.0,"label":"computational"},{"weight":130.0,"label":"propose"},{"weight":127.0,"label":"result"},{"weight":126.0,"label":"show"},{"weight":124.0,"label":"iteration"},{"weight":120.0,"label":"numerical"},{"weight":114.0,"label":"base"},{"weight":113.0,"label":"large"},{"weight":112.0,"label":"equation"},{"weight":111.0,"label":"convergence"},{"weight":109.0,"label":"sparse"},{"weight":105.0,"label":"approach"},{"weight":96.0,"label":"number"},{"weight":96.0,"label":"block"},{"weight":93.0,"label":"solver"}]},{"conceptId":0,"clusterId":0,"hexCoordinates":{"x":0.8660254037844386,"y":-1.5},"labels":[{"weight":495.0,"label":"set"},{"weight":337.0,"label":"dimension"},{"weight":268.0,"label":"show"},{"weight":267.0,"label":"class"},{"weight":240.0,"label":"measure"},{"weight":236.0,"label":"result"},{"weight":231.0,"label":"give"},{"weight":200.0,"label":"function"},{"weight":193.0,"label":"permutation"},{"weight":184.0,"label":"prove"},{"weight":181.0,"label":"graph"},{"weight":178.0,"label":"finite"},{"weight":159.0,"label":"number"},{"weight":147.0,"label":"generate"},{"weight":145.0,"label":"order"},{"weight":142.0,"label":"semigroup"},{"weight":141.0,"label":"free"},{"weight":129.0,"label":"property"},{"weight":108.0,"label":"study"},{"weight":104.0,"label":"subgroup"},{"weight":101.0,"label":"group"},{"weight":98.0,"label":"point"},{"weight":97.0,"label":"paper"},{"weight":91.0,"label":"case"},{"weight":87.0,"label":"introduce"}]},{"conceptId":11,"clusterId":0,"hexCoordinates":{"x":-2.598076211353316,"y":-4.5},"labels":[{"weight":398.0,"label":"matrix"},{"weight":114.0,"label":"algorithm"},{"weight":91.0,"label":"polynomial"},{"weight":71.0,"label":"decomposition"},{"weight":66.0,"label":"eigenvalue"},{"weight":52.0,"label":"pevd"},{"weight":44.0,"label":"paper"},{"weight":40.0,"label":"broadband"},{"weight":39.0,"label":"demonstrate"},{"weight":37.0,"label":"factorization"},{"weight":37.0,"label":"tensor"},{"weight":37.0,"label":"rank"},{"weight":36.0,"label":"manet"},{"weight":35.0,"label":"covariance"},{"weight":33.0,"label":"parahermitian"},{"weight":32.0,"label":"smd"},{"weight":32.0,"label":"order"},{"weight":30.0,"label":"factorisation"},{"weight":29.0,"label":"show"},{"weight":28.0,"label":"extension"},{"weight":27.0,"label":"row"},{"weight":27.0,"label":"negative"},{"weight":26.0,"label":"parafac"},{"weight":25.0,"label":"synergy"},{"weight":25.0,"label":"shift"}]},{"conceptId":6,"clusterId":0,"hexCoordinates":{"x":2.598076211353316,"y":-1.5},"labels":[{"weight":9136.0,"label":"group"},{"weight":292.0,"label":"individual"},{"weight":289.0,"label":"compare"},{"weight":251.0,"label":"control"},{"weight":219.0,"label":"member"},{"weight":203.0,"label":"difference"},{"weight":202.0,"label":"similar"},{"weight":141.0,"label":"significantly"},{"weight":130.0,"label":"study"},{"weight":127.0,"label":"accord"},{"weight":101.0,"label":"divide"},{"weight":94.0,"label":"include"},{"weight":93.0,"label":"form"},{"weight":93.0,"label":"subject"},{"weight":92.0,"label":"subgroup"},{"weight":86.0,"label":"comparison"},{"weight":75.0,"label":"consist"},{"weight":72.0,"label":"common"},{"weight":71.0,"label":"membership"},{"weight":71.0,"label":"previous"},{"weight":68.0,"label":"find"},{"weight":67.0,"label":"comprise"},{"weight":66.0,"label":"characteristic"},{"weight":57.0,"label":"grouping"},{"weight":53.0,"label":"center"}]},{"conceptId":3,"clusterId":0,"hexCoordinates":{"x":-0.8660254037844386,"y":-1.5},"labels":[{"weight":187.0,"label":"threshold"},{"weight":114.0,"label":"trib"},{"weight":41.0,"label":"brace"},{"weight":35.0,"label":"leukaemia"},{"weight":31.0,"label":"jnd"},{"weight":31.0,"label":"snr"},{"weight":29.0,"label":"radical"},{"weight":28.0,"label":"level"},{"weight":26.0,"label":"resistive"},{"weight":25.0,"label":"isb"},{"weight":25.0,"label":"flash"},{"weight":24.0,"label":"ebp"},{"weight":23.0,"label":"adjustment"},{"weight":20.0,"label":"rram"},{"weight":19.0,"label":"pure"},{"weight":18.0,"label":"tone"},{"weight":17.0,"label":"aml"},{"weight":17.0,"label":"seat"},{"weight":16.0,"label":"rtn"},{"weight":16.0,"label":"left"},{"weight":16.0,"label":"hearing"},{"weight":15.0,"label":"atdc"},{"weight":15.0,"label":"acute"},{"weight":15.0,"label":"storage"},{"weight":15.0,"label":"random"}]},{"conceptId":2,"clusterId":0,"hexCoordinates":{"x":0.8660254037844386,"y":-4.5},"labels":[{"weight":131.0,"label":"equation"},{"weight":85.0,"label":"mathematical"},{"weight":72.0,"label":"mathematics"},{"weight":70.0,"label":"nonlinear"},{"weight":66.0,"label":"schr"},{"weight":60.0,"label":"solution"},{"weight":52.0,"label":"energy"},{"weight":47.0,"label":"dinger"},{"weight":47.0,"label":"cubic"},{"weight":46.0,"label":"prove"},{"weight":45.0,"label":"posedness"},{"weight":44.0,"label":"initial"},{"weight":39.0,"label":"data"},{"weight":38.0,"label":"soliton"},{"weight":38.0,"label":"space"},{"weight":36.0,"label":"global"},{"weight":35.0,"label":"ccm"},{"weight":35.0,"label":"critical"},{"weight":29.0,"label":"strip"},{"weight":27.0,"label":"form"},{"weight":26.0,"label":"frege"},{"weight":25.0,"label":"defocus"},{"weight":24.0,"label":"regularity"},{"weight":23.0,"label":"math"},{"weight":22.0,"label":"bru"}]},{"conceptId":5,"clusterId":0,"hexCoordinates":{"x":0.0,"y":-3.0},"labels":[{"weight":603.0,"label":"stochastic"},{"weight":534.0,"label":"time"},{"weight":416.0,"label":"equation"},{"weight":340.0,"label":"system"},{"weight":333.0,"label":"solution"},{"weight":328.0,"label":"condition"},{"weight":288.0,"label":"result"},{"weight":287.0,"label":"method"},{"weight":272.0,"label":"process"},{"weight":261.0,"label":"differential"},{"weight":242.0,"label":"approximation"},{"weight":231.0,"label":"show"},{"weight":216.0,"label":"stability"},{"weight":213.0,"label":"numerical"},{"weight":194.0,"label":"paper"},{"weight":187.0,"label":"function"},{"weight":177.0,"label":"convergence"},{"weight":177.0,"label":"give"},{"weight":174.0,"label":"approximate"},{"weight":172.0,"label":"discrete"},{"weight":167.0,"label":"state"},{"weight":161.0,"label":"study"},{"weight":155.0,"label":"continuous"},{"weight":147.0,"label":"linear"},{"weight":147.0,"label":"space"}]},{"conceptId":10,"clusterId":0,"hexCoordinates":{"x":-2.598076211353316,"y":1.5},"labels":[{"weight":1042.0,"label":"problem"},{"weight":805.0,"label":"algorithm"},{"weight":755.0,"label":"optimal"},{"weight":753.0,"label":"solution"},{"weight":575.0,"label":"objective"},{"weight":478.0,"label":"constraint"},{"weight":458.0,"label":"optimisation"},{"weight":442.0,"label":"optimization"},{"weight":393.0,"label":"approach"},{"weight":382.0,"label":"design"},{"weight":335.0,"label":"search"},{"weight":304.0,"label":"time"},{"weight":280.0,"label":"base"},{"weight":272.0,"label":"propose"},{"weight":234.0,"label":"multus"},{"weight":227.0,"label":"solve"},{"weight":215.0,"label":"paper"},{"weight":203.0,"label":"set"},{"weight":199.0,"label":"method"},{"weight":195.0,"label":"find"},{"weight":182.0,"label":"cost"},{"weight":181.0,"label":"multi"},{"weight":172.0,"label":"case"},{"weight":169.0,"label":"space"},{"weight":166.0,"label":"strategy"}]},{"conceptId":18,"clusterId":0,"hexCoordinates":{"x":-4.330127018922193,"y":-1.5},"labels":[{"weight":828.0,"label":"program"},{"weight":180.0,"label":"base"},{"weight":103.0,"label":"evaluation"},{"weight":70.0,"label":"test"},{"weight":68.0,"label":"criterion"},{"weight":52.0,"label":"termination"},{"weight":52.0,"label":"analysis"},{"weight":49.0,"label":"terminate"},{"weight":46.0,"label":"paper"},{"weight":44.0,"label":"penalty"},{"weight":41.0,"label":"center"},{"weight":40.0,"label":"work"},{"weight":39.0,"label":"rule"},{"weight":39.0,"label":"strategy"},{"weight":39.0,"label":"function"},{"weight":37.0,"label":"propose"},{"weight":35.0,"label":"technique"},{"weight":34.0,"label":"argument"},{"weight":34.0,"label":"term"},{"weight":34.0,"label":"identify"},{"weight":33.0,"label":"approach"},{"weight":32.0,"label":"perform"},{"weight":29.0,"label":"call"},{"weight":29.0,"label":"limited"},{"weight":28.0,"label":"ime"}]},{"conceptId":7,"clusterId":0,"hexCoordinates":{"x":1.7320508075688772,"y":-3.0},"labels":[{"weight":228.0,"label":"graph"},{"weight":172.0,"label":"word"},{"weight":115.0,"label":"letter"},{"weight":60.0,"label":"representable"},{"weight":58.0,"label":"number"},{"weight":41.0,"label":"pattern"},{"weight":35.0,"label":"length"},{"weight":35.0,"label":"result"},{"weight":34.0,"label":"permutation"},{"weight":32.0,"label":"exist"},{"weight":31.0,"label":"cycle"},{"weight":30.0,"label":"alternate"},{"weight":29.0,"label":"comic"},{"weight":28.0,"label":"alphabet"},{"weight":28.0,"label":"vertex"},{"weight":28.0,"label":"universal"},{"weight":26.0,"label":"show"},{"weight":24.0,"label":"chart"},{"weight":21.0,"label":"avoid"},{"weight":20.0,"label":"give"},{"weight":18.0,"label":"infographic"},{"weight":18.0,"label":"prm"},{"weight":18.0,"label":"orientation"},{"weight":17.0,"label":"symbol"},{"weight":17.0,"label":"regular"}]}]}