{"linkageTable":[{"node2":14,"distance":0.45653015930528,"node1":4},{"node2":10,"distance":0.457070693029025,"node1":3},{"node2":15,"distance":0.465595683743135,"node1":11},{"node2":17,"distance":0.4667686066204775,"node1":2},{"node2":16,"distance":0.4775581234785325,"node1":0},{"node2":9,"distance":0.479503239073045,"node1":19},{"node2":18,"distance":0.4841848072064134,"node1":20},{"node2":21,"distance":0.48694241805092625,"node1":1},{"node2":8,"distance":0.487145771210954,"node1":22},{"node2":23,"distance":0.488879486290147,"node1":24},{"node2":6,"distance":0.49201724715469447,"node1":25},{"node2":12,"distance":0.4942020416090625,"node1":26},{"node2":5,"distance":0.4954786432760812,"node1":27},{"node2":13,"distance":0.49603383511830396,"node1":28},{"node2":7,"distance":0.4977004567515827,"node1":29}],"conceptsData":[{"conceptId":1,"clusterId":0,"hexCoordinates":{"x":-4.330127018922193,"y":-1.5},"labels":[{"weight":643.0,"label":"ampk"},{"weight":306.0,"label":"amp"},{"weight":185.0,"label":"activate"},{"weight":128.0,"label":"kinase"},{"weight":122.0,"label":"propionate"},{"weight":117.0,"label":"atp"},{"weight":116.0,"label":"activation"},{"weight":108.0,"label":"energy"},{"weight":91.0,"label":"scfa"},{"weight":88.0,"label":"inulin"},{"weight":84.0,"label":"human"},{"weight":81.0,"label":"effect"},{"weight":78.0,"label":"glucose"},{"weight":72.0,"label":"increase"},{"weight":64.0,"label":"cell"},{"weight":59.0,"label":"lkb"},{"weight":57.0,"label":"colonic"},{"weight":57.0,"label":"subunit"},{"weight":57.0,"label":"inhibit"},{"weight":54.0,"label":"metformin"},{"weight":54.0,"label":"phosphorylation"},{"weight":54.0,"label":"production"},{"weight":52.0,"label":"mechanism"},{"weight":50.0,"label":"adp"},{"weight":48.0,"label":"ester"}]},{"conceptId":10,"clusterId":0,"hexCoordinates":{"x":-3.4641016151377544,"y":-3.0},"labels":[{"weight":1582.0,"label":"cell"},{"weight":1127.0,"label":"pathway"},{"weight":1061.0,"label":"activation"},{"weight":926.0,"label":"induce"},{"weight":870.0,"label":"expression"},{"weight":745.0,"label":"signaling"},{"weight":706.0,"label":"activate"},{"weight":706.0,"label":"response"},{"weight":685.0,"label":"factor"},{"weight":684.0,"label":"role"},{"weight":679.0,"label":"kinase"},{"weight":676.0,"label":"increase"},{"weight":659.0,"label":"mechanism"},{"weight":646.0,"label":"protein"},{"weight":643.0,"label":"show"},{"weight":637.0,"label":"signalling"},{"weight":636.0,"label":"dependent"},{"weight":605.0,"label":"inhibition"},{"weight":566.0,"label":"regulate"},{"weight":520.0,"label":"demonstrate"},{"weight":517.0,"label":"mediate"},{"weight":514.0,"label":"activity"},{"weight":510.0,"label":"target"},{"weight":480.0,"label":"promote"},{"weight":462.0,"label":"result"}]},{"conceptId":4,"clusterId":0,"hexCoordinates":{"x":0.0,"y":0.0},"labels":[{"weight":1133.0,"label":"pathway"},{"weight":994.0,"label":"role"},{"weight":927.0,"label":"mechanism"},{"weight":920.0,"label":"regulate"},{"weight":905.0,"label":"regulation"},{"weight":902.0,"label":"process"},{"weight":896.0,"label":"function"},{"weight":650.0,"label":"control"},{"weight":582.0,"label":"cell"},{"weight":575.0,"label":"factor"},{"weight":543.0,"label":"cellular"},{"weight":522.0,"label":"response"},{"weight":511.0,"label":"signalling"},{"weight":458.0,"label":"molecular"},{"weight":453.0,"label":"key"},{"weight":418.0,"label":"gene"},{"weight":416.0,"label":"protein"},{"weight":398.0,"label":"include"},{"weight":398.0,"label":"development"},{"weight":383.0,"label":"important"},{"weight":353.0,"label":"involve"},{"weight":329.0,"label":"understand"},{"weight":323.0,"label":"target"},{"weight":316.0,"label":"regulatory"},{"weight":314.0,"label":"regulator"}]},{"conceptId":2,"clusterId":0,"hexCoordinates":{"x":-2.598076211353316,"y":-1.5},"labels":[{"weight":474.0,"label":"nrf"},{"weight":432.0,"label":"mitochondrial"},{"weight":214.0,"label":"redox"},{"weight":186.0,"label":"cell"},{"weight":156.0,"label":"metabolism"},{"weight":142.0,"label":"mitochondria"},{"weight":142.0,"label":"metabolic"},{"weight":138.0,"label":"atp"},{"weight":136.0,"label":"function"},{"weight":134.0,"label":"oxidative"},{"weight":123.0,"label":"pathway"},{"weight":117.0,"label":"enzyme"},{"weight":108.0,"label":"homeostasis"},{"weight":108.0,"label":"stress"},{"weight":108.0,"label":"activity"},{"weight":107.0,"label":"oxygen"},{"weight":105.0,"label":"production"},{"weight":104.0,"label":"nad"},{"weight":102.0,"label":"protein"},{"weight":101.0,"label":"cysteine"},{"weight":101.0,"label":"oxidation"},{"weight":96.0,"label":"keap"},{"weight":84.0,"label":"zinc"},{"weight":79.0,"label":"dehydrogenase"},{"weight":79.0,"label":"species"}]},{"conceptId":14,"clusterId":0,"hexCoordinates":{"x":1.7320508075688772,"y":0.0},"labels":[{"weight":256.0,"label":"light"},{"weight":120.0,"label":"uvr"},{"weight":77.0,"label":"red"},{"weight":65.0,"label":"plant"},{"weight":57.0,"label":"photoreceptor"},{"weight":52.0,"label":"phot"},{"weight":51.0,"label":"dimer"},{"weight":48.0,"label":"phytochrome"},{"weight":40.0,"label":"pif"},{"weight":40.0,"label":"arabidopsis"},{"weight":39.0,"label":"signaling"},{"weight":38.0,"label":"response"},{"weight":34.0,"label":"hypocotyl"},{"weight":32.0,"label":"induce"},{"weight":30.0,"label":"blue"},{"weight":29.0,"label":"mediate"},{"weight":24.0,"label":"growth"},{"weight":22.0,"label":"enhance"},{"weight":21.0,"label":"phya"},{"weight":21.0,"label":"lov"},{"weight":21.0,"label":"mutant"},{"weight":20.0,"label":"monomer"},{"weight":20.0,"label":"show"},{"weight":19.0,"label":"phyb"},{"weight":19.0,"label":"gfp"}]},{"conceptId":15,"clusterId":0,"hexCoordinates":{"x":-1.7320508075688772,"y":0.0},"labels":[{"weight":262.0,"label":"acid"},{"weight":160.0,"label":"fatty"},{"weight":148.0,"label":"protein"},{"weight":145.0,"label":"ffa"},{"weight":131.0,"label":"lipid"},{"weight":98.0,"label":"acylation"},{"weight":90.0,"label":"binding"},{"weight":86.0,"label":"zdhhc"},{"weight":84.0,"label":"membrane"},{"weight":74.0,"label":"chain"},{"weight":58.0,"label":"acyl"},{"weight":54.0,"label":"enzyme"},{"weight":51.0,"label":"bilayer"},{"weight":50.0,"label":"fibrinogen"},{"weight":46.0,"label":"cysteine"},{"weight":46.0,"label":"free"},{"weight":40.0,"label":"bind"},{"weight":39.0,"label":"site"},{"weight":36.0,"label":"domain"},{"weight":35.0,"label":"modification"},{"weight":32.0,"label":"palmitoylation"},{"weight":30.0,"label":"acylate"},{"weight":30.0,"label":"plasma"},{"weight":29.0,"label":"phospholipid"},{"weight":28.0,"label":"folate"}]},{"conceptId":8,"clusterId":0,"hexCoordinates":{"x":0.0,"y":-3.0},"labels":[{"weight":595.0,"label":"cell"},{"weight":412.0,"label":"actin"},{"weight":221.0,"label":"integrin"},{"weight":188.0,"label":"protein"},{"weight":178.0,"label":"membrane"},{"weight":159.0,"label":"regulate"},{"weight":151.0,"label":"migration"},{"weight":136.0,"label":"adhesion"},{"weight":126.0,"label":"cytoskeleton"},{"weight":121.0,"label":"pathway"},{"weight":109.0,"label":"show"},{"weight":108.0,"label":"intracellular"},{"weight":103.0,"label":"function"},{"weight":102.0,"label":"kinase"},{"weight":101.0,"label":"signalling"},{"weight":96.0,"label":"signaling"},{"weight":87.0,"label":"rab"},{"weight":85.0,"label":"apical"},{"weight":83.0,"label":"rac"},{"weight":81.0,"label":"role"},{"weight":80.0,"label":"polarity"},{"weight":79.0,"label":"erk"},{"weight":78.0,"label":"cellular"},{"weight":76.0,"label":"activation"},{"weight":76.0,"label":"require"}]},{"conceptId":12,"clusterId":0,"hexCoordinates":{"x":-0.8660254037844386,"y":-4.5},"labels":[{"weight":384.0,"label":"pde"},{"weight":242.0,"label":"camp"},{"weight":81.0,"label":"pka"},{"weight":68.0,"label":"isoform"},{"weight":51.0,"label":"phosphodiesterase"},{"weight":47.0,"label":"domain"},{"weight":43.0,"label":"signalling"},{"weight":40.0,"label":"long"},{"weight":39.0,"label":"site"},{"weight":33.0,"label":"form"},{"weight":32.0,"label":"involve"},{"weight":32.0,"label":"specific"},{"weight":31.0,"label":"peptide"},{"weight":27.0,"label":"enzyme"},{"weight":27.0,"label":"interaction"},{"weight":26.0,"label":"plc"},{"weight":25.0,"label":"cyclic"},{"weight":24.0,"label":"catalytic"},{"weight":22.0,"label":"ndpk"},{"weight":22.0,"label":"ucr"},{"weight":21.0,"label":"dimerization"},{"weight":21.0,"label":"complex"},{"weight":20.0,"label":"riox"},{"weight":18.0,"label":"cep"},{"weight":18.0,"label":"local"}]},{"conceptId":11,"clusterId":0,"hexCoordinates":{"x":-0.8660254037844386,"y":-1.5},"labels":[{"weight":3150.0,"label":"protein"},{"weight":627.0,"label":"binding"},{"weight":624.0,"label":"domain"},{"weight":613.0,"label":"interaction"},{"weight":536.0,"label":"membrane"},{"weight":524.0,"label":"complex"},{"weight":435.0,"label":"function"},{"weight":398.0,"label":"site"},{"weight":344.0,"label":"phosphorylation"},{"weight":307.0,"label":"bind"},{"weight":302.0,"label":"identify"},{"weight":296.0,"label":"kinase"},{"weight":294.0,"label":"show"},{"weight":280.0,"label":"activity"},{"weight":278.0,"label":"terminal"},{"weight":274.0,"label":"cell"},{"weight":244.0,"label":"interact"},{"weight":240.0,"label":"target"},{"weight":222.0,"label":"specific"},{"weight":210.0,"label":"mediate"},{"weight":207.0,"label":"residue"},{"weight":205.0,"label":"suggest"},{"weight":203.0,"label":"conserve"},{"weight":203.0,"label":"require"},{"weight":199.0,"label":"subunit"}]},{"conceptId":-1,"clusterId":-1,"hexCoordinates":{"x":6.06217782649107,"y":0.0},"labels":[{"weight":2500,"label":"Unclassified"},{"weight":0,"label":""},{"weight":0,"label":""},{"weight":0,"label":""},{"weight":0,"label":""},{"weight":0,"label":""},{"weight":0,"label":""},{"weight":0,"label":""},{"weight":0,"label":""},{"weight":0,"label":""},{"weight":0,"label":""}]},{"conceptId":13,"clusterId":0,"hexCoordinates":{"x":1.7320508075688772,"y":-3.0},"labels":[{"weight":287.0,"label":"mutation"},{"weight":117.0,"label":"mutant"},{"weight":52.0,"label":"wild"},{"weight":45.0,"label":"type"},{"weight":43.0,"label":"outer"},{"weight":43.0,"label":"tert"},{"weight":40.0,"label":"idh"},{"weight":37.0,"label":"insertion"},{"weight":36.0,"label":"function"},{"weight":34.0,"label":"pik"},{"weight":34.0,"label":"segment"},{"weight":33.0,"label":"melanin"},{"weight":29.0,"label":"rod"},{"weight":29.0,"label":"loss"},{"weight":26.0,"label":"retinal"},{"weight":25.0,"label":"runx"},{"weight":24.0,"label":"eau"},{"weight":24.0,"label":"case"},{"weight":23.0,"label":"mutate"},{"weight":23.0,"label":"line"},{"weight":22.0,"label":"codon"},{"weight":22.0,"label":"photoreceptor"},{"weight":19.0,"label":"clone"},{"weight":19.0,"label":"zebrafish"},{"weight":19.0,"label":"gain"}]},{"conceptId":6,"clusterId":0,"hexCoordinates":{"x":-3.4641016151377544,"y":0.0},"labels":[{"weight":206.0,"label":"autophagy"},{"weight":92.0,"label":"tat"},{"weight":80.0,"label":"atg"},{"weight":54.0,"label":"lysosomal"},{"weight":43.0,"label":"peptide"},{"weight":43.0,"label":"autophagosome"},{"weight":38.0,"label":"lysosome"},{"weight":32.0,"label":"tatc"},{"weight":32.0,"label":"arginine"},{"weight":29.0,"label":"membrane"},{"weight":27.0,"label":"mct"},{"weight":27.0,"label":"mtorc"},{"weight":27.0,"label":"signal"},{"weight":27.0,"label":"map"},{"weight":23.0,"label":"glycosome"},{"weight":22.0,"label":"saussure"},{"weight":21.0,"label":"aldh"},{"weight":21.0,"label":"cargo"},{"weight":19.0,"label":"site"},{"weight":18.0,"label":"degradation"},{"weight":17.0,"label":"tatb"},{"weight":16.0,"label":"translocase"},{"weight":16.0,"label":"mtor"},{"weight":16.0,"label":"autophagic"},{"weight":15.0,"label":"tata"}]},{"conceptId":0,"clusterId":0,"hexCoordinates":{"x":0.8660254037844386,"y":-1.5},"labels":[{"weight":590.0,"label":"ubiquitin"},{"weight":500.0,"label":"protein"},{"weight":343.0,"label":"ligase"},{"weight":252.0,"label":"kinase"},{"weight":252.0,"label":"substrate"},{"weight":198.0,"label":"phosphorylation"},{"weight":198.0,"label":"degradation"},{"weight":192.0,"label":"activity"},{"weight":191.0,"label":"domain"},{"weight":177.0,"label":"proteasome"},{"weight":173.0,"label":"sumo"},{"weight":172.0,"label":"binding"},{"weight":170.0,"label":"ser"},{"weight":155.0,"label":"complex"},{"weight":132.0,"label":"lrrk"},{"weight":120.0,"label":"ring"},{"weight":116.0,"label":"parkin"},{"weight":112.0,"label":"mdm"},{"weight":109.0,"label":"chain"},{"weight":107.0,"label":"rab"},{"weight":100.0,"label":"mutation"},{"weight":100.0,"label":"regulate"},{"weight":97.0,"label":"bind"},{"weight":95.0,"label":"activate"},{"weight":94.0,"label":"inhibitor"}]},{"conceptId":5,"clusterId":0,"hexCoordinates":{"x":-5.196152422706632,"y":-3.0},"labels":[{"weight":126.0,"label":"cell"},{"weight":85.0,"label":"camkii"},{"weight":84.0,"label":"gap"},{"weight":81.0,"label":"connexin"},{"weight":67.0,"label":"calcium"},{"weight":65.0,"label":"arg"},{"weight":64.0,"label":"junction"},{"weight":50.0,"label":"arginase"},{"weight":48.0,"label":"mouse"},{"weight":46.0,"label":"arginine"},{"weight":44.0,"label":"function"},{"weight":44.0,"label":"aid"},{"weight":41.0,"label":"reticulum"},{"weight":38.0,"label":"activity"},{"weight":37.0,"label":"serca"},{"weight":36.0,"label":"cardiomyocyte"},{"weight":31.0,"label":"electrical"},{"weight":30.0,"label":"cardiac"},{"weight":30.0,"label":"level"},{"weight":29.0,"label":"contractile"},{"weight":28.0,"label":"heart"},{"weight":28.0,"label":"enhance"},{"weight":26.0,"label":"eaat"},{"weight":26.0,"label":"endoplasmic"},{"weight":26.0,"label":"label"}]},{"conceptId":7,"clusterId":0,"hexCoordinates":{"x":2.598076211353316,"y":-1.5},"labels":[{"weight":52.0,"label":"dub"},{"weight":52.0,"label":"vis"},{"weight":44.0,"label":"accounting"},{"weight":43.0,"label":"patch"},{"weight":31.0,"label":"vegetation"},{"weight":23.0,"label":"hpw"},{"weight":22.0,"label":"usp"},{"weight":19.0,"label":"emancipatory"},{"weight":19.0,"label":"praxis"},{"weight":18.0,"label":"include"},{"weight":16.0,"label":"add"},{"weight":14.0,"label":"alice"},{"weight":13.0,"label":"natal"},{"weight":12.0,"label":"polyub"},{"weight":12.0,"label":"carroll"},{"weight":12.0,"label":"appreciation"},{"weight":11.0,"label":"polyubiquitin"},{"weight":11.0,"label":"colonization"},{"weight":11.0,"label":"difference"},{"weight":9.0,"label":"zufsp"},{"weight":9.0,"label":"imagebank"},{"weight":9.0,"label":"deubiquitinase"},{"weight":8.0,"label":"dix"},{"weight":8.0,"label":"perinatal"},{"weight":8.0,"label":"prism"}]},{"conceptId":9,"clusterId":0,"hexCoordinates":{"x":-2.598076211353316,"y":-4.5},"labels":[{"weight":404.0,"label":"mitochondrial"},{"weight":125.0,"label":"mtdna"},{"weight":125.0,"label":"apoptosis"},{"weight":121.0,"label":"caspase"},{"weight":108.0,"label":"cell"},{"weight":103.0,"label":"mitochondria"},{"weight":98.0,"label":"death"},{"weight":91.0,"label":"channel"},{"weight":84.0,"label":"membrane"},{"weight":74.0,"label":"dna"},{"weight":69.0,"label":"apoptotic"},{"weight":55.0,"label":"induce"},{"weight":54.0,"label":"sur"},{"weight":48.0,"label":"msc"},{"weight":43.0,"label":"protein"},{"weight":39.0,"label":"sting"},{"weight":39.0,"label":"release"},{"weight":38.0,"label":"momp"},{"weight":34.0,"label":"fas"},{"weight":34.0,"label":"damage"},{"weight":32.0,"label":"mcl"},{"weight":32.0,"label":"dependent"},{"weight":31.0,"label":"atp"},{"weight":30.0,"label":"bcl"},{"weight":29.0,"label":"cga"}]},{"conceptId":3,"clusterId":0,"hexCoordinates":{"x":-1.7320508075688772,"y":-3.0},"labels":[{"weight":341.0,"label":"cell"},{"weight":216.0,"label":"senescence"},{"weight":182.0,"label":"target"},{"weight":162.0,"label":"cancer"},{"weight":161.0,"label":"resistance"},{"weight":159.0,"label":"drug"},{"weight":148.0,"label":"inhibition"},{"weight":145.0,"label":"expression"},{"weight":130.0,"label":"akt"},{"weight":123.0,"label":"response"},{"weight":119.0,"label":"pathway"},{"weight":117.0,"label":"gsk"},{"weight":117.0,"label":"combination"},{"weight":105.0,"label":"activation"},{"weight":102.0,"label":"show"},{"weight":101.0,"label":"growth"},{"weight":97.0,"label":"tumour"},{"weight":96.0,"label":"treatment"},{"weight":91.0,"label":"therapy"},{"weight":87.0,"label":"induce"},{"weight":86.0,"label":"tumor"},{"weight":85.0,"label":"proliferation"},{"weight":83.0,"label":"bcl"},{"weight":81.0,"label":"inhibitor"},{"weight":79.0,"label":"mechanism"}]}]}