[{"topicData":[{"numberOfDocuments":0.0,"label":"Heriot-Watt University"},{"numberOfDocuments":0.0,"label":"Robert Gordon University"},{"numberOfDocuments":0.0,"label":"Glasgow Caledonian University"},{"numberOfDocuments":0.0,"label":"Queen Margaret University"},{"numberOfDocuments":0.0,"label":"University of Dundee"},{"numberOfDocuments":0.0,"label":"University of the Highlands and Islands"},{"numberOfDocuments":0.0,"label":"Edinburgh Napier University"},{"numberOfDocuments":0.0,"label":"University of Stirling"},{"numberOfDocuments":0.0,"label":"Abertay University"},{"numberOfDocuments":0.0,"label":"University of Aberdeen"},{"numberOfDocuments":0.0,"label":"University of Edinburgh"},{"numberOfDocuments":0.0,"label":"University of the West of Scotland"},{"numberOfDocuments":0.0,"label":"University of St Andrews"},{"numberOfDocuments":0.0,"label":"University of Glasgow"},{"numberOfDocuments":0.0,"label":"University of Strathclyde"}],"conceptId":-1},{"topicData":[{"numberOfDocuments":3.4347936116933884,"label":"Heriot-Watt University"},{"numberOfDocuments":0.0,"label":"Robert Gordon University"},{"numberOfDocuments":0.750723479171634,"label":"Glasgow Caledonian University"},{"numberOfDocuments":0.1660327288810261,"label":"Queen Margaret University"},{"numberOfDocuments":2.2916835858148286,"label":"University of Dundee"},{"numberOfDocuments":0.1693548387096774,"label":"University of the Highlands and Islands"},{"numberOfDocuments":0.28115827857650144,"label":"Edinburgh Napier University"},{"numberOfDocuments":0.43858144967064383,"label":"University of Stirling"},{"numberOfDocuments":0.074809665673618,"label":"Abertay University"},{"numberOfDocuments":5.402167592858636,"label":"University of Aberdeen"},{"numberOfDocuments":38.378061632173385,"label":"University of Edinburgh"},{"numberOfDocuments":0.0070921985815602835,"label":"University of the West of Scotland"},{"numberOfDocuments":0.715846906518174,"label":"University of St Andrews"},{"numberOfDocuments":15.941980155953598,"label":"University of Glasgow"},{"numberOfDocuments":0.5617719535190575,"label":"University of Strathclyde"}],"conceptId":0},{"topicData":[{"numberOfDocuments":0.2807614725457046,"label":"Heriot-Watt University"},{"numberOfDocuments":0.05483641536273115,"label":"Robert Gordon University"},{"numberOfDocuments":0.17433831990794016,"label":"Glasgow Caledonian University"},{"numberOfDocuments":0.00819672131147541,"label":"Queen Margaret University"},{"numberOfDocuments":1.2700917807389915,"label":"University of Dundee"},{"numberOfDocuments":0.009615384615384616,"label":"University of the Highlands and Islands"},{"numberOfDocuments":0.1054402514113739,"label":"Edinburgh Napier University"},{"numberOfDocuments":0.8888180121837324,"label":"University of Stirling"},{"numberOfDocuments":0.03614457831325302,"label":"Abertay University"},{"numberOfDocuments":0.4994313692686898,"label":"University of Aberdeen"},{"numberOfDocuments":7.489568950981117,"label":"University of Edinburgh"},{"numberOfDocuments":0.01904761904761905,"label":"University of the West of Scotland"},{"numberOfDocuments":0.25156125584446226,"label":"University of St Andrews"},{"numberOfDocuments":4.371030761825141,"label":"University of Glasgow"},{"numberOfDocuments":0.6351928653398182,"label":"University of Strathclyde"}],"conceptId":1},{"topicData":[{"numberOfDocuments":0.6048031702787494,"label":"Heriot-Watt University"},{"numberOfDocuments":0.18504591141797003,"label":"Robert Gordon University"},{"numberOfDocuments":0.9173417283368852,"label":"Glasgow Caledonian University"},{"numberOfDocuments":0.3288281173957105,"label":"Queen Margaret University"},{"numberOfDocuments":1.4882181276172262,"label":"University of Dundee"},{"numberOfDocuments":0.29938422045853696,"label":"University of the Highlands and Islands"},{"numberOfDocuments":1.0450335052162147,"label":"Edinburgh Napier University"},{"numberOfDocuments":1.5906005684598312,"label":"University of Stirling"},{"numberOfDocuments":0.21991711802624608,"label":"Abertay University"},{"numberOfDocuments":2.428966679928108,"label":"University of Aberdeen"},{"numberOfDocuments":46.834460142043454,"label":"University of Edinburgh"},{"numberOfDocuments":0.7712667951967271,"label":"University of the West of Scotland"},{"numberOfDocuments":1.4754007561828242,"label":"University of St Andrews"},{"numberOfDocuments":22.479725318297188,"label":"University of Glasgow"},{"numberOfDocuments":1.2358568464014295,"label":"University of Strathclyde"}],"conceptId":2},{"topicData":[{"numberOfDocuments":1.6380484622284928,"label":"Heriot-Watt University"},{"numberOfDocuments":0.5416804205266865,"label":"Robert Gordon University"},{"numberOfDocuments":1.6317186854970867,"label":"Glasgow Caledonian University"},{"numberOfDocuments":3.248989500876347,"label":"Queen Margaret University"},{"numberOfDocuments":14.305512593469219,"label":"University of Dundee"},{"numberOfDocuments":0.3631094608957187,"label":"University of the Highlands and Islands"},{"numberOfDocuments":1.9924312788533503,"label":"Edinburgh Napier University"},{"numberOfDocuments":5.504703513847474,"label":"University of Stirling"},{"numberOfDocuments":0.4545675227571013,"label":"Abertay University"},{"numberOfDocuments":4.895859740867145,"label":"University of Aberdeen"},{"numberOfDocuments":26.075515392942002,"label":"University of Edinburgh"},{"numberOfDocuments":0.6135638868769374,"label":"University of the West of Scotland"},{"numberOfDocuments":2.8505746645395744,"label":"University of St Andrews"},{"numberOfDocuments":21.37249802969361,"label":"University of Glasgow"},{"numberOfDocuments":12.013039585046412,"label":"University of Strathclyde"}],"conceptId":3},{"topicData":[{"numberOfDocuments":0.4912926442442957,"label":"Heriot-Watt University"},{"numberOfDocuments":0.023668639053254437,"label":"Robert Gordon University"},{"numberOfDocuments":0.2269474508890282,"label":"Glasgow Caledonian University"},{"numberOfDocuments":0.21355812966611323,"label":"Queen Margaret University"},{"numberOfDocuments":2.8887957544301086,"label":"University of Dundee"},{"numberOfDocuments":0.2860778413091317,"label":"University of the Highlands and Islands"},{"numberOfDocuments":0.14509080993072462,"label":"Edinburgh Napier University"},{"numberOfDocuments":0.39201126100279954,"label":"University of Stirling"},{"numberOfDocuments":0.0,"label":"Abertay University"},{"numberOfDocuments":1.2143870417059481,"label":"University of Aberdeen"},{"numberOfDocuments":5.670625007383259,"label":"University of Edinburgh"},{"numberOfDocuments":0.30498736184839376,"label":"University of the West of Scotland"},{"numberOfDocuments":1.2169858307470527,"label":"University of St Andrews"},{"numberOfDocuments":6.460817644856598,"label":"University of Glasgow"},{"numberOfDocuments":0.8505484887283764,"label":"University of Strathclyde"}],"conceptId":4},{"topicData":[{"numberOfDocuments":2.3692638405170046,"label":"Heriot-Watt University"},{"numberOfDocuments":0.19999999999999998,"label":"Robert Gordon University"},{"numberOfDocuments":0.0,"label":"Glasgow Caledonian University"},{"numberOfDocuments":0.01148857725985911,"label":"Queen Margaret University"},{"numberOfDocuments":1.7810396276245173,"label":"University of Dundee"},{"numberOfDocuments":0.0,"label":"University of the Highlands and Islands"},{"numberOfDocuments":0.04040404040404041,"label":"Edinburgh Napier University"},{"numberOfDocuments":0.43227409211888346,"label":"University of Stirling"},{"numberOfDocuments":0.0,"label":"Abertay University"},{"numberOfDocuments":0.1858336912239574,"label":"University of Aberdeen"},{"numberOfDocuments":1.4656933056861825,"label":"University of Edinburgh"},{"numberOfDocuments":0.0968201880087126,"label":"University of the West of Scotland"},{"numberOfDocuments":0.8035864456183496,"label":"University of St Andrews"},{"numberOfDocuments":4.318634952588363,"label":"University of Glasgow"},{"numberOfDocuments":2.759823192090749,"label":"University of Strathclyde"}],"conceptId":5},{"topicData":[{"numberOfDocuments":0.9613403517078941,"label":"Heriot-Watt University"},{"numberOfDocuments":0.6951331741059971,"label":"Robert Gordon University"},{"numberOfDocuments":0.5714384896167639,"label":"Glasgow Caledonian University"},{"numberOfDocuments":2.681813578007423,"label":"Queen Margaret University"},{"numberOfDocuments":3.8744407994658228,"label":"University of Dundee"},{"numberOfDocuments":2.6919109358770528,"label":"University of the Highlands and Islands"},{"numberOfDocuments":1.6284858708419874,"label":"Edinburgh Napier University"},{"numberOfDocuments":1.009976436535301,"label":"University of Stirling"},{"numberOfDocuments":0.42132848925844857,"label":"Abertay University"},{"numberOfDocuments":0.8141081161874237,"label":"University of Aberdeen"},{"numberOfDocuments":7.530101412656769,"label":"University of Edinburgh"},{"numberOfDocuments":1.3649834276238837,"label":"University of the West of Scotland"},{"numberOfDocuments":3.2176814707151467,"label":"University of St Andrews"},{"numberOfDocuments":5.869744558068292,"label":"University of Glasgow"},{"numberOfDocuments":4.100365500158515,"label":"University of Strathclyde"}],"conceptId":6},{"topicData":[{"numberOfDocuments":5.827488201199081,"label":"Heriot-Watt University"},{"numberOfDocuments":0.061647930537698986,"label":"Robert Gordon University"},{"numberOfDocuments":0.0,"label":"Glasgow Caledonian University"},{"numberOfDocuments":0.10357980213873164,"label":"Queen Margaret University"},{"numberOfDocuments":4.25463592916508,"label":"University of Dundee"},{"numberOfDocuments":0.0,"label":"University of the Highlands and Islands"},{"numberOfDocuments":0.023809523809523808,"label":"Edinburgh Napier University"},{"numberOfDocuments":2.0511708634881356,"label":"University of Stirling"},{"numberOfDocuments":0.0,"label":"Abertay University"},{"numberOfDocuments":2.4109347393744756,"label":"University of Aberdeen"},{"numberOfDocuments":20.30466086304272,"label":"University of Edinburgh"},{"numberOfDocuments":0.010638297872340425,"label":"University of the West of Scotland"},{"numberOfDocuments":0.5368090523805583,"label":"University of St Andrews"},{"numberOfDocuments":8.298698448312336,"label":"University of Glasgow"},{"numberOfDocuments":0.2884434488461197,"label":"University of Strathclyde"}],"conceptId":7},{"topicData":[{"numberOfDocuments":0.14666414095238975,"label":"Heriot-Watt University"},{"numberOfDocuments":0.7575923236850186,"label":"Robert Gordon University"},{"numberOfDocuments":0.0,"label":"Glasgow Caledonian University"},{"numberOfDocuments":0.25725058605711754,"label":"Queen Margaret University"},{"numberOfDocuments":0.07116994075678096,"label":"University of Dundee"},{"numberOfDocuments":0.409880495606633,"label":"University of the Highlands and Islands"},{"numberOfDocuments":0.5321233125801653,"label":"Edinburgh Napier University"},{"numberOfDocuments":0.8257991552489139,"label":"University of Stirling"},{"numberOfDocuments":0.008771929824561403,"label":"Abertay University"},{"numberOfDocuments":0.1594147561389091,"label":"University of Aberdeen"},{"numberOfDocuments":11.86508016201836,"label":"University of Edinburgh"},{"numberOfDocuments":0.3489320599332224,"label":"University of the West of Scotland"},{"numberOfDocuments":1.0862443853060777,"label":"University of St Andrews"},{"numberOfDocuments":6.278408504105353,"label":"University of Glasgow"},{"numberOfDocuments":0.46267235360797315,"label":"University of Strathclyde"}],"conceptId":8},{"topicData":[{"numberOfDocuments":5.717822396666382,"label":"Heriot-Watt University"},{"numberOfDocuments":1.1139111743203105,"label":"Robert Gordon University"},{"numberOfDocuments":0.4750921264331827,"label":"Glasgow Caledonian University"},{"numberOfDocuments":1.1307691556144441,"label":"Queen Margaret University"},{"numberOfDocuments":26.227423339485007,"label":"University of Dundee"},{"numberOfDocuments":0.2897929856975644,"label":"University of the Highlands and Islands"},{"numberOfDocuments":1.216694665875546,"label":"Edinburgh Napier University"},{"numberOfDocuments":1.8247928514829117,"label":"University of Stirling"},{"numberOfDocuments":0.9091227703649771,"label":"Abertay University"},{"numberOfDocuments":7.333206466833876,"label":"University of Aberdeen"},{"numberOfDocuments":31.95215754835718,"label":"University of Edinburgh"},{"numberOfDocuments":1.0389025809893333,"label":"University of the West of Scotland"},{"numberOfDocuments":4.419319693031346,"label":"University of St Andrews"},{"numberOfDocuments":25.297951465067715,"label":"University of Glasgow"},{"numberOfDocuments":10.610094983640808,"label":"University of Strathclyde"}],"conceptId":9},{"topicData":[{"numberOfDocuments":3.2165270997128896,"label":"Heriot-Watt University"},{"numberOfDocuments":0.0,"label":"Robert Gordon University"},{"numberOfDocuments":3.1088087276848775,"label":"Glasgow Caledonian University"},{"numberOfDocuments":0.05443020531900235,"label":"Queen Margaret University"},{"numberOfDocuments":0.8124341145093668,"label":"University of Dundee"},{"numberOfDocuments":0.10582543841967346,"label":"University of the Highlands and Islands"},{"numberOfDocuments":0.29610882893592033,"label":"Edinburgh Napier University"},{"numberOfDocuments":0.3942304122266545,"label":"University of Stirling"},{"numberOfDocuments":0.08430429864253394,"label":"Abertay University"},{"numberOfDocuments":1.3442569890874698,"label":"University of Aberdeen"},{"numberOfDocuments":3.792343219599201,"label":"University of Edinburgh"},{"numberOfDocuments":0.3203755868544601,"label":"University of the West of Scotland"},{"numberOfDocuments":0.4519431490570585,"label":"University of St Andrews"},{"numberOfDocuments":2.010791734832225,"label":"University of Glasgow"},{"numberOfDocuments":0.7114195766698991,"label":"University of Strathclyde"}],"conceptId":10},{"topicData":[{"numberOfDocuments":2.1523985050751935,"label":"Heriot-Watt University"},{"numberOfDocuments":0.47669328310361114,"label":"Robert Gordon University"},{"numberOfDocuments":0.2697709095735629,"label":"Glasgow Caledonian University"},{"numberOfDocuments":0.7545281575620194,"label":"Queen Margaret University"},{"numberOfDocuments":3.453660795324194,"label":"University of Dundee"},{"numberOfDocuments":0.3032371293440434,"label":"University of the Highlands and Islands"},{"numberOfDocuments":5.45109188227262,"label":"Edinburgh Napier University"},{"numberOfDocuments":0.8538878842990512,"label":"University of Stirling"},{"numberOfDocuments":0.3933493723930471,"label":"Abertay University"},{"numberOfDocuments":6.818792775096136,"label":"University of Aberdeen"},{"numberOfDocuments":29.08902392632279,"label":"University of Edinburgh"},{"numberOfDocuments":3.280707484851047,"label":"University of the West of Scotland"},{"numberOfDocuments":0.44715796533711805,"label":"University of St Andrews"},{"numberOfDocuments":11.542556760405697,"label":"University of Glasgow"},{"numberOfDocuments":4.081569881984928,"label":"University of Strathclyde"}],"conceptId":11},{"topicData":[{"numberOfDocuments":0.8049781732190164,"label":"Heriot-Watt University"},{"numberOfDocuments":0.8320869931248278,"label":"Robert Gordon University"},{"numberOfDocuments":3.08219813482721,"label":"Glasgow Caledonian University"},{"numberOfDocuments":0.030303030303030304,"label":"Queen Margaret University"},{"numberOfDocuments":7.904707854026338,"label":"University of Dundee"},{"numberOfDocuments":0.1923292273236282,"label":"University of the Highlands and Islands"},{"numberOfDocuments":0.3230887629927027,"label":"Edinburgh Napier University"},{"numberOfDocuments":0.3424724957801734,"label":"University of Stirling"},{"numberOfDocuments":0.1749091813022827,"label":"Abertay University"},{"numberOfDocuments":5.470169241819748,"label":"University of Aberdeen"},{"numberOfDocuments":14.881535926897303,"label":"University of Edinburgh"},{"numberOfDocuments":0.12481146304675717,"label":"University of the West of Scotland"},{"numberOfDocuments":5.246697857945388,"label":"University of St Andrews"},{"numberOfDocuments":7.352243725332533,"label":"University of Glasgow"},{"numberOfDocuments":7.4764457779449645,"label":"University of Strathclyde"}],"conceptId":12},{"topicData":[{"numberOfDocuments":0.31594673413799995,"label":"Heriot-Watt University"},{"numberOfDocuments":3.158533359343377,"label":"Robert Gordon University"},{"numberOfDocuments":1.3111322064533064,"label":"Glasgow Caledonian University"},{"numberOfDocuments":1.8819302069532047,"label":"Queen Margaret University"},{"numberOfDocuments":8.452846903801051,"label":"University of Dundee"},{"numberOfDocuments":0.0,"label":"University of the Highlands and Islands"},{"numberOfDocuments":1.0842179740111448,"label":"Edinburgh Napier University"},{"numberOfDocuments":1.6368683517146378,"label":"University of Stirling"},{"numberOfDocuments":0.1386771535421278,"label":"Abertay University"},{"numberOfDocuments":10.221836276404513,"label":"University of Aberdeen"},{"numberOfDocuments":8.130400713855835,"label":"University of Edinburgh"},{"numberOfDocuments":0.8734090007380322,"label":"University of the West of Scotland"},{"numberOfDocuments":1.516226087202593,"label":"University of St Andrews"},{"numberOfDocuments":3.1841144346684933,"label":"University of Glasgow"},{"numberOfDocuments":4.693526964417209,"label":"University of Strathclyde"}],"conceptId":13},{"topicData":[{"numberOfDocuments":0.4712426146807751,"label":"Heriot-Watt University"},{"numberOfDocuments":0.9417305091567004,"label":"Robert Gordon University"},{"numberOfDocuments":2.5854658567461035,"label":"Glasgow Caledonian University"},{"numberOfDocuments":6.8065128901350676,"label":"Queen Margaret University"},{"numberOfDocuments":1.0923725320858084,"label":"University of Dundee"},{"numberOfDocuments":0.37668380789157924,"label":"University of the Highlands and Islands"},{"numberOfDocuments":0.4763566124133589,"label":"Edinburgh Napier University"},{"numberOfDocuments":1.4838871745052358,"label":"University of Stirling"},{"numberOfDocuments":0.1302020202020202,"label":"Abertay University"},{"numberOfDocuments":1.0626097552793328,"label":"University of Aberdeen"},{"numberOfDocuments":5.9596111534581695,"label":"University of Edinburgh"},{"numberOfDocuments":1.9072689313231672,"label":"University of the West of Scotland"},{"numberOfDocuments":0.9258087004374815,"label":"University of St Andrews"},{"numberOfDocuments":4.26181702030893,"label":"University of Glasgow"},{"numberOfDocuments":3.197763986280059,"label":"University of Strathclyde"}],"conceptId":14},{"topicData":[{"numberOfDocuments":9.588825733274488,"label":"Heriot-Watt University"},{"numberOfDocuments":0.32352693380130515,"label":"Robert Gordon University"},{"numberOfDocuments":0.5014111106342185,"label":"Glasgow Caledonian University"},{"numberOfDocuments":0.0734986650850123,"label":"Queen Margaret University"},{"numberOfDocuments":0.5469160637492961,"label":"University of Dundee"},{"numberOfDocuments":0.09720152343103164,"label":"University of the Highlands and Islands"},{"numberOfDocuments":1.06750840369121,"label":"Edinburgh Napier University"},{"numberOfDocuments":0.3153178174849104,"label":"University of Stirling"},{"numberOfDocuments":0.08639359698681733,"label":"Abertay University"},{"numberOfDocuments":2.9645606198660763,"label":"University of Aberdeen"},{"numberOfDocuments":6.494906725035527,"label":"University of Edinburgh"},{"numberOfDocuments":3.9053846533008647,"label":"University of the West of Scotland"},{"numberOfDocuments":0.22353480494773112,"label":"University of St Andrews"},{"numberOfDocuments":6.0462003570439515,"label":"University of Glasgow"},{"numberOfDocuments":3.484581473136674,"label":"University of Strathclyde"}],"conceptId":15},{"topicData":[{"numberOfDocuments":5.912028752332528,"label":"Heriot-Watt University"},{"numberOfDocuments":1.0778483243838886,"label":"Robert Gordon University"},{"numberOfDocuments":0.0,"label":"Glasgow Caledonian University"},{"numberOfDocuments":0.03199763411925123,"label":"Queen Margaret University"},{"numberOfDocuments":9.6047160540908,"label":"University of Dundee"},{"numberOfDocuments":0.007633587786259542,"label":"University of the Highlands and Islands"},{"numberOfDocuments":0.147401729771108,"label":"Edinburgh Napier University"},{"numberOfDocuments":0.10742352069168896,"label":"University of Stirling"},{"numberOfDocuments":0.0,"label":"Abertay University"},{"numberOfDocuments":1.047466792006942,"label":"University of Aberdeen"},{"numberOfDocuments":4.478364873824429,"label":"University of Edinburgh"},{"numberOfDocuments":0.1848187697747999,"label":"University of the West of Scotland"},{"numberOfDocuments":0.8578455430926267,"label":"University of St Andrews"},{"numberOfDocuments":9.779885698398337,"label":"University of Glasgow"},{"numberOfDocuments":1.9631856883747547,"label":"University of Strathclyde"}],"conceptId":16},{"topicData":[{"numberOfDocuments":0.19001877095742642,"label":"Heriot-Watt University"},{"numberOfDocuments":0.22830217767320937,"label":"Robert Gordon University"},{"numberOfDocuments":1.093679997351385,"label":"Glasgow Caledonian University"},{"numberOfDocuments":0.12952647890959038,"label":"Queen Margaret University"},{"numberOfDocuments":23.69686380425149,"label":"University of Dundee"},{"numberOfDocuments":0.4137245460837225,"label":"University of the Highlands and Islands"},{"numberOfDocuments":0.1977910683307393,"label":"Edinburgh Napier University"},{"numberOfDocuments":1.2509969569375523,"label":"University of Stirling"},{"numberOfDocuments":0.16274182406072368,"label":"Abertay University"},{"numberOfDocuments":4.275972212962047,"label":"University of Aberdeen"},{"numberOfDocuments":9.982503281513656,"label":"University of Edinburgh"},{"numberOfDocuments":0.48405071754130724,"label":"University of the West of Scotland"},{"numberOfDocuments":2.5755340104840805,"label":"University of St Andrews"},{"numberOfDocuments":15.928811820377598,"label":"University of Glasgow"},{"numberOfDocuments":1.7035123074416465,"label":"University of Strathclyde"}],"conceptId":17},{"topicData":[{"numberOfDocuments":0.6592851414824149,"label":"Heriot-Watt University"},{"numberOfDocuments":0.0,"label":"Robert Gordon University"},{"numberOfDocuments":0.3561768837577174,"label":"Glasgow Caledonian University"},{"numberOfDocuments":0.11981210279082619,"label":"Queen Margaret University"},{"numberOfDocuments":4.993612909988085,"label":"University of Dundee"},{"numberOfDocuments":0.0,"label":"University of the Highlands and Islands"},{"numberOfDocuments":0.0748030560675023,"label":"Edinburgh Napier University"},{"numberOfDocuments":1.144201202003621,"label":"University of Stirling"},{"numberOfDocuments":0.3606821652808417,"label":"Abertay University"},{"numberOfDocuments":0.6086679900985121,"label":"University of Aberdeen"},{"numberOfDocuments":4.465013894167473,"label":"University of Edinburgh"},{"numberOfDocuments":0.12075726842461122,"label":"University of the West of Scotland"},{"numberOfDocuments":0.27834533315445403,"label":"University of St Andrews"},{"numberOfDocuments":1.2026799187606048,"label":"University of Glasgow"},{"numberOfDocuments":3.6722874106549073,"label":"University of Strathclyde"}],"conceptId":18}]