[{"topicData":[{"numberOfDocuments":0.0,"label":"Robert Gordon University"},{"numberOfDocuments":0.0,"label":"Heriot-Watt University"},{"numberOfDocuments":0.0,"label":"Glasgow Caledonian University"},{"numberOfDocuments":0.0,"label":"Queen Margaret University"},{"numberOfDocuments":0.0,"label":"University of Dundee"},{"numberOfDocuments":0.0,"label":"University of the Highlands and Islands"},{"numberOfDocuments":0.0,"label":"Edinburgh Napier University"},{"numberOfDocuments":0.0,"label":"University of Stirling"},{"numberOfDocuments":0.0,"label":"Abertay University"},{"numberOfDocuments":0.0,"label":"University of Aberdeen"},{"numberOfDocuments":0.0,"label":"University of Edinburgh"},{"numberOfDocuments":0.0,"label":"University of the West of Scotland"},{"numberOfDocuments":0.0,"label":"University of Glasgow"},{"numberOfDocuments":0.0,"label":"University of St Andrews"},{"numberOfDocuments":0.0,"label":"University of Strathclyde"}],"conceptId":-1},{"topicData":[{"numberOfDocuments":0.11838101034692636,"label":"Robert Gordon University"},{"numberOfDocuments":0.10338570753903702,"label":"Heriot-Watt University"},{"numberOfDocuments":1.6557598464640182,"label":"Glasgow Caledonian University"},{"numberOfDocuments":0.7838267771203302,"label":"Queen Margaret University"},{"numberOfDocuments":3.770035040036264,"label":"University of Dundee"},{"numberOfDocuments":0.06912366912366912,"label":"University of the Highlands and Islands"},{"numberOfDocuments":1.719608378760011,"label":"Edinburgh Napier University"},{"numberOfDocuments":2.9003937474176484,"label":"University of Stirling"},{"numberOfDocuments":0.6745301112389721,"label":"Abertay University"},{"numberOfDocuments":6.292123075523591,"label":"University of Aberdeen"},{"numberOfDocuments":11.341163843349822,"label":"University of Edinburgh"},{"numberOfDocuments":0.6206473846318827,"label":"University of the West of Scotland"},{"numberOfDocuments":5.824752408979154,"label":"University of Glasgow"},{"numberOfDocuments":2.398220442951337,"label":"University of St Andrews"},{"numberOfDocuments":1.5918399471519487,"label":"University of Strathclyde"}],"conceptId":0},{"topicData":[{"numberOfDocuments":0.23898106004991926,"label":"Robert Gordon University"},{"numberOfDocuments":0.19920991827697088,"label":"Heriot-Watt University"},{"numberOfDocuments":0.18780380026513477,"label":"Glasgow Caledonian University"},{"numberOfDocuments":0.07787524366471735,"label":"Queen Margaret University"},{"numberOfDocuments":1.2483072398766764,"label":"University of Dundee"},{"numberOfDocuments":0.10669550588800769,"label":"University of the Highlands and Islands"},{"numberOfDocuments":0.7752299829137042,"label":"Edinburgh Napier University"},{"numberOfDocuments":0.2882596795687773,"label":"University of Stirling"},{"numberOfDocuments":0.0,"label":"Abertay University"},{"numberOfDocuments":0.4542943244153343,"label":"University of Aberdeen"},{"numberOfDocuments":2.0025066352369256,"label":"University of Edinburgh"},{"numberOfDocuments":0.034469495236404524,"label":"University of the West of Scotland"},{"numberOfDocuments":1.111287640587886,"label":"University of Glasgow"},{"numberOfDocuments":0.48763240195052543,"label":"University of St Andrews"},{"numberOfDocuments":0.1352424651009908,"label":"University of Strathclyde"}],"conceptId":1},{"topicData":[{"numberOfDocuments":0.803882519556271,"label":"Robert Gordon University"},{"numberOfDocuments":1.0706061097471455,"label":"Heriot-Watt University"},{"numberOfDocuments":3.647772519356978,"label":"Glasgow Caledonian University"},{"numberOfDocuments":1.5980210634979397,"label":"Queen Margaret University"},{"numberOfDocuments":12.076143822683008,"label":"University of Dundee"},{"numberOfDocuments":1.0556017998267981,"label":"University of the Highlands and Islands"},{"numberOfDocuments":3.3094237438745795,"label":"Edinburgh Napier University"},{"numberOfDocuments":8.328778587800878,"label":"University of Stirling"},{"numberOfDocuments":0.6595480898524114,"label":"Abertay University"},{"numberOfDocuments":16.418451569930102,"label":"University of Aberdeen"},{"numberOfDocuments":41.98270348140462,"label":"University of Edinburgh"},{"numberOfDocuments":2.992880131841062,"label":"University of the West of Scotland"},{"numberOfDocuments":29.46728542432287,"label":"University of Glasgow"},{"numberOfDocuments":6.8337322695477045,"label":"University of St Andrews"},{"numberOfDocuments":10.170630207147196,"label":"University of Strathclyde"}],"conceptId":2},{"topicData":[{"numberOfDocuments":4.956205896997201,"label":"Robert Gordon University"},{"numberOfDocuments":1.8225048024224069,"label":"Heriot-Watt University"},{"numberOfDocuments":6.099371847761112,"label":"Glasgow Caledonian University"},{"numberOfDocuments":10.128177922258814,"label":"Queen Margaret University"},{"numberOfDocuments":12.444050331177763,"label":"University of Dundee"},{"numberOfDocuments":1.588723985394516,"label":"University of the Highlands and Islands"},{"numberOfDocuments":3.9022401330296987,"label":"Edinburgh Napier University"},{"numberOfDocuments":11.428768361853624,"label":"University of Stirling"},{"numberOfDocuments":2.011659465502404,"label":"Abertay University"},{"numberOfDocuments":11.427630047283113,"label":"University of Aberdeen"},{"numberOfDocuments":31.289242677030774,"label":"University of Edinburgh"},{"numberOfDocuments":1.3221032830468593,"label":"University of the West of Scotland"},{"numberOfDocuments":22.823348678888802,"label":"University of Glasgow"},{"numberOfDocuments":4.928839830182831,"label":"University of St Andrews"},{"numberOfDocuments":10.969503032289305,"label":"University of Strathclyde"}],"conceptId":3},{"topicData":[{"numberOfDocuments":3.8457102279054416,"label":"Robert Gordon University"},{"numberOfDocuments":2.558128591953671,"label":"Heriot-Watt University"},{"numberOfDocuments":6.5266116052755745,"label":"Glasgow Caledonian University"},{"numberOfDocuments":3.8559846812837217,"label":"Queen Margaret University"},{"numberOfDocuments":8.20130782801141,"label":"University of Dundee"},{"numberOfDocuments":2.3403033406155034,"label":"University of the Highlands and Islands"},{"numberOfDocuments":6.3070758827914455,"label":"Edinburgh Napier University"},{"numberOfDocuments":21.14193507652079,"label":"University of Stirling"},{"numberOfDocuments":2.4724730427390873,"label":"Abertay University"},{"numberOfDocuments":12.973605568455875,"label":"University of Aberdeen"},{"numberOfDocuments":21.57939233279026,"label":"University of Edinburgh"},{"numberOfDocuments":2.2499840740596877,"label":"University of the West of Scotland"},{"numberOfDocuments":20.69660073647131,"label":"University of Glasgow"},{"numberOfDocuments":8.304086328046083,"label":"University of St Andrews"},{"numberOfDocuments":14.531178764871523,"label":"University of Strathclyde"}],"conceptId":4},{"topicData":[{"numberOfDocuments":2.3366787381178575,"label":"Robert Gordon University"},{"numberOfDocuments":0.3107726475274094,"label":"Heriot-Watt University"},{"numberOfDocuments":1.1623018567047172,"label":"Glasgow Caledonian University"},{"numberOfDocuments":0.8632685558534055,"label":"Queen Margaret University"},{"numberOfDocuments":2.955420950223114,"label":"University of Dundee"},{"numberOfDocuments":0.5528675385436905,"label":"University of the Highlands and Islands"},{"numberOfDocuments":1.3959805955306266,"label":"Edinburgh Napier University"},{"numberOfDocuments":3.8566636482372925,"label":"University of Stirling"},{"numberOfDocuments":0.19143365488397196,"label":"Abertay University"},{"numberOfDocuments":2.843586016771827,"label":"University of Aberdeen"},{"numberOfDocuments":9.301387634980417,"label":"University of Edinburgh"},{"numberOfDocuments":0.7165180090678791,"label":"University of the West of Scotland"},{"numberOfDocuments":9.508100053119948,"label":"University of Glasgow"},{"numberOfDocuments":2.006972800027828,"label":"University of St Andrews"},{"numberOfDocuments":4.478210477853004,"label":"University of Strathclyde"}],"conceptId":5},{"topicData":[{"numberOfDocuments":1.5815902470395795,"label":"Robert Gordon University"},{"numberOfDocuments":0.6402070395221886,"label":"Heriot-Watt University"},{"numberOfDocuments":0.40388412104812477,"label":"Glasgow Caledonian University"},{"numberOfDocuments":0.5744286115004378,"label":"Queen Margaret University"},{"numberOfDocuments":0.5967741282516752,"label":"University of Dundee"},{"numberOfDocuments":0.08924601089447166,"label":"University of the Highlands and Islands"},{"numberOfDocuments":2.465109438405332,"label":"Edinburgh Napier University"},{"numberOfDocuments":9.0266601563648,"label":"University of Stirling"},{"numberOfDocuments":0.5291604833605659,"label":"Abertay University"},{"numberOfDocuments":0.7960105459859065,"label":"University of Aberdeen"},{"numberOfDocuments":7.20023618828174,"label":"University of Edinburgh"},{"numberOfDocuments":0.3586923401537298,"label":"University of the West of Scotland"},{"numberOfDocuments":2.406104788573489,"label":"University of Glasgow"},{"numberOfDocuments":1.021610573331732,"label":"University of St Andrews"},{"numberOfDocuments":2.2508346849021112,"label":"University of Strathclyde"}],"conceptId":6},{"topicData":[{"numberOfDocuments":0.6251921709093888,"label":"Robert Gordon University"},{"numberOfDocuments":0.5989957228582012,"label":"Heriot-Watt University"},{"numberOfDocuments":1.0084824634278515,"label":"Glasgow Caledonian University"},{"numberOfDocuments":0.6698165754753005,"label":"Queen Margaret University"},{"numberOfDocuments":1.95253285712867,"label":"University of Dundee"},{"numberOfDocuments":0.10278588932337229,"label":"University of the Highlands and Islands"},{"numberOfDocuments":1.3973709837141344,"label":"Edinburgh Napier University"},{"numberOfDocuments":6.007636182190582,"label":"University of Stirling"},{"numberOfDocuments":0.04958763962835369,"label":"Abertay University"},{"numberOfDocuments":2.203042431735164,"label":"University of Aberdeen"},{"numberOfDocuments":5.933770544474294,"label":"University of Edinburgh"},{"numberOfDocuments":0.20390536890635946,"label":"University of the West of Scotland"},{"numberOfDocuments":6.031235509758224,"label":"University of Glasgow"},{"numberOfDocuments":2.662965736367809,"label":"University of St Andrews"},{"numberOfDocuments":2.159072407514872,"label":"University of Strathclyde"}],"conceptId":7},{"topicData":[{"numberOfDocuments":2.457885060543887,"label":"Robert Gordon University"},{"numberOfDocuments":1.3363958644189293,"label":"Heriot-Watt University"},{"numberOfDocuments":4.5409466122168745,"label":"Glasgow Caledonian University"},{"numberOfDocuments":4.802206668783975,"label":"Queen Margaret University"},{"numberOfDocuments":7.305024930553061,"label":"University of Dundee"},{"numberOfDocuments":0.5653802658679294,"label":"University of the Highlands and Islands"},{"numberOfDocuments":2.9242566297384895,"label":"Edinburgh Napier University"},{"numberOfDocuments":10.331574724215336,"label":"University of Stirling"},{"numberOfDocuments":0.8409821886744806,"label":"Abertay University"},{"numberOfDocuments":6.552179241020802,"label":"University of Aberdeen"},{"numberOfDocuments":16.075167267171125,"label":"University of Edinburgh"},{"numberOfDocuments":1.3980837237081924,"label":"University of the West of Scotland"},{"numberOfDocuments":20.227228154936025,"label":"University of Glasgow"},{"numberOfDocuments":2.6334553355349404,"label":"University of St Andrews"},{"numberOfDocuments":4.242406783126565,"label":"University of Strathclyde"}],"conceptId":8},{"topicData":[{"numberOfDocuments":2.0696478463560766,"label":"Robert Gordon University"},{"numberOfDocuments":1.19964807945138,"label":"Heriot-Watt University"},{"numberOfDocuments":3.8518934191810015,"label":"Glasgow Caledonian University"},{"numberOfDocuments":3.6643201601975433,"label":"Queen Margaret University"},{"numberOfDocuments":7.827888155952388,"label":"University of Dundee"},{"numberOfDocuments":0.7274361982658164,"label":"University of the Highlands and Islands"},{"numberOfDocuments":1.7919244213583059,"label":"Edinburgh Napier University"},{"numberOfDocuments":5.653109041289936,"label":"University of Stirling"},{"numberOfDocuments":1.0715573539433665,"label":"Abertay University"},{"numberOfDocuments":11.46006664314752,"label":"University of Aberdeen"},{"numberOfDocuments":16.090343128641617,"label":"University of Edinburgh"},{"numberOfDocuments":1.56770254446407,"label":"University of the West of Scotland"},{"numberOfDocuments":17.32687321785912,"label":"University of Glasgow"},{"numberOfDocuments":1.7383758973486785,"label":"University of St Andrews"},{"numberOfDocuments":7.646214084510231,"label":"University of Strathclyde"}],"conceptId":9},{"topicData":[{"numberOfDocuments":4.943872111675092,"label":"Robert Gordon University"},{"numberOfDocuments":1.0939502963672028,"label":"Heriot-Watt University"},{"numberOfDocuments":6.229907359803811,"label":"Glasgow Caledonian University"},{"numberOfDocuments":5.9337624524425046,"label":"Queen Margaret University"},{"numberOfDocuments":9.108937118686052,"label":"University of Dundee"},{"numberOfDocuments":1.1940389312372859,"label":"University of the Highlands and Islands"},{"numberOfDocuments":4.0542543278746725,"label":"Edinburgh Napier University"},{"numberOfDocuments":12.97397479480582,"label":"University of Stirling"},{"numberOfDocuments":1.218239660427819,"label":"Abertay University"},{"numberOfDocuments":10.050649925256666,"label":"University of Aberdeen"},{"numberOfDocuments":19.336350007970772,"label":"University of Edinburgh"},{"numberOfDocuments":2.0573499435609515,"label":"University of the West of Scotland"},{"numberOfDocuments":22.574957142930256,"label":"University of Glasgow"},{"numberOfDocuments":2.99496889430779,"label":"University of St Andrews"},{"numberOfDocuments":7.524378855232628,"label":"University of Strathclyde"}],"conceptId":10},{"topicData":[{"numberOfDocuments":2.242770440490323,"label":"Robert Gordon University"},{"numberOfDocuments":0.1892080822481721,"label":"Heriot-Watt University"},{"numberOfDocuments":0.9697554356997732,"label":"Glasgow Caledonian University"},{"numberOfDocuments":1.523961410969881,"label":"Queen Margaret University"},{"numberOfDocuments":8.97461198508449,"label":"University of Dundee"},{"numberOfDocuments":0.8344579454467507,"label":"University of the Highlands and Islands"},{"numberOfDocuments":1.1606978192419153,"label":"Edinburgh Napier University"},{"numberOfDocuments":5.565353220269328,"label":"University of Stirling"},{"numberOfDocuments":0.16034051890354487,"label":"Abertay University"},{"numberOfDocuments":8.362784099647964,"label":"University of Aberdeen"},{"numberOfDocuments":15.708260938956203,"label":"University of Edinburgh"},{"numberOfDocuments":0.6781097081119889,"label":"University of the West of Scotland"},{"numberOfDocuments":18.755926252015822,"label":"University of Glasgow"},{"numberOfDocuments":4.1431267645889385,"label":"University of St Andrews"},{"numberOfDocuments":2.2979865626016545,"label":"University of Strathclyde"}],"conceptId":11},{"topicData":[{"numberOfDocuments":3.913412129419979,"label":"Robert Gordon University"},{"numberOfDocuments":4.194428470528348,"label":"Heriot-Watt University"},{"numberOfDocuments":2.1864847535747796,"label":"Glasgow Caledonian University"},{"numberOfDocuments":3.5206407182335138,"label":"Queen Margaret University"},{"numberOfDocuments":11.028452344179998,"label":"University of Dundee"},{"numberOfDocuments":2.619000588015423,"label":"University of the Highlands and Islands"},{"numberOfDocuments":5.409159518999532,"label":"Edinburgh Napier University"},{"numberOfDocuments":13.002458366888362,"label":"University of Stirling"},{"numberOfDocuments":0.7056486771975227,"label":"Abertay University"},{"numberOfDocuments":7.672013896632313,"label":"University of Aberdeen"},{"numberOfDocuments":35.682440622854074,"label":"University of Edinburgh"},{"numberOfDocuments":1.517657499523621,"label":"University of the West of Scotland"},{"numberOfDocuments":28.53752083839679,"label":"University of Glasgow"},{"numberOfDocuments":8.353377906135997,"label":"University of St Andrews"},{"numberOfDocuments":16.741601245907912,"label":"University of Strathclyde"}],"conceptId":12},{"topicData":[{"numberOfDocuments":0.2012422360248447,"label":"Robert Gordon University"},{"numberOfDocuments":0.49134079147084175,"label":"Heriot-Watt University"},{"numberOfDocuments":0.12659283124454207,"label":"Glasgow Caledonian University"},{"numberOfDocuments":0.4127177488065414,"label":"Queen Margaret University"},{"numberOfDocuments":0.6732034599867638,"label":"University of Dundee"},{"numberOfDocuments":2.677308711835702,"label":"University of the Highlands and Islands"},{"numberOfDocuments":0.1824743126747437,"label":"Edinburgh Napier University"},{"numberOfDocuments":3.8155763241630667,"label":"University of Stirling"},{"numberOfDocuments":0.6135226851492722,"label":"Abertay University"},{"numberOfDocuments":7.114847954320637,"label":"University of Aberdeen"},{"numberOfDocuments":3.8002010454625395,"label":"University of Edinburgh"},{"numberOfDocuments":0.3851959813901678,"label":"University of the West of Scotland"},{"numberOfDocuments":4.008229110608461,"label":"University of Glasgow"},{"numberOfDocuments":0.8721060067643492,"label":"University of St Andrews"},{"numberOfDocuments":0.600226186201288,"label":"University of Strathclyde"}],"conceptId":13},{"topicData":[{"numberOfDocuments":15.664623956352115,"label":"Robert Gordon University"},{"numberOfDocuments":6.144387733917608,"label":"Heriot-Watt University"},{"numberOfDocuments":10.250704875443153,"label":"Glasgow Caledonian University"},{"numberOfDocuments":20.871998841616296,"label":"Queen Margaret University"},{"numberOfDocuments":19.783146924013085,"label":"University of Dundee"},{"numberOfDocuments":3.4883623218064272,"label":"University of the Highlands and Islands"},{"numberOfDocuments":15.68478861536299,"label":"Edinburgh Napier University"},{"numberOfDocuments":32.1116708517105,"label":"University of Stirling"},{"numberOfDocuments":4.0157513302537815,"label":"Abertay University"},{"numberOfDocuments":17.926717640187956,"label":"University of Aberdeen"},{"numberOfDocuments":67.5610921892704,"label":"University of Edinburgh"},{"numberOfDocuments":7.131269201447652,"label":"University of the West of Scotland"},{"numberOfDocuments":52.43361625181243,"label":"University of Glasgow"},{"numberOfDocuments":10.16803283540111,"label":"University of St Andrews"},{"numberOfDocuments":28.030596471634862,"label":"University of Strathclyde"}],"conceptId":14},{"topicData":[{"numberOfDocuments":0.21595617140396703,"label":"Robert Gordon University"},{"numberOfDocuments":0.598965866685109,"label":"Heriot-Watt University"},{"numberOfDocuments":0.9212839446014175,"label":"Glasgow Caledonian University"},{"numberOfDocuments":1.3911026389837358,"label":"Queen Margaret University"},{"numberOfDocuments":1.7028398947216525,"label":"University of Dundee"},{"numberOfDocuments":0.5484419507168071,"label":"University of the Highlands and Islands"},{"numberOfDocuments":0.2992818635202431,"label":"Edinburgh Napier University"},{"numberOfDocuments":1.5571336758010912,"label":"University of Stirling"},{"numberOfDocuments":0.14414414414414414,"label":"Abertay University"},{"numberOfDocuments":1.4863954078739487,"label":"University of Aberdeen"},{"numberOfDocuments":10.81828752920866,"label":"University of Edinburgh"},{"numberOfDocuments":0.27722772277227725,"label":"University of the West of Scotland"},{"numberOfDocuments":11.120810845540506,"label":"University of Glasgow"},{"numberOfDocuments":1.607497731988482,"label":"University of St Andrews"},{"numberOfDocuments":1.2376632458227095,"label":"University of Strathclyde"}],"conceptId":15}]