[{"topicData":[{"numberOfDocuments":0.0,"label":"Robert Gordon University"},{"numberOfDocuments":0.0,"label":"Heriot-Watt University"},{"numberOfDocuments":0.0,"label":"Glasgow Caledonian University"},{"numberOfDocuments":0.0,"label":"Queen Margaret University"},{"numberOfDocuments":0.0,"label":"University of Dundee"},{"numberOfDocuments":0.0,"label":"University of the Highlands and Islands"},{"numberOfDocuments":0.0,"label":"Edinburgh Napier University"},{"numberOfDocuments":0.0,"label":"University of Stirling"},{"numberOfDocuments":0.0,"label":"Abertay University"},{"numberOfDocuments":0.0,"label":"University of Aberdeen"},{"numberOfDocuments":0.0,"label":"University of Edinburgh"},{"numberOfDocuments":0.0,"label":"University of the West of Scotland"},{"numberOfDocuments":0.0,"label":"University of Glasgow"},{"numberOfDocuments":0.0,"label":"University of St Andrews"},{"numberOfDocuments":0.0,"label":"University of Strathclyde"}],"conceptId":-1},{"topicData":[{"numberOfDocuments":0.29122647105838056,"label":"Robert Gordon University"},{"numberOfDocuments":1.6190907060172284,"label":"Heriot-Watt University"},{"numberOfDocuments":0.0,"label":"Glasgow Caledonian University"},{"numberOfDocuments":0.0037735849056603774,"label":"Queen Margaret University"},{"numberOfDocuments":0.8070821995859478,"label":"University of Dundee"},{"numberOfDocuments":0.0,"label":"University of the Highlands and Islands"},{"numberOfDocuments":0.054296296296296294,"label":"Edinburgh Napier University"},{"numberOfDocuments":0.19754342043498674,"label":"University of Stirling"},{"numberOfDocuments":0.4,"label":"Abertay University"},{"numberOfDocuments":0.0978266561927206,"label":"University of Aberdeen"},{"numberOfDocuments":0.8815320809126024,"label":"University of Edinburgh"},{"numberOfDocuments":0.0,"label":"University of the West of Scotland"},{"numberOfDocuments":1.1787054249003388,"label":"University of Glasgow"},{"numberOfDocuments":9.379136640019166,"label":"University of St Andrews"},{"numberOfDocuments":1.417065527922054,"label":"University of Strathclyde"}],"conceptId":0},{"topicData":[{"numberOfDocuments":0.0910482374768089,"label":"Robert Gordon University"},{"numberOfDocuments":0.9561455540285884,"label":"Heriot-Watt University"},{"numberOfDocuments":0.0,"label":"Glasgow Caledonian University"},{"numberOfDocuments":0.04045200906536386,"label":"Queen Margaret University"},{"numberOfDocuments":0.13733004881667324,"label":"University of Dundee"},{"numberOfDocuments":0.03829395005865594,"label":"University of the Highlands and Islands"},{"numberOfDocuments":0.07873616625834248,"label":"Edinburgh Napier University"},{"numberOfDocuments":0.23343629733754814,"label":"University of Stirling"},{"numberOfDocuments":0.01652892561983471,"label":"Abertay University"},{"numberOfDocuments":1.033990875167167,"label":"University of Aberdeen"},{"numberOfDocuments":25.671390625252016,"label":"University of Edinburgh"},{"numberOfDocuments":52.68825973690978,"label":"University of the West of Scotland"},{"numberOfDocuments":6.0849765295175375,"label":"University of Glasgow"},{"numberOfDocuments":1.3062425692390667,"label":"University of St Andrews"},{"numberOfDocuments":4.642776795037221,"label":"University of Strathclyde"}],"conceptId":1},{"topicData":[{"numberOfDocuments":1.470554026561443,"label":"Robert Gordon University"},{"numberOfDocuments":54.49804502533443,"label":"Heriot-Watt University"},{"numberOfDocuments":0.5133807970395425,"label":"Glasgow Caledonian University"},{"numberOfDocuments":0.25611448243892865,"label":"Queen Margaret University"},{"numberOfDocuments":5.3880600528193385,"label":"University of Dundee"},{"numberOfDocuments":0.38693279662215607,"label":"University of the Highlands and Islands"},{"numberOfDocuments":0.945732363584708,"label":"Edinburgh Napier University"},{"numberOfDocuments":1.597010521286098,"label":"University of Stirling"},{"numberOfDocuments":0.8941170624588097,"label":"Abertay University"},{"numberOfDocuments":8.65105880851628,"label":"University of Aberdeen"},{"numberOfDocuments":43.29368392057108,"label":"University of Edinburgh"},{"numberOfDocuments":3.460322651988529,"label":"University of the West of Scotland"},{"numberOfDocuments":56.190991751625674,"label":"University of Glasgow"},{"numberOfDocuments":87.06622513558862,"label":"University of St Andrews"},{"numberOfDocuments":65.06037070314677,"label":"University of Strathclyde"}],"conceptId":2},{"topicData":[{"numberOfDocuments":0.08284506191482935,"label":"Robert Gordon University"},{"numberOfDocuments":0.7567492472047729,"label":"Heriot-Watt University"},{"numberOfDocuments":0.11263736263736264,"label":"Glasgow Caledonian University"},{"numberOfDocuments":0.02104245647963023,"label":"Queen Margaret University"},{"numberOfDocuments":0.9101467811908506,"label":"University of Dundee"},{"numberOfDocuments":0.10180994414657969,"label":"University of the Highlands and Islands"},{"numberOfDocuments":0.1099093420036793,"label":"Edinburgh Napier University"},{"numberOfDocuments":0.20620239160453974,"label":"University of Stirling"},{"numberOfDocuments":0.14388489208633093,"label":"Abertay University"},{"numberOfDocuments":0.3634738916208134,"label":"University of Aberdeen"},{"numberOfDocuments":2.2536936101676672,"label":"University of Edinburgh"},{"numberOfDocuments":0.06596948557765737,"label":"University of the West of Scotland"},{"numberOfDocuments":8.861302979401625,"label":"University of Glasgow"},{"numberOfDocuments":3.295211035752627,"label":"University of St Andrews"},{"numberOfDocuments":55.619446121089766,"label":"University of Strathclyde"}],"conceptId":3},{"topicData":[{"numberOfDocuments":0.31817345631810634,"label":"Robert Gordon University"},{"numberOfDocuments":0.9924241511611768,"label":"Heriot-Watt University"},{"numberOfDocuments":0.14883777534379944,"label":"Glasgow Caledonian University"},{"numberOfDocuments":0.034575260804769,"label":"Queen Margaret University"},{"numberOfDocuments":1.7163745811905677,"label":"University of Dundee"},{"numberOfDocuments":0.30161718779928853,"label":"University of the Highlands and Islands"},{"numberOfDocuments":0.18334751423937443,"label":"Edinburgh Napier University"},{"numberOfDocuments":0.19112281702309816,"label":"University of Stirling"},{"numberOfDocuments":0.5303863038554946,"label":"Abertay University"},{"numberOfDocuments":0.4071736725546769,"label":"University of Aberdeen"},{"numberOfDocuments":3.2213284322432774,"label":"University of Edinburgh"},{"numberOfDocuments":0.16557377049180327,"label":"University of the West of Scotland"},{"numberOfDocuments":10.315075917164762,"label":"University of Glasgow"},{"numberOfDocuments":10.024973535306104,"label":"University of St Andrews"},{"numberOfDocuments":51.021663468064894,"label":"University of Strathclyde"}],"conceptId":4},{"topicData":[{"numberOfDocuments":0.07915061149271235,"label":"Robert Gordon University"},{"numberOfDocuments":0.15960824411568256,"label":"Heriot-Watt University"},{"numberOfDocuments":0.19155844155844154,"label":"Glasgow Caledonian University"},{"numberOfDocuments":0.0,"label":"Queen Margaret University"},{"numberOfDocuments":0.07627118644067797,"label":"University of Dundee"},{"numberOfDocuments":0.0,"label":"University of the Highlands and Islands"},{"numberOfDocuments":0.12195121951219513,"label":"Edinburgh Napier University"},{"numberOfDocuments":0.16709345052136498,"label":"University of Stirling"},{"numberOfDocuments":0.5904776484996938,"label":"Abertay University"},{"numberOfDocuments":0.1270125263746724,"label":"University of Aberdeen"},{"numberOfDocuments":10.27044614700771,"label":"University of Edinburgh"},{"numberOfDocuments":0.08695652173913043,"label":"University of the West of Scotland"},{"numberOfDocuments":12.398908398896422,"label":"University of Glasgow"},{"numberOfDocuments":1.2744085883232268,"label":"University of St Andrews"},{"numberOfDocuments":2.5988010865134195,"label":"University of Strathclyde"}],"conceptId":5},{"topicData":[{"numberOfDocuments":0.04223612385922909,"label":"Robert Gordon University"},{"numberOfDocuments":0.5531847727449736,"label":"Heriot-Watt University"},{"numberOfDocuments":0.028021349599695006,"label":"Glasgow Caledonian University"},{"numberOfDocuments":0.09077319556227317,"label":"Queen Margaret University"},{"numberOfDocuments":11.52322692391129,"label":"University of Dundee"},{"numberOfDocuments":0.30217489229581523,"label":"University of the Highlands and Islands"},{"numberOfDocuments":0.26055435392133297,"label":"Edinburgh Napier University"},{"numberOfDocuments":0.32327753552547955,"label":"University of Stirling"},{"numberOfDocuments":2.4827502984371725,"label":"Abertay University"},{"numberOfDocuments":0.8464240092718094,"label":"University of Aberdeen"},{"numberOfDocuments":4.694581241655619,"label":"University of Edinburgh"},{"numberOfDocuments":0.010526315789473684,"label":"University of the West of Scotland"},{"numberOfDocuments":15.509240236396863,"label":"University of Glasgow"},{"numberOfDocuments":52.42047608749112,"label":"University of St Andrews"},{"numberOfDocuments":1.9284081659509573,"label":"University of Strathclyde"}],"conceptId":6},{"topicData":[{"numberOfDocuments":4.435613921844907,"label":"Robert Gordon University"},{"numberOfDocuments":21.03786738536004,"label":"Heriot-Watt University"},{"numberOfDocuments":0.7388002809207723,"label":"Glasgow Caledonian University"},{"numberOfDocuments":2.222369346185687,"label":"Queen Margaret University"},{"numberOfDocuments":18.51093815093209,"label":"University of Dundee"},{"numberOfDocuments":3.5240760809957337,"label":"University of the Highlands and Islands"},{"numberOfDocuments":6.74170156092695,"label":"Edinburgh Napier University"},{"numberOfDocuments":17.039357996107146,"label":"University of Stirling"},{"numberOfDocuments":1.8361753701502936,"label":"Abertay University"},{"numberOfDocuments":61.2307608116467,"label":"University of Aberdeen"},{"numberOfDocuments":93.02043508938004,"label":"University of Edinburgh"},{"numberOfDocuments":2.471745756347948,"label":"University of the West of Scotland"},{"numberOfDocuments":63.39512252913618,"label":"University of Glasgow"},{"numberOfDocuments":42.21269192977396,"label":"University of St Andrews"},{"numberOfDocuments":54.133988556267525,"label":"University of Strathclyde"}],"conceptId":7},{"topicData":[{"numberOfDocuments":0.120556073314694,"label":"Robert Gordon University"},{"numberOfDocuments":1.1471520142204523,"label":"Heriot-Watt University"},{"numberOfDocuments":0.12188379986017865,"label":"Glasgow Caledonian University"},{"numberOfDocuments":0.11594629412946614,"label":"Queen Margaret University"},{"numberOfDocuments":6.274212579522631,"label":"University of Dundee"},{"numberOfDocuments":0.045444661883018045,"label":"University of the Highlands and Islands"},{"numberOfDocuments":0.2882370897076779,"label":"Edinburgh Napier University"},{"numberOfDocuments":0.13702279545123783,"label":"University of Stirling"},{"numberOfDocuments":1.1807479605825328,"label":"Abertay University"},{"numberOfDocuments":0.3748728644135018,"label":"University of Aberdeen"},{"numberOfDocuments":2.090822080772824,"label":"University of Edinburgh"},{"numberOfDocuments":0.35123608352390207,"label":"University of the West of Scotland"},{"numberOfDocuments":7.731370570411785,"label":"University of Glasgow"},{"numberOfDocuments":27.840849227750688,"label":"University of St Andrews"},{"numberOfDocuments":8.11341773881407,"label":"University of Strathclyde"}],"conceptId":8},{"topicData":[{"numberOfDocuments":2.165811179743331,"label":"Robert Gordon University"},{"numberOfDocuments":35.960651376373484,"label":"Heriot-Watt University"},{"numberOfDocuments":0.3988380379635613,"label":"Glasgow Caledonian University"},{"numberOfDocuments":0.36755718656531466,"label":"Queen Margaret University"},{"numberOfDocuments":6.207417171042403,"label":"University of Dundee"},{"numberOfDocuments":1.3593677559369177,"label":"University of the Highlands and Islands"},{"numberOfDocuments":1.6709376137020633,"label":"Edinburgh Napier University"},{"numberOfDocuments":2.693285988480975,"label":"University of Stirling"},{"numberOfDocuments":1.2591255836231465,"label":"Abertay University"},{"numberOfDocuments":9.075761876319797,"label":"University of Aberdeen"},{"numberOfDocuments":36.5285768921766,"label":"University of Edinburgh"},{"numberOfDocuments":2.1108704936172478,"label":"University of the West of Scotland"},{"numberOfDocuments":53.65945994052289,"label":"University of Glasgow"},{"numberOfDocuments":35.11345987924002,"label":"University of St Andrews"},{"numberOfDocuments":54.69530185783337,"label":"University of Strathclyde"}],"conceptId":9},{"topicData":[{"numberOfDocuments":0.22311041371590037,"label":"Robert Gordon University"},{"numberOfDocuments":13.378010083200682,"label":"Heriot-Watt University"},{"numberOfDocuments":0.12810732648082204,"label":"Glasgow Caledonian University"},{"numberOfDocuments":0.13794519910099556,"label":"Queen Margaret University"},{"numberOfDocuments":3.1657947647712796,"label":"University of Dundee"},{"numberOfDocuments":0.2673188781444102,"label":"University of the Highlands and Islands"},{"numberOfDocuments":0.26834468171373715,"label":"Edinburgh Napier University"},{"numberOfDocuments":0.6589215165826099,"label":"University of Stirling"},{"numberOfDocuments":0.9853171318675968,"label":"Abertay University"},{"numberOfDocuments":1.6410915696615722,"label":"University of Aberdeen"},{"numberOfDocuments":6.8551472124914605,"label":"University of Edinburgh"},{"numberOfDocuments":0.7872983538195226,"label":"University of the West of Scotland"},{"numberOfDocuments":13.219648438855895,"label":"University of Glasgow"},{"numberOfDocuments":7.176260909411539,"label":"University of St Andrews"},{"numberOfDocuments":131.88518982366676,"label":"University of Strathclyde"}],"conceptId":10},{"topicData":[{"numberOfDocuments":0.25269496460617014,"label":"Robert Gordon University"},{"numberOfDocuments":2.391602367202083,"label":"Heriot-Watt University"},{"numberOfDocuments":0.21474358974358976,"label":"Glasgow Caledonian University"},{"numberOfDocuments":0.10678138945792062,"label":"Queen Margaret University"},{"numberOfDocuments":0.9351603388230815,"label":"University of Dundee"},{"numberOfDocuments":0.19371354903264387,"label":"University of the Highlands and Islands"},{"numberOfDocuments":0.4892512216981328,"label":"Edinburgh Napier University"},{"numberOfDocuments":0.7123302572644673,"label":"University of Stirling"},{"numberOfDocuments":0.043478260869565216,"label":"Abertay University"},{"numberOfDocuments":1.5504611830787984,"label":"University of Aberdeen"},{"numberOfDocuments":13.056490904680203,"label":"University of Edinburgh"},{"numberOfDocuments":0.6231499445702402,"label":"University of the West of Scotland"},{"numberOfDocuments":6.171362672139113,"label":"University of Glasgow"},{"numberOfDocuments":2.9103444208482028,"label":"University of St Andrews"},{"numberOfDocuments":6.296596914630536,"label":"University of Strathclyde"}],"conceptId":11},{"topicData":[{"numberOfDocuments":0.23000954305024573,"label":"Robert Gordon University"},{"numberOfDocuments":18.020776528862612,"label":"Heriot-Watt University"},{"numberOfDocuments":0.30478612543015127,"label":"Glasgow Caledonian University"},{"numberOfDocuments":0.1340415742638851,"label":"Queen Margaret University"},{"numberOfDocuments":1.0799545876455376,"label":"University of Dundee"},{"numberOfDocuments":0.026018435920309245,"label":"University of the Highlands and Islands"},{"numberOfDocuments":0.8998072100152431,"label":"Edinburgh Napier University"},{"numberOfDocuments":0.47951445670208026,"label":"University of Stirling"},{"numberOfDocuments":0.1465204096978992,"label":"Abertay University"},{"numberOfDocuments":5.0191281572244755,"label":"University of Aberdeen"},{"numberOfDocuments":31.062691465236682,"label":"University of Edinburgh"},{"numberOfDocuments":1.2310114858532981,"label":"University of the West of Scotland"},{"numberOfDocuments":31.336463151318537,"label":"University of Glasgow"},{"numberOfDocuments":94.53377640147804,"label":"University of St Andrews"},{"numberOfDocuments":13.624060869413738,"label":"University of Strathclyde"}],"conceptId":12},{"topicData":[{"numberOfDocuments":0.09485397978000047,"label":"Robert Gordon University"},{"numberOfDocuments":5.7550564324905364,"label":"Heriot-Watt University"},{"numberOfDocuments":0.02564102564102564,"label":"Glasgow Caledonian University"},{"numberOfDocuments":0.025,"label":"Queen Margaret University"},{"numberOfDocuments":0.121416541714711,"label":"University of Dundee"},{"numberOfDocuments":0.014388489208633094,"label":"University of the Highlands and Islands"},{"numberOfDocuments":0.06321917290860862,"label":"Edinburgh Napier University"},{"numberOfDocuments":0.31408139896017284,"label":"University of Stirling"},{"numberOfDocuments":0.024979881974248927,"label":"Abertay University"},{"numberOfDocuments":0.5909559264024107,"label":"University of Aberdeen"},{"numberOfDocuments":1.0702635191014416,"label":"University of Edinburgh"},{"numberOfDocuments":0.009523809523809525,"label":"University of the West of Scotland"},{"numberOfDocuments":4.797289159228288,"label":"University of Glasgow"},{"numberOfDocuments":48.9767667159135,"label":"University of St Andrews"},{"numberOfDocuments":6.827207314476662,"label":"University of Strathclyde"}],"conceptId":13},{"topicData":[{"numberOfDocuments":0.008620689655172414,"label":"Robert Gordon University"},{"numberOfDocuments":0.5806426691281885,"label":"Heriot-Watt University"},{"numberOfDocuments":0.04,"label":"Glasgow Caledonian University"},{"numberOfDocuments":0.014084507042253521,"label":"Queen Margaret University"},{"numberOfDocuments":1.4644759400661664,"label":"University of Dundee"},{"numberOfDocuments":0.2089505391197575,"label":"University of the Highlands and Islands"},{"numberOfDocuments":0.053026811748808765,"label":"Edinburgh Napier University"},{"numberOfDocuments":0.4685067904257992,"label":"University of Stirling"},{"numberOfDocuments":0.11479741632413387,"label":"Abertay University"},{"numberOfDocuments":0.5704332955805164,"label":"University of Aberdeen"},{"numberOfDocuments":2.53185766205208,"label":"University of Edinburgh"},{"numberOfDocuments":0.04980314339677695,"label":"University of the West of Scotland"},{"numberOfDocuments":31.158366273853627,"label":"University of Glasgow"},{"numberOfDocuments":22.85191447853048,"label":"University of St Andrews"},{"numberOfDocuments":3.2389496830136983,"label":"University of Strathclyde"}],"conceptId":14},{"topicData":[{"numberOfDocuments":0.5931553481232061,"label":"Robert Gordon University"},{"numberOfDocuments":11.7393565530529,"label":"Heriot-Watt University"},{"numberOfDocuments":0.6769686861618905,"label":"Glasgow Caledonian University"},{"numberOfDocuments":0.24561154106577182,"label":"Queen Margaret University"},{"numberOfDocuments":3.6886797102878655,"label":"University of Dundee"},{"numberOfDocuments":0.5628326638002941,"label":"University of the Highlands and Islands"},{"numberOfDocuments":0.8780978083493367,"label":"Edinburgh Napier University"},{"numberOfDocuments":1.5148957481745868,"label":"University of Stirling"},{"numberOfDocuments":0.22920602963134995,"label":"Abertay University"},{"numberOfDocuments":9.53004730574364,"label":"University of Aberdeen"},{"numberOfDocuments":30.074786890530238,"label":"University of Edinburgh"},{"numberOfDocuments":1.1707144454103688,"label":"University of the West of Scotland"},{"numberOfDocuments":53.90223055466558,"label":"University of Glasgow"},{"numberOfDocuments":24.251236030993002,"label":"University of St Andrews"},{"numberOfDocuments":42.07815697285872,"label":"University of Strathclyde"}],"conceptId":15},{"topicData":[{"numberOfDocuments":0.19463103314241686,"label":"Robert Gordon University"},{"numberOfDocuments":0.30221578073839617,"label":"Heriot-Watt University"},{"numberOfDocuments":0.01946094893653664,"label":"Glasgow Caledonian University"},{"numberOfDocuments":0.03423320555691488,"label":"Queen Margaret University"},{"numberOfDocuments":0.9887361321465078,"label":"University of Dundee"},{"numberOfDocuments":0.09691364184818603,"label":"University of the Highlands and Islands"},{"numberOfDocuments":0.42776965018600954,"label":"Edinburgh Napier University"},{"numberOfDocuments":0.6284497963493157,"label":"University of Stirling"},{"numberOfDocuments":0.8442899445910508,"label":"Abertay University"},{"numberOfDocuments":0.5336097204802357,"label":"University of Aberdeen"},{"numberOfDocuments":6.178537798888593,"label":"University of Edinburgh"},{"numberOfDocuments":0.1385801363556175,"label":"University of the West of Scotland"},{"numberOfDocuments":42.33102645596874,"label":"University of Glasgow"},{"numberOfDocuments":7.411869520420564,"label":"University of St Andrews"},{"numberOfDocuments":2.829183798133415,"label":"University of Strathclyde"}],"conceptId":16}]