{"linkageTable":[{"node2":5,"distance":0.46479918723450997,"node1":3},{"node2":7,"distance":0.472864307652665,"node1":1},{"node2":4,"distance":0.4773328507269625,"node1":12},{"node2":10,"distance":0.4783473612020675,"node1":11},{"node2":14,"distance":0.48144455305736167,"node1":0},{"node2":8,"distance":0.48342684446362627,"node1":15},{"node2":2,"distance":0.49238334172461,"node1":13},{"node2":17,"distance":0.49274395578527647,"node1":16},{"node2":9,"distance":0.4951426304796161,"node1":18},{"node2":6,"distance":0.49586177936371045,"node1":19}],"conceptsData":[{"conceptId":1,"clusterId":0,"hexCoordinates":{"x":3.4641016151377544,"y":0.0},"labels":[{"weight":1960.0,"label":"work"},{"weight":976.0,"label":"worker"},{"weight":938.0,"label":"employment"},{"weight":696.0,"label":"labour"},{"weight":693.0,"label":"job"},{"weight":516.0,"label":"employee"},{"weight":336.0,"label":"market"},{"weight":329.0,"label":"workplace"},{"weight":252.0,"label":"employer"},{"weight":192.0,"label":"pay"},{"weight":175.0,"label":"policy"},{"weight":169.0,"label":"benefit"},{"weight":166.0,"label":"workforce"},{"weight":160.0,"label":"sector"},{"weight":147.0,"label":"skill"},{"weight":146.0,"label":"demand"},{"weight":135.0,"label":"time"},{"weight":132.0,"label":"article"},{"weight":121.0,"label":"occupational"},{"weight":116.0,"label":"employ"},{"weight":114.0,"label":"high"},{"weight":104.0,"label":"condition"},{"weight":101.0,"label":"career"},{"weight":97.0,"label":"social"},{"weight":95.0,"label":"welfare"}]},{"conceptId":10,"clusterId":0,"hexCoordinates":{"x":0.8660254037844386,"y":-1.5},"labels":[{"weight":424.0,"label":"return"},{"weight":315.0,"label":"market"},{"weight":308.0,"label":"stock"},{"weight":132.0,"label":"investor"},{"weight":126.0,"label":"firm"},{"weight":124.0,"label":"target"},{"weight":102.0,"label":"acquisition"},{"weight":101.0,"label":"announcement"},{"weight":97.0,"label":"investment"},{"weight":88.0,"label":"trading"},{"weight":82.0,"label":"find"},{"weight":72.0,"label":"company"},{"weight":72.0,"label":"evidence"},{"weight":71.0,"label":"acquirer"},{"weight":69.0,"label":"period"},{"weight":65.0,"label":"abnormal"},{"weight":63.0,"label":"financial"},{"weight":60.0,"label":"deal"},{"weight":54.0,"label":"price"},{"weight":53.0,"label":"high"},{"weight":50.0,"label":"share"},{"weight":49.0,"label":"portfolio"},{"weight":49.0,"label":"gain"},{"weight":46.0,"label":"information"},{"weight":45.0,"label":"shareholder"}]},{"conceptId":3,"clusterId":0,"hexCoordinates":{"x":0.0,"y":0.0},"labels":[{"weight":568.0,"label":"financial"},{"weight":435.0,"label":"crisis"},{"weight":292.0,"label":"market"},{"weight":236.0,"label":"debt"},{"weight":211.0,"label":"bank"},{"weight":175.0,"label":"bond"},{"weight":150.0,"label":"risk"},{"weight":145.0,"label":"credit"},{"weight":143.0,"label":"economic"},{"weight":123.0,"label":"paper"},{"weight":119.0,"label":"global"},{"weight":112.0,"label":"money"},{"weight":102.0,"label":"firm"},{"weight":97.0,"label":"period"},{"weight":96.0,"label":"country"},{"weight":95.0,"label":"monetary"},{"weight":92.0,"label":"currency"},{"weight":88.0,"label":"finance"},{"weight":83.0,"label":"banking"},{"weight":78.0,"label":"interest"},{"weight":71.0,"label":"real"},{"weight":66.0,"label":"time"},{"weight":64.0,"label":"economy"},{"weight":62.0,"label":"return"},{"weight":61.0,"label":"find"}]},{"conceptId":5,"clusterId":0,"hexCoordinates":{"x":1.7320508075688772,"y":0.0},"labels":[{"weight":886.0,"label":"bank"},{"weight":653.0,"label":"firm"},{"weight":509.0,"label":"risk"},{"weight":413.0,"label":"financial"},{"weight":341.0,"label":"performance"},{"weight":249.0,"label":"find"},{"weight":245.0,"label":"capital"},{"weight":218.0,"label":"market"},{"weight":209.0,"label":"investment"},{"weight":205.0,"label":"banking"},{"weight":205.0,"label":"asset"},{"weight":188.0,"label":"board"},{"weight":184.0,"label":"governance"},{"weight":183.0,"label":"corporate"},{"weight":173.0,"label":"company"},{"weight":164.0,"label":"investor"},{"weight":163.0,"label":"result"},{"weight":160.0,"label":"fund"},{"weight":142.0,"label":"portfolio"},{"weight":140.0,"label":"ownership"},{"weight":133.0,"label":"director"},{"weight":132.0,"label":"ceo"},{"weight":129.0,"label":"stock"},{"weight":125.0,"label":"examine"},{"weight":123.0,"label":"equity"}]},{"conceptId":-1,"clusterId":-1,"hexCoordinates":{"x":7.794228634059947,"y":3.0},"labels":[{"weight":2500,"label":"Unclassified"},{"weight":0,"label":""},{"weight":0,"label":""},{"weight":0,"label":""},{"weight":0,"label":""},{"weight":0,"label":""},{"weight":0,"label":""},{"weight":0,"label":""},{"weight":0,"label":""},{"weight":0,"label":""},{"weight":0,"label":""}]},{"conceptId":0,"clusterId":0,"hexCoordinates":{"x":0.8660254037844386,"y":1.5},"labels":[{"weight":516.0,"label":"sector"},{"weight":452.0,"label":"industry"},{"weight":440.0,"label":"market"},{"weight":400.0,"label":"firm"},{"weight":391.0,"label":"economic"},{"weight":387.0,"label":"sme"},{"weight":378.0,"label":"economy"},{"weight":331.0,"label":"country"},{"weight":281.0,"label":"investment"},{"weight":278.0,"label":"growth"},{"weight":268.0,"label":"international"},{"weight":250.0,"label":"export"},{"weight":244.0,"label":"paper"},{"weight":187.0,"label":"development"},{"weight":184.0,"label":"trade"},{"weight":165.0,"label":"policy"},{"weight":163.0,"label":"foreign"},{"weight":150.0,"label":"business"},{"weight":140.0,"label":"effect"},{"weight":137.0,"label":"impact"},{"weight":122.0,"label":"global"},{"weight":107.0,"label":"role"},{"weight":105.0,"label":"size"},{"weight":104.0,"label":"small"},{"weight":104.0,"label":"develop"}]},{"conceptId":9,"clusterId":0,"hexCoordinates":{"x":4.330127018922193,"y":-1.5},"labels":[{"weight":1265.0,"label":"preference"},{"weight":1236.0,"label":"choice"},{"weight":446.0,"label":"individual"},{"weight":359.0,"label":"decision"},{"weight":296.0,"label":"choose"},{"weight":284.0,"label":"attribute"},{"weight":278.0,"label":"experiment"},{"weight":252.0,"label":"show"},{"weight":238.0,"label":"make"},{"weight":235.0,"label":"prefer"},{"weight":223.0,"label":"pay"},{"weight":204.0,"label":"willingness"},{"weight":203.0,"label":"wtp"},{"weight":189.0,"label":"result"},{"weight":188.0,"label":"find"},{"weight":176.0,"label":"bias"},{"weight":172.0,"label":"preferred"},{"weight":172.0,"label":"effect"},{"weight":169.0,"label":"respondent"},{"weight":155.0,"label":"state"},{"weight":153.0,"label":"option"},{"weight":149.0,"label":"discrete"},{"weight":136.0,"label":"utility"},{"weight":133.0,"label":"alternative"},{"weight":131.0,"label":"reward"}]},{"conceptId":2,"clusterId":0,"hexCoordinates":{"x":3.4641016151377544,"y":3.0},"labels":[{"weight":4977.0,"label":"term"},{"weight":4517.0,"label":"long"},{"weight":2608.0,"label":"time"},{"weight":1885.0,"label":"short"},{"weight":1028.0,"label":"period"},{"weight":850.0,"label":"point"},{"weight":656.0,"label":"show"},{"weight":595.0,"label":"longer"},{"weight":566.0,"label":"study"},{"weight":549.0,"label":"follow"},{"weight":539.0,"label":"find"},{"weight":457.0,"label":"condition"},{"weight":436.0,"label":"occur"},{"weight":433.0,"label":"change"},{"weight":415.0,"label":"result"},{"weight":308.0,"label":"start"},{"weight":280.0,"label":"single"},{"weight":272.0,"label":"form"},{"weight":262.0,"label":"stability"},{"weight":251.0,"label":"demonstrate"},{"weight":246.0,"label":"large"},{"weight":245.0,"label":"run"},{"weight":243.0,"label":"remain"},{"weight":240.0,"label":"length"},{"weight":239.0,"label":"duration"}]},{"conceptId":7,"clusterId":0,"hexCoordinates":{"x":2.598076211353316,"y":1.5},"labels":[{"weight":397.0,"label":"income"},{"weight":261.0,"label":"effect"},{"weight":248.0,"label":"unemployment"},{"weight":237.0,"label":"wage"},{"weight":213.0,"label":"tax"},{"weight":206.0,"label":"labor"},{"weight":180.0,"label":"impact"},{"weight":159.0,"label":"increase"},{"weight":154.0,"label":"household"},{"weight":154.0,"label":"market"},{"weight":149.0,"label":"expenditure"},{"weight":149.0,"label":"paper"},{"weight":123.0,"label":"model"},{"weight":119.0,"label":"capital"},{"weight":106.0,"label":"labour"},{"weight":101.0,"label":"pay"},{"weight":99.0,"label":"price"},{"weight":96.0,"label":"survey"},{"weight":96.0,"label":"higher"},{"weight":96.0,"label":"worker"},{"weight":93.0,"label":"employment"},{"weight":92.0,"label":"shock"},{"weight":92.0,"label":"elasticity"},{"weight":91.0,"label":"country"},{"weight":87.0,"label":"panel"}]},{"conceptId":8,"clusterId":0,"hexCoordinates":{"x":2.598076211353316,"y":-1.5},"labels":[{"weight":951.0,"label":"market"},{"weight":830.0,"label":"price"},{"weight":405.0,"label":"trade"},{"weight":203.0,"label":"trading"},{"weight":194.0,"label":"volatility"},{"weight":193.0,"label":"model"},{"weight":180.0,"label":"pricing"},{"weight":141.0,"label":"paper"},{"weight":123.0,"label":"risk"},{"weight":122.0,"label":"demand"},{"weight":122.0,"label":"mechanism"},{"weight":120.0,"label":"contract"},{"weight":120.0,"label":"exchange"},{"weight":114.0,"label":"stock"},{"weight":105.0,"label":"future"},{"weight":96.0,"label":"equilibrium"},{"weight":96.0,"label":"cost"},{"weight":91.0,"label":"auction"},{"weight":90.0,"label":"bid"},{"weight":89.0,"label":"commodity"},{"weight":89.0,"label":"efficiency"},{"weight":84.0,"label":"show"},{"weight":83.0,"label":"period"},{"weight":80.0,"label":"information"},{"weight":79.0,"label":"revenue"}]},{"conceptId":4,"clusterId":0,"hexCoordinates":{"x":4.330127018922193,"y":1.5},"labels":[{"weight":582.0,"label":"growth"},{"weight":475.0,"label":"economic"},{"weight":372.0,"label":"scotland"},{"weight":332.0,"label":"economy"},{"weight":320.0,"label":"scottish"},{"weight":265.0,"label":"year"},{"weight":190.0,"label":"gdp"},{"weight":169.0,"label":"productivity"},{"weight":168.0,"label":"rise"},{"weight":165.0,"label":"data"},{"weight":160.0,"label":"business"},{"weight":158.0,"label":"recession"},{"weight":147.0,"label":"rate"},{"weight":144.0,"label":"fiscal"},{"weight":142.0,"label":"increase"},{"weight":139.0,"label":"recent"},{"weight":136.0,"label":"government"},{"weight":129.0,"label":"spending"},{"weight":127.0,"label":"continue"},{"weight":124.0,"label":"quarter"},{"weight":124.0,"label":"trend"},{"weight":115.0,"label":"fall"},{"weight":115.0,"label":"policy"},{"weight":107.0,"label":"period"},{"weight":105.0,"label":"investment"}]},{"conceptId":6,"clusterId":0,"hexCoordinates":{"x":1.7320508075688772,"y":3.0},"labels":[{"weight":894.0,"label":"housing"},{"weight":188.0,"label":"rent"},{"weight":184.0,"label":"home"},{"weight":146.0,"label":"social"},{"weight":116.0,"label":"house"},{"weight":105.0,"label":"household"},{"weight":101.0,"label":"paper"},{"weight":94.0,"label":"market"},{"weight":92.0,"label":"move"},{"weight":89.0,"label":"tenant"},{"weight":89.0,"label":"private"},{"weight":82.0,"label":"property"},{"weight":76.0,"label":"welfare"},{"weight":75.0,"label":"sector"},{"weight":72.0,"label":"estate"},{"weight":70.0,"label":"homelessness"},{"weight":70.0,"label":"ownership"},{"weight":69.0,"label":"people"},{"weight":64.0,"label":"homeownership"},{"weight":64.0,"label":"tenure"},{"weight":60.0,"label":"hcc"},{"weight":58.0,"label":"aspiration"},{"weight":56.0,"label":"owner"},{"weight":49.0,"label":"accommodation"},{"weight":47.0,"label":"live"}]}]}