{"linkageTable":[{"node2":15,"distance":0.43329084550315,"node1":5},{"node2":16,"distance":0.45423744142941,"node1":13},{"node2":4,"distance":0.456302946097565,"node1":0},{"node2":6,"distance":0.4592110440534,"node1":2},{"node2":12,"distance":0.4629419320147875,"node1":20},{"node2":17,"distance":0.46768637232955246,"node1":22},{"node2":7,"distance":0.4772286872825,"node1":1},{"node2":21,"distance":0.4807648644421225,"node1":10},{"node2":18,"distance":0.4841153360860333,"node1":24},{"node2":8,"distance":0.4878543579056687,"node1":28},{"node2":23,"distance":0.4880116017807575,"node1":25},{"node2":27,"distance":0.49174822270674423,"node1":26},{"node2":29,"distance":0.4934475512886842,"node1":30},{"node2":9,"distance":0.49436000011135406,"node1":31},{"node2":19,"distance":0.49627810520001453,"node1":32},{"node2":33,"distance":0.4976844471244362,"node1":34},{"node2":3,"distance":0.49806525249123557,"node1":35},{"node2":14,"distance":0.49962085782466303,"node1":36},{"node2":11,"distance":0.4999357119721153,"node1":37}],"conceptsData":[{"conceptId":-1,"clusterId":-1,"hexCoordinates":{"x":9.526279441628825,"y":1.5},"labels":[{"weight":2500,"label":"Unclassified"},{"weight":0,"label":""},{"weight":0,"label":""},{"weight":0,"label":""},{"weight":0,"label":""},{"weight":0,"label":""},{"weight":0,"label":""},{"weight":0,"label":""},{"weight":0,"label":""},{"weight":0,"label":""},{"weight":0,"label":""}]},{"conceptId":5,"clusterId":0,"hexCoordinates":{"x":0.0,"y":0.0},"labels":[{"weight":437.0,"label":"channel"},{"weight":218.0,"label":"current"},{"weight":182.0,"label":"sperm"},{"weight":171.0,"label":"increase"},{"weight":161.0,"label":"calcium"},{"weight":151.0,"label":"activity"},{"weight":150.0,"label":"response"},{"weight":113.0,"label":"cell"},{"weight":109.0,"label":"release"},{"weight":104.0,"label":"synaptic"},{"weight":104.0,"label":"induce"},{"weight":102.0,"label":"potential"},{"weight":98.0,"label":"stimulation"},{"weight":91.0,"label":"block"},{"weight":91.0,"label":"reduce"},{"weight":90.0,"label":"progesterone"},{"weight":88.0,"label":"catsper"},{"weight":88.0,"label":"conductance"},{"weight":85.0,"label":"ivf"},{"weight":80.0,"label":"spermatozoa"},{"weight":80.0,"label":"human"},{"weight":79.0,"label":"motility"},{"weight":79.0,"label":"activate"},{"weight":75.0,"label":"activation"},{"weight":74.0,"label":"concentration"}]},{"conceptId":3,"clusterId":0,"hexCoordinates":{"x":5.196152422706632,"y":-3.0},"labels":[{"weight":102.0,"label":"dual"},{"weight":60.0,"label":"left"},{"weight":55.0,"label":"cerebral"},{"weight":49.0,"label":"handedness"},{"weight":40.0,"label":"brain"},{"weight":38.0,"label":"hypoperfusion"},{"weight":36.0,"label":"asl"},{"weight":33.0,"label":"subject"},{"weight":28.0,"label":"change"},{"weight":27.0,"label":"leave"},{"weight":26.0,"label":"hander"},{"weight":25.0,"label":"compare"},{"weight":24.0,"label":"handed"},{"weight":24.0,"label":"impact"},{"weight":23.0,"label":"perfusion"},{"weight":21.0,"label":"cognitive"},{"weight":18.0,"label":"comt"},{"weight":18.0,"label":"head"},{"weight":18.0,"label":"control"},{"weight":18.0,"label":"spectroscopy"},{"weight":18.0,"label":"measure"},{"weight":17.0,"label":"naevus"},{"weight":17.0,"label":"inversion"},{"weight":17.0,"label":"hand"},{"weight":17.0,"label":"limited"}]},{"conceptId":18,"clusterId":0,"hexCoordinates":{"x":0.8660254037844386,"y":1.5},"labels":[{"weight":72.0,"label":"species"},{"weight":71.0,"label":"gamble"},{"weight":66.0,"label":"gambling"},{"weight":53.0,"label":"interneuron"},{"weight":50.0,"label":"express"},{"weight":44.0,"label":"horn"},{"weight":42.0,"label":"bet"},{"weight":41.0,"label":"population"},{"weight":39.0,"label":"grp"},{"weight":37.0,"label":"itch"},{"weight":36.0,"label":"neuron"},{"weight":34.0,"label":"sst"},{"weight":33.0,"label":"dorsal"},{"weight":32.0,"label":"native"},{"weight":31.0,"label":"excitatory"},{"weight":30.0,"label":"japan"},{"weight":30.0,"label":"substance"},{"weight":29.0,"label":"japonica"},{"weight":29.0,"label":"record"},{"weight":25.0,"label":"identify"},{"weight":23.0,"label":"ifd"},{"weight":22.0,"label":"find"},{"weight":21.0,"label":"lamina"},{"weight":21.0,"label":"peptide"},{"weight":21.0,"label":"ireland"}]},{"conceptId":7,"clusterId":0,"hexCoordinates":{"x":4.330127018922193,"y":-1.5},"labels":[{"weight":389.0,"label":"dementia"},{"weight":244.0,"label":"disease"},{"weight":153.0,"label":"cognitive"},{"weight":152.0,"label":"alzheimer"},{"weight":148.0,"label":"brain"},{"weight":122.0,"label":"imaging"},{"weight":105.0,"label":"clinical"},{"weight":92.0,"label":"patient"},{"weight":90.0,"label":"csf"},{"weight":84.0,"label":"biomarker"},{"weight":78.0,"label":"subject"},{"weight":75.0,"label":"vascular"},{"weight":71.0,"label":"study"},{"weight":70.0,"label":"amyloid"},{"weight":70.0,"label":"impairment"},{"weight":67.0,"label":"stage"},{"weight":63.0,"label":"diagnosis"},{"weight":61.0,"label":"early"},{"weight":60.0,"label":"mci"},{"weight":55.0,"label":"bbb"},{"weight":53.0,"label":"pathology"},{"weight":52.0,"label":"mild"},{"weight":51.0,"label":"trial"},{"weight":51.0,"label":"change"},{"weight":46.0,"label":"mri"}]},{"conceptId":19,"clusterId":0,"hexCoordinates":{"x":-0.8660254037844386,"y":-1.5},"labels":[{"weight":171.0,"label":"disc"},{"weight":68.0,"label":"side"},{"weight":28.0,"label":"ror"},{"weight":28.0,"label":"poi"},{"weight":24.0,"label":"glucocorticoid"},{"weight":21.0,"label":"medial"},{"weight":20.0,"label":"pfc"},{"weight":19.0,"label":"poag"},{"weight":19.0,"label":"schizophrenia"},{"weight":17.0,"label":"htt"},{"weight":16.0,"label":"ppp"},{"weight":16.0,"label":"ecr"},{"weight":14.0,"label":"orb"},{"weight":14.0,"label":"ere"},{"weight":14.0,"label":"lateral"},{"weight":13.0,"label":"availability"},{"weight":12.0,"label":"pacg"},{"weight":12.0,"label":"hemi"},{"weight":12.0,"label":"back"},{"weight":10.0,"label":"cto"},{"weight":10.0,"label":"fbxw"},{"weight":9.0,"label":"responsibilization"},{"weight":9.0,"label":"psychiatrist"},{"weight":9.0,"label":"truncation"},{"weight":8.0,"label":"polyq"}]},{"conceptId":4,"clusterId":0,"hexCoordinates":{"x":3.4641016151377544,"y":-3.0},"labels":[{"weight":376.0,"label":"disease"},{"weight":371.0,"label":"tau"},{"weight":362.0,"label":"prion"},{"weight":229.0,"label":"protein"},{"weight":212.0,"label":"amyloid"},{"weight":135.0,"label":"brain"},{"weight":128.0,"label":"alzheimer"},{"weight":125.0,"label":"prp"},{"weight":119.0,"label":"aggregation"},{"weight":84.0,"label":"app"},{"weight":83.0,"label":"scrapie"},{"weight":82.0,"label":"form"},{"weight":80.0,"label":"human"},{"weight":79.0,"label":"cjd"},{"weight":79.0,"label":"aggregate"},{"weight":74.0,"label":"oligomer"},{"weight":74.0,"label":"neurodegenerative"},{"weight":71.0,"label":"accumulation"},{"weight":67.0,"label":"bse"},{"weight":65.0,"label":"vcjd"},{"weight":60.0,"label":"pathology"},{"weight":59.0,"label":"prnp"},{"weight":59.0,"label":"soluble"},{"weight":57.0,"label":"pathological"},{"weight":57.0,"label":"associate"}]},{"conceptId":15,"clusterId":0,"hexCoordinates":{"x":1.7320508075688772,"y":0.0},"labels":[{"weight":505.0,"label":"neuron"},{"weight":143.0,"label":"motor"},{"weight":116.0,"label":"spinal"},{"weight":113.0,"label":"activity"},{"weight":109.0,"label":"cell"},{"weight":101.0,"label":"input"},{"weight":97.0,"label":"circuit"},{"weight":94.0,"label":"neuronal"},{"weight":89.0,"label":"firing"},{"weight":84.0,"label":"dopamine"},{"weight":83.0,"label":"interneuron"},{"weight":78.0,"label":"sensory"},{"weight":76.0,"label":"show"},{"weight":73.0,"label":"spike"},{"weight":73.0,"label":"network"},{"weight":70.0,"label":"ciliary"},{"weight":69.0,"label":"cord"},{"weight":67.0,"label":"inhibitory"},{"weight":67.0,"label":"population"},{"weight":65.0,"label":"excitatory"},{"weight":65.0,"label":"locomotor"},{"weight":62.0,"label":"pcd"},{"weight":59.0,"label":"output"},{"weight":59.0,"label":"pattern"},{"weight":58.0,"label":"system"}]},{"conceptId":17,"clusterId":0,"hexCoordinates":{"x":2.598076211353316,"y":-4.5},"labels":[{"weight":343.0,"label":"disease"},{"weight":231.0,"label":"protein"},{"weight":146.0,"label":"neurodegenerative"},{"weight":119.0,"label":"stress"},{"weight":116.0,"label":"neuron"},{"weight":114.0,"label":"cell"},{"weight":107.0,"label":"parkinson"},{"weight":102.0,"label":"mitochondrial"},{"weight":91.0,"label":"degeneration"},{"weight":84.0,"label":"neurodegeneration"},{"weight":81.0,"label":"tdp"},{"weight":81.0,"label":"loss"},{"weight":79.0,"label":"human"},{"weight":78.0,"label":"pathology"},{"weight":76.0,"label":"synaptic"},{"weight":75.0,"label":"motor"},{"weight":73.0,"label":"molecular"},{"weight":66.0,"label":"mitophagy"},{"weight":65.0,"label":"function"},{"weight":64.0,"label":"dopaminergic"},{"weight":63.0,"label":"associate"},{"weight":63.0,"label":"model"},{"weight":62.0,"label":"disorder"},{"weight":62.0,"label":"neuronal"},{"weight":56.0,"label":"alzheimer"}]},{"conceptId":12,"clusterId":0,"hexCoordinates":{"x":0.8660254037844386,"y":-1.5},"labels":[{"weight":507.0,"label":"neuron"},{"weight":456.0,"label":"synaptic"},{"weight":391.0,"label":"brain"},{"weight":358.0,"label":"neuronal"},{"weight":257.0,"label":"receptor"},{"weight":216.0,"label":"synaps"},{"weight":182.0,"label":"plasticity"},{"weight":169.0,"label":"hippocampal"},{"weight":162.0,"label":"activity"},{"weight":160.0,"label":"mouse"},{"weight":140.0,"label":"function"},{"weight":124.0,"label":"glutamate"},{"weight":103.0,"label":"dependent"},{"weight":102.0,"label":"synapse"},{"weight":101.0,"label":"dendritic"},{"weight":98.0,"label":"nmdar"},{"weight":94.0,"label":"nmda"},{"weight":93.0,"label":"show"},{"weight":88.0,"label":"cortical"},{"weight":86.0,"label":"neural"},{"weight":84.0,"label":"system"},{"weight":81.0,"label":"mechanism"},{"weight":80.0,"label":"excitatory"},{"weight":79.0,"label":"culture"},{"weight":78.0,"label":"postsynaptic"}]},{"conceptId":16,"clusterId":0,"hexCoordinates":{"x":2.598076211353316,"y":1.5},"labels":[{"weight":337.0,"label":"stimulation"},{"weight":245.0,"label":"alpha"},{"weight":171.0,"label":"frequency"},{"weight":146.0,"label":"visual"},{"weight":106.0,"label":"power"},{"weight":102.0,"label":"beta"},{"weight":97.0,"label":"sham"},{"weight":96.0,"label":"effect"},{"weight":92.0,"label":"band"},{"weight":91.0,"label":"brain"},{"weight":86.0,"label":"activity"},{"weight":76.0,"label":"stimulus"},{"weight":72.0,"label":"tac"},{"weight":71.0,"label":"entrainment"},{"weight":68.0,"label":"tdc"},{"weight":66.0,"label":"neural"},{"weight":63.0,"label":"oscillation"},{"weight":60.0,"label":"eeg"},{"weight":59.0,"label":"current"},{"weight":57.0,"label":"attention"},{"weight":56.0,"label":"state"},{"weight":55.0,"label":"rhythm"},{"weight":55.0,"label":"rhythmic"},{"weight":53.0,"label":"response"},{"weight":50.0,"label":"meg"}]},{"conceptId":10,"clusterId":0,"hexCoordinates":{"x":4.330127018922193,"y":1.5},"labels":[{"weight":330.0,"label":"visual"},{"weight":193.0,"label":"area"},{"weight":167.0,"label":"cortex"},{"weight":155.0,"label":"representation"},{"weight":149.0,"label":"region"},{"weight":146.0,"label":"information"},{"weight":141.0,"label":"temporal"},{"weight":127.0,"label":"processing"},{"weight":114.0,"label":"input"},{"weight":113.0,"label":"left"},{"weight":93.0,"label":"atl"},{"weight":90.0,"label":"functional"},{"weight":89.0,"label":"neural"},{"weight":87.0,"label":"stimulus"},{"weight":78.0,"label":"semantic"},{"weight":78.0,"label":"signal"},{"weight":76.0,"label":"cortical"},{"weight":74.0,"label":"contrast"},{"weight":70.0,"label":"human"},{"weight":67.0,"label":"anterior"},{"weight":67.0,"label":"field"},{"weight":64.0,"label":"fmri"},{"weight":58.0,"label":"ventral"},{"weight":58.0,"label":"receptive"},{"weight":56.0,"label":"lobe"}]},{"conceptId":9,"clusterId":0,"hexCoordinates":{"x":6.06217782649107,"y":1.5},"labels":[{"weight":584.0,"label":"movement"},{"weight":256.0,"label":"motor"},{"weight":147.0,"label":"eeg"},{"weight":117.0,"label":"patient"},{"weight":115.0,"label":"bci"},{"weight":102.0,"label":"hand"},{"weight":94.0,"label":"imagery"},{"weight":93.0,"label":"activity"},{"weight":89.0,"label":"limb"},{"weight":78.0,"label":"upper"},{"weight":72.0,"label":"participant"},{"weight":71.0,"label":"brain"},{"weight":69.0,"label":"cnp"},{"weight":50.0,"label":"sci"},{"weight":50.0,"label":"band"},{"weight":48.0,"label":"record"},{"weight":47.0,"label":"training"},{"weight":46.0,"label":"study"},{"weight":46.0,"label":"result"},{"weight":44.0,"label":"arm"},{"weight":44.0,"label":"classification"},{"weight":44.0,"label":"base"},{"weight":43.0,"label":"rehabilitation"},{"weight":42.0,"label":"compare"},{"weight":40.0,"label":"task"}]},{"conceptId":0,"clusterId":0,"hexCoordinates":{"x":1.7320508075688772,"y":-3.0},"labels":[{"weight":1570.0,"label":"mouse"},{"weight":503.0,"label":"model"},{"weight":478.0,"label":"brain"},{"weight":387.0,"label":"human"},{"weight":333.0,"label":"rat"},{"weight":249.0,"label":"animal"},{"weight":210.0,"label":"vivo"},{"weight":195.0,"label":"wild"},{"weight":186.0,"label":"reduce"},{"weight":171.0,"label":"study"},{"weight":164.0,"label":"microglium"},{"weight":156.0,"label":"type"},{"weight":154.0,"label":"increase"},{"weight":154.0,"label":"show"},{"weight":148.0,"label":"induce"},{"weight":137.0,"label":"result"},{"weight":110.0,"label":"rodent"},{"weight":108.0,"label":"injury"},{"weight":108.0,"label":"express"},{"weight":103.0,"label":"transgenic"},{"weight":99.0,"label":"suggest"},{"weight":93.0,"label":"loss"},{"weight":89.0,"label":"compare"},{"weight":85.0,"label":"expression"},{"weight":84.0,"label":"observe"}]},{"conceptId":6,"clusterId":0,"hexCoordinates":{"x":0.8660254037844386,"y":-4.5},"labels":[{"weight":1162.0,"label":"mouse"},{"weight":429.0,"label":"mutant"},{"weight":308.0,"label":"phenotype"},{"weight":227.0,"label":"sma"},{"weight":223.0,"label":"loss"},{"weight":216.0,"label":"model"},{"weight":206.0,"label":"defect"},{"weight":200.0,"label":"reduce"},{"weight":199.0,"label":"type"},{"weight":198.0,"label":"gene"},{"weight":183.0,"label":"development"},{"weight":168.0,"label":"function"},{"weight":163.0,"label":"mutation"},{"weight":150.0,"label":"smn"},{"weight":149.0,"label":"human"},{"weight":148.0,"label":"motor"},{"weight":148.0,"label":"level"},{"weight":144.0,"label":"normal"},{"weight":134.0,"label":"result"},{"weight":132.0,"label":"expression"},{"weight":129.0,"label":"deletion"},{"weight":125.0,"label":"protein"},{"weight":122.0,"label":"wild"},{"weight":122.0,"label":"show"},{"weight":121.0,"label":"cell"}]},{"conceptId":2,"clusterId":0,"hexCoordinates":{"x":0.0,"y":-3.0},"labels":[{"weight":269.0,"label":"axon"},{"weight":197.0,"label":"myelin"},{"weight":170.0,"label":"oligodendrocyte"},{"weight":138.0,"label":"myelination"},{"weight":127.0,"label":"axonal"},{"weight":105.0,"label":"glial"},{"weight":89.0,"label":"nervous"},{"weight":83.0,"label":"nerve"},{"weight":83.0,"label":"cell"},{"weight":81.0,"label":"remyelination"},{"weight":73.0,"label":"neuronal"},{"weight":69.0,"label":"sclerosis"},{"weight":66.0,"label":"system"},{"weight":63.0,"label":"multiple"},{"weight":59.0,"label":"sheath"},{"weight":58.0,"label":"injury"},{"weight":56.0,"label":"neuron"},{"weight":54.0,"label":"ganglioside"},{"weight":53.0,"label":"regeneration"},{"weight":51.0,"label":"lesion"},{"weight":47.0,"label":"complex"},{"weight":46.0,"label":"opc"},{"weight":45.0,"label":"nfasc"},{"weight":45.0,"label":"node"},{"weight":43.0,"label":"neurofascin"}]},{"conceptId":8,"clusterId":0,"hexCoordinates":{"x":2.598076211353316,"y":-1.5},"labels":[{"weight":237.0,"label":"spinal"},{"weight":173.0,"label":"cord"},{"weight":145.0,"label":"injury"},{"weight":143.0,"label":"pain"},{"weight":101.0,"label":"nerve"},{"weight":87.0,"label":"sensory"},{"weight":67.0,"label":"neuron"},{"weight":64.0,"label":"peripheral"},{"weight":60.0,"label":"mechanical"},{"weight":58.0,"label":"dorsal"},{"weight":57.0,"label":"rat"},{"weight":52.0,"label":"sci"},{"weight":51.0,"label":"induce"},{"weight":48.0,"label":"control"},{"weight":39.0,"label":"neuropathy"},{"weight":39.0,"label":"injection"},{"weight":36.0,"label":"hypersensitivity"},{"weight":36.0,"label":"drg"},{"weight":36.0,"label":"paclitaxel"},{"weight":35.0,"label":"melatonin"},{"weight":35.0,"label":"ganglia"},{"weight":35.0,"label":"root"},{"weight":34.0,"label":"neurological"},{"weight":33.0,"label":"ngf"},{"weight":32.0,"label":"cipn"}]},{"conceptId":11,"clusterId":0,"hexCoordinates":{"x":4.330127018922193,"y":-4.5},"labels":[{"weight":294.0,"label":"target"},{"weight":285.0,"label":"guide"},{"weight":189.0,"label":"channel"},{"weight":180.0,"label":"concise"},{"weight":173.0,"label":"provide"},{"weight":160.0,"label":"receptor"},{"weight":153.0,"label":"ion"},{"weight":147.0,"label":"pharmacology"},{"weight":137.0,"label":"present"},{"weight":133.0,"label":"ligand"},{"weight":122.0,"label":"drug"},{"weight":117.0,"label":"iuphar"},{"weight":93.0,"label":"nomenclature"},{"weight":89.0,"label":"pharmacological"},{"weight":89.0,"label":"information"},{"weight":88.0,"label":"human"},{"weight":84.0,"label":"full"},{"weight":81.0,"label":"gate"},{"weight":80.0,"label":"key"},{"weight":78.0,"label":"property"},{"weight":72.0,"label":"org"},{"weight":72.0,"label":"www"},{"weight":65.0,"label":"update"},{"weight":63.0,"label":"link"},{"weight":62.0,"label":"guidetopharmacology"}]},{"conceptId":13,"clusterId":0,"hexCoordinates":{"x":3.4641016151377544,"y":0.0},"labels":[{"weight":498.0,"label":"brain"},{"weight":450.0,"label":"neural"},{"weight":435.0,"label":"response"},{"weight":427.0,"label":"sensory"},{"weight":406.0,"label":"activity"},{"weight":385.0,"label":"stimulus"},{"weight":286.0,"label":"processing"},{"weight":237.0,"label":"eeg"},{"weight":186.0,"label":"signal"},{"weight":182.0,"label":"motor"},{"weight":171.0,"label":"perception"},{"weight":170.0,"label":"information"},{"weight":163.0,"label":"mechanism"},{"weight":158.0,"label":"cortex"},{"weight":149.0,"label":"auditory"},{"weight":147.0,"label":"task"},{"weight":141.0,"label":"visual"},{"weight":141.0,"label":"process"},{"weight":138.0,"label":"human"},{"weight":130.0,"label":"action"},{"weight":125.0,"label":"oscillation"},{"weight":118.0,"label":"record"},{"weight":114.0,"label":"suggest"},{"weight":113.0,"label":"perceptual"},{"weight":110.0,"label":"evidence"}]},{"conceptId":1,"clusterId":0,"hexCoordinates":{"x":5.196152422706632,"y":0.0},"labels":[{"weight":1300.0,"label":"brain"},{"weight":398.0,"label":"region"},{"weight":355.0,"label":"cortical"},{"weight":348.0,"label":"cortex"},{"weight":345.0,"label":"functional"},{"weight":325.0,"label":"volume"},{"weight":322.0,"label":"matter"},{"weight":298.0,"label":"connectivity"},{"weight":291.0,"label":"imaging"},{"weight":266.0,"label":"control"},{"weight":212.0,"label":"white"},{"weight":198.0,"label":"mri"},{"weight":194.0,"label":"structural"},{"weight":181.0,"label":"frontal"},{"weight":172.0,"label":"magnetic"},{"weight":166.0,"label":"fmri"},{"weight":162.0,"label":"resonance"},{"weight":154.0,"label":"network"},{"weight":150.0,"label":"neural"},{"weight":149.0,"label":"patient"},{"weight":145.0,"label":"prefrontal"},{"weight":145.0,"label":"healthy"},{"weight":144.0,"label":"area"},{"weight":131.0,"label":"group"},{"weight":130.0,"label":"temporal"}]},{"conceptId":14,"clusterId":0,"hexCoordinates":{"x":6.06217782649107,"y":-1.5},"labels":[{"weight":79.0,"label":"connectivity"},{"weight":31.0,"label":"brain"},{"weight":30.0,"label":"fad"},{"weight":28.0,"label":"penguin"},{"weight":26.0,"label":"stage"},{"weight":24.0,"label":"springback"},{"weight":23.0,"label":"paws"},{"weight":23.0,"label":"vstm"},{"weight":23.0,"label":"binding"},{"weight":21.0,"label":"synchrony"},{"weight":18.0,"label":"piece"},{"weight":18.0,"label":"eeg"},{"weight":18.0,"label":"increase"},{"weight":16.0,"label":"bite"},{"weight":15.0,"label":"phftd"},{"weight":14.0,"label":"lovelace"},{"weight":14.0,"label":"chocolate"},{"weight":12.0,"label":"receive"},{"weight":11.0,"label":"macaroni"},{"weight":11.0,"label":"prodromal"},{"weight":11.0,"label":"method"},{"weight":11.0,"label":"information"},{"weight":11.0,"label":"find"},{"weight":10.0,"label":"region"},{"weight":10.0,"label":"related"}]}]}