{"linkageTable":[{"node2":8,"distance":0.445764764767275,"node1":5},{"node2":11,"distance":0.463699143361895,"node1":2},{"node2":9,"distance":0.473789508738945,"node1":3},{"node2":6,"distance":0.47689339725678,"node1":0},{"node2":13,"distance":0.4837261850369925,"node1":1},{"node2":7,"distance":0.485393776824275,"node1":4},{"node2":16,"distance":0.4870279859988842,"node1":15},{"node2":17,"distance":0.4919558304865864,"node1":18},{"node2":10,"distance":0.49522697881746247,"node1":14},{"node2":12,"distance":0.4957792777590718,"node1":19},{"node2":20,"distance":0.49715077855346407,"node1":21}],"conceptsData":[{"conceptId":2,"clusterId":0,"hexCoordinates":{"x":0.0,"y":0.0},"labels":[{"weight":1054.0,"label":"association"},{"weight":869.0,"label":"gene"},{"weight":859.0,"label":"variant"},{"weight":735.0,"label":"associate"},{"weight":709.0,"label":"genetic"},{"weight":705.0,"label":"snp"},{"weight":685.0,"label":"identify"},{"weight":668.0,"label":"locus"},{"weight":514.0,"label":"study"},{"weight":504.0,"label":"genome"},{"weight":501.0,"label":"analysis"},{"weight":478.0,"label":"wide"},{"weight":471.0,"label":"genotype"},{"weight":463.0,"label":"allele"},{"weight":359.0,"label":"polymorphism"},{"weight":317.0,"label":"control"},{"weight":275.0,"label":"trait"},{"weight":275.0,"label":"region"},{"weight":274.0,"label":"risk"},{"weight":264.0,"label":"individual"},{"weight":238.0,"label":"significant"},{"weight":237.0,"label":"variation"},{"weight":235.0,"label":"phenotype"},{"weight":232.0,"label":"effect"},{"weight":224.0,"label":"single"}]},{"conceptId":4,"clusterId":0,"hexCoordinates":{"x":-1.7320508075688772,"y":0.0},"labels":[{"weight":606.0,"label":"genetic"},{"weight":334.0,"label":"risk"},{"weight":278.0,"label":"disorder"},{"weight":277.0,"label":"study"},{"weight":242.0,"label":"association"},{"weight":229.0,"label":"polygenic"},{"weight":218.0,"label":"gene"},{"weight":204.0,"label":"wide"},{"weight":198.0,"label":"associate"},{"weight":186.0,"label":"mdd"},{"weight":183.0,"label":"analysis"},{"weight":180.0,"label":"genome"},{"weight":163.0,"label":"sample"},{"weight":159.0,"label":"schizophrenia"},{"weight":158.0,"label":"score"},{"weight":142.0,"label":"identify"},{"weight":138.0,"label":"significant"},{"weight":131.0,"label":"phenotype"},{"weight":126.0,"label":"locus"},{"weight":117.0,"label":"variant"},{"weight":107.0,"label":"trait"},{"weight":105.0,"label":"major"},{"weight":98.0,"label":"individual"},{"weight":97.0,"label":"neuroticism"},{"weight":91.0,"label":"gwa"}]},{"conceptId":11,"clusterId":0,"hexCoordinates":{"x":1.7320508075688772,"y":0.0},"labels":[{"weight":213.0,"label":"statin"},{"weight":100.0,"label":"cholesterol"},{"weight":48.0,"label":"ldl"},{"weight":48.0,"label":"atorvastatin"},{"weight":42.0,"label":"hdl"},{"weight":41.0,"label":"level"},{"weight":35.0,"label":"lipoprotein"},{"weight":34.0,"label":"lower"},{"weight":32.0,"label":"muscle"},{"weight":31.0,"label":"serum"},{"weight":30.0,"label":"density"},{"weight":28.0,"label":"lipid"},{"weight":25.0,"label":"high"},{"weight":20.0,"label":"triglyceride"},{"weight":20.0,"label":"response"},{"weight":19.0,"label":"unrestricted"},{"weight":19.0,"label":"restricted"},{"weight":17.0,"label":"myopathy"},{"weight":17.0,"label":"intolerance"},{"weight":17.0,"label":"pravastatin"},{"weight":17.0,"label":"absolute"},{"weight":16.0,"label":"delusion"},{"weight":16.0,"label":"psychosis"},{"weight":16.0,"label":"therapy"},{"weight":15.0,"label":"intolerant"}]},{"conceptId":9,"clusterId":0,"hexCoordinates":{"x":1.7320508075688772,"y":-3.0},"labels":[{"weight":660.0,"label":"mutation"},{"weight":347.0,"label":"gene"},{"weight":231.0,"label":"variant"},{"weight":194.0,"label":"allele"},{"weight":174.0,"label":"genome"},{"weight":135.0,"label":"genetic"},{"weight":125.0,"label":"pax"},{"weight":113.0,"label":"deletion"},{"weight":111.0,"label":"sequencing"},{"weight":104.0,"label":"editing"},{"weight":102.0,"label":"human"},{"weight":100.0,"label":"frequency"},{"weight":96.0,"label":"sequence"},{"weight":87.0,"label":"type"},{"weight":82.0,"label":"function"},{"weight":82.0,"label":"identify"},{"weight":79.0,"label":"individual"},{"weight":75.0,"label":"loss"},{"weight":75.0,"label":"number"},{"weight":71.0,"label":"mutational"},{"weight":70.0,"label":"mutant"},{"weight":65.0,"label":"genomic"},{"weight":63.0,"label":"exome"},{"weight":61.0,"label":"generation"},{"weight":61.0,"label":"line"}]},{"conceptId":-1,"clusterId":-1,"hexCoordinates":{"x":5.196152422706632,"y":1.5},"labels":[{"weight":2500,"label":"Unclassified"},{"weight":0,"label":""},{"weight":0,"label":""},{"weight":0,"label":""},{"weight":0,"label":""},{"weight":0,"label":""},{"weight":0,"label":""},{"weight":0,"label":""},{"weight":0,"label":""},{"weight":0,"label":""},{"weight":0,"label":""}]},{"conceptId":10,"clusterId":0,"hexCoordinates":{"x":0.8660254037844386,"y":-4.5},"labels":[{"weight":36.0,"label":"cwc"},{"weight":36.0,"label":"mse"},{"weight":36.0,"label":"association"},{"weight":34.0,"label":"sfh"},{"weight":32.0,"label":"variant"},{"weight":32.0,"label":"result"},{"weight":30.0,"label":"multiscale"},{"weight":29.0,"label":"data"},{"weight":28.0,"label":"ehr"},{"weight":25.0,"label":"hotspot"},{"weight":24.0,"label":"haplotype"},{"weight":22.0,"label":"hrc"},{"weight":21.0,"label":"study"},{"weight":19.0,"label":"genome"},{"weight":18.0,"label":"mstn"},{"weight":18.0,"label":"anchor"},{"weight":18.0,"label":"health"},{"weight":17.0,"label":"mvmse"},{"weight":17.0,"label":"rockall"},{"weight":17.0,"label":"cdd"},{"weight":17.0,"label":"obtain"},{"weight":16.0,"label":"genotype"},{"weight":16.0,"label":"beta"},{"weight":16.0,"label":"range"},{"weight":15.0,"label":"cohort"}]},{"conceptId":0,"clusterId":0,"hexCoordinates":{"x":-0.8660254037844386,"y":1.5},"labels":[{"weight":124.0,"label":"diabetic"},{"weight":111.0,"label":"control"},{"weight":74.0,"label":"case"},{"weight":59.0,"label":"study"},{"weight":52.0,"label":"diabetes"},{"weight":46.0,"label":"cohort"},{"weight":45.0,"label":"association"},{"weight":44.0,"label":"retinopathy"},{"weight":37.0,"label":"psoriasis"},{"weight":37.0,"label":"causal"},{"weight":37.0,"label":"type"},{"weight":36.0,"label":"level"},{"weight":35.0,"label":"patient"},{"weight":31.0,"label":"cataract"},{"weight":31.0,"label":"record"},{"weight":30.0,"label":"result"},{"weight":29.0,"label":"associate"},{"weight":29.0,"label":"individual"},{"weight":28.0,"label":"health"},{"weight":28.0,"label":"conclusion"},{"weight":27.0,"label":"hla"},{"weight":27.0,"label":"approach"},{"weight":27.0,"label":"identify"},{"weight":26.0,"label":"tayside"},{"weight":26.0,"label":"neuropathy"}]},{"conceptId":1,"clusterId":0,"hexCoordinates":{"x":0.8660254037844386,"y":-1.5},"labels":[{"weight":414.0,"label":"variant"},{"weight":157.0,"label":"association"},{"weight":139.0,"label":"associate"},{"weight":130.0,"label":"frequency"},{"weight":104.0,"label":"crc"},{"weight":102.0,"label":"locus"},{"weight":100.0,"label":"gene"},{"weight":98.0,"label":"identify"},{"weight":96.0,"label":"rare"},{"weight":89.0,"label":"low"},{"weight":77.0,"label":"genome"},{"weight":73.0,"label":"control"},{"weight":71.0,"label":"allele"},{"weight":71.0,"label":"imputation"},{"weight":69.0,"label":"code"},{"weight":62.0,"label":"common"},{"weight":62.0,"label":"study"},{"weight":60.0,"label":"risk"},{"weight":53.0,"label":"maf"},{"weight":52.0,"label":"case"},{"weight":50.0,"label":"sequencing"},{"weight":48.0,"label":"cad"},{"weight":48.0,"label":"population"},{"weight":45.0,"label":"trait"},{"weight":45.0,"label":"wide"}]},{"conceptId":3,"clusterId":0,"hexCoordinates":{"x":0.0,"y":-3.0},"labels":[{"weight":1002.0,"label":"mutation"},{"weight":452.0,"label":"variant"},{"weight":401.0,"label":"gene"},{"weight":375.0,"label":"patient"},{"weight":370.0,"label":"disorder"},{"weight":289.0,"label":"syndrome"},{"weight":278.0,"label":"genetic"},{"weight":255.0,"label":"phenotype"},{"weight":230.0,"label":"family"},{"weight":229.0,"label":"individual"},{"weight":229.0,"label":"identify"},{"weight":179.0,"label":"rare"},{"weight":169.0,"label":"associate"},{"weight":163.0,"label":"report"},{"weight":162.0,"label":"clinical"},{"weight":161.0,"label":"sequencing"},{"weight":150.0,"label":"missense"},{"weight":147.0,"label":"case"},{"weight":141.0,"label":"result"},{"weight":139.0,"label":"affect"},{"weight":125.0,"label":"feature"},{"weight":121.0,"label":"severe"},{"weight":117.0,"label":"pathogenic"},{"weight":113.0,"label":"function"},{"weight":113.0,"label":"developmental"}]},{"conceptId":8,"clusterId":0,"hexCoordinates":{"x":-2.598076211353316,"y":-1.5},"labels":[{"weight":137.0,"label":"prediction"},{"weight":124.0,"label":"genomic"},{"weight":116.0,"label":"accuracy"},{"weight":91.0,"label":"population"},{"weight":87.0,"label":"snp"},{"weight":67.0,"label":"selection"},{"weight":63.0,"label":"trait"},{"weight":58.0,"label":"pedigree"},{"weight":58.0,"label":"genotype"},{"weight":58.0,"label":"density"},{"weight":55.0,"label":"marker"},{"weight":39.0,"label":"baye"},{"weight":36.0,"label":"gwa"},{"weight":36.0,"label":"set"},{"weight":33.0,"label":"base"},{"weight":31.0,"label":"individual"},{"weight":30.0,"label":"compare"},{"weight":30.0,"label":"low"},{"weight":29.0,"label":"method"},{"weight":28.0,"label":"number"},{"weight":28.0,"label":"relationship"},{"weight":27.0,"label":"training"},{"weight":26.0,"label":"wide"},{"weight":25.0,"label":"animal"},{"weight":24.0,"label":"gblup"}]},{"conceptId":5,"clusterId":0,"hexCoordinates":{"x":-1.7320508075688772,"y":-3.0},"labels":[{"weight":707.0,"label":"genetic"},{"weight":620.0,"label":"trait"},{"weight":568.0,"label":"selection"},{"weight":504.0,"label":"breed"},{"weight":425.0,"label":"genomic"},{"weight":306.0,"label":"resistance"},{"weight":301.0,"label":"snp"},{"weight":234.0,"label":"region"},{"weight":224.0,"label":"genotype"},{"weight":196.0,"label":"qtl"},{"weight":193.0,"label":"breeding"},{"weight":172.0,"label":"marker"},{"weight":164.0,"label":"genome"},{"weight":164.0,"label":"animal"},{"weight":163.0,"label":"study"},{"weight":163.0,"label":"population"},{"weight":138.0,"label":"variation"},{"weight":136.0,"label":"high"},{"weight":134.0,"label":"density"},{"weight":133.0,"label":"result"},{"weight":131.0,"label":"candidate"},{"weight":127.0,"label":"heritability"},{"weight":118.0,"label":"pedigree"},{"weight":116.0,"label":"identify"},{"weight":115.0,"label":"data"}]},{"conceptId":6,"clusterId":0,"hexCoordinates":{"x":0.8660254037844386,"y":1.5},"labels":[{"weight":822.0,"label":"association"},{"weight":759.0,"label":"genetic"},{"weight":661.0,"label":"variant"},{"weight":653.0,"label":"locus"},{"weight":650.0,"label":"analysis"},{"weight":526.0,"label":"gene"},{"weight":510.0,"label":"identify"},{"weight":493.0,"label":"study"},{"weight":479.0,"label":"associate"},{"weight":431.0,"label":"wide"},{"weight":428.0,"label":"genome"},{"weight":353.0,"label":"meta"},{"weight":268.0,"label":"individual"},{"weight":258.0,"label":"snp"},{"weight":236.0,"label":"trait"},{"weight":232.0,"label":"risk"},{"weight":229.0,"label":"ancestry"},{"weight":221.0,"label":"disease"},{"weight":199.0,"label":"interaction"},{"weight":190.0,"label":"effect"},{"weight":189.0,"label":"european"},{"weight":183.0,"label":"include"},{"weight":181.0,"label":"gwa"},{"weight":161.0,"label":"causal"},{"weight":152.0,"label":"cohort"}]},{"conceptId":7,"clusterId":0,"hexCoordinates":{"x":-0.8660254037844386,"y":-1.5},"labels":[{"weight":642.0,"label":"genetic"},{"weight":334.0,"label":"mdd"},{"weight":200.0,"label":"study"},{"weight":186.0,"label":"risk"},{"weight":172.0,"label":"heritability"},{"weight":158.0,"label":"cohort"},{"weight":153.0,"label":"polygenic"},{"weight":152.0,"label":"association"},{"weight":145.0,"label":"associate"},{"weight":142.0,"label":"family"},{"weight":136.0,"label":"effect"},{"weight":132.0,"label":"correlation"},{"weight":130.0,"label":"base"},{"weight":126.0,"label":"depression"},{"weight":123.0,"label":"trait"},{"weight":123.0,"label":"estimate"},{"weight":117.0,"label":"environmental"},{"weight":114.0,"label":"common"},{"weight":112.0,"label":"analysis"},{"weight":99.0,"label":"sfh"},{"weight":96.0,"label":"generation"},{"weight":94.0,"label":"significant"},{"weight":94.0,"label":"factor"},{"weight":90.0,"label":"genome"},{"weight":88.0,"label":"score"}]}]}