[{"topicData":[{"numberOfDocuments":0.0,"label":"Heriot-Watt University"},{"numberOfDocuments":0.0,"label":"Robert Gordon University"},{"numberOfDocuments":0.0,"label":"Glasgow Caledonian University"},{"numberOfDocuments":0.0,"label":"Queen Margaret University"},{"numberOfDocuments":0.0,"label":"University of Dundee"},{"numberOfDocuments":0.0,"label":"University of the Highlands and Islands"},{"numberOfDocuments":0.0,"label":"Edinburgh Napier University"},{"numberOfDocuments":0.0,"label":"University of Stirling"},{"numberOfDocuments":0.0,"label":"Abertay University"},{"numberOfDocuments":0.0,"label":"University of Aberdeen"},{"numberOfDocuments":0.0,"label":"University of Edinburgh"},{"numberOfDocuments":0.0,"label":"University of the West of Scotland"},{"numberOfDocuments":0.0,"label":"University of Glasgow"},{"numberOfDocuments":0.0,"label":"University of St Andrews"},{"numberOfDocuments":0.0,"label":"University of Strathclyde"}],"conceptId":-1},{"topicData":[{"numberOfDocuments":22.581730123020744,"label":"Heriot-Watt University"},{"numberOfDocuments":0.7141095863743269,"label":"Robert Gordon University"},{"numberOfDocuments":4.486580214420398,"label":"Glasgow Caledonian University"},{"numberOfDocuments":0.32263382045464967,"label":"Queen Margaret University"},{"numberOfDocuments":0.8676081478755412,"label":"University of Dundee"},{"numberOfDocuments":0.5572912198740133,"label":"University of the Highlands and Islands"},{"numberOfDocuments":2.971189896314437,"label":"Edinburgh Napier University"},{"numberOfDocuments":1.489278290164627,"label":"University of Stirling"},{"numberOfDocuments":0.36810367708817165,"label":"Abertay University"},{"numberOfDocuments":4.276857785692769,"label":"University of Aberdeen"},{"numberOfDocuments":41.69216779968497,"label":"University of Edinburgh"},{"numberOfDocuments":1.5437558783331693,"label":"University of the West of Scotland"},{"numberOfDocuments":45.15243644036661,"label":"University of Glasgow"},{"numberOfDocuments":4.469192892767535,"label":"University of St Andrews"},{"numberOfDocuments":52.47811650714176,"label":"University of Strathclyde"}],"conceptId":0},{"topicData":[{"numberOfDocuments":44.513004361714216,"label":"Heriot-Watt University"},{"numberOfDocuments":1.6729721898515368,"label":"Robert Gordon University"},{"numberOfDocuments":1.450706466687806,"label":"Glasgow Caledonian University"},{"numberOfDocuments":0.2978283199760812,"label":"Queen Margaret University"},{"numberOfDocuments":1.1718002555645728,"label":"University of Dundee"},{"numberOfDocuments":0.1432425684125821,"label":"University of the Highlands and Islands"},{"numberOfDocuments":2.682700056722019,"label":"Edinburgh Napier University"},{"numberOfDocuments":1.1913818868157302,"label":"University of Stirling"},{"numberOfDocuments":0.2637920252781793,"label":"Abertay University"},{"numberOfDocuments":3.132992516521975,"label":"University of Aberdeen"},{"numberOfDocuments":58.212874891312524,"label":"University of Edinburgh"},{"numberOfDocuments":2.493876469545053,"label":"University of the West of Scotland"},{"numberOfDocuments":60.16748947628784,"label":"University of Glasgow"},{"numberOfDocuments":3.1237748904608056,"label":"University of St Andrews"},{"numberOfDocuments":12.244850416728795,"label":"University of Strathclyde"}],"conceptId":1},{"topicData":[{"numberOfDocuments":3.2802253629247184,"label":"Heriot-Watt University"},{"numberOfDocuments":2.8484718250656944,"label":"Robert Gordon University"},{"numberOfDocuments":3.9068222815053404,"label":"Glasgow Caledonian University"},{"numberOfDocuments":0.27004047249416885,"label":"Queen Margaret University"},{"numberOfDocuments":0.3672365635744413,"label":"University of Dundee"},{"numberOfDocuments":0.04736698119051061,"label":"University of the Highlands and Islands"},{"numberOfDocuments":3.82115763740565,"label":"Edinburgh Napier University"},{"numberOfDocuments":0.8292917807972355,"label":"University of Stirling"},{"numberOfDocuments":0.12108884905901934,"label":"Abertay University"},{"numberOfDocuments":5.180636537944326,"label":"University of Aberdeen"},{"numberOfDocuments":7.109604412596521,"label":"University of Edinburgh"},{"numberOfDocuments":0.5197135273772018,"label":"University of the West of Scotland"},{"numberOfDocuments":7.1954841850280475,"label":"University of Glasgow"},{"numberOfDocuments":1.251146089817391,"label":"University of St Andrews"},{"numberOfDocuments":102.03142017110243,"label":"University of Strathclyde"}],"conceptId":2},{"topicData":[{"numberOfDocuments":16.92606554278236,"label":"Heriot-Watt University"},{"numberOfDocuments":3.4579530709286304,"label":"Robert Gordon University"},{"numberOfDocuments":2.969756658150149,"label":"Glasgow Caledonian University"},{"numberOfDocuments":0.5730577306680241,"label":"Queen Margaret University"},{"numberOfDocuments":1.7330169959344284,"label":"University of Dundee"},{"numberOfDocuments":0.6846829510895868,"label":"University of the Highlands and Islands"},{"numberOfDocuments":3.725782604886338,"label":"Edinburgh Napier University"},{"numberOfDocuments":1.8545867403712915,"label":"University of Stirling"},{"numberOfDocuments":0.3826005343732938,"label":"Abertay University"},{"numberOfDocuments":2.295767522373908,"label":"University of Aberdeen"},{"numberOfDocuments":19.445414631233902,"label":"University of Edinburgh"},{"numberOfDocuments":3.9939685595464383,"label":"University of the West of Scotland"},{"numberOfDocuments":23.374434912385848,"label":"University of Glasgow"},{"numberOfDocuments":4.678973523655993,"label":"University of St Andrews"},{"numberOfDocuments":35.29449428136196,"label":"University of Strathclyde"}],"conceptId":3},{"topicData":[{"numberOfDocuments":3.437983066635886,"label":"Heriot-Watt University"},{"numberOfDocuments":1.2089473262047004,"label":"Robert Gordon University"},{"numberOfDocuments":0.7723620308914254,"label":"Glasgow Caledonian University"},{"numberOfDocuments":0.5441057666962849,"label":"Queen Margaret University"},{"numberOfDocuments":2.8406307057322446,"label":"University of Dundee"},{"numberOfDocuments":0.40228794004683366,"label":"University of the Highlands and Islands"},{"numberOfDocuments":2.1862405207950135,"label":"Edinburgh Napier University"},{"numberOfDocuments":1.6331120190796489,"label":"University of Stirling"},{"numberOfDocuments":0.7846495461252365,"label":"Abertay University"},{"numberOfDocuments":8.185565297768862,"label":"University of Aberdeen"},{"numberOfDocuments":10.826728661000551,"label":"University of Edinburgh"},{"numberOfDocuments":1.4284185098209654,"label":"University of the West of Scotland"},{"numberOfDocuments":14.664871143031913,"label":"University of Glasgow"},{"numberOfDocuments":1.9589886772546068,"label":"University of St Andrews"},{"numberOfDocuments":20.72915260532413,"label":"University of Strathclyde"}],"conceptId":4},{"topicData":[{"numberOfDocuments":5.484881249308112,"label":"Heriot-Watt University"},{"numberOfDocuments":3.8937187145794203,"label":"Robert Gordon University"},{"numberOfDocuments":8.31870167382508,"label":"Glasgow Caledonian University"},{"numberOfDocuments":0.38887122821058107,"label":"Queen Margaret University"},{"numberOfDocuments":2.077844329289589,"label":"University of Dundee"},{"numberOfDocuments":0.8392618891777618,"label":"University of the Highlands and Islands"},{"numberOfDocuments":2.983640744223984,"label":"Edinburgh Napier University"},{"numberOfDocuments":2.511955648959697,"label":"University of Stirling"},{"numberOfDocuments":0.14839920327903247,"label":"Abertay University"},{"numberOfDocuments":6.076207155766101,"label":"University of Aberdeen"},{"numberOfDocuments":27.514278650109134,"label":"University of Edinburgh"},{"numberOfDocuments":1.282344759497754,"label":"University of the West of Scotland"},{"numberOfDocuments":10.340580563659861,"label":"University of Glasgow"},{"numberOfDocuments":1.964457478631881,"label":"University of St Andrews"},{"numberOfDocuments":127.51194243811852,"label":"University of Strathclyde"}],"conceptId":5},{"topicData":[{"numberOfDocuments":3.322951993791925,"label":"Heriot-Watt University"},{"numberOfDocuments":0.5838072975997838,"label":"Robert Gordon University"},{"numberOfDocuments":0.33678075771283844,"label":"Glasgow Caledonian University"},{"numberOfDocuments":0.7724290516628347,"label":"Queen Margaret University"},{"numberOfDocuments":2.7906163542849374,"label":"University of Dundee"},{"numberOfDocuments":0.3164708581467319,"label":"University of the Highlands and Islands"},{"numberOfDocuments":3.7066408416531145,"label":"Edinburgh Napier University"},{"numberOfDocuments":5.034942380449655,"label":"University of Stirling"},{"numberOfDocuments":0.7569140917070173,"label":"Abertay University"},{"numberOfDocuments":11.631762354256214,"label":"University of Aberdeen"},{"numberOfDocuments":20.666123899713682,"label":"University of Edinburgh"},{"numberOfDocuments":0.919975084666367,"label":"University of the West of Scotland"},{"numberOfDocuments":12.699395808020762,"label":"University of Glasgow"},{"numberOfDocuments":4.682948079182287,"label":"University of St Andrews"},{"numberOfDocuments":17.920128157570925,"label":"University of Strathclyde"}],"conceptId":6},{"topicData":[{"numberOfDocuments":4.008698668201492,"label":"Heriot-Watt University"},{"numberOfDocuments":6.174966161369128,"label":"Robert Gordon University"},{"numberOfDocuments":10.67356979719798,"label":"Glasgow Caledonian University"},{"numberOfDocuments":0.03985204553186237,"label":"Queen Margaret University"},{"numberOfDocuments":1.2035790586870225,"label":"University of Dundee"},{"numberOfDocuments":0.312315090604868,"label":"University of the Highlands and Islands"},{"numberOfDocuments":6.6821258441461575,"label":"Edinburgh Napier University"},{"numberOfDocuments":0.3370896039347985,"label":"University of Stirling"},{"numberOfDocuments":0.024993087557603686,"label":"Abertay University"},{"numberOfDocuments":8.231062864562714,"label":"University of Aberdeen"},{"numberOfDocuments":14.982168155559421,"label":"University of Edinburgh"},{"numberOfDocuments":0.9758977757476168,"label":"University of the West of Scotland"},{"numberOfDocuments":6.9752966837872385,"label":"University of Glasgow"},{"numberOfDocuments":1.4714083453428932,"label":"University of St Andrews"},{"numberOfDocuments":106.06580470959626,"label":"University of Strathclyde"}],"conceptId":7},{"topicData":[{"numberOfDocuments":1.393881787799444,"label":"Heriot-Watt University"},{"numberOfDocuments":0.1909681424192096,"label":"Robert Gordon University"},{"numberOfDocuments":0.9341854101869186,"label":"Glasgow Caledonian University"},{"numberOfDocuments":0.1030886416087894,"label":"Queen Margaret University"},{"numberOfDocuments":0.17095160111626284,"label":"University of Dundee"},{"numberOfDocuments":0.12442281525212635,"label":"University of the Highlands and Islands"},{"numberOfDocuments":1.5986435023241758,"label":"Edinburgh Napier University"},{"numberOfDocuments":0.8479127373307545,"label":"University of Stirling"},{"numberOfDocuments":0.03627873563218391,"label":"Abertay University"},{"numberOfDocuments":1.3088586470745107,"label":"University of Aberdeen"},{"numberOfDocuments":3.4044991738185852,"label":"University of Edinburgh"},{"numberOfDocuments":8.698887364910567,"label":"University of the West of Scotland"},{"numberOfDocuments":14.803789726171374,"label":"University of Glasgow"},{"numberOfDocuments":5.1780465444734975,"label":"University of St Andrews"},{"numberOfDocuments":3.7394388830004592,"label":"University of Strathclyde"}],"conceptId":8},{"topicData":[{"numberOfDocuments":0.8652234800739448,"label":"Heriot-Watt University"},{"numberOfDocuments":4.103372336018385,"label":"Robert Gordon University"},{"numberOfDocuments":4.7222882296344455,"label":"Glasgow Caledonian University"},{"numberOfDocuments":0.08044260815370399,"label":"Queen Margaret University"},{"numberOfDocuments":0.20636800151944112,"label":"University of Dundee"},{"numberOfDocuments":0.07861701152225008,"label":"University of the Highlands and Islands"},{"numberOfDocuments":0.7232991398110066,"label":"Edinburgh Napier University"},{"numberOfDocuments":0.4137037683896213,"label":"University of Stirling"},{"numberOfDocuments":0.0,"label":"Abertay University"},{"numberOfDocuments":7.31583460628261,"label":"University of Aberdeen"},{"numberOfDocuments":6.061996147111728,"label":"University of Edinburgh"},{"numberOfDocuments":0.10112359550561797,"label":"University of the West of Scotland"},{"numberOfDocuments":1.980613707529346,"label":"University of Glasgow"},{"numberOfDocuments":0.4554391470215414,"label":"University of St Andrews"},{"numberOfDocuments":52.082084601632985,"label":"University of Strathclyde"}],"conceptId":9},{"topicData":[{"numberOfDocuments":11.960088932568816,"label":"Heriot-Watt University"},{"numberOfDocuments":4.849007021245301,"label":"Robert Gordon University"},{"numberOfDocuments":14.27285000493525,"label":"Glasgow Caledonian University"},{"numberOfDocuments":0.5188641453317672,"label":"Queen Margaret University"},{"numberOfDocuments":2.901700395992657,"label":"University of Dundee"},{"numberOfDocuments":0.586051094571828,"label":"University of the Highlands and Islands"},{"numberOfDocuments":41.325339424775564,"label":"Edinburgh Napier University"},{"numberOfDocuments":10.20149430670187,"label":"University of Stirling"},{"numberOfDocuments":0.44778201394567974,"label":"Abertay University"},{"numberOfDocuments":4.9678433462645994,"label":"University of Aberdeen"},{"numberOfDocuments":46.961250046952436,"label":"University of Edinburgh"},{"numberOfDocuments":10.693645402227155,"label":"University of the West of Scotland"},{"numberOfDocuments":89.38684682520716,"label":"University of Glasgow"},{"numberOfDocuments":6.665282800258056,"label":"University of St Andrews"},{"numberOfDocuments":31.380201840836314,"label":"University of Strathclyde"}],"conceptId":10},{"topicData":[{"numberOfDocuments":6.560322343301946,"label":"Heriot-Watt University"},{"numberOfDocuments":0.0,"label":"Robert Gordon University"},{"numberOfDocuments":8.20851430865325,"label":"Glasgow Caledonian University"},{"numberOfDocuments":0.061416645983779564,"label":"Queen Margaret University"},{"numberOfDocuments":0.1630899817360815,"label":"University of Dundee"},{"numberOfDocuments":0.10532863363052042,"label":"University of the Highlands and Islands"},{"numberOfDocuments":0.8870532396268932,"label":"Edinburgh Napier University"},{"numberOfDocuments":0.18184778911405958,"label":"University of Stirling"},{"numberOfDocuments":0.0,"label":"Abertay University"},{"numberOfDocuments":0.2542579109066621,"label":"University of Aberdeen"},{"numberOfDocuments":11.795146076760979,"label":"University of Edinburgh"},{"numberOfDocuments":0.33293692986675444,"label":"University of the West of Scotland"},{"numberOfDocuments":6.345100910962438,"label":"University of Glasgow"},{"numberOfDocuments":0.8673647306471071,"label":"University of St Andrews"},{"numberOfDocuments":9.751168990994174,"label":"University of Strathclyde"}],"conceptId":11}]