{"linkageTable":[{"node2":8,"distance":0.441932745156095,"node1":6},{"node2":14,"distance":0.4638287786266,"node1":3},{"node2":11,"distance":0.489208923147965,"node1":10},{"node2":15,"distance":0.4914106292643267,"node1":1},{"node2":5,"distance":0.49207375476252,"node1":0},{"node2":13,"distance":0.49500439143907,"node1":4},{"node2":2,"distance":0.49588728377471497,"node1":17},{"node2":19,"distance":0.49672032778409597,"node1":20},{"node2":9,"distance":0.49776495224630285,"node1":21},{"node2":22,"distance":0.4981884336345397,"node1":18},{"node2":7,"distance":0.4987128633190525,"node1":23},{"node2":16,"distance":0.4988574206372504,"node1":24},{"node2":12,"distance":0.5,"node1":25}],"conceptsData":[{"conceptId":1,"clusterId":0,"hexCoordinates":{"x":2.598076211353316,"y":-1.5},"labels":[{"weight":571.0,"label":"violence"},{"weight":550.0,"label":"sexual"},{"weight":309.0,"label":"woman"},{"weight":173.0,"label":"gender"},{"weight":146.0,"label":"young"},{"weight":132.0,"label":"behaviour"},{"weight":110.0,"label":"man"},{"weight":110.0,"label":"partner"},{"weight":104.0,"label":"violent"},{"weight":101.0,"label":"report"},{"weight":100.0,"label":"female"},{"weight":99.0,"label":"male"},{"weight":97.0,"label":"victim"},{"weight":94.0,"label":"girl"},{"weight":79.0,"label":"gang"},{"weight":78.0,"label":"relationship"},{"weight":76.0,"label":"experience"},{"weight":75.0,"label":"people"},{"weight":71.0,"label":"research"},{"weight":67.0,"label":"public"},{"weight":64.0,"label":"rape"},{"weight":64.0,"label":"risk"},{"weight":64.0,"label":"issue"},{"weight":57.0,"label":"sexuality"},{"weight":57.0,"label":"crime"}]},{"conceptId":6,"clusterId":0,"hexCoordinates":{"x":0.0,"y":0.0},"labels":[{"weight":251.0,"label":"hormone"},{"weight":222.0,"label":"androgen"},{"weight":219.0,"label":"testosterone"},{"weight":174.0,"label":"steroid"},{"weight":166.0,"label":"level"},{"weight":155.0,"label":"igf"},{"weight":135.0,"label":"estrogen"},{"weight":115.0,"label":"progesterone"},{"weight":115.0,"label":"estradiol"},{"weight":111.0,"label":"woman"},{"weight":88.0,"label":"cycle"},{"weight":85.0,"label":"change"},{"weight":84.0,"label":"reproductive"},{"weight":77.0,"label":"endocrine"},{"weight":70.0,"label":"igfbp"},{"weight":67.0,"label":"increase"},{"weight":59.0,"label":"development"},{"weight":58.0,"label":"phase"},{"weight":57.0,"label":"pth"},{"weight":53.0,"label":"dhea"},{"weight":53.0,"label":"dsd"},{"weight":53.0,"label":"man"},{"weight":52.0,"label":"hormonal"},{"weight":51.0,"label":"low"},{"weight":50.0,"label":"dht"}]},{"conceptId":7,"clusterId":0,"hexCoordinates":{"x":-1.7320508075688772,"y":0.0},"labels":[{"weight":223.0,"label":"fetal"},{"weight":117.0,"label":"fetus"},{"weight":92.0,"label":"placenta"},{"weight":90.0,"label":"placental"},{"weight":72.0,"label":"human"},{"weight":64.0,"label":"agd"},{"weight":59.0,"label":"maternal"},{"weight":57.0,"label":"sex"},{"weight":54.0,"label":"study"},{"weight":40.0,"label":"increase"},{"weight":39.0,"label":"male"},{"weight":37.0,"label":"exposure"},{"weight":33.0,"label":"growth"},{"weight":33.0,"label":"level"},{"weight":32.0,"label":"gestation"},{"weight":31.0,"label":"cuban"},{"weight":31.0,"label":"transporter"},{"weight":30.0,"label":"associate"},{"weight":28.0,"label":"trimester"},{"weight":28.0,"label":"adrenal"},{"weight":28.0,"label":"data"},{"weight":26.0,"label":"female"},{"weight":25.0,"label":"weight"},{"weight":25.0,"label":"reduce"},{"weight":24.0,"label":"week"}]},{"conceptId":-1,"clusterId":-1,"hexCoordinates":{"x":6.928203230275509,"y":3.0},"labels":[{"weight":2500,"label":"Unclassified"},{"weight":0,"label":""},{"weight":0,"label":""},{"weight":0,"label":""},{"weight":0,"label":""},{"weight":0,"label":""},{"weight":0,"label":""},{"weight":0,"label":""},{"weight":0,"label":""},{"weight":0,"label":""},{"weight":0,"label":""}]},{"conceptId":8,"clusterId":0,"hexCoordinates":{"x":1.7320508075688772,"y":0.0},"labels":[{"weight":592.0,"label":"face"},{"weight":524.0,"label":"facial"},{"weight":395.0,"label":"attractiveness"},{"weight":380.0,"label":"preference"},{"weight":253.0,"label":"cue"},{"weight":240.0,"label":"dominance"},{"weight":227.0,"label":"woman"},{"weight":188.0,"label":"perception"},{"weight":183.0,"label":"study"},{"weight":182.0,"label":"perceive"},{"weight":171.0,"label":"relationship"},{"weight":164.0,"label":"masculinity"},{"weight":155.0,"label":"man"},{"weight":154.0,"label":"mate"},{"weight":150.0,"label":"attractive"},{"weight":147.0,"label":"participant"},{"weight":138.0,"label":"rating"},{"weight":136.0,"label":"odour"},{"weight":135.0,"label":"suggest"},{"weight":134.0,"label":"impression"},{"weight":134.0,"label":"find"},{"weight":131.0,"label":"trait"},{"weight":131.0,"label":"social"},{"weight":119.0,"label":"male"},{"weight":105.0,"label":"individual"}]},{"conceptId":9,"clusterId":0,"hexCoordinates":{"x":1.7320508075688772,"y":-3.0},"labels":[{"weight":267.0,"label":"worker"},{"weight":184.0,"label":"marriage"},{"weight":119.0,"label":"melanoma"},{"weight":48.0,"label":"divorce"},{"weight":43.0,"label":"partnership"},{"weight":41.0,"label":"marry"},{"weight":35.0,"label":"married"},{"weight":35.0,"label":"marital"},{"weight":34.0,"label":"injury"},{"weight":34.0,"label":"individual"},{"weight":33.0,"label":"cohabitation"},{"weight":30.0,"label":"office"},{"weight":26.0,"label":"slaughterhouse"},{"weight":26.0,"label":"couple"},{"weight":25.0,"label":"work"},{"weight":24.0,"label":"woman"},{"weight":21.0,"label":"sharp"},{"weight":20.0,"label":"prompt"},{"weight":18.0,"label":"occupational"},{"weight":17.0,"label":"tsse"},{"weight":17.0,"label":"spousal"},{"weight":17.0,"label":"protective"},{"weight":17.0,"label":"highest"},{"weight":16.0,"label":"athenian"},{"weight":16.0,"label":"breakdown"}]},{"conceptId":13,"clusterId":0,"hexCoordinates":{"x":2.598076211353316,"y":1.5},"labels":[{"weight":1647.0,"label":"hiv"},{"weight":319.0,"label":"art"},{"weight":242.0,"label":"man"},{"weight":235.0,"label":"testing"},{"weight":230.0,"label":"sexual"},{"weight":180.0,"label":"gay"},{"weight":172.0,"label":"msm"},{"weight":161.0,"label":"infection"},{"weight":159.0,"label":"risk"},{"weight":130.0,"label":"sex"},{"weight":130.0,"label":"positive"},{"weight":107.0,"label":"live"},{"weight":101.0,"label":"test"},{"weight":101.0,"label":"aid"},{"weight":100.0,"label":"antiretroviral"},{"weight":99.0,"label":"people"},{"weight":94.0,"label":"prevention"},{"weight":89.0,"label":"treatment"},{"weight":88.0,"label":"lgbt"},{"weight":75.0,"label":"lesbian"},{"weight":75.0,"label":"transmission"},{"weight":73.0,"label":"bisexual"},{"weight":71.0,"label":"african"},{"weight":67.0,"label":"individual"},{"weight":66.0,"label":"queer"}]},{"conceptId":2,"clusterId":0,"hexCoordinates":{"x":3.4641016151377544,"y":0.0},"labels":[{"weight":497.0,"label":"woman"},{"weight":194.0,"label":"gender"},{"weight":142.0,"label":"work"},{"weight":102.0,"label":"female"},{"weight":85.0,"label":"workplace"},{"weight":84.0,"label":"job"},{"weight":82.0,"label":"gendered"},{"weight":72.0,"label":"worker"},{"weight":69.0,"label":"experience"},{"weight":68.0,"label":"man"},{"weight":60.0,"label":"research"},{"weight":59.0,"label":"employee"},{"weight":59.0,"label":"career"},{"weight":54.0,"label":"employment"},{"weight":53.0,"label":"pay"},{"weight":53.0,"label":"manager"},{"weight":49.0,"label":"identity"},{"weight":48.0,"label":"tattoo"},{"weight":48.0,"label":"occupation"},{"weight":40.0,"label":"equality"},{"weight":40.0,"label":"sector"},{"weight":40.0,"label":"group"},{"weight":40.0,"label":"data"},{"weight":38.0,"label":"male"},{"weight":38.0,"label":"focus"}]},{"conceptId":11,"clusterId":0,"hexCoordinates":{"x":-0.8660254037844386,"y":-1.5},"labels":[{"weight":188.0,"label":"woman"},{"weight":182.0,"label":"veteran"},{"weight":111.0,"label":"ovarian"},{"weight":97.0,"label":"follicle"},{"weight":96.0,"label":"ivf"},{"weight":90.0,"label":"amh"},{"weight":79.0,"label":"pco"},{"weight":78.0,"label":"cycle"},{"weight":70.0,"label":"birth"},{"weight":61.0,"label":"live"},{"weight":58.0,"label":"oocyte"},{"weight":56.0,"label":"hcg"},{"weight":55.0,"label":"gnrh"},{"weight":47.0,"label":"gonadotropin"},{"weight":46.0,"label":"compare"},{"weight":43.0,"label":"rate"},{"weight":42.0,"label":"hormone"},{"weight":39.0,"label":"pregnancy"},{"weight":37.0,"label":"ohss"},{"weight":36.0,"label":"afc"},{"weight":35.0,"label":"stimulation"},{"weight":33.0,"label":"treatment"},{"weight":32.0,"label":"fsh"},{"weight":32.0,"label":"maturation"},{"weight":29.0,"label":"gnrha"}]},{"conceptId":12,"clusterId":0,"hexCoordinates":{"x":2.598076211353316,"y":-4.5},"labels":[{"weight":60.0,"label":"gnih"},{"weight":33.0,"label":"gnrh"},{"weight":31.0,"label":"klf"},{"weight":26.0,"label":"hbd"},{"weight":24.0,"label":"sbgnih"},{"weight":22.0,"label":"kiss"},{"weight":21.0,"label":"rbc"},{"weight":18.0,"label":"hoxb"},{"weight":18.0,"label":"gjb"},{"weight":18.0,"label":"bass"},{"weight":18.0,"label":"peptide"},{"weight":17.0,"label":"gonadotropin"},{"weight":17.0,"label":"stage"},{"weight":15.0,"label":"motivationally"},{"weight":15.0,"label":"inhibitory"},{"weight":15.0,"label":"sea"},{"weight":15.0,"label":"category"},{"weight":12.0,"label":"een"},{"weight":12.0,"label":"reproduction"},{"weight":11.0,"label":"gnrhr"},{"weight":10.0,"label":"polyi"},{"weight":9.0,"label":"sblpxrfa"},{"weight":9.0,"label":"breakaway"},{"weight":9.0,"label":"brain"},{"weight":9.0,"label":"study"}]},{"conceptId":0,"clusterId":0,"hexCoordinates":{"x":0.0,"y":3.0},"labels":[{"weight":58.0,"label":"clean"},{"weight":44.0,"label":"rating"},{"weight":40.0,"label":"masculinity"},{"weight":37.0,"label":"dominance"},{"weight":32.0,"label":"burrow"},{"weight":32.0,"label":"ascorbate"},{"weight":31.0,"label":"jaw"},{"weight":31.0,"label":"effect"},{"weight":29.0,"label":"face"},{"weight":28.0,"label":"king"},{"weight":28.0,"label":"royal"},{"weight":27.0,"label":"beard"},{"weight":24.0,"label":"shaven"},{"weight":22.0,"label":"stimulus"},{"weight":21.0,"label":"bearded"},{"weight":21.0,"label":"beardedness"},{"weight":20.0,"label":"facial"},{"weight":20.0,"label":"attractiveness"},{"weight":20.0,"label":"study"},{"weight":19.0,"label":"craniofacial"},{"weight":19.0,"label":"robert"},{"weight":17.0,"label":"oxt"},{"weight":17.0,"label":"bruce"},{"weight":17.0,"label":"size"},{"weight":17.0,"label":"significant"}]},{"conceptId":3,"clusterId":0,"hexCoordinates":{"x":0.8660254037844386,"y":-1.5},"labels":[{"weight":2456.0,"label":"woman"},{"weight":1944.0,"label":"man"},{"weight":935.0,"label":"gender"},{"weight":561.0,"label":"sex"},{"weight":297.0,"label":"sexual"},{"weight":218.0,"label":"female"},{"weight":217.0,"label":"difference"},{"weight":195.0,"label":"male"},{"weight":137.0,"label":"masculinity"},{"weight":122.0,"label":"report"},{"weight":114.0,"label":"partner"},{"weight":86.0,"label":"gendered"},{"weight":79.0,"label":"specific"},{"weight":76.0,"label":"masculine"},{"weight":73.0,"label":"desire"},{"weight":70.0,"label":"analysis"},{"weight":68.0,"label":"equality"},{"weight":60.0,"label":"partnership"},{"weight":60.0,"label":"study"},{"weight":59.0,"label":"ratio"},{"weight":56.0,"label":"function"},{"weight":54.0,"label":"greater"},{"weight":52.0,"label":"sexually"},{"weight":52.0,"label":"seek"},{"weight":50.0,"label":"past"}]},{"conceptId":4,"clusterId":0,"hexCoordinates":{"x":0.8660254037844386,"y":1.5},"labels":[{"weight":1229.0,"label":"woman"},{"weight":459.0,"label":"pregnancy"},{"weight":220.0,"label":"abortion"},{"weight":144.0,"label":"contraceptive"},{"weight":134.0,"label":"birth"},{"weight":120.0,"label":"pregnant"},{"weight":99.0,"label":"contraception"},{"weight":97.0,"label":"reproductive"},{"weight":93.0,"label":"fertility"},{"weight":75.0,"label":"experience"},{"weight":72.0,"label":"antenatal"},{"weight":72.0,"label":"partner"},{"weight":70.0,"label":"hormonal"},{"weight":54.0,"label":"pac"},{"weight":51.0,"label":"endometriosis"},{"weight":49.0,"label":"sexual"},{"weight":46.0,"label":"postnatal"},{"weight":43.0,"label":"maternity"},{"weight":38.0,"label":"satisfaction"},{"weight":35.0,"label":"childbirth"},{"weight":35.0,"label":"risk"},{"weight":34.0,"label":"unintended"},{"weight":34.0,"label":"evidence"},{"weight":34.0,"label":"include"},{"weight":30.0,"label":"oral"}]},{"conceptId":5,"clusterId":0,"hexCoordinates":{"x":-0.8660254037844386,"y":1.5},"labels":[{"weight":2175.0,"label":"female"},{"weight":1934.0,"label":"male"},{"weight":1067.0,"label":"sex"},{"weight":313.0,"label":"difference"},{"weight":275.0,"label":"gender"},{"weight":213.0,"label":"age"},{"weight":209.0,"label":"ratio"},{"weight":139.0,"label":"specific"},{"weight":125.0,"label":"adult"},{"weight":88.0,"label":"higher"},{"weight":88.0,"label":"find"},{"weight":86.0,"label":"lower"},{"weight":77.0,"label":"group"},{"weight":73.0,"label":"sexual"},{"weight":71.0,"label":"greater"},{"weight":66.0,"label":"determine"},{"weight":62.0,"label":"observe"},{"weight":59.0,"label":"determination"},{"weight":56.0,"label":"differ"},{"weight":55.0,"label":"sample"},{"weight":48.0,"label":"pattern"},{"weight":44.0,"label":"dimorphism"},{"weight":38.0,"label":"important"},{"weight":29.0,"label":"hermaphrodite"},{"weight":29.0,"label":"dimorphic"}]},{"conceptId":10,"clusterId":0,"hexCoordinates":{"x":-2.598076211353316,"y":-1.5},"labels":[{"weight":187.0,"label":"ovarian"},{"weight":161.0,"label":"germ"},{"weight":148.0,"label":"follicle"},{"weight":139.0,"label":"cell"},{"weight":123.0,"label":"oocyte"},{"weight":110.0,"label":"fertility"},{"weight":109.0,"label":"embryo"},{"weight":108.0,"label":"development"},{"weight":107.0,"label":"ovary"},{"weight":91.0,"label":"reproductive"},{"weight":83.0,"label":"tissue"},{"weight":74.0,"label":"pgc"},{"weight":71.0,"label":"human"},{"weight":61.0,"label":"germline"},{"weight":56.0,"label":"vitro"},{"weight":54.0,"label":"female"},{"weight":51.0,"label":"stage"},{"weight":50.0,"label":"culture"},{"weight":50.0,"label":"male"},{"weight":47.0,"label":"primordial"},{"weight":47.0,"label":"developmental"},{"weight":44.0,"label":"gonad"},{"weight":44.0,"label":"amh"},{"weight":44.0,"label":"grow"},{"weight":41.0,"label":"cryopreservation"}]}]}