[{"topicData":[{"numberOfDocuments":0.0,"label":"Heriot-Watt University"},{"numberOfDocuments":0.0,"label":"Robert Gordon University"},{"numberOfDocuments":0.0,"label":"Glasgow Caledonian University"},{"numberOfDocuments":0.0,"label":"Queen Margaret University"},{"numberOfDocuments":0.0,"label":"University of Dundee"},{"numberOfDocuments":0.0,"label":"University of the Highlands and Islands"},{"numberOfDocuments":0.0,"label":"Edinburgh Napier University"},{"numberOfDocuments":0.0,"label":"University of Stirling"},{"numberOfDocuments":0.0,"label":"Abertay University"},{"numberOfDocuments":0.0,"label":"University of Aberdeen"},{"numberOfDocuments":0.0,"label":"University of Edinburgh"},{"numberOfDocuments":0.0,"label":"University of the West of Scotland"},{"numberOfDocuments":0.0,"label":"University of Glasgow"},{"numberOfDocuments":0.0,"label":"University of St Andrews"},{"numberOfDocuments":0.0,"label":"University of Strathclyde"}],"conceptId":-1},{"topicData":[{"numberOfDocuments":0.13138757158876876,"label":"Heriot-Watt University"},{"numberOfDocuments":0.25858600491968387,"label":"Robert Gordon University"},{"numberOfDocuments":0.04093910491562729,"label":"Glasgow Caledonian University"},{"numberOfDocuments":0.1770281486547399,"label":"Queen Margaret University"},{"numberOfDocuments":0.6045465854513281,"label":"University of Dundee"},{"numberOfDocuments":1.6610490063581045,"label":"University of the Highlands and Islands"},{"numberOfDocuments":0.1266024359276161,"label":"Edinburgh Napier University"},{"numberOfDocuments":4.604084309915684,"label":"University of Stirling"},{"numberOfDocuments":0.5823272573796996,"label":"Abertay University"},{"numberOfDocuments":3.318961165722456,"label":"University of Aberdeen"},{"numberOfDocuments":3.859241383242016,"label":"University of Edinburgh"},{"numberOfDocuments":0.19131637943113355,"label":"University of the West of Scotland"},{"numberOfDocuments":2.1819082890879637,"label":"University of Glasgow"},{"numberOfDocuments":36.02554207584091,"label":"University of St Andrews"},{"numberOfDocuments":2.7336176441601787,"label":"University of Strathclyde"}],"conceptId":0},{"topicData":[{"numberOfDocuments":1.1161083332809267,"label":"Heriot-Watt University"},{"numberOfDocuments":0.05037039878608085,"label":"Robert Gordon University"},{"numberOfDocuments":0.0,"label":"Glasgow Caledonian University"},{"numberOfDocuments":0.06713936417293534,"label":"Queen Margaret University"},{"numberOfDocuments":0.6852482072971507,"label":"University of Dundee"},{"numberOfDocuments":0.17411300537311333,"label":"University of the Highlands and Islands"},{"numberOfDocuments":0.08767553584626755,"label":"Edinburgh Napier University"},{"numberOfDocuments":0.3554532330929097,"label":"University of Stirling"},{"numberOfDocuments":0.10532212885154062,"label":"Abertay University"},{"numberOfDocuments":1.2673720963649062,"label":"University of Aberdeen"},{"numberOfDocuments":22.13021768194783,"label":"University of Edinburgh"},{"numberOfDocuments":3.8280231620216076,"label":"University of the West of Scotland"},{"numberOfDocuments":62.638414934626766,"label":"University of Glasgow"},{"numberOfDocuments":3.600439782467556,"label":"University of St Andrews"},{"numberOfDocuments":43.74433233888959,"label":"University of Strathclyde"}],"conceptId":1},{"topicData":[{"numberOfDocuments":0.03225806451612903,"label":"Heriot-Watt University"},{"numberOfDocuments":0.12745098039215685,"label":"Robert Gordon University"},{"numberOfDocuments":0.011764705882352941,"label":"Glasgow Caledonian University"},{"numberOfDocuments":0.214725198755617,"label":"Queen Margaret University"},{"numberOfDocuments":0.2799554478042319,"label":"University of Dundee"},{"numberOfDocuments":0.5459641213640212,"label":"University of the Highlands and Islands"},{"numberOfDocuments":0.2735904289785801,"label":"Edinburgh Napier University"},{"numberOfDocuments":0.6105304518347996,"label":"University of Stirling"},{"numberOfDocuments":0.0,"label":"Abertay University"},{"numberOfDocuments":0.7566078477329173,"label":"University of Aberdeen"},{"numberOfDocuments":0.5809620928758322,"label":"University of Edinburgh"},{"numberOfDocuments":0.16666666666666666,"label":"University of the West of Scotland"},{"numberOfDocuments":0.6552969388992742,"label":"University of Glasgow"},{"numberOfDocuments":9.143141362512576,"label":"University of St Andrews"},{"numberOfDocuments":0.2576222321022949,"label":"University of Strathclyde"}],"conceptId":2},{"topicData":[{"numberOfDocuments":1.3557194669969543,"label":"Heriot-Watt University"},{"numberOfDocuments":0.06741074458812464,"label":"Robert Gordon University"},{"numberOfDocuments":0.0,"label":"Glasgow Caledonian University"},{"numberOfDocuments":0.007575757575757576,"label":"Queen Margaret University"},{"numberOfDocuments":0.3133988402839156,"label":"University of Dundee"},{"numberOfDocuments":0.23820663450113366,"label":"University of the Highlands and Islands"},{"numberOfDocuments":0.02015817901234568,"label":"Edinburgh Napier University"},{"numberOfDocuments":0.18229712823542657,"label":"University of Stirling"},{"numberOfDocuments":0.0,"label":"Abertay University"},{"numberOfDocuments":1.6561018266648644,"label":"University of Aberdeen"},{"numberOfDocuments":12.893461250343947,"label":"University of Edinburgh"},{"numberOfDocuments":4.384898081173878,"label":"University of the West of Scotland"},{"numberOfDocuments":31.906340934980683,"label":"University of Glasgow"},{"numberOfDocuments":2.221200563194012,"label":"University of St Andrews"},{"numberOfDocuments":21.841728359672974,"label":"University of Strathclyde"}],"conceptId":3},{"topicData":[{"numberOfDocuments":0.7090937260099676,"label":"Heriot-Watt University"},{"numberOfDocuments":0.0,"label":"Robert Gordon University"},{"numberOfDocuments":0.032753842277651796,"label":"Glasgow Caledonian University"},{"numberOfDocuments":3.759965335247313,"label":"Queen Margaret University"},{"numberOfDocuments":0.038300525518838516,"label":"University of Dundee"},{"numberOfDocuments":0.008695652173913044,"label":"University of the Highlands and Islands"},{"numberOfDocuments":0.05063291139240506,"label":"Edinburgh Napier University"},{"numberOfDocuments":0.22555473254528147,"label":"University of Stirling"},{"numberOfDocuments":0.051094890510948905,"label":"Abertay University"},{"numberOfDocuments":0.05263157894736842,"label":"University of Aberdeen"},{"numberOfDocuments":3.489045724906612,"label":"University of Edinburgh"},{"numberOfDocuments":0.19746914603595636,"label":"University of the West of Scotland"},{"numberOfDocuments":8.92830275765542,"label":"University of Glasgow"},{"numberOfDocuments":0.5972547403612951,"label":"University of St Andrews"},{"numberOfDocuments":1.2548170382826935,"label":"University of Strathclyde"}],"conceptId":4},{"topicData":[{"numberOfDocuments":0.4816469346108657,"label":"Heriot-Watt University"},{"numberOfDocuments":0.06324128164276863,"label":"Robert Gordon University"},{"numberOfDocuments":0.9098423005565862,"label":"Glasgow Caledonian University"},{"numberOfDocuments":0.1471945591450085,"label":"Queen Margaret University"},{"numberOfDocuments":1.2555394877767443,"label":"University of Dundee"},{"numberOfDocuments":0.013814698839565298,"label":"University of the Highlands and Islands"},{"numberOfDocuments":0.10492778249787596,"label":"Edinburgh Napier University"},{"numberOfDocuments":0.5081719131847922,"label":"University of Stirling"},{"numberOfDocuments":0.10606060606060606,"label":"Abertay University"},{"numberOfDocuments":1.0419257931642296,"label":"University of Aberdeen"},{"numberOfDocuments":2.5327849407839227,"label":"University of Edinburgh"},{"numberOfDocuments":1.3341178463280796,"label":"University of the West of Scotland"},{"numberOfDocuments":2.054814949878027,"label":"University of Glasgow"},{"numberOfDocuments":0.5003403421934549,"label":"University of St Andrews"},{"numberOfDocuments":1.8463788294305599,"label":"University of Strathclyde"}],"conceptId":5},{"topicData":[{"numberOfDocuments":0.9559095000689781,"label":"Heriot-Watt University"},{"numberOfDocuments":0.7989974060588754,"label":"Robert Gordon University"},{"numberOfDocuments":0.0,"label":"Glasgow Caledonian University"},{"numberOfDocuments":0.016,"label":"Queen Margaret University"},{"numberOfDocuments":0.19534804464513933,"label":"University of Dundee"},{"numberOfDocuments":0.032890704800817155,"label":"University of the Highlands and Islands"},{"numberOfDocuments":0.06628787878787878,"label":"Edinburgh Napier University"},{"numberOfDocuments":1.8040671967547992,"label":"University of Stirling"},{"numberOfDocuments":0.0,"label":"Abertay University"},{"numberOfDocuments":0.3074481716956955,"label":"University of Aberdeen"},{"numberOfDocuments":2.0471603963251237,"label":"University of Edinburgh"},{"numberOfDocuments":0.0,"label":"University of the West of Scotland"},{"numberOfDocuments":2.956165016593576,"label":"University of Glasgow"},{"numberOfDocuments":1.1419386873746438,"label":"University of St Andrews"},{"numberOfDocuments":0.3962418300653595,"label":"University of Strathclyde"}],"conceptId":6},{"topicData":[{"numberOfDocuments":2.126065899238385,"label":"Heriot-Watt University"},{"numberOfDocuments":0.17464869098846358,"label":"Robert Gordon University"},{"numberOfDocuments":0.09996631338913217,"label":"Glasgow Caledonian University"},{"numberOfDocuments":0.15640863942388056,"label":"Queen Margaret University"},{"numberOfDocuments":0.9744623642584554,"label":"University of Dundee"},{"numberOfDocuments":0.16473358992896175,"label":"University of the Highlands and Islands"},{"numberOfDocuments":0.5244458050373364,"label":"Edinburgh Napier University"},{"numberOfDocuments":0.40850632732182357,"label":"University of Stirling"},{"numberOfDocuments":0.031417510422870755,"label":"Abertay University"},{"numberOfDocuments":0.6557513393293529,"label":"University of Aberdeen"},{"numberOfDocuments":6.176721574809875,"label":"University of Edinburgh"},{"numberOfDocuments":1.2667046665492847,"label":"University of the West of Scotland"},{"numberOfDocuments":55.815511111015,"label":"University of Glasgow"},{"numberOfDocuments":1.753512210457882,"label":"University of St Andrews"},{"numberOfDocuments":12.871074625723788,"label":"University of Strathclyde"}],"conceptId":7},{"topicData":[{"numberOfDocuments":0.8468567411668758,"label":"Heriot-Watt University"},{"numberOfDocuments":0.2398681826316496,"label":"Robert Gordon University"},{"numberOfDocuments":0.0509926854754441,"label":"Glasgow Caledonian University"},{"numberOfDocuments":0.292384974353041,"label":"Queen Margaret University"},{"numberOfDocuments":0.3789316312139908,"label":"University of Dundee"},{"numberOfDocuments":3.6221455170854986,"label":"University of the Highlands and Islands"},{"numberOfDocuments":1.3678222285640729,"label":"Edinburgh Napier University"},{"numberOfDocuments":0.43151216273043674,"label":"University of Stirling"},{"numberOfDocuments":0.3966044408631032,"label":"Abertay University"},{"numberOfDocuments":2.817113299878548,"label":"University of Aberdeen"},{"numberOfDocuments":2.717622276434306,"label":"University of Edinburgh"},{"numberOfDocuments":0.315014737180749,"label":"University of the West of Scotland"},{"numberOfDocuments":2.951151121915516,"label":"University of Glasgow"},{"numberOfDocuments":18.93958241149168,"label":"University of St Andrews"},{"numberOfDocuments":5.305434827114376,"label":"University of Strathclyde"}],"conceptId":8},{"topicData":[{"numberOfDocuments":3.208311537163033,"label":"Heriot-Watt University"},{"numberOfDocuments":1.8015116359183703,"label":"Robert Gordon University"},{"numberOfDocuments":1.97348492443634,"label":"Glasgow Caledonian University"},{"numberOfDocuments":0.7803548375655235,"label":"Queen Margaret University"},{"numberOfDocuments":2.210141490403122,"label":"University of Dundee"},{"numberOfDocuments":0.5051446395273145,"label":"University of the Highlands and Islands"},{"numberOfDocuments":2.031641332695949,"label":"Edinburgh Napier University"},{"numberOfDocuments":2.937215060389946,"label":"University of Stirling"},{"numberOfDocuments":0.29082160529528955,"label":"Abertay University"},{"numberOfDocuments":3.669622561318042,"label":"University of Aberdeen"},{"numberOfDocuments":14.740113094156111,"label":"University of Edinburgh"},{"numberOfDocuments":3.157565297020917,"label":"University of the West of Scotland"},{"numberOfDocuments":10.4275589894267,"label":"University of Glasgow"},{"numberOfDocuments":7.198561485231558,"label":"University of St Andrews"},{"numberOfDocuments":11.280340145234534,"label":"University of Strathclyde"}],"conceptId":9}]