{"linkageTable":[{"node2":19,"distance":0.460460992463945,"node1":17},{"node2":8,"distance":0.462599789852155,"node1":2},{"node2":7,"distance":0.46561668285329,"node1":5},{"node2":20,"distance":0.471792237086815,"node1":6},{"node2":16,"distance":0.472988239828825,"node1":12},{"node2":14,"distance":0.473840300398005,"node1":9},{"node2":21,"distance":0.47569464885337,"node1":13},{"node2":27,"distance":0.48383197603803413,"node1":26},{"node2":11,"distance":0.4849965604326675,"node1":24},{"node2":28,"distance":0.487304510358438,"node1":23},{"node2":1,"distance":0.489321677941495,"node1":0},{"node2":15,"distance":0.490671982954525,"node1":29},{"node2":30,"distance":0.49145640672232427,"node1":22},{"node2":32,"distance":0.49203259823699597,"node1":33},{"node2":34,"distance":0.4949397351119846,"node1":31},{"node2":25,"distance":0.49642883083564376,"node1":35},{"node2":10,"distance":0.49693016338493146,"node1":36},{"node2":18,"distance":0.4979970109654139,"node1":37},{"node2":3,"distance":0.4987752818031827,"node1":38},{"node2":4,"distance":0.4996788774882107,"node1":39}],"conceptsData":[{"conceptId":11,"clusterId":0,"hexCoordinates":{"x":-3.4641016151377544,"y":-3.0},"labels":[{"weight":279.0,"label":"disease"},{"weight":206.0,"label":"arthritis"},{"weight":193.0,"label":"patient"},{"weight":108.0,"label":"psa"},{"weight":102.0,"label":"inflammatory"},{"weight":76.0,"label":"biologic"},{"weight":76.0,"label":"bowel"},{"weight":74.0,"label":"jia"},{"weight":74.0,"label":"rheumatoid"},{"weight":56.0,"label":"crohn"},{"weight":50.0,"label":"rheumatology"},{"weight":45.0,"label":"alf"},{"weight":45.0,"label":"significantly"},{"weight":44.0,"label":"colitis"},{"weight":43.0,"label":"rheumatic"},{"weight":43.0,"label":"tnf"},{"weight":42.0,"label":"idiopathic"},{"weight":41.0,"label":"ibd"},{"weight":41.0,"label":"condition"},{"weight":39.0,"label":"mre"},{"weight":39.0,"label":"tea"},{"weight":38.0,"label":"spa"},{"weight":38.0,"label":"activity"},{"weight":35.0,"label":"small"},{"weight":35.0,"label":"joint"}]},{"conceptId":12,"clusterId":0,"hexCoordinates":{"x":0.0,"y":-6.0},"labels":[{"weight":498.0,"label":"medicine"},{"weight":316.0,"label":"drug"},{"weight":234.0,"label":"generic"},{"weight":182.0,"label":"prescribe"},{"weight":164.0,"label":"increase"},{"weight":132.0,"label":"expenditure"},{"weight":125.0,"label":"price"},{"weight":125.0,"label":"include"},{"weight":113.0,"label":"utilization"},{"weight":103.0,"label":"pharmaceutical"},{"weight":99.0,"label":"utilisation"},{"weight":94.0,"label":"concern"},{"weight":78.0,"label":"cost"},{"weight":78.0,"label":"country"},{"weight":77.0,"label":"health"},{"weight":67.0,"label":"result"},{"weight":66.0,"label":"initiative"},{"weight":63.0,"label":"ppi"},{"weight":61.0,"label":"patent"},{"weight":60.0,"label":"total"},{"weight":52.0,"label":"availability"},{"weight":51.0,"label":"statin"},{"weight":51.0,"label":"prescribing"},{"weight":49.0,"label":"measure"},{"weight":48.0,"label":"prescription"}]},{"conceptId":2,"clusterId":0,"hexCoordinates":{"x":-2.598076211353316,"y":-1.5},"labels":[{"weight":1591.0,"label":"asthma"},{"weight":279.0,"label":"patient"},{"weight":256.0,"label":"control"},{"weight":234.0,"label":"allergic"},{"weight":206.0,"label":"symptom"},{"weight":167.0,"label":"rhinitis"},{"weight":167.0,"label":"exacerbation"},{"weight":166.0,"label":"allergy"},{"weight":152.0,"label":"treatment"},{"weight":139.0,"label":"severe"},{"weight":117.0,"label":"wheeze"},{"weight":115.0,"label":"allergen"},{"weight":107.0,"label":"management"},{"weight":105.0,"label":"airway"},{"weight":104.0,"label":"year"},{"weight":101.0,"label":"clinical"},{"weight":98.0,"label":"care"},{"weight":97.0,"label":"corticosteroid"},{"weight":88.0,"label":"medication"},{"weight":88.0,"label":"disease"},{"weight":78.0,"label":"life"},{"weight":78.0,"label":"outcome"},{"weight":64.0,"label":"background"},{"weight":61.0,"label":"respiratory"},{"weight":61.0,"label":"primary"}]},{"conceptId":8,"clusterId":0,"hexCoordinates":{"x":-1.7320508075688772,"y":0.0},"labels":[{"weight":612.0,"label":"copd"},{"weight":442.0,"label":"patient"},{"weight":263.0,"label":"exacerbation"},{"weight":226.0,"label":"asthma"},{"weight":206.0,"label":"corticosteroid"},{"weight":162.0,"label":"therapy"},{"weight":144.0,"label":"laba"},{"weight":134.0,"label":"inhaler"},{"weight":132.0,"label":"disease"},{"weight":129.0,"label":"pulmonary"},{"weight":128.0,"label":"inhale"},{"weight":127.0,"label":"obstructive"},{"weight":122.0,"label":"chronic"},{"weight":115.0,"label":"dose"},{"weight":109.0,"label":"long"},{"weight":95.0,"label":"act"},{"weight":85.0,"label":"severe"},{"weight":74.0,"label":"lung"},{"weight":70.0,"label":"lama"},{"weight":69.0,"label":"treatment"},{"weight":68.0,"label":"device"},{"weight":66.0,"label":"prescribe"},{"weight":65.0,"label":"beta"},{"weight":62.0,"label":"agonist"},{"weight":61.0,"label":"fev"}]},{"conceptId":3,"clusterId":0,"hexCoordinates":{"x":3.4641016151377544,"y":-3.0},"labels":[{"weight":307.0,"label":"oxygen"},{"weight":100.0,"label":"target"},{"weight":84.0,"label":"saturation"},{"weight":79.0,"label":"spo"},{"weight":63.0,"label":"infant"},{"weight":62.0,"label":"hypoxia"},{"weight":52.0,"label":"standard"},{"weight":51.0,"label":"oximetry"},{"weight":51.0,"label":"blood"},{"weight":49.0,"label":"vessel"},{"weight":47.0,"label":"care"},{"weight":40.0,"label":"modify"},{"weight":36.0,"label":"gmp"},{"weight":36.0,"label":"hour"},{"weight":35.0,"label":"prion"},{"weight":35.0,"label":"day"},{"weight":32.0,"label":"lower"},{"weight":30.0,"label":"bulbar"},{"weight":30.0,"label":"pulse"},{"weight":27.0,"label":"feather"},{"weight":26.0,"label":"conjunctival"},{"weight":25.0,"label":"respiratory"},{"weight":25.0,"label":"air"},{"weight":24.0,"label":"oximeter"},{"weight":24.0,"label":"higher"}]},{"conceptId":20,"clusterId":0,"hexCoordinates":{"x":-2.598076211353316,"y":-4.5},"labels":[{"weight":2569.0,"label":"disease"},{"weight":696.0,"label":"patient"},{"weight":619.0,"label":"associate"},{"weight":527.0,"label":"clinical"},{"weight":503.0,"label":"chronic"},{"weight":476.0,"label":"disorder"},{"weight":368.0,"label":"include"},{"weight":362.0,"label":"condition"},{"weight":348.0,"label":"severe"},{"weight":342.0,"label":"common"},{"weight":337.0,"label":"syndrome"},{"weight":297.0,"label":"human"},{"weight":290.0,"label":"study"},{"weight":287.0,"label":"acute"},{"weight":285.0,"label":"affect"},{"weight":277.0,"label":"severity"},{"weight":273.0,"label":"factor"},{"weight":271.0,"label":"evidence"},{"weight":264.0,"label":"mechanism"},{"weight":262.0,"label":"inflammatory"},{"weight":260.0,"label":"increase"},{"weight":253.0,"label":"pathology"},{"weight":240.0,"label":"lead"},{"weight":217.0,"label":"present"},{"weight":214.0,"label":"remain"}]},{"conceptId":16,"clusterId":0,"hexCoordinates":{"x":0.8660254037844386,"y":-4.5},"labels":[{"weight":973.0,"label":"antibiotic"},{"weight":470.0,"label":"antimicrobial"},{"weight":408.0,"label":"infection"},{"weight":335.0,"label":"prescribe"},{"weight":220.0,"label":"resistance"},{"weight":189.0,"label":"hospital"},{"weight":163.0,"label":"amr"},{"weight":141.0,"label":"stewardship"},{"weight":140.0,"label":"prescription"},{"weight":139.0,"label":"patient"},{"weight":106.0,"label":"cdi"},{"weight":102.0,"label":"rate"},{"weight":101.0,"label":"community"},{"weight":98.0,"label":"prophylaxis"},{"weight":90.0,"label":"prescribing"},{"weight":85.0,"label":"reduce"},{"weight":78.0,"label":"guideline"},{"weight":78.0,"label":"cap"},{"weight":75.0,"label":"treatment"},{"weight":71.0,"label":"include"},{"weight":67.0,"label":"practice"},{"weight":63.0,"label":"national"},{"weight":62.0,"label":"tract"},{"weight":61.0,"label":"oral"},{"weight":57.0,"label":"hai"}]},{"conceptId":17,"clusterId":0,"hexCoordinates":{"x":0.0,"y":0.0},"labels":[{"weight":951.0,"label":"hospital"},{"weight":594.0,"label":"patient"},{"weight":560.0,"label":"admission"},{"weight":395.0,"label":"mortality"},{"weight":391.0,"label":"day"},{"weight":340.0,"label":"discharge"},{"weight":322.0,"label":"delirium"},{"weight":291.0,"label":"acute"},{"weight":221.0,"label":"stay"},{"weight":205.0,"label":"admit"},{"weight":196.0,"label":"length"},{"weight":163.0,"label":"care"},{"weight":152.0,"label":"outcome"},{"weight":130.0,"label":"readmission"},{"weight":105.0,"label":"unit"},{"weight":93.0,"label":"increase"},{"weight":90.0,"label":"associate"},{"weight":85.0,"label":"inpatient"},{"weight":80.0,"label":"older"},{"weight":78.0,"label":"medical"},{"weight":77.0,"label":"sepsis"},{"weight":74.0,"label":"reduce"},{"weight":72.0,"label":"include"},{"weight":66.0,"label":"result"},{"weight":65.0,"label":"intensive"}]},{"conceptId":15,"clusterId":0,"hexCoordinates":{"x":-0.8660254037844386,"y":-4.5},"labels":[{"weight":337.0,"label":"ibd"},{"weight":288.0,"label":"disease"},{"weight":116.0,"label":"patient"},{"weight":105.0,"label":"inflammatory"},{"weight":104.0,"label":"crohn"},{"weight":103.0,"label":"mbct"},{"weight":98.0,"label":"relapse"},{"weight":97.0,"label":"bowel"},{"weight":74.0,"label":"colitis"},{"weight":66.0,"label":"remission"},{"weight":58.0,"label":"recurrence"},{"weight":48.0,"label":"anti"},{"weight":47.0,"label":"therapy"},{"weight":46.0,"label":"ulcerative"},{"weight":42.0,"label":"http"},{"weight":38.0,"label":"org"},{"weight":35.0,"label":"pmn"},{"weight":35.0,"label":"doi"},{"weight":35.0,"label":"inflammation"},{"weight":33.0,"label":"intestinal"},{"weight":33.0,"label":"aim"},{"weight":31.0,"label":"paediatric"},{"weight":30.0,"label":"time"},{"weight":29.0,"label":"calprotectin"},{"weight":28.0,"label":"thiopurine"}]},{"conceptId":9,"clusterId":0,"hexCoordinates":{"x":0.0,"y":-3.0},"labels":[{"weight":1104.0,"label":"diagnosis"},{"weight":1091.0,"label":"case"},{"weight":837.0,"label":"patient"},{"weight":535.0,"label":"clinical"},{"weight":362.0,"label":"symptom"},{"weight":356.0,"label":"diagnose"},{"weight":355.0,"label":"diagnostic"},{"weight":334.0,"label":"present"},{"weight":325.0,"label":"treatment"},{"weight":309.0,"label":"report"},{"weight":253.0,"label":"management"},{"weight":239.0,"label":"follow"},{"weight":229.0,"label":"year"},{"weight":222.0,"label":"disease"},{"weight":198.0,"label":"delay"},{"weight":194.0,"label":"identify"},{"weight":192.0,"label":"presentation"},{"weight":186.0,"label":"sign"},{"weight":172.0,"label":"finding"},{"weight":163.0,"label":"result"},{"weight":157.0,"label":"suspect"},{"weight":154.0,"label":"investigation"},{"weight":129.0,"label":"feature"},{"weight":124.0,"label":"confirm"},{"weight":124.0,"label":"history"}]},{"conceptId":19,"clusterId":0,"hexCoordinates":{"x":1.7320508075688772,"y":0.0},"labels":[{"weight":1297.0,"label":"patient"},{"weight":914.0,"label":"year"},{"weight":760.0,"label":"survival"},{"weight":644.0,"label":"associate"},{"weight":616.0,"label":"median"},{"weight":580.0,"label":"outcome"},{"weight":545.0,"label":"follow"},{"weight":488.0,"label":"mortality"},{"weight":443.0,"label":"risk"},{"weight":432.0,"label":"age"},{"weight":385.0,"label":"analysis"},{"weight":380.0,"label":"study"},{"weight":312.0,"label":"time"},{"weight":311.0,"label":"day"},{"weight":310.0,"label":"result"},{"weight":298.0,"label":"month"},{"weight":293.0,"label":"method"},{"weight":290.0,"label":"increase"},{"weight":285.0,"label":"cohort"},{"weight":285.0,"label":"data"},{"weight":281.0,"label":"factor"},{"weight":261.0,"label":"compare"},{"weight":257.0,"label":"conclusion"},{"weight":256.0,"label":"regression"},{"weight":252.0,"label":"death"}]},{"conceptId":4,"clusterId":0,"hexCoordinates":{"x":3.4641016151377544,"y":0.0},"labels":[{"weight":92.0,"label":"cpr"},{"weight":61.0,"label":"bystander"},{"weight":42.0,"label":"resuscitation"},{"weight":32.0,"label":"arrest"},{"weight":29.0,"label":"server"},{"weight":26.0,"label":"survival"},{"weight":26.0,"label":"rate"},{"weight":24.0,"label":"target"},{"weight":22.0,"label":"ohca"},{"weight":20.0,"label":"cardiac"},{"weight":19.0,"label":"trained"},{"weight":19.0,"label":"view"},{"weight":19.0,"label":"call"},{"weight":19.0,"label":"point"},{"weight":18.0,"label":"smp"},{"weight":18.0,"label":"administer"},{"weight":16.0,"label":"training"},{"weight":15.0,"label":"sla"},{"weight":15.0,"label":"increase"},{"weight":15.0,"label":"social"},{"weight":14.0,"label":"dnacpr"},{"weight":14.0,"label":"handler"},{"weight":14.0,"label":"tower"},{"weight":14.0,"label":"hold"},{"weight":14.0,"label":"hospital"}]},{"conceptId":13,"clusterId":0,"hexCoordinates":{"x":0.8660254037844386,"y":-1.5},"labels":[{"weight":978.0,"label":"surgery"},{"weight":889.0,"label":"patient"},{"weight":667.0,"label":"surgical"},{"weight":370.0,"label":"complication"},{"weight":355.0,"label":"operative"},{"weight":333.0,"label":"undergo"},{"weight":282.0,"label":"outcome"},{"weight":254.0,"label":"postoperative"},{"weight":175.0,"label":"procedure"},{"weight":171.0,"label":"follow"},{"weight":153.0,"label":"post"},{"weight":149.0,"label":"preoperative"},{"weight":140.0,"label":"elective"},{"weight":138.0,"label":"surgeon"},{"weight":123.0,"label":"study"},{"weight":116.0,"label":"perform"},{"weight":111.0,"label":"day"},{"weight":111.0,"label":"conclusion"},{"weight":104.0,"label":"resection"},{"weight":103.0,"label":"rate"},{"weight":102.0,"label":"result"},{"weight":87.0,"label":"laparoscopic"},{"weight":86.0,"label":"aim"},{"weight":85.0,"label":"method"},{"weight":82.0,"label":"perioperative"}]},{"conceptId":14,"clusterId":0,"hexCoordinates":{"x":-0.8660254037844386,"y":-1.5},"labels":[{"weight":3075.0,"label":"patient"},{"weight":1110.0,"label":"hospital"},{"weight":734.0,"label":"study"},{"weight":694.0,"label":"year"},{"weight":582.0,"label":"care"},{"weight":562.0,"label":"data"},{"weight":534.0,"label":"record"},{"weight":522.0,"label":"result"},{"weight":494.0,"label":"case"},{"weight":435.0,"label":"identify"},{"weight":427.0,"label":"conclusion"},{"weight":427.0,"label":"follow"},{"weight":411.0,"label":"month"},{"weight":398.0,"label":"method"},{"weight":387.0,"label":"admission"},{"weight":363.0,"label":"service"},{"weight":357.0,"label":"aim"},{"weight":337.0,"label":"report"},{"weight":312.0,"label":"clinical"},{"weight":302.0,"label":"day"},{"weight":297.0,"label":"receive"},{"weight":286.0,"label":"median"},{"weight":285.0,"label":"primary"},{"weight":278.0,"label":"period"},{"weight":271.0,"label":"scotland"}]},{"conceptId":-1,"clusterId":-1,"hexCoordinates":{"x":6.928203230275509,"y":1.5},"labels":[{"weight":2500,"label":"Unclassified"},{"weight":0,"label":""},{"weight":0,"label":""},{"weight":0,"label":""},{"weight":0,"label":""},{"weight":0,"label":""},{"weight":0,"label":""},{"weight":0,"label":""},{"weight":0,"label":""},{"weight":0,"label":""},{"weight":0,"label":""}]},{"conceptId":0,"clusterId":0,"hexCoordinates":{"x":-0.8660254037844386,"y":1.5},"labels":[{"weight":191.0,"label":"patient"},{"weight":128.0,"label":"level"},{"weight":100.0,"label":"arthritis"},{"weight":89.0,"label":"crab"},{"weight":89.0,"label":"activity"},{"weight":86.0,"label":"baseline"},{"weight":81.0,"label":"serum"},{"weight":78.0,"label":"disease"},{"weight":76.0,"label":"rheumatoid"},{"weight":69.0,"label":"mtx"},{"weight":64.0,"label":"biomarker"},{"weight":63.0,"label":"gst"},{"weight":62.0,"label":"blood"},{"weight":62.0,"label":"response"},{"weight":61.0,"label":"healthy"},{"weight":58.0,"label":"associate"},{"weight":56.0,"label":"month"},{"weight":55.0,"label":"significantly"},{"weight":46.0,"label":"das"},{"weight":46.0,"label":"compare"},{"weight":45.0,"label":"higher"},{"weight":45.0,"label":"measure"},{"weight":43.0,"label":"marker"},{"weight":43.0,"label":"concentration"},{"weight":42.0,"label":"inflammatory"}]},{"conceptId":5,"clusterId":0,"hexCoordinates":{"x":2.598076211353316,"y":-1.5},"labels":[{"weight":1232.0,"label":"score"},{"weight":821.0,"label":"patient"},{"weight":662.0,"label":"clinical"},{"weight":636.0,"label":"risk"},{"weight":628.0,"label":"cohort"},{"weight":591.0,"label":"predict"},{"weight":495.0,"label":"outcome"},{"weight":386.0,"label":"predictor"},{"weight":384.0,"label":"study"},{"weight":375.0,"label":"model"},{"weight":301.0,"label":"analysis"},{"weight":274.0,"label":"identify"},{"weight":268.0,"label":"independent"},{"weight":264.0,"label":"predictive"},{"weight":255.0,"label":"prognostic"},{"weight":251.0,"label":"year"},{"weight":248.0,"label":"assess"},{"weight":231.0,"label":"validation"},{"weight":230.0,"label":"result"},{"weight":228.0,"label":"method"},{"weight":224.0,"label":"validate"},{"weight":199.0,"label":"prediction"},{"weight":199.0,"label":"conclusion"},{"weight":193.0,"label":"factor"},{"weight":192.0,"label":"variable"}]},{"conceptId":1,"clusterId":0,"hexCoordinates":{"x":0.8660254037844386,"y":1.5},"labels":[{"weight":442.0,"label":"patient"},{"weight":429.0,"label":"icu"},{"weight":302.0,"label":"illness"},{"weight":281.0,"label":"care"},{"weight":277.0,"label":"critical"},{"weight":188.0,"label":"discharge"},{"weight":181.0,"label":"intensive"},{"weight":116.0,"label":"unit"},{"weight":97.0,"label":"readmission"},{"weight":90.0,"label":"survivor"},{"weight":88.0,"label":"hospital"},{"weight":87.0,"label":"admission"},{"weight":86.0,"label":"follow"},{"weight":82.0,"label":"recovery"},{"weight":81.0,"label":"post"},{"weight":80.0,"label":"rehabilitation"},{"weight":79.0,"label":"early"},{"weight":64.0,"label":"physical"},{"weight":61.0,"label":"sepsis"},{"weight":51.0,"label":"unplanned"},{"weight":51.0,"label":"day"},{"weight":39.0,"label":"require"},{"weight":38.0,"label":"stay"},{"weight":35.0,"label":"ventilation"},{"weight":34.0,"label":"support"}]},{"conceptId":10,"clusterId":0,"hexCoordinates":{"x":2.598076211353316,"y":1.5},"labels":[{"weight":202.0,"label":"sedation"},{"weight":62.0,"label":"icus"},{"weight":60.0,"label":"analgesia"},{"weight":60.0,"label":"anaesthesia"},{"weight":53.0,"label":"quality"},{"weight":47.0,"label":"ventilation"},{"weight":47.0,"label":"drug"},{"weight":45.0,"label":"benzodiazepine"},{"weight":44.0,"label":"period"},{"weight":43.0,"label":"dex"},{"weight":43.0,"label":"minute"},{"weight":42.0,"label":"icu"},{"weight":42.0,"label":"anaesthetic"},{"weight":35.0,"label":"clinical"},{"weight":33.0,"label":"sedative"},{"weight":33.0,"label":"hypnotic"},{"weight":31.0,"label":"propofol"},{"weight":30.0,"label":"rate"},{"weight":29.0,"label":"msk"},{"weight":27.0,"label":"methadone"},{"weight":27.0,"label":"intensive"},{"weight":25.0,"label":"mechanical"},{"weight":24.0,"label":"anesthetic"},{"weight":22.0,"label":"midazolam"},{"weight":22.0,"label":"anesthesia"}]},{"conceptId":18,"clusterId":0,"hexCoordinates":{"x":-4.330127018922193,"y":-1.5},"labels":[{"weight":683.0,"label":"reserve"},{"weight":565.0,"label":"rights"},{"weight":443.0,"label":"copyright"},{"weight":364.0,"label":"article"},{"weight":351.0,"label":"protect"},{"weight":137.0,"label":"elsevier"},{"weight":105.0,"label":"ebv"},{"weight":81.0,"label":"ait"},{"weight":53.0,"label":"publish"},{"weight":46.0,"label":"central"},{"weight":38.0,"label":"ebna"},{"weight":37.0,"label":"apa"},{"weight":33.0,"label":"epstein"},{"weight":31.0,"label":"barr"},{"weight":29.0,"label":"psycinfo"},{"weight":28.0,"label":"device"},{"weight":27.0,"label":"author"},{"weight":26.0,"label":"database"},{"weight":20.0,"label":"carry"},{"weight":19.0,"label":"access"},{"weight":18.0,"label":"cvad"},{"weight":17.0,"label":"peripheral"},{"weight":16.0,"label":"experience"},{"weight":15.0,"label":"picc"},{"weight":15.0,"label":"hickman"}]},{"conceptId":6,"clusterId":0,"hexCoordinates":{"x":-1.7320508075688772,"y":-3.0},"labels":[{"weight":3187.0,"label":"treatment"},{"weight":1690.0,"label":"clinical"},{"weight":1400.0,"label":"therapy"},{"weight":1120.0,"label":"drug"},{"weight":1097.0,"label":"disease"},{"weight":1048.0,"label":"patient"},{"weight":640.0,"label":"trial"},{"weight":599.0,"label":"target"},{"weight":506.0,"label":"therapeutic"},{"weight":501.0,"label":"potential"},{"weight":446.0,"label":"improve"},{"weight":377.0,"label":"treat"},{"weight":374.0,"label":"efficacy"},{"weight":355.0,"label":"approach"},{"weight":353.0,"label":"outcome"},{"weight":341.0,"label":"effect"},{"weight":337.0,"label":"effective"},{"weight":337.0,"label":"include"},{"weight":331.0,"label":"strategy"},{"weight":329.0,"label":"review"},{"weight":318.0,"label":"medicine"},{"weight":292.0,"label":"management"},{"weight":281.0,"label":"development"},{"weight":268.0,"label":"current"},{"weight":256.0,"label":"benefit"}]},{"conceptId":7,"clusterId":0,"hexCoordinates":{"x":1.7320508075688772,"y":-3.0},"labels":[{"weight":758.0,"label":"lung"},{"weight":404.0,"label":"copd"},{"weight":400.0,"label":"pulmonary"},{"weight":367.0,"label":"respiratory"},{"weight":316.0,"label":"bronchiectasis"},{"weight":276.0,"label":"disease"},{"weight":247.0,"label":"patient"},{"weight":238.0,"label":"airway"},{"weight":228.0,"label":"function"},{"weight":218.0,"label":"chronic"},{"weight":194.0,"label":"fev"},{"weight":189.0,"label":"fibrosis"},{"weight":149.0,"label":"exacerbation"},{"weight":114.0,"label":"obstructive"},{"weight":106.0,"label":"sputum"},{"weight":98.0,"label":"cystic"},{"weight":96.0,"label":"aeruginosa"},{"weight":90.0,"label":"associate"},{"weight":78.0,"label":"clinical"},{"weight":77.0,"label":"severity"},{"weight":76.0,"label":"fvc"},{"weight":74.0,"label":"cough"},{"weight":74.0,"label":"infection"},{"weight":63.0,"label":"emphysema"},{"weight":63.0,"label":"cftr"}]}]}