{"linkageTable":[{"node2":5,"distance":0.469803094270885,"node1":4},{"node2":12,"distance":0.477849528122105,"node1":1},{"node2":16,"distance":0.480909223537225,"node1":13},{"node2":14,"distance":0.48291064463715,"node1":11},{"node2":7,"distance":0.48302916873971,"node1":6},{"node2":21,"distance":0.48585262189086253,"node1":2},{"node2":20,"distance":0.4862127230178538,"node1":18},{"node2":22,"distance":0.48968232430495795,"node1":23},{"node2":10,"distance":0.490193194831845,"node1":9},{"node2":19,"distance":0.49022369298856,"node1":0},{"node2":17,"distance":0.49203700847729687,"node1":24},{"node2":3,"distance":0.49267201350549,"node1":26},{"node2":27,"distance":0.49366552634260114,"node1":28},{"node2":25,"distance":0.49570468249109517,"node1":29},{"node2":8,"distance":0.4969503250507316,"node1":30},{"node2":15,"distance":0.49878015328669245,"node1":31}],"conceptsData":[{"conceptId":3,"clusterId":0,"hexCoordinates":{"x":2.598076211353316,"y":-4.5},"labels":[{"weight":1374.0,"label":"require"},{"weight":1155.0,"label":"reduce"},{"weight":1151.0,"label":"increase"},{"weight":974.0,"label":"provide"},{"weight":926.0,"label":"due"},{"weight":890.0,"label":"number"},{"weight":860.0,"label":"high"},{"weight":847.0,"label":"time"},{"weight":827.0,"label":"make"},{"weight":737.0,"label":"effective"},{"weight":733.0,"label":"achieve"},{"weight":732.0,"label":"lead"},{"weight":688.0,"label":"challenge"},{"weight":679.0,"label":"large"},{"weight":649.0,"label":"strategy"},{"weight":648.0,"label":"approach"},{"weight":607.0,"label":"limit"},{"weight":579.0,"label":"improve"},{"weight":571.0,"label":"stage"},{"weight":565.0,"label":"result"},{"weight":546.0,"label":"find"},{"weight":534.0,"label":"order"},{"weight":514.0,"label":"level"},{"weight":501.0,"label":"develop"},{"weight":500.0,"label":"maintain"}]},{"conceptId":-1,"clusterId":-1,"hexCoordinates":{"x":7.794228634059947,"y":1.5},"labels":[{"weight":2500,"label":"Unclassified"},{"weight":0,"label":""},{"weight":0,"label":""},{"weight":0,"label":""},{"weight":0,"label":""},{"weight":0,"label":""},{"weight":0,"label":""},{"weight":0,"label":""},{"weight":0,"label":""},{"weight":0,"label":""},{"weight":0,"label":""}]},{"conceptId":0,"clusterId":0,"hexCoordinates":{"x":0.0,"y":-6.0},"labels":[{"weight":634.0,"label":"definition"},{"weight":531.0,"label":"trust"},{"weight":286.0,"label":"term"},{"weight":261.0,"label":"research"},{"weight":254.0,"label":"literature"},{"weight":241.0,"label":"define"},{"weight":228.0,"label":"issue"},{"weight":208.0,"label":"concept"},{"weight":155.0,"label":"lack"},{"weight":135.0,"label":"address"},{"weight":129.0,"label":"relate"},{"weight":121.0,"label":"identify"},{"weight":118.0,"label":"dimension"},{"weight":106.0,"label":"review"},{"weight":101.0,"label":"interpretation"},{"weight":100.0,"label":"examine"},{"weight":98.0,"label":"report"},{"weight":93.0,"label":"assess"},{"weight":90.0,"label":"terminology"},{"weight":90.0,"label":"understanding"},{"weight":86.0,"label":"interest"},{"weight":85.0,"label":"make"},{"weight":79.0,"label":"context"},{"weight":77.0,"label":"field"},{"weight":75.0,"label":"understand"}]},{"conceptId":9,"clusterId":0,"hexCoordinates":{"x":4.330127018922193,"y":-1.5},"labels":[{"weight":374.0,"label":"environmental"},{"weight":132.0,"label":"marine"},{"weight":124.0,"label":"impact"},{"weight":80.0,"label":"environment"},{"weight":78.0,"label":"industry"},{"weight":67.0,"label":"development"},{"weight":59.0,"label":"information"},{"weight":50.0,"label":"sea"},{"weight":49.0,"label":"risk"},{"weight":47.0,"label":"decommission"},{"weight":44.0,"label":"coastal"},{"weight":36.0,"label":"gas"},{"weight":34.0,"label":"msp"},{"weight":33.0,"label":"lagoon"},{"weight":31.0,"label":"scientific"},{"weight":31.0,"label":"assessment"},{"weight":29.0,"label":"benefit"},{"weight":29.0,"label":"oil"},{"weight":28.0,"label":"north"},{"weight":27.0,"label":"solution"},{"weight":26.0,"label":"offshore"},{"weight":25.0,"label":"stakeholder"},{"weight":24.0,"label":"dst"},{"weight":24.0,"label":"planning"},{"weight":24.0,"label":"management"}]},{"conceptId":2,"clusterId":0,"hexCoordinates":{"x":3.4641016151377544,"y":-3.0},"labels":[{"weight":1001.0,"label":"application"},{"weight":991.0,"label":"approach"},{"weight":867.0,"label":"biological"},{"weight":844.0,"label":"provide"},{"weight":810.0,"label":"study"},{"weight":798.0,"label":"system"},{"weight":691.0,"label":"property"},{"weight":648.0,"label":"development"},{"weight":598.0,"label":"biology"},{"weight":577.0,"label":"recent"},{"weight":570.0,"label":"synthetic"},{"weight":557.0,"label":"review"},{"weight":552.0,"label":"potential"},{"weight":550.0,"label":"include"},{"weight":543.0,"label":"tool"},{"weight":531.0,"label":"process"},{"weight":523.0,"label":"field"},{"weight":514.0,"label":"chemical"},{"weight":488.0,"label":"complex"},{"weight":484.0,"label":"base"},{"weight":463.0,"label":"describe"},{"weight":450.0,"label":"discuss"},{"weight":445.0,"label":"technique"},{"weight":427.0,"label":"range"},{"weight":413.0,"label":"method"}]},{"conceptId":11,"clusterId":0,"hexCoordinates":{"x":0.0,"y":0.0},"labels":[{"weight":3386.0,"label":"research"},{"weight":987.0,"label":"project"},{"weight":854.0,"label":"work"},{"weight":722.0,"label":"knowledge"},{"weight":635.0,"label":"practice"},{"weight":617.0,"label":"researcher"},{"weight":570.0,"label":"academic"},{"weight":550.0,"label":"collaboration"},{"weight":509.0,"label":"science"},{"weight":506.0,"label":"community"},{"weight":489.0,"label":"collaborative"},{"weight":462.0,"label":"development"},{"weight":443.0,"label":"develop"},{"weight":411.0,"label":"impact"},{"weight":376.0,"label":"approach"},{"weight":358.0,"label":"paper"},{"weight":337.0,"label":"engagement"},{"weight":336.0,"label":"social"},{"weight":329.0,"label":"challenge"},{"weight":319.0,"label":"partnership"},{"weight":318.0,"label":"support"},{"weight":301.0,"label":"interdisciplinary"},{"weight":297.0,"label":"exchange"},{"weight":278.0,"label":"explore"},{"weight":254.0,"label":"experience"}]},{"conceptId":14,"clusterId":0,"hexCoordinates":{"x":1.7320508075688772,"y":0.0},"labels":[{"weight":1617.0,"label":"evidence"},{"weight":1192.0,"label":"health"},{"weight":1162.0,"label":"research"},{"weight":921.0,"label":"identify"},{"weight":893.0,"label":"base"},{"weight":875.0,"label":"strategy"},{"weight":814.0,"label":"practice"},{"weight":767.0,"label":"review"},{"weight":735.0,"label":"approach"},{"weight":730.0,"label":"policy"},{"weight":672.0,"label":"risk"},{"weight":642.0,"label":"improve"},{"weight":622.0,"label":"intervention"},{"weight":602.0,"label":"address"},{"weight":599.0,"label":"recommendation"},{"weight":598.0,"label":"development"},{"weight":575.0,"label":"key"},{"weight":570.0,"label":"develop"},{"weight":537.0,"label":"provide"},{"weight":528.0,"label":"inform"},{"weight":509.0,"label":"support"},{"weight":484.0,"label":"impact"},{"weight":465.0,"label":"effective"},{"weight":454.0,"label":"lack"},{"weight":448.0,"label":"knowledge"}]},{"conceptId":13,"clusterId":0,"hexCoordinates":{"x":0.8660254037844386,"y":-4.5},"labels":[{"weight":777.0,"label":"design"},{"weight":748.0,"label":"safety"},{"weight":647.0,"label":"construction"},{"weight":461.0,"label":"building"},{"weight":296.0,"label":"build"},{"weight":260.0,"label":"process"},{"weight":251.0,"label":"site"},{"weight":248.0,"label":"case"},{"weight":247.0,"label":"project"},{"weight":238.0,"label":"industry"},{"weight":237.0,"label":"engineering"},{"weight":219.0,"label":"risk"},{"weight":213.0,"label":"performance"},{"weight":210.0,"label":"standard"},{"weight":204.0,"label":"impact"},{"weight":200.0,"label":"stage"},{"weight":193.0,"label":"paper"},{"weight":190.0,"label":"bim"},{"weight":177.0,"label":"operation"},{"weight":174.0,"label":"identify"},{"weight":171.0,"label":"requirement"},{"weight":166.0,"label":"practice"},{"weight":159.0,"label":"system"},{"weight":153.0,"label":"level"},{"weight":140.0,"label":"development"}]},{"conceptId":12,"clusterId":0,"hexCoordinates":{"x":0.8660254037844386,"y":-1.5},"labels":[{"weight":2563.0,"label":"approach"},{"weight":2019.0,"label":"framework"},{"weight":1563.0,"label":"paper"},{"weight":1232.0,"label":"provide"},{"weight":1059.0,"label":"study"},{"weight":998.0,"label":"base"},{"weight":957.0,"label":"design"},{"weight":862.0,"label":"discuss"},{"weight":860.0,"label":"process"},{"weight":821.0,"label":"present"},{"weight":798.0,"label":"develop"},{"weight":741.0,"label":"research"},{"weight":735.0,"label":"development"},{"weight":685.0,"label":"case"},{"weight":674.0,"label":"analysis"},{"weight":618.0,"label":"apply"},{"weight":601.0,"label":"concept"},{"weight":601.0,"label":"application"},{"weight":600.0,"label":"theoretical"},{"weight":595.0,"label":"literature"},{"weight":557.0,"label":"context"},{"weight":551.0,"label":"describe"},{"weight":524.0,"label":"propose"},{"weight":487.0,"label":"theory"},{"weight":481.0,"label":"model"}]},{"conceptId":8,"clusterId":0,"hexCoordinates":{"x":-0.8660254037844386,"y":-4.5},"labels":[{"weight":1089.0,"label":"transfer"},{"weight":307.0,"label":"knowledge"},{"weight":219.0,"label":"forensic"},{"weight":43.0,"label":"weapon"},{"weight":43.0,"label":"carry"},{"weight":28.0,"label":"expert"},{"weight":26.0,"label":"successful"},{"weight":25.0,"label":"investigate"},{"weight":24.0,"label":"science"},{"weight":22.0,"label":"reverse"},{"weight":20.0,"label":"recipient"},{"weight":19.0,"label":"secure"},{"weight":19.0,"label":"direct"},{"weight":19.0,"label":"operation"},{"weight":18.0,"label":"examiner"},{"weight":17.0,"label":"iem"},{"weight":16.0,"label":"target"},{"weight":15.0,"label":"investigator"},{"weight":15.0,"label":"capacity"},{"weight":15.0,"label":"reduce"},{"weight":14.0,"label":"kotbu"},{"weight":14.0,"label":"mind"},{"weight":13.0,"label":"insource"},{"weight":13.0,"label":"directly"},{"weight":11.0,"label":"unproblematic"}]},{"conceptId":15,"clusterId":0,"hexCoordinates":{"x":0.8660254037844386,"y":1.5},"labels":[{"weight":209.0,"label":"code"},{"weight":58.0,"label":"review"},{"weight":53.0,"label":"determination"},{"weight":50.0,"label":"discuss"},{"weight":48.0,"label":"statistics"},{"weight":48.0,"label":"describe"},{"weight":42.0,"label":"method"},{"weight":41.0,"label":"introduction"},{"weight":38.0,"label":"description"},{"weight":33.0,"label":"summary"},{"weight":31.0,"label":"briefly"},{"weight":31.0,"label":"general"},{"weight":29.0,"label":"follow"},{"weight":28.0,"label":"detail"},{"weight":27.0,"label":"read"},{"weight":26.0,"label":"overview"},{"weight":24.0,"label":"uniformity"},{"weight":22.0,"label":"section"},{"weight":21.0,"label":"map"},{"weight":21.0,"label":"analysis"},{"weight":20.0,"label":"cover"},{"weight":19.0,"label":"outline"},{"weight":18.0,"label":"summarize"},{"weight":18.0,"label":"characterise"},{"weight":17.0,"label":"coding"}]},{"conceptId":16,"clusterId":0,"hexCoordinates":{"x":1.7320508075688772,"y":-6.0},"labels":[{"weight":2166.0,"label":"project"},{"weight":313.0,"label":"construction"},{"weight":306.0,"label":"process"},{"weight":301.0,"label":"management"},{"weight":254.0,"label":"development"},{"weight":234.0,"label":"research"},{"weight":219.0,"label":"paper"},{"weight":206.0,"label":"develop"},{"weight":190.0,"label":"lean"},{"weight":188.0,"label":"success"},{"weight":187.0,"label":"team"},{"weight":181.0,"label":"industry"},{"weight":166.0,"label":"challenge"},{"weight":158.0,"label":"implementation"},{"weight":155.0,"label":"fund"},{"weight":143.0,"label":"cost"},{"weight":141.0,"label":"sigma"},{"weight":128.0,"label":"part"},{"weight":126.0,"label":"implement"},{"weight":119.0,"label":"identify"},{"weight":117.0,"label":"aim"},{"weight":116.0,"label":"improvement"},{"weight":116.0,"label":"base"},{"weight":113.0,"label":"initiative"},{"weight":112.0,"label":"organisation"}]},{"conceptId":1,"clusterId":0,"hexCoordinates":{"x":-0.8660254037844386,"y":-1.5},"labels":[{"weight":3521.0,"label":"design"},{"weight":405.0,"label":"paper"},{"weight":383.0,"label":"technology"},{"weight":380.0,"label":"process"},{"weight":325.0,"label":"designer"},{"weight":317.0,"label":"project"},{"weight":315.0,"label":"digital"},{"weight":291.0,"label":"user"},{"weight":282.0,"label":"research"},{"weight":268.0,"label":"create"},{"weight":257.0,"label":"support"},{"weight":240.0,"label":"environment"},{"weight":225.0,"label":"work"},{"weight":216.0,"label":"collaborative"},{"weight":215.0,"label":"approach"},{"weight":209.0,"label":"experience"},{"weight":205.0,"label":"lab"},{"weight":196.0,"label":"develop"},{"weight":192.0,"label":"concept"},{"weight":186.0,"label":"future"},{"weight":185.0,"label":"development"},{"weight":178.0,"label":"prototype"},{"weight":170.0,"label":"tool"},{"weight":167.0,"label":"space"},{"weight":162.0,"label":"product"}]},{"conceptId":10,"clusterId":0,"hexCoordinates":{"x":3.4641016151377544,"y":0.0},"labels":[{"weight":3372.0,"label":"decision"},{"weight":2112.0,"label":"make"},{"weight":559.0,"label":"process"},{"weight":334.0,"label":"making"},{"weight":255.0,"label":"influence"},{"weight":249.0,"label":"choice"},{"weight":230.0,"label":"maker"},{"weight":210.0,"label":"inform"},{"weight":204.0,"label":"policy"},{"weight":172.0,"label":"factor"},{"weight":161.0,"label":"base"},{"weight":160.0,"label":"case"},{"weight":148.0,"label":"involve"},{"weight":147.0,"label":"assessment"},{"weight":147.0,"label":"risk"},{"weight":145.0,"label":"research"},{"weight":140.0,"label":"outcome"},{"weight":135.0,"label":"context"},{"weight":128.0,"label":"complex"},{"weight":117.0,"label":"study"},{"weight":117.0,"label":"provide"},{"weight":112.0,"label":"explore"},{"weight":111.0,"label":"evidence"},{"weight":108.0,"label":"uncertainty"},{"weight":107.0,"label":"assess"}]},{"conceptId":7,"clusterId":0,"hexCoordinates":{"x":2.598076211353316,"y":-1.5},"labels":[{"weight":2694.0,"label":"research"},{"weight":1885.0,"label":"development"},{"weight":1776.0,"label":"challenge"},{"weight":1693.0,"label":"future"},{"weight":1598.0,"label":"review"},{"weight":1428.0,"label":"recent"},{"weight":1358.0,"label":"field"},{"weight":1147.0,"label":"discuss"},{"weight":1072.0,"label":"current"},{"weight":927.0,"label":"advance"},{"weight":899.0,"label":"technology"},{"weight":893.0,"label":"area"},{"weight":834.0,"label":"present"},{"weight":822.0,"label":"year"},{"weight":819.0,"label":"provide"},{"weight":780.0,"label":"application"},{"weight":726.0,"label":"focus"},{"weight":696.0,"label":"potential"},{"weight":674.0,"label":"science"},{"weight":603.0,"label":"include"},{"weight":602.0,"label":"decade"},{"weight":586.0,"label":"issue"},{"weight":570.0,"label":"make"},{"weight":567.0,"label":"key"},{"weight":545.0,"label":"develop"}]},{"conceptId":4,"clusterId":0,"hexCoordinates":{"x":0.0,"y":-3.0},"labels":[{"weight":645.0,"label":"research"},{"weight":571.0,"label":"issue"},{"weight":408.0,"label":"special"},{"weight":391.0,"label":"conference"},{"weight":350.0,"label":"international"},{"weight":322.0,"label":"papers"},{"weight":302.0,"label":"workshop"},{"weight":298.0,"label":"hold"},{"weight":294.0,"label":"science"},{"weight":240.0,"label":"society"},{"weight":220.0,"label":"discussion"},{"weight":220.0,"label":"university"},{"weight":200.0,"label":"field"},{"weight":193.0,"label":"theme"},{"weight":188.0,"label":"scientific"},{"weight":186.0,"label":"topic"},{"weight":185.0,"label":"journal"},{"weight":185.0,"label":"work"},{"weight":181.0,"label":"meeting"},{"weight":179.0,"label":"article"},{"weight":171.0,"label":"focus"},{"weight":166.0,"label":"researcher"},{"weight":164.0,"label":"present"},{"weight":158.0,"label":"include"},{"weight":153.0,"label":"provide"}]},{"conceptId":5,"clusterId":0,"hexCoordinates":{"x":-1.7320508075688772,"y":-3.0},"labels":[{"weight":241.0,"label":"workshop"},{"weight":116.0,"label":"presentation"},{"weight":106.0,"label":"conference"},{"weight":104.0,"label":"meeting"},{"weight":80.0,"label":"discussion"},{"weight":78.0,"label":"session"},{"weight":66.0,"label":"talk"},{"weight":66.0,"label":"evaluation"},{"weight":65.0,"label":"discuss"},{"weight":54.0,"label":"information"},{"weight":51.0,"label":"poster"},{"weight":46.0,"label":"forum"},{"weight":43.0,"label":"participant"},{"weight":42.0,"label":"cop"},{"weight":39.0,"label":"topic"},{"weight":36.0,"label":"group"},{"weight":33.0,"label":"retrieval"},{"weight":33.0,"label":"work"},{"weight":32.0,"label":"collaborative"},{"weight":29.0,"label":"interest"},{"weight":28.0,"label":"event"},{"weight":27.0,"label":"interaction"},{"weight":26.0,"label":"keynote"},{"weight":25.0,"label":"hold"},{"weight":25.0,"label":"academic"}]},{"conceptId":6,"clusterId":0,"hexCoordinates":{"x":1.7320508075688772,"y":-3.0},"labels":[{"weight":4444.0,"label":"role"},{"weight":2688.0,"label":"study"},{"weight":2577.0,"label":"provide"},{"weight":2409.0,"label":"important"},{"weight":2187.0,"label":"play"},{"weight":1968.0,"label":"process"},{"weight":1788.0,"label":"understanding"},{"weight":1685.0,"label":"understand"},{"weight":1503.0,"label":"mechanism"},{"weight":1291.0,"label":"key"},{"weight":1270.0,"label":"evidence"},{"weight":1101.0,"label":"highlight"},{"weight":1075.0,"label":"focus"},{"weight":1024.0,"label":"development"},{"weight":981.0,"label":"insight"},{"weight":975.0,"label":"present"},{"weight":943.0,"label":"work"},{"weight":918.0,"label":"remain"},{"weight":892.0,"label":"recent"},{"weight":889.0,"label":"importance"},{"weight":847.0,"label":"discuss"},{"weight":845.0,"label":"identify"},{"weight":821.0,"label":"form"},{"weight":774.0,"label":"include"},{"weight":768.0,"label":"nature"}]}]}