{"linkageTable":[{"node2":14,"distance":0.47336099875024,"node1":11},{"node2":10,"distance":0.479860946498315,"node1":4},{"node2":12,"distance":0.486719500887425,"node1":6},{"node2":17,"distance":0.4877972435139549,"node1":18},{"node2":8,"distance":0.489178443614985,"node1":0},{"node2":13,"distance":0.4900724624104825,"node1":19},{"node2":3,"distance":0.490273876647535,"node1":1},{"node2":16,"distance":0.49122513824483,"node1":15},{"node2":22,"distance":0.4943530548213167,"node1":20},{"node2":24,"distance":0.49547963482831353,"node1":25},{"node2":5,"distance":0.4974048026429006,"node1":26},{"node2":7,"distance":0.49742016857811,"node1":21},{"node2":23,"distance":0.4981521078454983,"node1":28},{"node2":27,"distance":0.4983548919667302,"node1":29},{"node2":9,"distance":0.49906638946010234,"node1":30},{"node2":2,"distance":0.4993685734630484,"node1":31}],"conceptsData":[{"conceptId":0,"clusterId":0,"hexCoordinates":{"x":5.196152422706632,"y":-3.0},"labels":[{"weight":348.0,"label":"india"},{"weight":156.0,"label":"indian"},{"weight":71.0,"label":"project"},{"weight":55.0,"label":"tax"},{"weight":48.0,"label":"cdm"},{"weight":42.0,"label":"faeces"},{"weight":36.0,"label":"grant"},{"weight":35.0,"label":"university"},{"weight":33.0,"label":"toilet"},{"weight":32.0,"label":"fiscal"},{"weight":29.0,"label":"implementation"},{"weight":27.0,"label":"bengal"},{"weight":26.0,"label":"petition"},{"weight":26.0,"label":"fund"},{"weight":26.0,"label":"block"},{"weight":25.0,"label":"case"},{"weight":24.0,"label":"crown"},{"weight":24.0,"label":"period"},{"weight":23.0,"label":"apc"},{"weight":22.0,"label":"government"},{"weight":22.0,"label":"human"},{"weight":21.0,"label":"poa"},{"weight":21.0,"label":"receive"},{"weight":21.0,"label":"part"},{"weight":20.0,"label":"west"}]},{"conceptId":8,"clusterId":0,"hexCoordinates":{"x":4.330127018922193,"y":-1.5},"labels":[{"weight":1246.0,"label":"country"},{"weight":517.0,"label":"income"},{"weight":497.0,"label":"middle"},{"weight":491.0,"label":"low"},{"weight":387.0,"label":"high"},{"weight":276.0,"label":"global"},{"weight":192.0,"label":"india"},{"weight":174.0,"label":"south"},{"weight":168.0,"label":"asia"},{"weight":165.0,"label":"study"},{"weight":144.0,"label":"asian"},{"weight":141.0,"label":"china"},{"weight":127.0,"label":"east"},{"weight":122.0,"label":"level"},{"weight":121.0,"label":"korea"},{"weight":117.0,"label":"pakistan"},{"weight":103.0,"label":"lmic"},{"weight":101.0,"label":"world"},{"weight":86.0,"label":"malaysia"},{"weight":81.0,"label":"worldwide"},{"weight":80.0,"label":"international"},{"weight":79.0,"label":"hdi"},{"weight":79.0,"label":"japan"},{"weight":76.0,"label":"region"},{"weight":75.0,"label":"africa"}]},{"conceptId":11,"clusterId":0,"hexCoordinates":{"x":0.0,"y":0.0},"labels":[{"weight":452.0,"label":"land"},{"weight":299.0,"label":"household"},{"weight":123.0,"label":"food"},{"weight":114.0,"label":"fuel"},{"weight":87.0,"label":"consumption"},{"weight":70.0,"label":"energy"},{"weight":56.0,"label":"ownership"},{"weight":54.0,"label":"production"},{"weight":51.0,"label":"agricultural"},{"weight":50.0,"label":"nexus"},{"weight":45.0,"label":"change"},{"weight":34.0,"label":"transport"},{"weight":34.0,"label":"efficiency"},{"weight":31.0,"label":"cropland"},{"weight":31.0,"label":"waste"},{"weight":30.0,"label":"kettle"},{"weight":30.0,"label":"scenario"},{"weight":29.0,"label":"benefit"},{"weight":29.0,"label":"system"},{"weight":28.0,"label":"vehicle"},{"weight":27.0,"label":"purchase"},{"weight":27.0,"label":"price"},{"weight":26.0,"label":"demand"},{"weight":25.0,"label":"consumer"},{"weight":24.0,"label":"consume"}]},{"conceptId":14,"clusterId":0,"hexCoordinates":{"x":1.7320508075688772,"y":0.0},"labels":[{"weight":475.0,"label":"farm"},{"weight":475.0,"label":"production"},{"weight":406.0,"label":"food"},{"weight":347.0,"label":"farmer"},{"weight":171.0,"label":"aquaculture"},{"weight":165.0,"label":"shrimp"},{"weight":163.0,"label":"supply"},{"weight":138.0,"label":"product"},{"weight":134.0,"label":"system"},{"weight":132.0,"label":"livestock"},{"weight":130.0,"label":"farming"},{"weight":130.0,"label":"chain"},{"weight":129.0,"label":"producer"},{"weight":118.0,"label":"agricultural"},{"weight":100.0,"label":"market"},{"weight":97.0,"label":"practice"},{"weight":96.0,"label":"security"},{"weight":90.0,"label":"produce"},{"weight":87.0,"label":"animal"},{"weight":87.0,"label":"small"},{"weight":84.0,"label":"sustainable"},{"weight":83.0,"label":"sector"},{"weight":80.0,"label":"tilapia"},{"weight":80.0,"label":"industry"},{"weight":72.0,"label":"trade"}]},{"conceptId":1,"clusterId":0,"hexCoordinates":{"x":3.4641016151377544,"y":0.0},"labels":[{"weight":95.0,"label":"malawi"},{"weight":84.0,"label":"ipc"},{"weight":83.0,"label":"water"},{"weight":78.0,"label":"sanitation"},{"weight":63.0,"label":"latrine"},{"weight":61.0,"label":"hygiene"},{"weight":60.0,"label":"food"},{"weight":57.0,"label":"hand"},{"weight":54.0,"label":"wash"},{"weight":51.0,"label":"odf"},{"weight":49.0,"label":"household"},{"weight":49.0,"label":"low"},{"weight":38.0,"label":"income"},{"weight":35.0,"label":"country"},{"weight":32.0,"label":"attendance"},{"weight":30.0,"label":"district"},{"weight":27.0,"label":"improve"},{"weight":26.0,"label":"pit"},{"weight":26.0,"label":"facility"},{"weight":26.0,"label":"impact"},{"weight":25.0,"label":"ecosan"},{"weight":24.0,"label":"malawus"},{"weight":24.0,"label":"promotion"},{"weight":24.0,"label":"target"},{"weight":24.0,"label":"implementation"}]},{"conceptId":10,"clusterId":0,"hexCoordinates":{"x":0.8660254037844386,"y":-1.5},"labels":[{"weight":1080.0,"label":"sustainable"},{"weight":1015.0,"label":"sustainability"},{"weight":999.0,"label":"development"},{"weight":896.0,"label":"environmental"},{"weight":745.0,"label":"economic"},{"weight":708.0,"label":"resource"},{"weight":687.0,"label":"policy"},{"weight":543.0,"label":"management"},{"weight":499.0,"label":"approach"},{"weight":429.0,"label":"challenge"},{"weight":388.0,"label":"future"},{"weight":347.0,"label":"strategy"},{"weight":332.0,"label":"goal"},{"weight":332.0,"label":"develop"},{"weight":326.0,"label":"global"},{"weight":319.0,"label":"support"},{"weight":315.0,"label":"social"},{"weight":312.0,"label":"natural"},{"weight":308.0,"label":"benefit"},{"weight":291.0,"label":"framework"},{"weight":282.0,"label":"change"},{"weight":268.0,"label":"stakeholder"},{"weight":246.0,"label":"environment"},{"weight":245.0,"label":"sector"},{"weight":243.0,"label":"impact"}]},{"conceptId":12,"clusterId":0,"hexCoordinates":{"x":0.8660254037844386,"y":-4.5},"labels":[{"weight":983.0,"label":"city"},{"weight":788.0,"label":"urban"},{"weight":135.0,"label":"development"},{"weight":112.0,"label":"paper"},{"weight":81.0,"label":"space"},{"weight":80.0,"label":"high"},{"weight":79.0,"label":"housing"},{"weight":76.0,"label":"centre"},{"weight":74.0,"label":"smart"},{"weight":74.0,"label":"social"},{"weight":69.0,"label":"rise"},{"weight":65.0,"label":"planning"},{"weight":61.0,"label":"area"},{"weight":60.0,"label":"economic"},{"weight":58.0,"label":"growth"},{"weight":56.0,"label":"public"},{"weight":56.0,"label":"local"},{"weight":55.0,"label":"qatar"},{"weight":51.0,"label":"quality"},{"weight":49.0,"label":"resident"},{"weight":48.0,"label":"real"},{"weight":47.0,"label":"segregation"},{"weight":46.0,"label":"doha"},{"weight":45.0,"label":"slum"},{"weight":41.0,"label":"regeneration"}]},{"conceptId":7,"clusterId":0,"hexCoordinates":{"x":6.06217782649107,"y":-1.5},"labels":[{"weight":889.0,"label":"africa"},{"weight":697.0,"label":"south"},{"weight":601.0,"label":"african"},{"weight":279.0,"label":"america"},{"weight":194.0,"label":"country"},{"weight":176.0,"label":"saharan"},{"weight":167.0,"label":"case"},{"weight":157.0,"label":"global"},{"weight":153.0,"label":"latin"},{"weight":147.0,"label":"north"},{"weight":139.0,"label":"asia"},{"weight":130.0,"label":"american"},{"weight":125.0,"label":"region"},{"weight":103.0,"label":"ssa"},{"weight":83.0,"label":"continent"},{"weight":73.0,"label":"east"},{"weight":66.0,"label":"southern"},{"weight":62.0,"label":"brazil"},{"weight":56.0,"label":"hib"},{"weight":53.0,"label":"specific"},{"weight":45.0,"label":"europe"},{"weight":44.0,"label":"state"},{"weight":44.0,"label":"local"},{"weight":43.0,"label":"sudan"},{"weight":43.0,"label":"world"}]},{"conceptId":15,"clusterId":0,"hexCoordinates":{"x":2.598076211353316,"y":-4.5},"labels":[{"weight":1618.0,"label":"public"},{"weight":796.0,"label":"service"},{"weight":565.0,"label":"private"},{"weight":496.0,"label":"sector"},{"weight":350.0,"label":"government"},{"weight":175.0,"label":"contract"},{"weight":175.0,"label":"policy"},{"weight":173.0,"label":"financial"},{"weight":125.0,"label":"ppp"},{"weight":114.0,"label":"funding"},{"weight":114.0,"label":"provision"},{"weight":110.0,"label":"paper"},{"weight":105.0,"label":"provider"},{"weight":104.0,"label":"agency"},{"weight":102.0,"label":"reform"},{"weight":102.0,"label":"local"},{"weight":101.0,"label":"scheme"},{"weight":99.0,"label":"delivery"},{"weight":98.0,"label":"partnership"},{"weight":87.0,"label":"organisation"},{"weight":87.0,"label":"resource"},{"weight":86.0,"label":"state"},{"weight":82.0,"label":"challenge"},{"weight":80.0,"label":"transparency"},{"weight":76.0,"label":"governance"}]},{"conceptId":13,"clusterId":0,"hexCoordinates":{"x":0.0,"y":-3.0},"labels":[{"weight":1021.0,"label":"social"},{"weight":798.0,"label":"inequality"},{"weight":717.0,"label":"poverty"},{"weight":332.0,"label":"health"},{"weight":311.0,"label":"economic"},{"weight":261.0,"label":"income"},{"weight":219.0,"label":"poor"},{"weight":160.0,"label":"class"},{"weight":150.0,"label":"impact"},{"weight":136.0,"label":"policy"},{"weight":130.0,"label":"socioeconomic"},{"weight":123.0,"label":"level"},{"weight":122.0,"label":"education"},{"weight":121.0,"label":"welfare"},{"weight":115.0,"label":"vulnerability"},{"weight":112.0,"label":"people"},{"weight":106.0,"label":"reduce"},{"weight":103.0,"label":"outcome"},{"weight":102.0,"label":"factor"},{"weight":101.0,"label":"disadvantage"},{"weight":98.0,"label":"deprivation"},{"weight":94.0,"label":"exclusion"},{"weight":92.0,"label":"socio"},{"weight":91.0,"label":"structural"},{"weight":83.0,"label":"measure"}]},{"conceptId":9,"clusterId":0,"hexCoordinates":{"x":-0.8660254037844386,"y":-4.5},"labels":[{"weight":203.0,"label":"disaster"},{"weight":128.0,"label":"exposure"},{"weight":113.0,"label":"radiation"},{"weight":100.0,"label":"nuclear"},{"weight":97.0,"label":"dose"},{"weight":72.0,"label":"japan"},{"weight":69.0,"label":"sun"},{"weight":53.0,"label":"accident"},{"weight":52.0,"label":"fukushima"},{"weight":47.0,"label":"chernobyl"},{"weight":39.0,"label":"effect"},{"weight":38.0,"label":"ultraviolet"},{"weight":37.0,"label":"level"},{"weight":37.0,"label":"protection"},{"weight":36.0,"label":"vitamin"},{"weight":34.0,"label":"sunlight"},{"weight":30.0,"label":"plant"},{"weight":30.0,"label":"low"},{"weight":29.0,"label":"situation"},{"weight":29.0,"label":"safety"},{"weight":27.0,"label":"skin"},{"weight":27.0,"label":"reduction"},{"weight":26.0,"label":"preparedness"},{"weight":26.0,"label":"behaviour"},{"weight":26.0,"label":"emergency"}]},{"conceptId":4,"clusterId":0,"hexCoordinates":{"x":2.598076211353316,"y":-1.5},"labels":[{"weight":687.0,"label":"land"},{"weight":568.0,"label":"water"},{"weight":309.0,"label":"change"},{"weight":250.0,"label":"impact"},{"weight":230.0,"label":"climate"},{"weight":228.0,"label":"agricultural"},{"weight":209.0,"label":"resource"},{"weight":174.0,"label":"area"},{"weight":154.0,"label":"increase"},{"weight":153.0,"label":"management"},{"weight":152.0,"label":"cover"},{"weight":149.0,"label":"scenario"},{"weight":144.0,"label":"environmental"},{"weight":142.0,"label":"agriculture"},{"weight":139.0,"label":"global"},{"weight":139.0,"label":"result"},{"weight":120.0,"label":"drought"},{"weight":120.0,"label":"vulnerability"},{"weight":114.0,"label":"flood"},{"weight":113.0,"label":"delta"},{"weight":112.0,"label":"crop"},{"weight":108.0,"label":"study"},{"weight":105.0,"label":"ecosystem"},{"weight":102.0,"label":"future"},{"weight":101.0,"label":"reservoir"}]},{"conceptId":16,"clusterId":0,"hexCoordinates":{"x":3.4641016151377544,"y":-3.0},"labels":[{"weight":957.0,"label":"health"},{"weight":244.0,"label":"africa"},{"weight":243.0,"label":"country"},{"weight":162.0,"label":"system"},{"weight":144.0,"label":"aid"},{"weight":140.0,"label":"district"},{"weight":137.0,"label":"malawi"},{"weight":119.0,"label":"community"},{"weight":114.0,"label":"rural"},{"weight":112.0,"label":"hiv"},{"weight":109.0,"label":"uganda"},{"weight":104.0,"label":"site"},{"weight":104.0,"label":"global"},{"weight":103.0,"label":"include"},{"weight":98.0,"label":"saharan"},{"weight":96.0,"label":"worker"},{"weight":84.0,"label":"south"},{"weight":84.0,"label":"disease"},{"weight":78.0,"label":"burden"},{"weight":75.0,"label":"facility"},{"weight":73.0,"label":"access"},{"weight":73.0,"label":"setting"},{"weight":71.0,"label":"capacity"},{"weight":70.0,"label":"world"},{"weight":68.0,"label":"financing"}]},{"conceptId":-1,"clusterId":-1,"hexCoordinates":{"x":9.526279441628825,"y":0.0},"labels":[{"weight":2500,"label":"Unclassified"},{"weight":0,"label":""},{"weight":0,"label":""},{"weight":0,"label":""},{"weight":0,"label":""},{"weight":0,"label":""},{"weight":0,"label":""},{"weight":0,"label":""},{"weight":0,"label":""},{"weight":0,"label":""},{"weight":0,"label":""}]},{"conceptId":2,"clusterId":0,"hexCoordinates":{"x":-1.7320508075688772,"y":-3.0},"labels":[{"weight":809.0,"label":"rural"},{"weight":257.0,"label":"urban"},{"weight":249.0,"label":"dance"},{"weight":239.0,"label":"area"},{"weight":160.0,"label":"remote"},{"weight":70.0,"label":"experience"},{"weight":65.0,"label":"scotland"},{"weight":60.0,"label":"movement"},{"weight":58.0,"label":"highland"},{"weight":52.0,"label":"dancer"},{"weight":51.0,"label":"spectator"},{"weight":47.0,"label":"watch"},{"weight":46.0,"label":"access"},{"weight":45.0,"label":"broadband"},{"weight":39.0,"label":"connectivity"},{"weight":39.0,"label":"community"},{"weight":35.0,"label":"location"},{"weight":34.0,"label":"creative"},{"weight":31.0,"label":"observation"},{"weight":31.0,"label":"scottish"},{"weight":28.0,"label":"aon"},{"weight":27.0,"label":"hca"},{"weight":27.0,"label":"distance"},{"weight":26.0,"label":"setting"},{"weight":24.0,"label":"ballet"}]},{"conceptId":5,"clusterId":0,"hexCoordinates":{"x":-0.8660254037844386,"y":-1.5},"labels":[{"weight":890.0,"label":"urban"},{"weight":453.0,"label":"city"},{"weight":313.0,"label":"environment"},{"weight":303.0,"label":"space"},{"weight":291.0,"label":"mobility"},{"weight":261.0,"label":"travel"},{"weight":201.0,"label":"glasgow"},{"weight":188.0,"label":"area"},{"weight":180.0,"label":"cycling"},{"weight":157.0,"label":"walk"},{"weight":155.0,"label":"public"},{"weight":152.0,"label":"build"},{"weight":137.0,"label":"transport"},{"weight":136.0,"label":"street"},{"weight":119.0,"label":"active"},{"weight":118.0,"label":"commute"},{"weight":113.0,"label":"place"},{"weight":96.0,"label":"local"},{"weight":92.0,"label":"activity"},{"weight":91.0,"label":"live"},{"weight":91.0,"label":"people"},{"weight":89.0,"label":"green"},{"weight":89.0,"label":"environmental"},{"weight":88.0,"label":"neighbourhood"},{"weight":88.0,"label":"infrastructure"}]},{"conceptId":6,"clusterId":0,"hexCoordinates":{"x":1.7320508075688772,"y":-3.0},"labels":[{"weight":623.0,"label":"local"},{"weight":554.0,"label":"resilience"},{"weight":416.0,"label":"governance"},{"weight":399.0,"label":"city"},{"weight":307.0,"label":"community"},{"weight":262.0,"label":"development"},{"weight":244.0,"label":"policy"},{"weight":214.0,"label":"urban"},{"weight":213.0,"label":"economic"},{"weight":210.0,"label":"regional"},{"weight":179.0,"label":"paper"},{"weight":150.0,"label":"level"},{"weight":150.0,"label":"context"},{"weight":148.0,"label":"transition"},{"weight":140.0,"label":"strategy"},{"weight":132.0,"label":"region"},{"weight":131.0,"label":"planning"},{"weight":112.0,"label":"challenge"},{"weight":108.0,"label":"approach"},{"weight":106.0,"label":"social"},{"weight":105.0,"label":"rural"},{"weight":102.0,"label":"socio"},{"weight":102.0,"label":"process"},{"weight":94.0,"label":"develop"},{"weight":91.0,"label":"environmental"}]},{"conceptId":3,"clusterId":0,"hexCoordinates":{"x":5.196152422706632,"y":0.0},"labels":[{"weight":250.0,"label":"health"},{"weight":171.0,"label":"care"},{"weight":157.0,"label":"pneumonia"},{"weight":111.0,"label":"cost"},{"weight":108.0,"label":"child"},{"weight":88.0,"label":"household"},{"weight":82.0,"label":"seek"},{"weight":79.0,"label":"low"},{"weight":78.0,"label":"country"},{"weight":76.0,"label":"income"},{"weight":70.0,"label":"estimate"},{"weight":68.0,"label":"hospital"},{"weight":64.0,"label":"service"},{"weight":63.0,"label":"burden"},{"weight":62.0,"label":"bangladesh"},{"weight":59.0,"label":"maternal"},{"weight":59.0,"label":"coverage"},{"weight":58.0,"label":"avert"},{"weight":58.0,"label":"community"},{"weight":57.0,"label":"insurance"},{"weight":47.0,"label":"lmic"},{"weight":47.0,"label":"mortality"},{"weight":47.0,"label":"illness"},{"weight":46.0,"label":"delivery"},{"weight":45.0,"label":"india"}]}]}