{"linkageTable":[{"node2":11,"distance":0.42788169774361,"node1":1},{"node2":17,"distance":0.460379150341085,"node1":14},{"node2":5,"distance":0.46141255824087,"node1":18},{"node2":15,"distance":0.46494144762351,"node1":13},{"node2":7,"distance":0.47093844343189,"node1":3},{"node2":19,"distance":0.4761711995580275,"node1":6},{"node2":4,"distance":0.4843938448660475,"node1":22},{"node2":12,"distance":0.48511876836927836,"node1":20},{"node2":21,"distance":0.4887713050813975,"node1":2},{"node2":23,"distance":0.48881641318382774,"node1":24},{"node2":26,"distance":0.4910609495837291,"node1":25},{"node2":10,"distance":0.49289277925231917,"node1":27},{"node2":29,"distance":0.4935411049009154,"node1":28},{"node2":9,"distance":0.49535537269926133,"node1":30},{"node2":31,"distance":0.49698706823716166,"node1":0},{"node2":16,"distance":0.4976137282200769,"node1":32},{"node2":8,"distance":0.4996415384718491,"node1":33}],"conceptsData":[{"conceptId":11,"clusterId":0,"hexCoordinates":{"x":-3.4641016151377544,"y":3.0},"labels":[{"weight":1137.0,"label":"electron"},{"weight":844.0,"label":"microscopy"},{"weight":627.0,"label":"ray"},{"weight":562.0,"label":"scanning"},{"weight":418.0,"label":"spectroscopy"},{"weight":385.0,"label":"structure"},{"weight":370.0,"label":"diffraction"},{"weight":328.0,"label":"transmission"},{"weight":325.0,"label":"surface"},{"weight":324.0,"label":"sem"},{"weight":313.0,"label":"show"},{"weight":295.0,"label":"technique"},{"weight":294.0,"label":"sample"},{"weight":277.0,"label":"analysis"},{"weight":260.0,"label":"film"},{"weight":246.0,"label":"energy"},{"weight":202.0,"label":"study"},{"weight":197.0,"label":"high"},{"weight":192.0,"label":"property"},{"weight":187.0,"label":"morphology"},{"weight":186.0,"label":"reveal"},{"weight":181.0,"label":"atomic"},{"weight":181.0,"label":"phase"},{"weight":163.0,"label":"layer"},{"weight":155.0,"label":"material"}]},{"conceptId":0,"clusterId":0,"hexCoordinates":{"x":-5.196152422706632,"y":3.0},"labels":[{"weight":225.0,"label":"edge"},{"weight":117.0,"label":"coating"},{"weight":73.0,"label":"spray"},{"weight":62.0,"label":"wear"},{"weight":62.0,"label":"lead"},{"weight":60.0,"label":"hvof"},{"weight":57.0,"label":"tubercle"},{"weight":54.0,"label":"sail"},{"weight":50.0,"label":"trail"},{"weight":48.0,"label":"ray"},{"weight":44.0,"label":"test"},{"weight":40.0,"label":"shadow"},{"weight":38.0,"label":"lev"},{"weight":36.0,"label":"lift"},{"weight":33.0,"label":"performance"},{"weight":31.0,"label":"leading"},{"weight":30.0,"label":"ball"},{"weight":29.0,"label":"visibility"},{"weight":29.0,"label":"particle"},{"weight":26.0,"label":"slide"},{"weight":25.0,"label":"implant"},{"weight":25.0,"label":"high"},{"weight":24.0,"label":"result"},{"weight":22.0,"label":"velocity"},{"weight":22.0,"label":"debris"}]},{"conceptId":16,"clusterId":0,"hexCoordinates":{"x":1.7320508075688772,"y":3.0},"labels":[{"weight":227.0,"label":"battery"},{"weight":102.0,"label":"charge"},{"weight":98.0,"label":"lithium"},{"weight":70.0,"label":"state"},{"weight":65.0,"label":"ion"},{"weight":55.0,"label":"discharge"},{"weight":52.0,"label":"pack"},{"weight":43.0,"label":"voltage"},{"weight":42.0,"label":"power"},{"weight":41.0,"label":"capacity"},{"weight":37.0,"label":"work"},{"weight":33.0,"label":"owc"},{"weight":31.0,"label":"estimation"},{"weight":28.0,"label":"chamber"},{"weight":24.0,"label":"soc"},{"weight":24.0,"label":"realize"},{"weight":23.0,"label":"equivalent"},{"weight":23.0,"label":"circuit"},{"weight":23.0,"label":"improve"},{"weight":22.0,"label":"experimental"},{"weight":21.0,"label":"filter"},{"weight":21.0,"label":"model"},{"weight":21.0,"label":"cell"},{"weight":20.0,"label":"characteristic"},{"weight":19.0,"label":"management"}]},{"conceptId":10,"clusterId":0,"hexCoordinates":{"x":-1.7320508075688772,"y":0.0},"labels":[{"weight":559.0,"label":"membrane"},{"weight":395.0,"label":"gas"},{"weight":351.0,"label":"catalyst"},{"weight":195.0,"label":"surface"},{"weight":195.0,"label":"support"},{"weight":169.0,"label":"selectivity"},{"weight":163.0,"label":"temperature"},{"weight":139.0,"label":"silica"},{"weight":132.0,"label":"reaction"},{"weight":122.0,"label":"hydrogen"},{"weight":121.0,"label":"pressure"},{"weight":117.0,"label":"catalytic"},{"weight":114.0,"label":"show"},{"weight":110.0,"label":"mol"},{"weight":101.0,"label":"higher"},{"weight":98.0,"label":"increase"},{"weight":91.0,"label":"separation"},{"weight":91.0,"label":"nitrogen"},{"weight":88.0,"label":"rate"},{"weight":87.0,"label":"obtain"},{"weight":76.0,"label":"carbon"},{"weight":75.0,"label":"selective"},{"weight":75.0,"label":"phase"},{"weight":75.0,"label":"process"},{"weight":74.0,"label":"hydrogenation"}]},{"conceptId":14,"clusterId":0,"hexCoordinates":{"x":0.0,"y":0.0},"labels":[{"weight":373.0,"label":"material"},{"weight":223.0,"label":"conductivity"},{"weight":200.0,"label":"oxide"},{"weight":150.0,"label":"high"},{"weight":145.0,"label":"ion"},{"weight":135.0,"label":"solid"},{"weight":132.0,"label":"phase"},{"weight":130.0,"label":"temperature"},{"weight":116.0,"label":"metal"},{"weight":113.0,"label":"perovskite"},{"weight":109.0,"label":"structure"},{"weight":99.0,"label":"stability"},{"weight":98.0,"label":"property"},{"weight":91.0,"label":"synthesis"},{"weight":91.0,"label":"thermal"},{"weight":90.0,"label":"lithium"},{"weight":80.0,"label":"state"},{"weight":78.0,"label":"prepare"},{"weight":78.0,"label":"electrical"},{"weight":77.0,"label":"performance"},{"weight":74.0,"label":"electrolyte"},{"weight":72.0,"label":"composition"},{"weight":71.0,"label":"nus"},{"weight":71.0,"label":"oxygen"},{"weight":69.0,"label":"composite"}]},{"conceptId":8,"clusterId":0,"hexCoordinates":{"x":-0.8660254037844386,"y":-1.5},"labels":[{"weight":55.0,"label":"detergent"},{"weight":36.0,"label":"spray"},{"weight":30.0,"label":"wall"},{"weight":29.0,"label":"deposit"},{"weight":29.0,"label":"disease"},{"weight":29.0,"label":"energy"},{"weight":28.0,"label":"forest"},{"weight":28.0,"label":"solution"},{"weight":26.0,"label":"swirl"},{"weight":26.0,"label":"particle"},{"weight":25.0,"label":"dryer"},{"weight":25.0,"label":"dry"},{"weight":25.0,"label":"effect"},{"weight":24.0,"label":"timber"},{"weight":24.0,"label":"san"},{"weight":24.0,"label":"benefit"},{"weight":24.0,"label":"method"},{"weight":23.0,"label":"synthesis"},{"weight":22.0,"label":"granule"},{"weight":22.0,"label":"solid"},{"weight":22.0,"label":"type"},{"weight":21.0,"label":"nozzle"},{"weight":19.0,"label":"snse"},{"weight":19.0,"label":"rotation"},{"weight":18.0,"label":"ded"}]},{"conceptId":17,"clusterId":0,"hexCoordinates":{"x":1.7320508075688772,"y":0.0},"labels":[{"weight":207.0,"label":"cell"},{"weight":151.0,"label":"fuel"},{"weight":146.0,"label":"anode"},{"weight":112.0,"label":"oxide"},{"weight":111.0,"label":"sofc"},{"weight":99.0,"label":"performance"},{"weight":95.0,"label":"solid"},{"weight":94.0,"label":"cathode"},{"weight":93.0,"label":"nus"},{"weight":93.0,"label":"temperature"},{"weight":83.0,"label":"ferroelectric"},{"weight":80.0,"label":"ceramic"},{"weight":78.0,"label":"ysz"},{"weight":71.0,"label":"material"},{"weight":68.0,"label":"electrolyte"},{"weight":66.0,"label":"dielectric"},{"weight":58.0,"label":"high"},{"weight":55.0,"label":"electrode"},{"weight":51.0,"label":"density"},{"weight":50.0,"label":"carbon"},{"weight":42.0,"label":"zirconia"},{"weight":41.0,"label":"stability"},{"weight":39.0,"label":"power"},{"weight":38.0,"label":"stabilize"},{"weight":38.0,"label":"polarization"}]},{"conceptId":2,"clusterId":0,"hexCoordinates":{"x":-3.4641016151377544,"y":0.0},"labels":[{"weight":104.0,"label":"domain"},{"weight":69.0,"label":"pillar"},{"weight":52.0,"label":"electrode"},{"weight":51.0,"label":"electrical"},{"weight":42.0,"label":"field"},{"weight":41.0,"label":"dep"},{"weight":40.0,"label":"array"},{"weight":39.0,"label":"ferroelectric"},{"weight":36.0,"label":"wall"},{"weight":34.0,"label":"stimulation"},{"weight":33.0,"label":"polarization"},{"weight":33.0,"label":"photovoltaic"},{"weight":32.0,"label":"film"},{"weight":30.0,"label":"structure"},{"weight":25.0,"label":"ert"},{"weight":25.0,"label":"implant"},{"weight":25.0,"label":"electric"},{"weight":23.0,"label":"pixel"},{"weight":22.0,"label":"pattern"},{"weight":21.0,"label":"subretinal"},{"weight":20.0,"label":"conductive"},{"weight":20.0,"label":"prosthetic"},{"weight":19.0,"label":"nanopillar"},{"weight":19.0,"label":"resistivity"},{"weight":19.0,"label":"soft"}]},{"conceptId":15,"clusterId":0,"hexCoordinates":{"x":-2.598076211353316,"y":1.5},"labels":[{"weight":478.0,"label":"substrate"},{"weight":371.0,"label":"layer"},{"weight":278.0,"label":"device"},{"weight":244.0,"label":"process"},{"weight":237.0,"label":"flexible"},{"weight":225.0,"label":"fabrication"},{"weight":221.0,"label":"material"},{"weight":213.0,"label":"printing"},{"weight":205.0,"label":"film"},{"weight":205.0,"label":"application"},{"weight":201.0,"label":"method"},{"weight":195.0,"label":"print"},{"weight":189.0,"label":"structure"},{"weight":181.0,"label":"fabricate"},{"weight":176.0,"label":"demonstrate"},{"weight":166.0,"label":"thin"},{"weight":166.0,"label":"micro"},{"weight":163.0,"label":"base"},{"weight":154.0,"label":"high"},{"weight":148.0,"label":"transfer"},{"weight":143.0,"label":"graphene"},{"weight":125.0,"label":"pattern"},{"weight":121.0,"label":"technique"},{"weight":121.0,"label":"present"},{"weight":108.0,"label":"polymer"}]},{"conceptId":13,"clusterId":0,"hexCoordinates":{"x":-4.330127018922193,"y":1.5},"labels":[{"weight":92.0,"label":"pin"},{"weight":69.0,"label":"copper"},{"weight":42.0,"label":"pattern"},{"weight":29.0,"label":"mesh"},{"weight":27.0,"label":"ocp"},{"weight":26.0,"label":"subject"},{"weight":13.0,"label":"lock"},{"weight":11.0,"label":"guess"},{"weight":10.0,"label":"polyflex"},{"weight":10.0,"label":"electroless"},{"weight":10.0,"label":"scb"},{"weight":9.0,"label":"demonstrator"},{"weight":8.0,"label":"strigolactone"},{"weight":8.0,"label":"mco"},{"weight":8.0,"label":"dms"},{"weight":8.0,"label":"mdd"},{"weight":7.0,"label":"mdda"},{"weight":7.0,"label":"cover"},{"weight":6.0,"label":"cklund"},{"weight":6.0,"label":"froidure"},{"weight":6.0,"label":"copb"},{"weight":6.0,"label":"reasonable"},{"weight":6.0,"label":"apparently"},{"weight":6.0,"label":"situ"},{"weight":6.0,"label":"selective"}]},{"conceptId":-1,"clusterId":-1,"hexCoordinates":{"x":5.196152422706632,"y":4.5},"labels":[{"weight":2500,"label":"Unclassified"},{"weight":0,"label":""},{"weight":0,"label":""},{"weight":0,"label":""},{"weight":0,"label":""},{"weight":0,"label":""},{"weight":0,"label":""},{"weight":0,"label":""},{"weight":0,"label":""},{"weight":0,"label":""},{"weight":0,"label":""}]},{"conceptId":9,"clusterId":0,"hexCoordinates":{"x":-0.8660254037844386,"y":4.5},"labels":[{"weight":254.0,"label":"dye"},{"weight":196.0,"label":"cell"},{"weight":177.0,"label":"lignin"},{"weight":162.0,"label":"organic"},{"weight":159.0,"label":"solar"},{"weight":156.0,"label":"conversion"},{"weight":153.0,"label":"efficiency"},{"weight":140.0,"label":"donor"},{"weight":138.0,"label":"acceptor"},{"weight":118.0,"label":"blend"},{"weight":110.0,"label":"device"},{"weight":104.0,"label":"material"},{"weight":100.0,"label":"polymer"},{"weight":96.0,"label":"show"},{"weight":93.0,"label":"base"},{"weight":92.0,"label":"unit"},{"weight":91.0,"label":"electron"},{"weight":87.0,"label":"fullerene"},{"weight":77.0,"label":"property"},{"weight":76.0,"label":"absorption"},{"weight":76.0,"label":"hole"},{"weight":75.0,"label":"charge"},{"weight":72.0,"label":"photovoltaic"},{"weight":71.0,"label":"dssc"},{"weight":70.0,"label":"high"}]},{"conceptId":1,"clusterId":0,"hexCoordinates":{"x":-1.7320508075688772,"y":3.0},"labels":[{"weight":175.0,"label":"gan"},{"weight":115.0,"label":"growth"},{"weight":108.0,"label":"sam"},{"weight":99.0,"label":"dislocation"},{"weight":91.0,"label":"grow"},{"weight":74.0,"label":"nanorod"},{"weight":70.0,"label":"layer"},{"weight":66.0,"label":"plane"},{"weight":57.0,"label":"emission"},{"weight":56.0,"label":"defect"},{"weight":54.0,"label":"aln"},{"weight":50.0,"label":"ingan"},{"weight":50.0,"label":"substrate"},{"weight":49.0,"label":"facet"},{"weight":46.0,"label":"template"},{"weight":46.0,"label":"structure"},{"weight":38.0,"label":"cathodoluminescence"},{"weight":38.0,"label":"polar"},{"weight":36.0,"label":"shell"},{"weight":33.0,"label":"core"},{"weight":33.0,"label":"sample"},{"weight":31.0,"label":"thread"},{"weight":31.0,"label":"strain"},{"weight":30.0,"label":"condition"},{"weight":28.0,"label":"mqw"}]},{"conceptId":3,"clusterId":0,"hexCoordinates":{"x":0.8660254037844386,"y":1.5},"labels":[{"weight":309.0,"label":"electrode"},{"weight":282.0,"label":"electrochemical"},{"weight":249.0,"label":"cell"},{"weight":200.0,"label":"fuel"},{"weight":180.0,"label":"electrolyte"},{"weight":170.0,"label":"carbon"},{"weight":167.0,"label":"hydrogen"},{"weight":125.0,"label":"reaction"},{"weight":114.0,"label":"material"},{"weight":113.0,"label":"current"},{"weight":100.0,"label":"high"},{"weight":100.0,"label":"show"},{"weight":95.0,"label":"potential"},{"weight":90.0,"label":"energy"},{"weight":85.0,"label":"density"},{"weight":78.0,"label":"battery"},{"weight":64.0,"label":"mfc"},{"weight":64.0,"label":"anode"},{"weight":64.0,"label":"performance"},{"weight":63.0,"label":"surface"},{"weight":62.0,"label":"oxidation"},{"weight":62.0,"label":"cyclic"},{"weight":62.0,"label":"metal"},{"weight":59.0,"label":"reduction"},{"weight":57.0,"label":"voltammetry"}]},{"conceptId":4,"clusterId":0,"hexCoordinates":{"x":0.0,"y":3.0},"labels":[{"weight":475.0,"label":"coating"},{"weight":83.0,"label":"coated"},{"weight":69.0,"label":"corrosion"},{"weight":69.0,"label":"surface"},{"weight":58.0,"label":"show"},{"weight":58.0,"label":"layer"},{"weight":56.0,"label":"base"},{"weight":54.0,"label":"coat"},{"weight":51.0,"label":"test"},{"weight":48.0,"label":"graphene"},{"weight":47.0,"label":"resistance"},{"weight":45.0,"label":"composite"},{"weight":43.0,"label":"substrate"},{"weight":38.0,"label":"deposition"},{"weight":38.0,"label":"performance"},{"weight":36.0,"label":"tio"},{"weight":36.0,"label":"property"},{"weight":35.0,"label":"improve"},{"weight":34.0,"label":"ptfe"},{"weight":34.0,"label":"compare"},{"weight":33.0,"label":"potential"},{"weight":32.0,"label":"deposit"},{"weight":32.0,"label":"additive"},{"weight":30.0,"label":"uncoated"},{"weight":29.0,"label":"excellent"}]},{"conceptId":6,"clusterId":0,"hexCoordinates":{"x":0.8660254037844386,"y":-1.5},"labels":[{"weight":534.0,"label":"phase"},{"weight":477.0,"label":"pressure"},{"weight":432.0,"label":"transition"},{"weight":378.0,"label":"temperature"},{"weight":306.0,"label":"high"},{"weight":305.0,"label":"structure"},{"weight":236.0,"label":"order"},{"weight":232.0,"label":"gpa"},{"weight":213.0,"label":"diffraction"},{"weight":210.0,"label":"crystal"},{"weight":200.0,"label":"magnetic"},{"weight":177.0,"label":"structural"},{"weight":141.0,"label":"ray"},{"weight":139.0,"label":"observe"},{"weight":106.0,"label":"show"},{"weight":103.0,"label":"neutron"},{"weight":94.0,"label":"site"},{"weight":92.0,"label":"cell"},{"weight":86.0,"label":"increase"},{"weight":84.0,"label":"perovskite"},{"weight":83.0,"label":"metal"},{"weight":80.0,"label":"low"},{"weight":80.0,"label":"range"},{"weight":77.0,"label":"symmetry"},{"weight":76.0,"label":"property"}]},{"conceptId":12,"clusterId":0,"hexCoordinates":{"x":-4.330127018922193,"y":4.5},"labels":[{"weight":567.0,"label":"device"},{"weight":338.0,"label":"gate"},{"weight":275.0,"label":"current"},{"weight":251.0,"label":"voltage"},{"weight":241.0,"label":"transistor"},{"weight":203.0,"label":"charge"},{"weight":180.0,"label":"effect"},{"weight":174.0,"label":"quantum"},{"weight":170.0,"label":"simulation"},{"weight":162.0,"label":"electron"},{"weight":157.0,"label":"base"},{"weight":130.0,"label":"performance"},{"weight":129.0,"label":"carrier"},{"weight":126.0,"label":"channel"},{"weight":116.0,"label":"temperature"},{"weight":113.0,"label":"nanowire"},{"weight":107.0,"label":"mobility"},{"weight":106.0,"label":"characteristic"},{"weight":105.0,"label":"silicon"},{"weight":105.0,"label":"barrier"},{"weight":101.0,"label":"diode"},{"weight":100.0,"label":"field"},{"weight":99.0,"label":"transport"},{"weight":92.0,"label":"semiconductor"},{"weight":87.0,"label":"layer"}]},{"conceptId":7,"clusterId":0,"hexCoordinates":{"x":-0.8660254037844386,"y":1.5},"labels":[{"weight":271.0,"label":"tio"},{"weight":179.0,"label":"photocatalytic"},{"weight":161.0,"label":"activity"},{"weight":157.0,"label":"light"},{"weight":151.0,"label":"nanoparticle"},{"weight":144.0,"label":"surface"},{"weight":114.0,"label":"oxidation"},{"weight":105.0,"label":"method"},{"weight":99.0,"label":"irradiation"},{"weight":95.0,"label":"metal"},{"weight":89.0,"label":"photocatalyst"},{"weight":86.0,"label":"zno"},{"weight":86.0,"label":"visible"},{"weight":85.0,"label":"gold"},{"weight":84.0,"label":"enhance"},{"weight":84.0,"label":"base"},{"weight":81.0,"label":"catalyst"},{"weight":79.0,"label":"oxide"},{"weight":72.0,"label":"concentration"},{"weight":72.0,"label":"performance"},{"weight":71.0,"label":"effect"},{"weight":68.0,"label":"acid"},{"weight":67.0,"label":"efficiency"},{"weight":64.0,"label":"degradation"},{"weight":63.0,"label":"water"}]},{"conceptId":5,"clusterId":0,"hexCoordinates":{"x":-2.598076211353316,"y":4.5},"labels":[{"weight":655.0,"label":"film"},{"weight":333.0,"label":"temperature"},{"weight":268.0,"label":"thin"},{"weight":237.0,"label":"absorption"},{"weight":209.0,"label":"coating"},{"weight":204.0,"label":"layer"},{"weight":190.0,"label":"property"},{"weight":188.0,"label":"material"},{"weight":186.0,"label":"optical"},{"weight":145.0,"label":"increase"},{"weight":133.0,"label":"thermal"},{"weight":131.0,"label":"band"},{"weight":126.0,"label":"deposition"},{"weight":123.0,"label":"low"},{"weight":122.0,"label":"measurement"},{"weight":118.0,"label":"silicon"},{"weight":110.0,"label":"substrate"},{"weight":106.0,"label":"amorphous"},{"weight":102.0,"label":"high"},{"weight":101.0,"label":"show"},{"weight":91.0,"label":"loss"},{"weight":87.0,"label":"thickness"},{"weight":85.0,"label":"sputter"},{"weight":85.0,"label":"deposit"},{"weight":78.0,"label":"range"}]}]}