{"linkageTable":[{"node2":2,"distance":0.42292071093811,"node1":0},{"node2":3,"distance":0.47758669571334,"node1":1},{"node2":8,"distance":0.47916067866724,"node1":10},{"node2":7,"distance":0.49045426899872,"node1":11},{"node2":9,"distance":0.49364164617615663,"node1":12},{"node2":4,"distance":0.4984209559777337,"node1":14},{"node2":13,"distance":0.4987114521151043,"node1":15},{"node2":5,"distance":0.5,"node1":16},{"node2":6,"distance":0.5,"node1":17}],"conceptsData":[{"conceptId":0,"clusterId":0,"hexCoordinates":{"x":0.0,"y":0.0},"labels":[{"weight":522.0,"label":"call"},{"weight":265.0,"label":"whale"},{"weight":189.0,"label":"acoustic"},{"weight":131.0,"label":"vocal"},{"weight":130.0,"label":"species"},{"weight":108.0,"label":"porpoise"},{"weight":104.0,"label":"cetacean"},{"weight":97.0,"label":"dolphin"},{"weight":95.0,"label":"produce"},{"weight":91.0,"label":"animal"},{"weight":89.0,"label":"killer"},{"weight":89.0,"label":"individual"},{"weight":89.0,"label":"social"},{"weight":83.0,"label":"vocalization"},{"weight":79.0,"label":"behaviour"},{"weight":76.0,"label":"signal"},{"weight":75.0,"label":"communication"},{"weight":72.0,"label":"frequency"},{"weight":69.0,"label":"click"},{"weight":64.0,"label":"sound"},{"weight":63.0,"label":"pilot"},{"weight":59.0,"label":"playback"},{"weight":58.0,"label":"unit"},{"weight":56.0,"label":"sequence"},{"weight":50.0,"label":"type"}]},{"conceptId":8,"clusterId":0,"hexCoordinates":{"x":0.8660254037844386,"y":-1.5},"labels":[{"weight":443.0,"label":"noise"},{"weight":258.0,"label":"acoustic"},{"weight":245.0,"label":"sound"},{"weight":207.0,"label":"response"},{"weight":192.0,"label":"level"},{"weight":166.0,"label":"sonar"},{"weight":136.0,"label":"source"},{"weight":132.0,"label":"exposure"},{"weight":114.0,"label":"marine"},{"weight":105.0,"label":"whale"},{"weight":95.0,"label":"underwater"},{"weight":82.0,"label":"impact"},{"weight":78.0,"label":"mammal"},{"weight":67.0,"label":"animal"},{"weight":52.0,"label":"anthropogenic"},{"weight":51.0,"label":"behavioral"},{"weight":49.0,"label":"effect"},{"weight":47.0,"label":"risk"},{"weight":46.0,"label":"receive"},{"weight":39.0,"label":"signal"},{"weight":38.0,"label":"threshold"},{"weight":37.0,"label":"frequency"},{"weight":36.0,"label":"pressure"},{"weight":34.0,"label":"potential"},{"weight":33.0,"label":"data"}]},{"conceptId":9,"clusterId":0,"hexCoordinates":{"x":0.8660254037844386,"y":1.5},"labels":[{"weight":881.0,"label":"signal"},{"weight":753.0,"label":"detection"},{"weight":315.0,"label":"detect"},{"weight":223.0,"label":"false"},{"weight":162.0,"label":"rate"},{"weight":157.0,"label":"method"},{"weight":142.0,"label":"noise"},{"weight":126.0,"label":"positive"},{"weight":105.0,"label":"threshold"},{"weight":102.0,"label":"recognition"},{"weight":100.0,"label":"frequency"},{"weight":87.0,"label":"sensitivity"},{"weight":86.0,"label":"alarm"},{"weight":75.0,"label":"identification"},{"weight":74.0,"label":"base"},{"weight":74.0,"label":"apply"},{"weight":72.0,"label":"test"},{"weight":71.0,"label":"accuracy"},{"weight":63.0,"label":"pattern"},{"weight":53.0,"label":"cough"},{"weight":52.0,"label":"noisy"},{"weight":51.0,"label":"extract"},{"weight":50.0,"label":"emg"},{"weight":49.0,"label":"hrv"},{"weight":49.0,"label":"background"}]},{"conceptId":2,"clusterId":0,"hexCoordinates":{"x":1.7320508075688772,"y":0.0},"labels":[{"weight":120.0,"label":"whale"},{"weight":110.0,"label":"tag"},{"weight":61.0,"label":"click"},{"weight":55.0,"label":"dive"},{"weight":52.0,"label":"sperm"},{"weight":38.0,"label":"forage"},{"weight":32.0,"label":"prey"},{"weight":30.0,"label":"deep"},{"weight":26.0,"label":"buzz"},{"weight":26.0,"label":"behavior"},{"weight":25.0,"label":"echolocation"},{"weight":24.0,"label":"dolphin"},{"weight":23.0,"label":"chb"},{"weight":22.0,"label":"animal"},{"weight":22.0,"label":"depth"},{"weight":19.0,"label":"mafia"},{"weight":19.0,"label":"interval"},{"weight":18.0,"label":"hpyv"},{"weight":18.0,"label":"risso"},{"weight":18.0,"label":"produce"},{"weight":17.0,"label":"diving"},{"weight":16.0,"label":"blue"},{"weight":15.0,"label":"veginvasion"},{"weight":15.0,"label":"beaked"},{"weight":15.0,"label":"sma"}]},{"conceptId":4,"clusterId":0,"hexCoordinates":{"x":2.598076211353316,"y":1.5},"labels":[{"weight":108.0,"label":"disfluency"},{"weight":95.0,"label":"neutron"},{"weight":92.0,"label":"speech"},{"weight":74.0,"label":"gamma"},{"weight":68.0,"label":"scintillator"},{"weight":57.0,"label":"fill"},{"weight":49.0,"label":"pause"},{"weight":47.0,"label":"recall"},{"weight":46.0,"label":"source"},{"weight":43.0,"label":"discrimination"},{"weight":41.0,"label":"pulse"},{"weight":33.0,"label":"ray"},{"weight":30.0,"label":"fluency"},{"weight":30.0,"label":"result"},{"weight":27.0,"label":"spontaneous"},{"weight":27.0,"label":"shape"},{"weight":26.0,"label":"type"},{"weight":26.0,"label":"rate"},{"weight":25.0,"label":"aperture"},{"weight":24.0,"label":"compare"},{"weight":24.0,"label":"fast"},{"weight":24.0,"label":"code"},{"weight":22.0,"label":"field"},{"weight":21.0,"label":"fluent"},{"weight":21.0,"label":"plastic"}]},{"conceptId":1,"clusterId":0,"hexCoordinates":{"x":0.0,"y":3.0},"labels":[{"weight":563.0,"label":"gravitational"},{"weight":530.0,"label":"wave"},{"weight":455.0,"label":"hole"},{"weight":439.0,"label":"binary"},{"weight":404.0,"label":"black"},{"weight":311.0,"label":"signal"},{"weight":270.0,"label":"merger"},{"weight":264.0,"label":"detector"},{"weight":231.0,"label":"mass"},{"weight":225.0,"label":"ligo"},{"weight":224.0,"label":"star"},{"weight":219.0,"label":"neutron"},{"weight":205.0,"label":"source"},{"weight":167.0,"label":"advanced"},{"weight":162.0,"label":"observe"},{"weight":156.0,"label":"event"},{"weight":152.0,"label":"search"},{"weight":142.0,"label":"observation"},{"weight":137.0,"label":"detection"},{"weight":132.0,"label":"transient"},{"weight":132.0,"label":"spin"},{"weight":117.0,"label":"virgo"},{"weight":112.0,"label":"detect"},{"weight":105.0,"label":"ray"},{"weight":103.0,"label":"burst"}]},{"conceptId":3,"clusterId":0,"hexCoordinates":{"x":-0.8660254037844386,"y":1.5},"labels":[{"weight":301.0,"label":"search"},{"weight":300.0,"label":"wave"},{"weight":284.0,"label":"gravitational"},{"weight":241.0,"label":"limit"},{"weight":176.0,"label":"frequency"},{"weight":166.0,"label":"signal"},{"weight":151.0,"label":"upper"},{"weight":147.0,"label":"pulsar"},{"weight":128.0,"label":"data"},{"weight":89.0,"label":"run"},{"weight":83.0,"label":"source"},{"weight":83.0,"label":"spin"},{"weight":79.0,"label":"black"},{"weight":78.0,"label":"star"},{"weight":77.0,"label":"ligo"},{"weight":77.0,"label":"range"},{"weight":72.0,"label":"hole"},{"weight":71.0,"label":"set"},{"weight":68.0,"label":"result"},{"weight":67.0,"label":"strain"},{"weight":66.0,"label":"sky"},{"weight":64.0,"label":"neutron"},{"weight":63.0,"label":"time"},{"weight":62.0,"label":"amplitude"},{"weight":61.0,"label":"present"}]},{"conceptId":6,"clusterId":0,"hexCoordinates":{"x":2.598076211353316,"y":-4.5},"labels":[{"weight":82.0,"label":"airport"},{"weight":76.0,"label":"mecp"},{"weight":40.0,"label":"grouper"},{"weight":39.0,"label":"air"},{"weight":35.0,"label":"rtt"},{"weight":31.0,"label":"dusky"},{"weight":27.0,"label":"macaque"},{"weight":23.0,"label":"april"},{"weight":22.0,"label":"idhlig"},{"weight":21.0,"label":"baff"},{"weight":21.0,"label":"luchd"},{"weight":19.0,"label":"vector"},{"weight":19.0,"label":"lesion"},{"weight":18.0,"label":"labhairt"},{"weight":18.0,"label":"rett"},{"weight":17.0,"label":"libyan"},{"weight":16.0,"label":"libya"},{"weight":15.0,"label":"sgr"},{"weight":15.0,"label":"seo"},{"weight":15.0,"label":"extend"},{"weight":14.0,"label":"nain"},{"weight":13.0,"label":"airson"},{"weight":13.0,"label":"tha"},{"weight":13.0,"label":"ann"},{"weight":12.0,"label":"adjacent"}]},{"conceptId":-1,"clusterId":-1,"hexCoordinates":{"x":6.06217782649107,"y":3.0},"labels":[{"weight":2500,"label":"Unclassified"},{"weight":0,"label":""},{"weight":0,"label":""},{"weight":0,"label":""},{"weight":0,"label":""},{"weight":0,"label":""},{"weight":0,"label":""},{"weight":0,"label":""},{"weight":0,"label":""},{"weight":0,"label":""},{"weight":0,"label":""}]},{"conceptId":5,"clusterId":0,"hexCoordinates":{"x":1.7320508075688772,"y":-3.0},"labels":[{"weight":422.0,"label":"cluster"},{"weight":49.0,"label":"insomnia"},{"weight":34.0,"label":"postcard"},{"weight":30.0,"label":"flood"},{"weight":28.0,"label":"outbreak"},{"weight":27.0,"label":"pwid"},{"weight":21.0,"label":"discuss"},{"weight":20.0,"label":"botulism"},{"weight":18.0,"label":"embankment"},{"weight":18.0,"label":"awareness"},{"weight":17.0,"label":"sleep"},{"weight":16.0,"label":"cohen"},{"weight":16.0,"label":"occurrence"},{"weight":16.0,"label":"higher"},{"weight":15.0,"label":"omm"},{"weight":15.0,"label":"aor"},{"weight":15.0,"label":"dugk"},{"weight":15.0,"label":"hallucination"},{"weight":13.0,"label":"seepage"},{"weight":13.0,"label":"widespread"},{"weight":13.0,"label":"analysis"},{"weight":12.0,"label":"paranoia"},{"weight":12.0,"label":"read"},{"weight":12.0,"label":"inject"},{"weight":11.0,"label":"event"}]},{"conceptId":7,"clusterId":0,"hexCoordinates":{"x":-1.7320508075688772,"y":3.0},"labels":[{"weight":486.0,"label":"noise"},{"weight":282.0,"label":"detector"},{"weight":177.0,"label":"gravitational"},{"weight":157.0,"label":"wave"},{"weight":144.0,"label":"test"},{"weight":133.0,"label":"mirror"},{"weight":124.0,"label":"sensitivity"},{"weight":123.0,"label":"interferometer"},{"weight":115.0,"label":"mass"},{"weight":97.0,"label":"suspension"},{"weight":96.0,"label":"system"},{"weight":95.0,"label":"lisa"},{"weight":91.0,"label":"measurement"},{"weight":79.0,"label":"design"},{"weight":75.0,"label":"optical"},{"weight":75.0,"label":"bond"},{"weight":70.0,"label":"detection"},{"weight":67.0,"label":"strip"},{"weight":66.0,"label":"laser"},{"weight":65.0,"label":"upgrade"},{"weight":61.0,"label":"shadow"},{"weight":61.0,"label":"silicon"},{"weight":61.0,"label":"frequency"},{"weight":57.0,"label":"beam"},{"weight":57.0,"label":"future"}]}]}