{"linkageTable":[{"node2":14,"distance":0.434749592559845,"node1":8},{"node2":13,"distance":0.469997214206525,"node1":11},{"node2":9,"distance":0.473303919102865,"node1":3},{"node2":24,"distance":0.4746222404544362,"node1":25},{"node2":22,"distance":0.47936572458675497,"node1":5},{"node2":15,"distance":0.482320427876285,"node1":23},{"node2":27,"distance":0.48390796115045126,"node1":26},{"node2":18,"distance":0.48589400408177,"node1":4},{"node2":21,"distance":0.48714186172417834,"node1":28},{"node2":31,"distance":0.48918705566575504,"node1":30},{"node2":10,"distance":0.48999615239117,"node1":29},{"node2":32,"distance":0.4924689426372617,"node1":0},{"node2":16,"distance":0.4935755092782835,"node1":34},{"node2":17,"distance":0.493608695328615,"node1":6},{"node2":7,"distance":0.49468430898483,"node1":33},{"node2":1,"distance":0.4951291357327206,"node1":35},{"node2":37,"distance":0.496303244491837,"node1":38},{"node2":20,"distance":0.4967668024846497,"node1":39},{"node2":36,"distance":0.4970849108465348,"node1":40},{"node2":2,"distance":0.4979739623802352,"node1":41},{"node2":19,"distance":0.4981962813371421,"node1":42},{"node2":12,"distance":0.4985540581390229,"node1":43}],"conceptsData":[{"conceptId":16,"clusterId":0,"hexCoordinates":{"x":3.4641016151377544,"y":0.0},"labels":[{"weight":126.0,"label":"mast"},{"weight":58.0,"label":"tail"},{"weight":55.0,"label":"islet"},{"weight":41.0,"label":"vein"},{"weight":24.0,"label":"graft"},{"weight":23.0,"label":"mnn"},{"weight":22.0,"label":"elastin"},{"weight":22.0,"label":"neointimal"},{"weight":22.0,"label":"vent"},{"weight":21.0,"label":"pax"},{"weight":18.0,"label":"perv"},{"weight":18.0,"label":"stabiliser"},{"weight":15.0,"label":"mip"},{"weight":14.0,"label":"kitw"},{"weight":12.0,"label":"ncd"},{"weight":12.0,"label":"biosensor"},{"weight":11.0,"label":"antihistamine"},{"weight":11.0,"label":"neonatal"},{"weight":11.0,"label":"week"},{"weight":11.0,"label":"method"},{"weight":10.0,"label":"histamine"},{"weight":10.0,"label":"topical"},{"weight":10.0,"label":"docking"},{"weight":9.0,"label":"perivascular"},{"weight":9.0,"label":"deficient"}]},{"conceptId":3,"clusterId":0,"hexCoordinates":{"x":-2.598076211353316,"y":1.5},"labels":[{"weight":2113.0,"label":"cell"},{"weight":638.0,"label":"immune"},{"weight":513.0,"label":"response"},{"weight":287.0,"label":"antigen"},{"weight":250.0,"label":"expression"},{"weight":210.0,"label":"tlr"},{"weight":200.0,"label":"cytokine"},{"weight":166.0,"label":"human"},{"weight":139.0,"label":"peptide"},{"weight":137.0,"label":"receptor"},{"weight":129.0,"label":"specific"},{"weight":128.0,"label":"express"},{"weight":128.0,"label":"activation"},{"weight":126.0,"label":"lymphocyte"},{"weight":121.0,"label":"dendritic"},{"weight":120.0,"label":"innate"},{"weight":117.0,"label":"subset"},{"weight":111.0,"label":"increase"},{"weight":108.0,"label":"ifn"},{"weight":100.0,"label":"activate"},{"weight":97.0,"label":"infection"},{"weight":94.0,"label":"induce"},{"weight":93.0,"label":"tcr"},{"weight":91.0,"label":"function"},{"weight":88.0,"label":"peripheral"}]},{"conceptId":8,"clusterId":0,"hexCoordinates":{"x":0.0,"y":0.0},"labels":[{"weight":742.0,"label":"cell"},{"weight":241.0,"label":"expression"},{"weight":226.0,"label":"tissue"},{"weight":166.0,"label":"endothelial"},{"weight":161.0,"label":"marker"},{"weight":143.0,"label":"endometrial"},{"weight":138.0,"label":"vegf"},{"weight":128.0,"label":"role"},{"weight":122.0,"label":"angiogenesis"},{"weight":122.0,"label":"proliferation"},{"weight":122.0,"label":"vascular"},{"weight":122.0,"label":"factor"},{"weight":120.0,"label":"human"},{"weight":110.0,"label":"growth"},{"weight":101.0,"label":"sox"},{"weight":100.0,"label":"increase"},{"weight":90.0,"label":"mouse"},{"weight":90.0,"label":"fibroblast"},{"weight":89.0,"label":"epithelial"},{"weight":85.0,"label":"pericyte"},{"weight":79.0,"label":"vitro"},{"weight":79.0,"label":"express"},{"weight":75.0,"label":"formation"},{"weight":75.0,"label":"result"},{"weight":71.0,"label":"stromal"}]},{"conceptId":22,"clusterId":0,"hexCoordinates":{"x":-2.598076211353316,"y":-1.5},"labels":[{"weight":1439.0,"label":"host"},{"weight":968.0,"label":"immune"},{"weight":954.0,"label":"infection"},{"weight":705.0,"label":"response"},{"weight":634.0,"label":"pathogen"},{"weight":518.0,"label":"parasite"},{"weight":275.0,"label":"immunity"},{"weight":271.0,"label":"disease"},{"weight":201.0,"label":"interaction"},{"weight":190.0,"label":"system"},{"weight":185.0,"label":"human"},{"weight":182.0,"label":"innate"},{"weight":179.0,"label":"helminth"},{"weight":163.0,"label":"mechanism"},{"weight":131.0,"label":"adaptive"},{"weight":131.0,"label":"effect"},{"weight":129.0,"label":"parasitic"},{"weight":123.0,"label":"bacterial"},{"weight":121.0,"label":"defence"},{"weight":95.0,"label":"susceptibility"},{"weight":93.0,"label":"important"},{"weight":92.0,"label":"influence"},{"weight":87.0,"label":"include"},{"weight":86.0,"label":"infected"},{"weight":83.0,"label":"inflammatory"}]},{"conceptId":11,"clusterId":0,"hexCoordinates":{"x":-1.7320508075688772,"y":0.0},"labels":[{"weight":880.0,"label":"inflammatory"},{"weight":688.0,"label":"macrophage"},{"weight":662.0,"label":"inflammation"},{"weight":608.0,"label":"neutrophil"},{"weight":534.0,"label":"response"},{"weight":463.0,"label":"cell"},{"weight":356.0,"label":"mouse"},{"weight":335.0,"label":"immune"},{"weight":272.0,"label":"induce"},{"weight":263.0,"label":"pro"},{"weight":261.0,"label":"cytokine"},{"weight":218.0,"label":"role"},{"weight":208.0,"label":"anti"},{"weight":203.0,"label":"monocyte"},{"weight":203.0,"label":"increase"},{"weight":183.0,"label":"reduce"},{"weight":165.0,"label":"lung"},{"weight":161.0,"label":"expression"},{"weight":154.0,"label":"activation"},{"weight":147.0,"label":"innate"},{"weight":147.0,"label":"tissue"},{"weight":144.0,"label":"production"},{"weight":142.0,"label":"model"},{"weight":136.0,"label":"receptor"},{"weight":136.0,"label":"human"}]},{"conceptId":20,"clusterId":0,"hexCoordinates":{"x":-1.7320508075688772,"y":-3.0},"labels":[{"weight":1162.0,"label":"skin"},{"weight":242.0,"label":"hair"},{"weight":104.0,"label":"keratinocyte"},{"weight":100.0,"label":"epidermal"},{"weight":86.0,"label":"dermal"},{"weight":75.0,"label":"cutaneous"},{"weight":62.0,"label":"human"},{"weight":58.0,"label":"epidermis"},{"weight":55.0,"label":"barrier"},{"weight":52.0,"label":"follicle"},{"weight":52.0,"label":"dermatitis"},{"weight":48.0,"label":"tissue"},{"weight":47.0,"label":"carotenoid"},{"weight":46.0,"label":"topical"},{"weight":45.0,"label":"appearance"},{"weight":41.0,"label":"melanocyte"},{"weight":41.0,"label":"type"},{"weight":40.0,"label":"filaggrin"},{"weight":39.0,"label":"psoriasis"},{"weight":39.0,"label":"site"},{"weight":39.0,"label":"layer"},{"weight":38.0,"label":"healthy"},{"weight":36.0,"label":"atopic"},{"weight":34.0,"label":"systemic"},{"weight":34.0,"label":"thickness"}]},{"conceptId":5,"clusterId":0,"hexCoordinates":{"x":-4.330127018922193,"y":-1.5},"labels":[{"weight":153.0,"label":"sle"},{"weight":84.0,"label":"sma"},{"weight":64.0,"label":"mouse"},{"weight":58.0,"label":"disease"},{"weight":56.0,"label":"autoimmune"},{"weight":54.0,"label":"arthritis"},{"weight":53.0,"label":"lupus"},{"weight":49.0,"label":"protect"},{"weight":47.0,"label":"secrete"},{"weight":46.0,"label":"model"},{"weight":45.0,"label":"cia"},{"weight":43.0,"label":"worm"},{"weight":43.0,"label":"parasitic"},{"weight":43.0,"label":"show"},{"weight":41.0,"label":"molecule"},{"weight":39.0,"label":"product"},{"weight":38.0,"label":"anti"},{"weight":36.0,"label":"drug"},{"weight":36.0,"label":"reduce"},{"weight":36.0,"label":"base"},{"weight":35.0,"label":"erythematosus"},{"weight":35.0,"label":"systemic"},{"weight":34.0,"label":"ana"},{"weight":34.0,"label":"inflammatory"},{"weight":34.0,"label":"inflammation"}]},{"conceptId":21,"clusterId":0,"hexCoordinates":{"x":-0.8660254037844386,"y":-1.5},"labels":[{"weight":282.0,"label":"hsc"},{"weight":237.0,"label":"cell"},{"weight":128.0,"label":"hematopoietic"},{"weight":75.0,"label":"stem"},{"weight":71.0,"label":"embryonic"},{"weight":64.0,"label":"gata"},{"weight":57.0,"label":"adult"},{"weight":53.0,"label":"agm"},{"weight":52.0,"label":"progenitor"},{"weight":50.0,"label":"mouse"},{"weight":44.0,"label":"development"},{"weight":43.0,"label":"notch"},{"weight":38.0,"label":"haematopoietic"},{"weight":38.0,"label":"endothelial"},{"weight":37.0,"label":"embryo"},{"weight":34.0,"label":"aorta"},{"weight":32.0,"label":"hspc"},{"weight":31.0,"label":"runx"},{"weight":31.0,"label":"lineage"},{"weight":31.0,"label":"region"},{"weight":30.0,"label":"definitive"},{"weight":27.0,"label":"early"},{"weight":26.0,"label":"marrow"},{"weight":26.0,"label":"bone"},{"weight":25.0,"label":"hematopoiesis"}]},{"conceptId":14,"clusterId":0,"hexCoordinates":{"x":1.7320508075688772,"y":0.0},"labels":[{"weight":1466.0,"label":"cell"},{"weight":659.0,"label":"stem"},{"weight":392.0,"label":"msc"},{"weight":376.0,"label":"tissue"},{"weight":245.0,"label":"differentiation"},{"weight":187.0,"label":"culture"},{"weight":159.0,"label":"derive"},{"weight":156.0,"label":"mesenchymal"},{"weight":149.0,"label":"bone"},{"weight":142.0,"label":"human"},{"weight":137.0,"label":"regenerative"},{"weight":117.0,"label":"regeneration"},{"weight":110.0,"label":"repair"},{"weight":106.0,"label":"marrow"},{"weight":98.0,"label":"scaffold"},{"weight":97.0,"label":"progenitor"},{"weight":97.0,"label":"vitro"},{"weight":94.0,"label":"population"},{"weight":90.0,"label":"potential"},{"weight":88.0,"label":"adult"},{"weight":87.0,"label":"transplantation"},{"weight":82.0,"label":"demonstrate"},{"weight":78.0,"label":"phenotype"},{"weight":77.0,"label":"niche"},{"weight":73.0,"label":"expression"}]},{"conceptId":9,"clusterId":0,"hexCoordinates":{"x":-0.8660254037844386,"y":1.5},"labels":[{"weight":391.0,"label":"cell"},{"weight":268.0,"label":"intestinal"},{"weight":242.0,"label":"csf"},{"weight":226.0,"label":"macrophage"},{"weight":162.0,"label":"treg"},{"weight":128.0,"label":"tissue"},{"weight":106.0,"label":"stem"},{"weight":105.0,"label":"intestine"},{"weight":99.0,"label":"mouse"},{"weight":95.0,"label":"expression"},{"weight":92.0,"label":"differentiation"},{"weight":88.0,"label":"crypt"},{"weight":87.0,"label":"epithelium"},{"weight":85.0,"label":"epithelial"},{"weight":79.0,"label":"function"},{"weight":77.0,"label":"foxp"},{"weight":76.0,"label":"monocyte"},{"weight":75.0,"label":"factor"},{"weight":70.0,"label":"apc"},{"weight":67.0,"label":"hif"},{"weight":67.0,"label":"proliferation"},{"weight":64.0,"label":"lineage"},{"weight":61.0,"label":"homeostasis"},{"weight":58.0,"label":"aml"},{"weight":58.0,"label":"population"}]},{"conceptId":12,"clusterId":0,"hexCoordinates":{"x":4.330127018922193,"y":1.5},"labels":[{"weight":400.0,"label":"cell"},{"weight":155.0,"label":"testis"},{"weight":137.0,"label":"igf"},{"weight":130.0,"label":"germ"},{"weight":117.0,"label":"sertoli"},{"weight":114.0,"label":"testicular"},{"weight":99.0,"label":"socs"},{"weight":98.0,"label":"growth"},{"weight":80.0,"label":"adult"},{"weight":63.0,"label":"leydig"},{"weight":63.0,"label":"mouse"},{"weight":60.0,"label":"male"},{"weight":60.0,"label":"model"},{"weight":55.0,"label":"function"},{"weight":52.0,"label":"spermatogenesis"},{"weight":51.0,"label":"effect"},{"weight":47.0,"label":"ablation"},{"weight":44.0,"label":"fetal"},{"weight":43.0,"label":"testosterone"},{"weight":40.0,"label":"number"},{"weight":37.0,"label":"human"},{"weight":36.0,"label":"hormone"},{"weight":35.0,"label":"signaling"},{"weight":35.0,"label":"essential"},{"weight":34.0,"label":"show"}]},{"conceptId":17,"clusterId":0,"hexCoordinates":{"x":2.598076211353316,"y":1.5},"labels":[{"weight":681.0,"label":"cell"},{"weight":326.0,"label":"cancer"},{"weight":155.0,"label":"invasion"},{"weight":145.0,"label":"epithelial"},{"weight":114.0,"label":"breast"},{"weight":112.0,"label":"mammary"},{"weight":107.0,"label":"caf"},{"weight":103.0,"label":"migration"},{"weight":102.0,"label":"tissue"},{"weight":101.0,"label":"line"},{"weight":82.0,"label":"growth"},{"weight":71.0,"label":"tumour"},{"weight":68.0,"label":"fibroblast"},{"weight":63.0,"label":"matrix"},{"weight":62.0,"label":"tumor"},{"weight":61.0,"label":"invasive"},{"weight":57.0,"label":"adhesion"},{"weight":57.0,"label":"model"},{"weight":55.0,"label":"proliferation"},{"weight":54.0,"label":"basal"},{"weight":48.0,"label":"epithelium"},{"weight":47.0,"label":"caix"},{"weight":47.0,"label":"human"},{"weight":46.0,"label":"show"},{"weight":44.0,"label":"normal"}]},{"conceptId":18,"clusterId":0,"hexCoordinates":{"x":2.598076211353316,"y":-1.5},"labels":[{"weight":5720.0,"label":"cell"},{"weight":284.0,"label":"cellular"},{"weight":261.0,"label":"single"},{"weight":192.0,"label":"population"},{"weight":167.0,"label":"membrane"},{"weight":156.0,"label":"tissue"},{"weight":149.0,"label":"live"},{"weight":142.0,"label":"wall"},{"weight":138.0,"label":"culture"},{"weight":138.0,"label":"type"},{"weight":137.0,"label":"label"},{"weight":125.0,"label":"show"},{"weight":120.0,"label":"microscopy"},{"weight":111.0,"label":"imaging"},{"weight":110.0,"label":"intracellular"},{"weight":109.0,"label":"time"},{"weight":100.0,"label":"study"},{"weight":98.0,"label":"morphology"},{"weight":97.0,"label":"follow"},{"weight":95.0,"label":"epithelial"},{"weight":92.0,"label":"high"},{"weight":84.0,"label":"microfluidic"},{"weight":83.0,"label":"flow"},{"weight":80.0,"label":"demonstrate"},{"weight":76.0,"label":"line"}]},{"conceptId":10,"clusterId":0,"hexCoordinates":{"x":-4.330127018922193,"y":1.5},"labels":[{"weight":323.0,"label":"chemokine"},{"weight":229.0,"label":"ccl"},{"weight":200.0,"label":"cxcl"},{"weight":161.0,"label":"cytokine"},{"weight":141.0,"label":"inflammatory"},{"weight":122.0,"label":"receptor"},{"weight":107.0,"label":"tnf"},{"weight":95.0,"label":"macrophage"},{"weight":82.0,"label":"ccr"},{"weight":80.0,"label":"ackr"},{"weight":66.0,"label":"cxcr"},{"weight":61.0,"label":"ligand"},{"weight":60.0,"label":"response"},{"weight":59.0,"label":"stimulate"},{"weight":58.0,"label":"monocyte"},{"weight":58.0,"label":"factor"},{"weight":54.0,"label":"expression"},{"weight":42.0,"label":"inflammation"},{"weight":42.0,"label":"level"},{"weight":35.0,"label":"adar"},{"weight":33.0,"label":"pro"},{"weight":32.0,"label":"interleukin"},{"weight":31.0,"label":"mrna"},{"weight":29.0,"label":"necrosis"},{"weight":29.0,"label":"leukocyte"}]},{"conceptId":15,"clusterId":0,"hexCoordinates":{"x":0.8660254037844386,"y":-1.5},"labels":[{"weight":1343.0,"label":"cell"},{"weight":673.0,"label":"culture"},{"weight":603.0,"label":"human"},{"weight":527.0,"label":"stem"},{"weight":259.0,"label":"derive"},{"weight":237.0,"label":"vitro"},{"weight":209.0,"label":"model"},{"weight":201.0,"label":"differentiation"},{"weight":180.0,"label":"study"},{"weight":179.0,"label":"line"},{"weight":154.0,"label":"tissue"},{"weight":147.0,"label":"pluripotent"},{"weight":140.0,"label":"ipsc"},{"weight":140.0,"label":"vivo"},{"weight":100.0,"label":"generate"},{"weight":99.0,"label":"hepatocyte"},{"weight":98.0,"label":"differentiate"},{"weight":95.0,"label":"induce"},{"weight":89.0,"label":"primary"},{"weight":84.0,"label":"protocol"},{"weight":83.0,"label":"development"},{"weight":82.0,"label":"embryonic"},{"weight":81.0,"label":"potential"},{"weight":80.0,"label":"hesc"},{"weight":77.0,"label":"demonstrate"}]},{"conceptId":-1,"clusterId":-1,"hexCoordinates":{"x":7.794228634059947,"y":3.0},"labels":[{"weight":2500,"label":"Unclassified"},{"weight":0,"label":""},{"weight":0,"label":""},{"weight":0,"label":""},{"weight":0,"label":""},{"weight":0,"label":""},{"weight":0,"label":""},{"weight":0,"label":""},{"weight":0,"label":""},{"weight":0,"label":""},{"weight":0,"label":""}]},{"conceptId":0,"clusterId":0,"hexCoordinates":{"x":0.8660254037844386,"y":1.5},"labels":[{"weight":1534.0,"label":"liver"},{"weight":287.0,"label":"hepatic"},{"weight":233.0,"label":"disease"},{"weight":182.0,"label":"hepatocyte"},{"weight":180.0,"label":"fibrosis"},{"weight":177.0,"label":"injury"},{"weight":170.0,"label":"nafld"},{"weight":142.0,"label":"hcc"},{"weight":100.0,"label":"model"},{"weight":95.0,"label":"cirrhosis"},{"weight":95.0,"label":"patient"},{"weight":94.0,"label":"transplantation"},{"weight":80.0,"label":"alt"},{"weight":69.0,"label":"biliary"},{"weight":68.0,"label":"acute"},{"weight":67.0,"label":"alcoholic"},{"weight":67.0,"label":"induce"},{"weight":60.0,"label":"dili"},{"weight":60.0,"label":"hepatocellular"},{"weight":56.0,"label":"organ"},{"weight":54.0,"label":"bile"},{"weight":54.0,"label":"fatty"},{"weight":54.0,"label":"mouse"},{"weight":54.0,"label":"conclusion"},{"weight":52.0,"label":"follow"}]},{"conceptId":1,"clusterId":0,"hexCoordinates":{"x":0.0,"y":-3.0},"labels":[{"weight":269.0,"label":"zebrafish"},{"weight":204.0,"label":"embryo"},{"weight":149.0,"label":"development"},{"weight":132.0,"label":"heart"},{"weight":100.0,"label":"day"},{"weight":72.0,"label":"chick"},{"weight":68.0,"label":"embryonic"},{"weight":67.0,"label":"adult"},{"weight":65.0,"label":"crest"},{"weight":57.0,"label":"neural"},{"weight":54.0,"label":"model"},{"weight":53.0,"label":"cell"},{"weight":52.0,"label":"exposure"},{"weight":50.0,"label":"cardiomyocyte"},{"weight":48.0,"label":"early"},{"weight":47.0,"label":"limb"},{"weight":46.0,"label":"cardiac"},{"weight":44.0,"label":"developmental"},{"weight":43.0,"label":"ezh"},{"weight":43.0,"label":"expression"},{"weight":41.0,"label":"garlic"},{"weight":36.0,"label":"function"},{"weight":35.0,"label":"study"},{"weight":35.0,"label":"change"},{"weight":34.0,"label":"hpf"}]},{"conceptId":2,"clusterId":0,"hexCoordinates":{"x":0.0,"y":3.0},"labels":[{"weight":111.0,"label":"valve"},{"weight":90.0,"label":"beta"},{"weight":47.0,"label":"cav"},{"weight":47.0,"label":"leaflet"},{"weight":45.0,"label":"mitral"},{"weight":40.0,"label":"lestoquardi"},{"weight":34.0,"label":"vic"},{"weight":30.0,"label":"sma"},{"weight":28.0,"label":"sheep"},{"weight":28.0,"label":"lesion"},{"weight":25.0,"label":"tissue"},{"weight":21.0,"label":"vec"},{"weight":21.0,"label":"diseased"},{"weight":20.0,"label":"disease"},{"weight":18.0,"label":"bnp"},{"weight":18.0,"label":"pathology"},{"weight":18.0,"label":"muscle"},{"weight":18.0,"label":"present"},{"weight":17.0,"label":"mmvd"},{"weight":17.0,"label":"csf"},{"weight":17.0,"label":"pcr"},{"weight":16.0,"label":"canine"},{"weight":16.0,"label":"ecd"},{"weight":16.0,"label":"endothelial"},{"weight":16.0,"label":"normal"}]},{"conceptId":19,"clusterId":0,"hexCoordinates":{"x":3.4641016151377544,"y":-3.0},"labels":[{"weight":197.0,"label":"esc"},{"weight":91.0,"label":"rural"},{"weight":71.0,"label":"midwife"},{"weight":66.0,"label":"pluripotency"},{"weight":48.0,"label":"midwifery"},{"weight":46.0,"label":"nanog"},{"weight":46.0,"label":"pluripotent"},{"weight":44.0,"label":"icm"},{"weight":43.0,"label":"lif"},{"weight":40.0,"label":"embryonic"},{"weight":32.0,"label":"stem"},{"weight":31.0,"label":"fgf"},{"weight":27.0,"label":"lineage"},{"weight":26.0,"label":"oct"},{"weight":26.0,"label":"zealand"},{"weight":25.0,"label":"differentiation"},{"weight":25.0,"label":"pre"},{"weight":24.0,"label":"prime"},{"weight":20.0,"label":"remote"},{"weight":19.0,"label":"epiblast"},{"weight":19.0,"label":"state"},{"weight":17.0,"label":"specification"},{"weight":15.0,"label":"embryo"},{"weight":14.0,"label":"esrrb"},{"weight":14.0,"label":"naive"}]},{"conceptId":4,"clusterId":0,"hexCoordinates":{"x":1.7320508075688772,"y":-3.0},"labels":[{"weight":173.0,"label":"wnt"},{"weight":166.0,"label":"signalling"},{"weight":160.0,"label":"expression"},{"weight":155.0,"label":"fgf"},{"weight":144.0,"label":"development"},{"weight":130.0,"label":"progenitor"},{"weight":123.0,"label":"cell"},{"weight":107.0,"label":"patterning"},{"weight":101.0,"label":"neural"},{"weight":91.0,"label":"pax"},{"weight":80.0,"label":"embryonic"},{"weight":76.0,"label":"notch"},{"weight":71.0,"label":"embryo"},{"weight":69.0,"label":"shh"},{"weight":64.0,"label":"formation"},{"weight":64.0,"label":"factor"},{"weight":62.0,"label":"fate"},{"weight":56.0,"label":"develop"},{"weight":55.0,"label":"catenin"},{"weight":54.0,"label":"pattern"},{"weight":52.0,"label":"hedgehog"},{"weight":52.0,"label":"growth"},{"weight":47.0,"label":"signaling"},{"weight":47.0,"label":"mouse"},{"weight":47.0,"label":"form"}]},{"conceptId":13,"clusterId":0,"hexCoordinates":{"x":-3.4641016151377544,"y":0.0},"labels":[{"weight":1221.0,"label":"cell"},{"weight":687.0,"label":"macrophage"},{"weight":496.0,"label":"response"},{"weight":398.0,"label":"immune"},{"weight":323.0,"label":"mouse"},{"weight":224.0,"label":"cytokine"},{"weight":203.0,"label":"infection"},{"weight":201.0,"label":"production"},{"weight":188.0,"label":"activation"},{"weight":176.0,"label":"inflammatory"},{"weight":156.0,"label":"type"},{"weight":151.0,"label":"ilc"},{"weight":147.0,"label":"ifn"},{"weight":131.0,"label":"lymph"},{"weight":129.0,"label":"expression"},{"weight":119.0,"label":"antigen"},{"weight":114.0,"label":"tlr"},{"weight":113.0,"label":"increase"},{"weight":112.0,"label":"express"},{"weight":111.0,"label":"mhc"},{"weight":110.0,"label":"induce"},{"weight":109.0,"label":"immunity"},{"weight":107.0,"label":"lymphocyte"},{"weight":107.0,"label":"show"},{"weight":106.0,"label":"innate"}]},{"conceptId":6,"clusterId":0,"hexCoordinates":{"x":1.7320508075688772,"y":3.0},"labels":[{"weight":160.0,"label":"mmp"},{"weight":129.0,"label":"col"},{"weight":120.0,"label":"wnt"},{"weight":108.0,"label":"matrix"},{"weight":106.0,"label":"expression"},{"weight":94.0,"label":"fak"},{"weight":87.0,"label":"rock"},{"weight":79.0,"label":"pten"},{"weight":79.0,"label":"collagen"},{"weight":75.0,"label":"increase"},{"weight":67.0,"label":"inhibitor"},{"weight":57.0,"label":"enzyme"},{"weight":56.0,"label":"mtor"},{"weight":54.0,"label":"ecm"},{"weight":53.0,"label":"activity"},{"weight":49.0,"label":"gene"},{"weight":45.0,"label":"metalloproteinase"},{"weight":45.0,"label":"kinase"},{"weight":42.0,"label":"phosphatase"},{"weight":41.0,"label":"catenin"},{"weight":41.0,"label":"extracellular"},{"weight":40.0,"label":"level"},{"weight":39.0,"label":"activation"},{"weight":31.0,"label":"unk"},{"weight":31.0,"label":"scc"}]},{"conceptId":7,"clusterId":0,"hexCoordinates":{"x":-1.7320508075688772,"y":3.0},"labels":[{"weight":410.0,"label":"cell"},{"weight":242.0,"label":"inhibitor"},{"weight":235.0,"label":"kinase"},{"weight":227.0,"label":"cml"},{"weight":195.0,"label":"stat"},{"weight":154.0,"label":"target"},{"weight":134.0,"label":"leukemia"},{"weight":124.0,"label":"pathway"},{"weight":122.0,"label":"tyrosine"},{"weight":120.0,"label":"lsc"},{"weight":107.0,"label":"inhibition"},{"weight":102.0,"label":"myeloid"},{"weight":97.0,"label":"patient"},{"weight":95.0,"label":"abl"},{"weight":91.0,"label":"tki"},{"weight":90.0,"label":"bcr"},{"weight":85.0,"label":"treatment"},{"weight":83.0,"label":"ptp"},{"weight":83.0,"label":"src"},{"weight":81.0,"label":"resistant"},{"weight":79.0,"label":"chronic"},{"weight":76.0,"label":"stem"},{"weight":72.0,"label":"jak"},{"weight":71.0,"label":"demonstrate"},{"weight":69.0,"label":"mtor"}]}]}