[{"topicData":[{"numberOfDocuments":0.0,"label":"Robert Gordon University"},{"numberOfDocuments":0.0,"label":"Heriot-Watt University"},{"numberOfDocuments":0.0,"label":"Glasgow Caledonian University"},{"numberOfDocuments":0.0,"label":"Queen Margaret University"},{"numberOfDocuments":0.0,"label":"University of Dundee"},{"numberOfDocuments":0.0,"label":"University of the Highlands and Islands"},{"numberOfDocuments":0.0,"label":"Edinburgh Napier University"},{"numberOfDocuments":0.0,"label":"University of Stirling"},{"numberOfDocuments":0.0,"label":"Abertay University"},{"numberOfDocuments":0.0,"label":"University of Aberdeen"},{"numberOfDocuments":0.0,"label":"University of Edinburgh"},{"numberOfDocuments":0.0,"label":"University of the West of Scotland"},{"numberOfDocuments":0.0,"label":"University of Glasgow"},{"numberOfDocuments":0.0,"label":"University of St Andrews"},{"numberOfDocuments":0.0,"label":"University of Strathclyde"}],"conceptId":-1},{"topicData":[{"numberOfDocuments":0.5695962679962945,"label":"Robert Gordon University"},{"numberOfDocuments":6.677092813758384,"label":"Heriot-Watt University"},{"numberOfDocuments":1.5138856056557737,"label":"Glasgow Caledonian University"},{"numberOfDocuments":0.07227736477214873,"label":"Queen Margaret University"},{"numberOfDocuments":18.620464513755746,"label":"University of Dundee"},{"numberOfDocuments":2.927930889140368,"label":"University of the Highlands and Islands"},{"numberOfDocuments":7.01293799512982,"label":"Edinburgh Napier University"},{"numberOfDocuments":0.9675927736478581,"label":"University of Stirling"},{"numberOfDocuments":0.33115816466877923,"label":"Abertay University"},{"numberOfDocuments":9.073769655063325,"label":"University of Aberdeen"},{"numberOfDocuments":10.700267544574759,"label":"University of Edinburgh"},{"numberOfDocuments":1.0264177208572438,"label":"University of the West of Scotland"},{"numberOfDocuments":6.503333246186125,"label":"University of Glasgow"},{"numberOfDocuments":2.163235107308702,"label":"University of St Andrews"},{"numberOfDocuments":32.656545706557445,"label":"University of Strathclyde"}],"conceptId":0},{"topicData":[{"numberOfDocuments":3.6775673235400728,"label":"Robert Gordon University"},{"numberOfDocuments":18.858468896348928,"label":"Heriot-Watt University"},{"numberOfDocuments":2.832944002792794,"label":"Glasgow Caledonian University"},{"numberOfDocuments":0.4055901897289003,"label":"Queen Margaret University"},{"numberOfDocuments":17.04442708564667,"label":"University of Dundee"},{"numberOfDocuments":0.7627647397729767,"label":"University of the Highlands and Islands"},{"numberOfDocuments":6.667417327654126,"label":"Edinburgh Napier University"},{"numberOfDocuments":2.5021968628354663,"label":"University of Stirling"},{"numberOfDocuments":0.5606926900701756,"label":"Abertay University"},{"numberOfDocuments":24.422733644280104,"label":"University of Aberdeen"},{"numberOfDocuments":38.13511921710998,"label":"University of Edinburgh"},{"numberOfDocuments":2.925798318456214,"label":"University of the West of Scotland"},{"numberOfDocuments":64.40888956625801,"label":"University of Glasgow"},{"numberOfDocuments":6.438081551687162,"label":"University of St Andrews"},{"numberOfDocuments":54.23272837263685,"label":"University of Strathclyde"}],"conceptId":1},{"topicData":[{"numberOfDocuments":17.959282076360807,"label":"Robert Gordon University"},{"numberOfDocuments":13.051055531580767,"label":"Heriot-Watt University"},{"numberOfDocuments":1.1065962880982634,"label":"Glasgow Caledonian University"},{"numberOfDocuments":0.2966406322641132,"label":"Queen Margaret University"},{"numberOfDocuments":3.5525403411344065,"label":"University of Dundee"},{"numberOfDocuments":1.7566197970083632,"label":"University of the Highlands and Islands"},{"numberOfDocuments":1.663202103471161,"label":"Edinburgh Napier University"},{"numberOfDocuments":0.9959020517333026,"label":"University of Stirling"},{"numberOfDocuments":3.321925106118734,"label":"Abertay University"},{"numberOfDocuments":2.769806652375877,"label":"University of Aberdeen"},{"numberOfDocuments":17.02519331435038,"label":"University of Edinburgh"},{"numberOfDocuments":1.3300180287155277,"label":"University of the West of Scotland"},{"numberOfDocuments":17.56560749626673,"label":"University of Glasgow"},{"numberOfDocuments":3.3930089868115862,"label":"University of St Andrews"},{"numberOfDocuments":24.0502207673587,"label":"University of Strathclyde"}],"conceptId":2},{"topicData":[{"numberOfDocuments":0.5774955497372611,"label":"Robert Gordon University"},{"numberOfDocuments":0.9045402025868154,"label":"Heriot-Watt University"},{"numberOfDocuments":0.38075390347777327,"label":"Glasgow Caledonian University"},{"numberOfDocuments":0.4909528029515737,"label":"Queen Margaret University"},{"numberOfDocuments":1.169944128251366,"label":"University of Dundee"},{"numberOfDocuments":0.052742727976992705,"label":"University of the Highlands and Islands"},{"numberOfDocuments":0.932610548237887,"label":"Edinburgh Napier University"},{"numberOfDocuments":1.9440748858809969,"label":"University of Stirling"},{"numberOfDocuments":0.15528404344193816,"label":"Abertay University"},{"numberOfDocuments":0.6415837585029605,"label":"University of Aberdeen"},{"numberOfDocuments":8.813689372575155,"label":"University of Edinburgh"},{"numberOfDocuments":0.22214258384702706,"label":"University of the West of Scotland"},{"numberOfDocuments":2.921344726428282,"label":"University of Glasgow"},{"numberOfDocuments":0.7369601768682295,"label":"University of St Andrews"},{"numberOfDocuments":2.9365751247004637,"label":"University of Strathclyde"}],"conceptId":3},{"topicData":[{"numberOfDocuments":2.4765484728663925,"label":"Robert Gordon University"},{"numberOfDocuments":4.139165204117626,"label":"Heriot-Watt University"},{"numberOfDocuments":0.8051213698869304,"label":"Glasgow Caledonian University"},{"numberOfDocuments":0.35638380751759713,"label":"Queen Margaret University"},{"numberOfDocuments":1.632468179160876,"label":"University of Dundee"},{"numberOfDocuments":0.16868279569892472,"label":"University of the Highlands and Islands"},{"numberOfDocuments":1.0618431013647966,"label":"Edinburgh Napier University"},{"numberOfDocuments":0.9189011296438641,"label":"University of Stirling"},{"numberOfDocuments":0.10111258243755517,"label":"Abertay University"},{"numberOfDocuments":6.572633769317997,"label":"University of Aberdeen"},{"numberOfDocuments":10.343103657856888,"label":"University of Edinburgh"},{"numberOfDocuments":1.0917478833823644,"label":"University of the West of Scotland"},{"numberOfDocuments":14.195390553273167,"label":"University of Glasgow"},{"numberOfDocuments":1.1923100990582713,"label":"University of St Andrews"},{"numberOfDocuments":55.924702763229455,"label":"University of Strathclyde"}],"conceptId":4},{"topicData":[{"numberOfDocuments":6.961370637792729,"label":"Robert Gordon University"},{"numberOfDocuments":7.0012330709762916,"label":"Heriot-Watt University"},{"numberOfDocuments":0.7163006210900407,"label":"Glasgow Caledonian University"},{"numberOfDocuments":0.024974763861850168,"label":"Queen Margaret University"},{"numberOfDocuments":2.5479940115594366,"label":"University of Dundee"},{"numberOfDocuments":0.09294577178009854,"label":"University of the Highlands and Islands"},{"numberOfDocuments":1.1460159928073708,"label":"Edinburgh Napier University"},{"numberOfDocuments":0.29331770102656496,"label":"University of Stirling"},{"numberOfDocuments":0.10476190476190478,"label":"Abertay University"},{"numberOfDocuments":3.619207114254468,"label":"University of Aberdeen"},{"numberOfDocuments":10.582153423381596,"label":"University of Edinburgh"},{"numberOfDocuments":0.4590814057604726,"label":"University of the West of Scotland"},{"numberOfDocuments":13.873876589571687,"label":"University of Glasgow"},{"numberOfDocuments":2.59954223958589,"label":"University of St Andrews"},{"numberOfDocuments":23.468247191781366,"label":"University of Strathclyde"}],"conceptId":5},{"topicData":[{"numberOfDocuments":0.41733056682594105,"label":"Robert Gordon University"},{"numberOfDocuments":0.6116765566816187,"label":"Heriot-Watt University"},{"numberOfDocuments":0.0,"label":"Glasgow Caledonian University"},{"numberOfDocuments":0.0,"label":"Queen Margaret University"},{"numberOfDocuments":0.6676395057710388,"label":"University of Dundee"},{"numberOfDocuments":0.29419523795254215,"label":"University of the Highlands and Islands"},{"numberOfDocuments":2.3255239746379512,"label":"Edinburgh Napier University"},{"numberOfDocuments":0.5594082920523821,"label":"University of Stirling"},{"numberOfDocuments":0.00684931506849315,"label":"Abertay University"},{"numberOfDocuments":0.5713890026491736,"label":"University of Aberdeen"},{"numberOfDocuments":3.1699046487243527,"label":"University of Edinburgh"},{"numberOfDocuments":0.31522228387006024,"label":"University of the West of Scotland"},{"numberOfDocuments":4.005150880009125,"label":"University of Glasgow"},{"numberOfDocuments":0.3409124179038793,"label":"University of St Andrews"},{"numberOfDocuments":1.6912477057404323,"label":"University of Strathclyde"}],"conceptId":6},{"topicData":[{"numberOfDocuments":1.8566987825103738,"label":"Robert Gordon University"},{"numberOfDocuments":8.241674848652385,"label":"Heriot-Watt University"},{"numberOfDocuments":1.370546516597127,"label":"Glasgow Caledonian University"},{"numberOfDocuments":0.11618919930157147,"label":"Queen Margaret University"},{"numberOfDocuments":4.479286128674602,"label":"University of Dundee"},{"numberOfDocuments":5.399286938223989,"label":"University of the Highlands and Islands"},{"numberOfDocuments":4.50454458056769,"label":"Edinburgh Napier University"},{"numberOfDocuments":0.9077782618348282,"label":"University of Stirling"},{"numberOfDocuments":0.43915367619429313,"label":"Abertay University"},{"numberOfDocuments":4.731092126013949,"label":"University of Aberdeen"},{"numberOfDocuments":48.287045895724006,"label":"University of Edinburgh"},{"numberOfDocuments":0.6403065146221815,"label":"University of the West of Scotland"},{"numberOfDocuments":6.609401219269584,"label":"University of Glasgow"},{"numberOfDocuments":1.3544857145440554,"label":"University of St Andrews"},{"numberOfDocuments":26.247765990417086,"label":"University of Strathclyde"}],"conceptId":7},{"topicData":[{"numberOfDocuments":1.0194567337386504,"label":"Robert Gordon University"},{"numberOfDocuments":6.265463970187548,"label":"Heriot-Watt University"},{"numberOfDocuments":0.9781957742926206,"label":"Glasgow Caledonian University"},{"numberOfDocuments":0.1616198161994634,"label":"Queen Margaret University"},{"numberOfDocuments":2.4539920132271384,"label":"University of Dundee"},{"numberOfDocuments":1.5684663437854438,"label":"University of the Highlands and Islands"},{"numberOfDocuments":0.667808983168564,"label":"Edinburgh Napier University"},{"numberOfDocuments":3.1105787542145875,"label":"University of Stirling"},{"numberOfDocuments":0.38230561803717644,"label":"Abertay University"},{"numberOfDocuments":3.9611810513572765,"label":"University of Aberdeen"},{"numberOfDocuments":22.013950651469905,"label":"University of Edinburgh"},{"numberOfDocuments":0.6665925762997195,"label":"University of the West of Scotland"},{"numberOfDocuments":15.210083292223642,"label":"University of Glasgow"},{"numberOfDocuments":7.705842597824595,"label":"University of St Andrews"},{"numberOfDocuments":18.367563050501875,"label":"University of Strathclyde"}],"conceptId":8},{"topicData":[{"numberOfDocuments":0.25255805498041983,"label":"Robert Gordon University"},{"numberOfDocuments":0.8257245896389339,"label":"Heriot-Watt University"},{"numberOfDocuments":0.42987256306576005,"label":"Glasgow Caledonian University"},{"numberOfDocuments":0.021534021534021536,"label":"Queen Margaret University"},{"numberOfDocuments":0.16332406441895492,"label":"University of Dundee"},{"numberOfDocuments":0.5469244678593891,"label":"University of the Highlands and Islands"},{"numberOfDocuments":0.37250312116482936,"label":"Edinburgh Napier University"},{"numberOfDocuments":0.36647321524791643,"label":"University of Stirling"},{"numberOfDocuments":0.44763149068068975,"label":"Abertay University"},{"numberOfDocuments":0.24606154514530898,"label":"University of Aberdeen"},{"numberOfDocuments":1.874392882364066,"label":"University of Edinburgh"},{"numberOfDocuments":0.17419797631186762,"label":"University of the West of Scotland"},{"numberOfDocuments":1.0870611504544978,"label":"University of Glasgow"},{"numberOfDocuments":0.44272218009265946,"label":"University of St Andrews"},{"numberOfDocuments":11.822039914266659,"label":"University of Strathclyde"}],"conceptId":9},{"topicData":[{"numberOfDocuments":2.078260233696755,"label":"Robert Gordon University"},{"numberOfDocuments":2.3374486373001733,"label":"Heriot-Watt University"},{"numberOfDocuments":0.7954290848440014,"label":"Glasgow Caledonian University"},{"numberOfDocuments":0.06580461736720142,"label":"Queen Margaret University"},{"numberOfDocuments":0.9573688052985259,"label":"University of Dundee"},{"numberOfDocuments":0.5603242902267419,"label":"University of the Highlands and Islands"},{"numberOfDocuments":0.9172235548647544,"label":"Edinburgh Napier University"},{"numberOfDocuments":0.8847672296466471,"label":"University of Stirling"},{"numberOfDocuments":0.4615576455953383,"label":"Abertay University"},{"numberOfDocuments":1.9974451555478099,"label":"University of Aberdeen"},{"numberOfDocuments":3.969218247593401,"label":"University of Edinburgh"},{"numberOfDocuments":0.6155421373349951,"label":"University of the West of Scotland"},{"numberOfDocuments":4.121175897346045,"label":"University of Glasgow"},{"numberOfDocuments":1.2923978204769142,"label":"University of St Andrews"},{"numberOfDocuments":10.858260586094401,"label":"University of Strathclyde"}],"conceptId":10},{"topicData":[{"numberOfDocuments":2.0952556375601374,"label":"Robert Gordon University"},{"numberOfDocuments":12.860162116817895,"label":"Heriot-Watt University"},{"numberOfDocuments":0.08379888268156425,"label":"Glasgow Caledonian University"},{"numberOfDocuments":0.09586149821429564,"label":"Queen Margaret University"},{"numberOfDocuments":2.262739614622919,"label":"University of Dundee"},{"numberOfDocuments":0.120023859208779,"label":"University of the Highlands and Islands"},{"numberOfDocuments":2.1652923218026308,"label":"Edinburgh Napier University"},{"numberOfDocuments":0.7598767521519559,"label":"University of Stirling"},{"numberOfDocuments":0.3534683904512886,"label":"Abertay University"},{"numberOfDocuments":0.328718500922291,"label":"University of Aberdeen"},{"numberOfDocuments":12.165066981180235,"label":"University of Edinburgh"},{"numberOfDocuments":0.03007518796992481,"label":"University of the West of Scotland"},{"numberOfDocuments":7.057232248391444,"label":"University of Glasgow"},{"numberOfDocuments":1.2883146951343152,"label":"University of St Andrews"},{"numberOfDocuments":7.247643824474193,"label":"University of Strathclyde"}],"conceptId":11},{"topicData":[{"numberOfDocuments":0.2966523316816938,"label":"Robert Gordon University"},{"numberOfDocuments":1.1405044501354022,"label":"Heriot-Watt University"},{"numberOfDocuments":0.009523809523809525,"label":"Glasgow Caledonian University"},{"numberOfDocuments":0.0136986301369863,"label":"Queen Margaret University"},{"numberOfDocuments":1.0741923773778055,"label":"University of Dundee"},{"numberOfDocuments":0.2559109934337607,"label":"University of the Highlands and Islands"},{"numberOfDocuments":0.8494459664379085,"label":"Edinburgh Napier University"},{"numberOfDocuments":0.22587725228271305,"label":"University of Stirling"},{"numberOfDocuments":0.04095061961618571,"label":"Abertay University"},{"numberOfDocuments":3.3237366515086975,"label":"University of Aberdeen"},{"numberOfDocuments":3.2285319851441243,"label":"University of Edinburgh"},{"numberOfDocuments":0.07089387294533694,"label":"University of the West of Scotland"},{"numberOfDocuments":21.63219090136359,"label":"University of Glasgow"},{"numberOfDocuments":0.9879548643148751,"label":"University of St Andrews"},{"numberOfDocuments":15.722528666209403,"label":"University of Strathclyde"}],"conceptId":12},{"topicData":[{"numberOfDocuments":1.231386168664878,"label":"Robert Gordon University"},{"numberOfDocuments":2.172769660968286,"label":"Heriot-Watt University"},{"numberOfDocuments":0.045454545454545456,"label":"Glasgow Caledonian University"},{"numberOfDocuments":0.1768898531529706,"label":"Queen Margaret University"},{"numberOfDocuments":2.3464396996591237,"label":"University of Dundee"},{"numberOfDocuments":0.006329113924050633,"label":"University of the Highlands and Islands"},{"numberOfDocuments":0.03217893217893218,"label":"Edinburgh Napier University"},{"numberOfDocuments":0.23641474754485428,"label":"University of Stirling"},{"numberOfDocuments":0.2698725443665506,"label":"Abertay University"},{"numberOfDocuments":1.4548447162045115,"label":"University of Aberdeen"},{"numberOfDocuments":3.6104582523980797,"label":"University of Edinburgh"},{"numberOfDocuments":0.15041027305178245,"label":"University of the West of Scotland"},{"numberOfDocuments":4.915467336978645,"label":"University of Glasgow"},{"numberOfDocuments":0.8788791265126803,"label":"University of St Andrews"},{"numberOfDocuments":19.968245580858685,"label":"University of Strathclyde"}],"conceptId":13},{"topicData":[{"numberOfDocuments":0.654726419296262,"label":"Robert Gordon University"},{"numberOfDocuments":1.1484828493663621,"label":"Heriot-Watt University"},{"numberOfDocuments":1.4873937368232442,"label":"Glasgow Caledonian University"},{"numberOfDocuments":0.018502331002331,"label":"Queen Margaret University"},{"numberOfDocuments":0.7884430614599127,"label":"University of Dundee"},{"numberOfDocuments":0.11570247933884298,"label":"University of the Highlands and Islands"},{"numberOfDocuments":8.131436130250078,"label":"Edinburgh Napier University"},{"numberOfDocuments":0.9292959188217009,"label":"University of Stirling"},{"numberOfDocuments":0.1470193500600453,"label":"Abertay University"},{"numberOfDocuments":0.9353150519116645,"label":"University of Aberdeen"},{"numberOfDocuments":9.292144204551136,"label":"University of Edinburgh"},{"numberOfDocuments":0.11005291005291006,"label":"University of the West of Scotland"},{"numberOfDocuments":2.9981314765377505,"label":"University of Glasgow"},{"numberOfDocuments":0.8374590573973684,"label":"University of St Andrews"},{"numberOfDocuments":1.4004732769742774,"label":"University of Strathclyde"}],"conceptId":14},{"topicData":[{"numberOfDocuments":1.3022026991375093,"label":"Robert Gordon University"},{"numberOfDocuments":1.8227205925697676,"label":"Heriot-Watt University"},{"numberOfDocuments":0.5752908746019508,"label":"Glasgow Caledonian University"},{"numberOfDocuments":0.09919507575757576,"label":"Queen Margaret University"},{"numberOfDocuments":1.3238936986131753,"label":"University of Dundee"},{"numberOfDocuments":0.15093404057722043,"label":"University of the Highlands and Islands"},{"numberOfDocuments":0.11690569258064126,"label":"Edinburgh Napier University"},{"numberOfDocuments":0.5108700128137971,"label":"University of Stirling"},{"numberOfDocuments":0.2752088297477288,"label":"Abertay University"},{"numberOfDocuments":2.2149144518918535,"label":"University of Aberdeen"},{"numberOfDocuments":4.608150197128001,"label":"University of Edinburgh"},{"numberOfDocuments":0.7001352609229137,"label":"University of the West of Scotland"},{"numberOfDocuments":7.9293259612053095,"label":"University of Glasgow"},{"numberOfDocuments":2.0141509253297003,"label":"University of St Andrews"},{"numberOfDocuments":49.29846258596348,"label":"University of Strathclyde"}],"conceptId":15},{"topicData":[{"numberOfDocuments":7.803831219879603,"label":"Robert Gordon University"},{"numberOfDocuments":18.65790447073982,"label":"Heriot-Watt University"},{"numberOfDocuments":6.006890044685066,"label":"Glasgow Caledonian University"},{"numberOfDocuments":0.4185618021196026,"label":"Queen Margaret University"},{"numberOfDocuments":5.551410692625711,"label":"University of Dundee"},{"numberOfDocuments":0.5046426960648727,"label":"University of the Highlands and Islands"},{"numberOfDocuments":2.1890144244591085,"label":"Edinburgh Napier University"},{"numberOfDocuments":3.000368197178349,"label":"University of Stirling"},{"numberOfDocuments":1.3433694448663371,"label":"Abertay University"},{"numberOfDocuments":7.663896674660165,"label":"University of Aberdeen"},{"numberOfDocuments":13.433909248221298,"label":"University of Edinburgh"},{"numberOfDocuments":4.96960475004699,"label":"University of the West of Scotland"},{"numberOfDocuments":17.080037658712243,"label":"University of Glasgow"},{"numberOfDocuments":4.852424690914962,"label":"University of St Andrews"},{"numberOfDocuments":137.72195957427354,"label":"University of Strathclyde"}],"conceptId":16},{"topicData":[{"numberOfDocuments":1.3408838833299574,"label":"Robert Gordon University"},{"numberOfDocuments":1.1296857595718266,"label":"Heriot-Watt University"},{"numberOfDocuments":0.26419090583844396,"label":"Glasgow Caledonian University"},{"numberOfDocuments":0.06352005000672951,"label":"Queen Margaret University"},{"numberOfDocuments":0.6150771166839876,"label":"University of Dundee"},{"numberOfDocuments":0.04144263893244646,"label":"University of the Highlands and Islands"},{"numberOfDocuments":0.2853437851304955,"label":"Edinburgh Napier University"},{"numberOfDocuments":0.34877249615344924,"label":"University of Stirling"},{"numberOfDocuments":0.009259259259259259,"label":"Abertay University"},{"numberOfDocuments":4.3746282779758845,"label":"University of Aberdeen"},{"numberOfDocuments":4.1958569186142665,"label":"University of Edinburgh"},{"numberOfDocuments":0.13886760600513584,"label":"University of the West of Scotland"},{"numberOfDocuments":10.41295490744919,"label":"University of Glasgow"},{"numberOfDocuments":0.3656750366832483,"label":"University of St Andrews"},{"numberOfDocuments":3.4544138244271267,"label":"University of Strathclyde"}],"conceptId":17},{"topicData":[{"numberOfDocuments":1.1244112131408912,"label":"Robert Gordon University"},{"numberOfDocuments":3.13554023617481,"label":"Heriot-Watt University"},{"numberOfDocuments":0.9290944415683333,"label":"Glasgow Caledonian University"},{"numberOfDocuments":0.07128631604096401,"label":"Queen Margaret University"},{"numberOfDocuments":2.0371806774939194,"label":"University of Dundee"},{"numberOfDocuments":0.21402693726185382,"label":"University of the Highlands and Islands"},{"numberOfDocuments":0.3570312196157104,"label":"Edinburgh Napier University"},{"numberOfDocuments":0.2665784861685628,"label":"University of Stirling"},{"numberOfDocuments":6.193514985002077,"label":"Abertay University"},{"numberOfDocuments":2.103390251910886,"label":"University of Aberdeen"},{"numberOfDocuments":4.447830117491476,"label":"University of Edinburgh"},{"numberOfDocuments":0.8668591270868331,"label":"University of the West of Scotland"},{"numberOfDocuments":8.94421547460882,"label":"University of Glasgow"},{"numberOfDocuments":1.1229097413188156,"label":"University of St Andrews"},{"numberOfDocuments":22.687949274653572,"label":"University of Strathclyde"}],"conceptId":18}]