[{"topicData":[{"numberOfDocuments":0.0,"label":"Robert Gordon University"},{"numberOfDocuments":0.0,"label":"Heriot-Watt University"},{"numberOfDocuments":0.0,"label":"Glasgow Caledonian University"},{"numberOfDocuments":0.0,"label":"Queen Margaret University"},{"numberOfDocuments":0.0,"label":"University of the Highlands and Islands"},{"numberOfDocuments":0.0,"label":"University of Dundee"},{"numberOfDocuments":0.0,"label":"Edinburgh Napier University"},{"numberOfDocuments":0.0,"label":"University of Stirling"},{"numberOfDocuments":0.0,"label":"Abertay University"},{"numberOfDocuments":0.0,"label":"University of Aberdeen"},{"numberOfDocuments":0.0,"label":"University of Edinburgh"},{"numberOfDocuments":0.0,"label":"University of the West of Scotland"},{"numberOfDocuments":0.0,"label":"University of Glasgow"},{"numberOfDocuments":0.0,"label":"University of St Andrews"},{"numberOfDocuments":0.0,"label":"University of Strathclyde"}],"conceptId":-1},{"topicData":[{"numberOfDocuments":0.0,"label":"Robert Gordon University"},{"numberOfDocuments":0.27277767167430406,"label":"Heriot-Watt University"},{"numberOfDocuments":0.0,"label":"Glasgow Caledonian University"},{"numberOfDocuments":0.24823861413140139,"label":"Queen Margaret University"},{"numberOfDocuments":0.6667959020017319,"label":"University of the Highlands and Islands"},{"numberOfDocuments":1.1061352302614427,"label":"University of Dundee"},{"numberOfDocuments":0.05410105757931845,"label":"Edinburgh Napier University"},{"numberOfDocuments":1.5004660190338812,"label":"University of Stirling"},{"numberOfDocuments":1.003510802371917,"label":"Abertay University"},{"numberOfDocuments":0.4951654574665523,"label":"University of Aberdeen"},{"numberOfDocuments":1.798201226913661,"label":"University of Edinburgh"},{"numberOfDocuments":0.03308832389444511,"label":"University of the West of Scotland"},{"numberOfDocuments":2.1960399214225275,"label":"University of Glasgow"},{"numberOfDocuments":7.163689337107903,"label":"University of St Andrews"},{"numberOfDocuments":1.8678887173322085,"label":"University of Strathclyde"}],"conceptId":0},{"topicData":[{"numberOfDocuments":0.0,"label":"Robert Gordon University"},{"numberOfDocuments":1.3432749962463828,"label":"Heriot-Watt University"},{"numberOfDocuments":0.025157232704402517,"label":"Glasgow Caledonian University"},{"numberOfDocuments":0.006666666666666667,"label":"Queen Margaret University"},{"numberOfDocuments":1.9472862264450292,"label":"University of the Highlands and Islands"},{"numberOfDocuments":0.043478260869565216,"label":"University of Dundee"},{"numberOfDocuments":0.2690141054014287,"label":"Edinburgh Napier University"},{"numberOfDocuments":1.7277465302511539,"label":"University of Stirling"},{"numberOfDocuments":0.0,"label":"Abertay University"},{"numberOfDocuments":0.38262928304087235,"label":"University of Aberdeen"},{"numberOfDocuments":3.8863011668801883,"label":"University of Edinburgh"},{"numberOfDocuments":0.009009009009009009,"label":"University of the West of Scotland"},{"numberOfDocuments":1.8771345955043985,"label":"University of Glasgow"},{"numberOfDocuments":3.7297438330804864,"label":"University of St Andrews"},{"numberOfDocuments":0.33032822731920425,"label":"University of Strathclyde"}],"conceptId":1},{"topicData":[{"numberOfDocuments":0.7688744535012134,"label":"Robert Gordon University"},{"numberOfDocuments":16.013251680896726,"label":"Heriot-Watt University"},{"numberOfDocuments":0.05516571305192702,"label":"Glasgow Caledonian University"},{"numberOfDocuments":0.2820592196879849,"label":"Queen Margaret University"},{"numberOfDocuments":31.086699733433075,"label":"University of the Highlands and Islands"},{"numberOfDocuments":4.284885232194363,"label":"University of Dundee"},{"numberOfDocuments":2.3113673570739426,"label":"Edinburgh Napier University"},{"numberOfDocuments":11.974652345494212,"label":"University of Stirling"},{"numberOfDocuments":0.2541040412182132,"label":"Abertay University"},{"numberOfDocuments":10.94182152959065,"label":"University of Aberdeen"},{"numberOfDocuments":17.86212192822817,"label":"University of Edinburgh"},{"numberOfDocuments":0.45692395099137073,"label":"University of the West of Scotland"},{"numberOfDocuments":14.947658424311507,"label":"University of Glasgow"},{"numberOfDocuments":9.847802446328702,"label":"University of St Andrews"},{"numberOfDocuments":13.166652185751412,"label":"University of Strathclyde"}],"conceptId":2},{"topicData":[{"numberOfDocuments":0.2640714238461962,"label":"Robert Gordon University"},{"numberOfDocuments":1.7571127140079736,"label":"Heriot-Watt University"},{"numberOfDocuments":0.0,"label":"Glasgow Caledonian University"},{"numberOfDocuments":0.017699115044247787,"label":"Queen Margaret University"},{"numberOfDocuments":1.6327298871469635,"label":"University of the Highlands and Islands"},{"numberOfDocuments":0.546099567799025,"label":"University of Dundee"},{"numberOfDocuments":0.12316668774443462,"label":"Edinburgh Napier University"},{"numberOfDocuments":9.019106556864754,"label":"University of Stirling"},{"numberOfDocuments":0.07142857142857142,"label":"Abertay University"},{"numberOfDocuments":1.6655413675829862,"label":"University of Aberdeen"},{"numberOfDocuments":3.36216851356438,"label":"University of Edinburgh"},{"numberOfDocuments":0.6662419045054113,"label":"University of the West of Scotland"},{"numberOfDocuments":7.417544173002557,"label":"University of Glasgow"},{"numberOfDocuments":2.9261399768234053,"label":"University of St Andrews"},{"numberOfDocuments":4.020722589277006,"label":"University of Strathclyde"}],"conceptId":3},{"topicData":[{"numberOfDocuments":0.46851074418129846,"label":"Robert Gordon University"},{"numberOfDocuments":2.93669620753143,"label":"Heriot-Watt University"},{"numberOfDocuments":0.007692307692307693,"label":"Glasgow Caledonian University"},{"numberOfDocuments":0.06478106664442068,"label":"Queen Margaret University"},{"numberOfDocuments":11.50849382765698,"label":"University of the Highlands and Islands"},{"numberOfDocuments":0.294779643601399,"label":"University of Dundee"},{"numberOfDocuments":0.2096381559796194,"label":"Edinburgh Napier University"},{"numberOfDocuments":3.6838103711681462,"label":"University of Stirling"},{"numberOfDocuments":0.029116045245077504,"label":"Abertay University"},{"numberOfDocuments":3.8994318909985606,"label":"University of Aberdeen"},{"numberOfDocuments":2.0070074781453426,"label":"University of Edinburgh"},{"numberOfDocuments":0.48362932604735887,"label":"University of the West of Scotland"},{"numberOfDocuments":7.387497228425335,"label":"University of Glasgow"},{"numberOfDocuments":5.348108308528194,"label":"University of St Andrews"},{"numberOfDocuments":11.315277583367628,"label":"University of Strathclyde"}],"conceptId":4},{"topicData":[{"numberOfDocuments":0.009433962264150943,"label":"Robert Gordon University"},{"numberOfDocuments":5.244027743344087,"label":"Heriot-Watt University"},{"numberOfDocuments":0.10144927536231885,"label":"Glasgow Caledonian University"},{"numberOfDocuments":0.21120985708310688,"label":"Queen Margaret University"},{"numberOfDocuments":10.399728073037261,"label":"University of the Highlands and Islands"},{"numberOfDocuments":0.6629658261163497,"label":"University of Dundee"},{"numberOfDocuments":2.3771634576899427,"label":"Edinburgh Napier University"},{"numberOfDocuments":3.183368006167108,"label":"University of Stirling"},{"numberOfDocuments":0.11388235294117646,"label":"Abertay University"},{"numberOfDocuments":5.127830459441446,"label":"University of Aberdeen"},{"numberOfDocuments":6.835664739554586,"label":"University of Edinburgh"},{"numberOfDocuments":1.1300138464416896,"label":"University of the West of Scotland"},{"numberOfDocuments":8.222884407095421,"label":"University of Glasgow"},{"numberOfDocuments":8.144038159563637,"label":"University of St Andrews"},{"numberOfDocuments":0.6141868353853368,"label":"University of Strathclyde"}],"conceptId":5},{"topicData":[{"numberOfDocuments":0.27665807358800093,"label":"Robert Gordon University"},{"numberOfDocuments":0.4876652504800641,"label":"Heriot-Watt University"},{"numberOfDocuments":0.23809523809523808,"label":"Glasgow Caledonian University"},{"numberOfDocuments":0.006172839506172839,"label":"Queen Margaret University"},{"numberOfDocuments":7.54395302201226,"label":"University of the Highlands and Islands"},{"numberOfDocuments":0.1797003930432646,"label":"University of Dundee"},{"numberOfDocuments":0.3085671934556316,"label":"Edinburgh Napier University"},{"numberOfDocuments":1.088978187322784,"label":"University of Stirling"},{"numberOfDocuments":0.15336140033999152,"label":"Abertay University"},{"numberOfDocuments":0.489228980234217,"label":"University of Aberdeen"},{"numberOfDocuments":0.8543433580916602,"label":"University of Edinburgh"},{"numberOfDocuments":1.2004562517464428,"label":"University of the West of Scotland"},{"numberOfDocuments":3.582591034549637,"label":"University of Glasgow"},{"numberOfDocuments":0.26575203012516674,"label":"University of St Andrews"},{"numberOfDocuments":0.33466967827662264,"label":"University of Strathclyde"}],"conceptId":6},{"topicData":[{"numberOfDocuments":0.14756415272914558,"label":"Robert Gordon University"},{"numberOfDocuments":2.5297702807555233,"label":"Heriot-Watt University"},{"numberOfDocuments":0.005263157894736842,"label":"Glasgow Caledonian University"},{"numberOfDocuments":0.0,"label":"Queen Margaret University"},{"numberOfDocuments":1.454582667324735,"label":"University of the Highlands and Islands"},{"numberOfDocuments":0.13203134853289022,"label":"University of Dundee"},{"numberOfDocuments":0.10713454932638868,"label":"Edinburgh Napier University"},{"numberOfDocuments":1.1838510824144062,"label":"University of Stirling"},{"numberOfDocuments":0.0,"label":"Abertay University"},{"numberOfDocuments":0.5089510002660562,"label":"University of Aberdeen"},{"numberOfDocuments":3.861292145937644,"label":"University of Edinburgh"},{"numberOfDocuments":0.17655459619745334,"label":"University of the West of Scotland"},{"numberOfDocuments":2.0149080225507867,"label":"University of Glasgow"},{"numberOfDocuments":0.6399681344836425,"label":"University of St Andrews"},{"numberOfDocuments":0.32399419060120405,"label":"University of Strathclyde"}],"conceptId":7},{"topicData":[{"numberOfDocuments":0.8451469580894312,"label":"Robert Gordon University"},{"numberOfDocuments":1.1358585027440449,"label":"Heriot-Watt University"},{"numberOfDocuments":0.4231473286150663,"label":"Glasgow Caledonian University"},{"numberOfDocuments":0.5354673991100253,"label":"Queen Margaret University"},{"numberOfDocuments":1.389595178251321,"label":"University of the Highlands and Islands"},{"numberOfDocuments":0.9982551610436516,"label":"University of Dundee"},{"numberOfDocuments":0.7113459896327076,"label":"Edinburgh Napier University"},{"numberOfDocuments":1.5463072795408617,"label":"University of Stirling"},{"numberOfDocuments":0.1528024434326778,"label":"Abertay University"},{"numberOfDocuments":2.680776783276714,"label":"University of Aberdeen"},{"numberOfDocuments":1.6096375966094334,"label":"University of Edinburgh"},{"numberOfDocuments":0.411178904075079,"label":"University of the West of Scotland"},{"numberOfDocuments":3.740664006874275,"label":"University of Glasgow"},{"numberOfDocuments":1.5587001611816749,"label":"University of St Andrews"},{"numberOfDocuments":1.1108404694324558,"label":"University of Strathclyde"}],"conceptId":8},{"topicData":[{"numberOfDocuments":0.1799304376843729,"label":"Robert Gordon University"},{"numberOfDocuments":0.8913213896171465,"label":"Heriot-Watt University"},{"numberOfDocuments":0.08911819887429644,"label":"Glasgow Caledonian University"},{"numberOfDocuments":0.4956803853183236,"label":"Queen Margaret University"},{"numberOfDocuments":0.5417674319208313,"label":"University of the Highlands and Islands"},{"numberOfDocuments":1.7402894182536013,"label":"University of Dundee"},{"numberOfDocuments":0.5824128638863606,"label":"Edinburgh Napier University"},{"numberOfDocuments":1.193719146144244,"label":"University of Stirling"},{"numberOfDocuments":0.5294525378250685,"label":"Abertay University"},{"numberOfDocuments":0.658003141955183,"label":"University of Aberdeen"},{"numberOfDocuments":8.74581863305509,"label":"University of Edinburgh"},{"numberOfDocuments":0.36778173972693706,"label":"University of the West of Scotland"},{"numberOfDocuments":3.15456364153626,"label":"University of Glasgow"},{"numberOfDocuments":0.9731957213123712,"label":"University of St Andrews"},{"numberOfDocuments":2.158819547677622,"label":"University of Strathclyde"}],"conceptId":9},{"topicData":[{"numberOfDocuments":0.8371481410911882,"label":"Robert Gordon University"},{"numberOfDocuments":12.483079657915075,"label":"Heriot-Watt University"},{"numberOfDocuments":0.2854886604732836,"label":"Glasgow Caledonian University"},{"numberOfDocuments":0.029257886888229247,"label":"Queen Margaret University"},{"numberOfDocuments":23.72875058255478,"label":"University of the Highlands and Islands"},{"numberOfDocuments":2.0115209212980747,"label":"University of Dundee"},{"numberOfDocuments":1.9960900088443954,"label":"Edinburgh Napier University"},{"numberOfDocuments":12.624295228453583,"label":"University of Stirling"},{"numberOfDocuments":0.10754300725350609,"label":"Abertay University"},{"numberOfDocuments":12.106734897039642,"label":"University of Aberdeen"},{"numberOfDocuments":6.440556907851924,"label":"University of Edinburgh"},{"numberOfDocuments":0.6904363682266601,"label":"University of the West of Scotland"},{"numberOfDocuments":10.30575472270356,"label":"University of Glasgow"},{"numberOfDocuments":9.777442833525601,"label":"University of St Andrews"},{"numberOfDocuments":9.251619274248657,"label":"University of Strathclyde"}],"conceptId":10},{"topicData":[{"numberOfDocuments":0.06998461876510657,"label":"Robert Gordon University"},{"numberOfDocuments":0.4195357276233193,"label":"Heriot-Watt University"},{"numberOfDocuments":0.0,"label":"Glasgow Caledonian University"},{"numberOfDocuments":0.041403508771929824,"label":"Queen Margaret University"},{"numberOfDocuments":9.194757383221328,"label":"University of the Highlands and Islands"},{"numberOfDocuments":0.0,"label":"University of Dundee"},{"numberOfDocuments":0.0668052668052668,"label":"Edinburgh Napier University"},{"numberOfDocuments":0.7043076310066338,"label":"University of Stirling"},{"numberOfDocuments":0.0,"label":"Abertay University"},{"numberOfDocuments":0.4519325733544344,"label":"University of Aberdeen"},{"numberOfDocuments":0.9970247633794619,"label":"University of Edinburgh"},{"numberOfDocuments":0.016129032258064516,"label":"University of the West of Scotland"},{"numberOfDocuments":4.868038441455548,"label":"University of Glasgow"},{"numberOfDocuments":3.2551769640315036,"label":"University of St Andrews"},{"numberOfDocuments":3.7164379436778594,"label":"University of Strathclyde"}],"conceptId":11},{"topicData":[{"numberOfDocuments":0.22024694775582107,"label":"Robert Gordon University"},{"numberOfDocuments":9.553065541872748,"label":"Heriot-Watt University"},{"numberOfDocuments":0.00847457627118644,"label":"Glasgow Caledonian University"},{"numberOfDocuments":0.0,"label":"Queen Margaret University"},{"numberOfDocuments":8.149306039671341,"label":"University of the Highlands and Islands"},{"numberOfDocuments":2.788464251646157,"label":"University of Dundee"},{"numberOfDocuments":1.0148118769218717,"label":"Edinburgh Napier University"},{"numberOfDocuments":4.288179942648307,"label":"University of Stirling"},{"numberOfDocuments":0.07671125098347757,"label":"Abertay University"},{"numberOfDocuments":1.739581781163212,"label":"University of Aberdeen"},{"numberOfDocuments":6.289634629562249,"label":"University of Edinburgh"},{"numberOfDocuments":0.09791692575550305,"label":"University of the West of Scotland"},{"numberOfDocuments":10.90133844689466,"label":"University of Glasgow"},{"numberOfDocuments":10.456113069549408,"label":"University of St Andrews"},{"numberOfDocuments":1.4314157220187664,"label":"University of Strathclyde"}],"conceptId":12}]