{"linkageTable":[{"node2":12,"distance":0.43905001694501,"node1":3},{"node2":10,"distance":0.44729334937595,"node1":4},{"node2":11,"distance":0.46644589853759,"node1":0},{"node2":8,"distance":0.47834758380936,"node1":6},{"node2":5,"distance":0.48144306818686,"node1":2},{"node2":13,"distance":0.4848805748792175,"node1":17},{"node2":7,"distance":0.491985904256435,"node1":18},{"node2":14,"distance":0.49223656443646124,"node1":15},{"node2":19,"distance":0.495506878569421,"node1":1},{"node2":21,"distance":0.49669632288212234,"node1":20},{"node2":16,"distance":0.4985078435760094,"node1":22},{"node2":9,"distance":0.49963152713723585,"node1":23}],"conceptsData":[{"conceptId":8,"clusterId":0,"hexCoordinates":{"x":3.4641016151377544,"y":-3.0},"labels":[{"weight":446.0,"label":"colour"},{"weight":89.0,"label":"red"},{"weight":81.0,"label":"trench"},{"weight":71.0,"label":"dye"},{"weight":59.0,"label":"lighting"},{"weight":42.0,"label":"cbl"},{"weight":33.0,"label":"natural"},{"weight":31.0,"label":"black"},{"weight":30.0,"label":"white"},{"weight":28.0,"label":"ripl"},{"weight":28.0,"label":"synthetic"},{"weight":25.0,"label":"carotenoid"},{"weight":23.0,"label":"hadal"},{"weight":22.0,"label":"purple"},{"weight":22.0,"label":"deep"},{"weight":20.0,"label":"prawn"},{"weight":19.0,"label":"color"},{"weight":18.0,"label":"shades"},{"weight":16.0,"label":"amphipod"},{"weight":15.0,"label":"yellow"},{"weight":13.0,"label":"luminous"},{"weight":13.0,"label":"identification"},{"weight":12.0,"label":"lhr"},{"weight":12.0,"label":"microfibre"},{"weight":12.0,"label":"icv"}]},{"conceptId":3,"clusterId":0,"hexCoordinates":{"x":0.0,"y":0.0},"labels":[{"weight":475.0,"label":"shell"},{"weight":246.0,"label":"mussel"},{"weight":134.0,"label":"calcite"},{"weight":79.0,"label":"carbonate"},{"weight":72.0,"label":"acidification"},{"weight":71.0,"label":"oyster"},{"weight":68.0,"label":"mytilus"},{"weight":65.0,"label":"edulis"},{"weight":63.0,"label":"acc"},{"weight":57.0,"label":"aragonite"},{"weight":53.0,"label":"formation"},{"weight":52.0,"label":"organism"},{"weight":45.0,"label":"mollusc"},{"weight":44.0,"label":"calcium"},{"weight":42.0,"label":"bivalve"},{"weight":38.0,"label":"biomineral"},{"weight":38.0,"label":"produce"},{"weight":35.0,"label":"marine"},{"weight":33.0,"label":"species"},{"weight":32.0,"label":"grow"},{"weight":29.0,"label":"ocean"},{"weight":29.0,"label":"form"},{"weight":29.0,"label":"condition"},{"weight":28.0,"label":"site"},{"weight":28.0,"label":"analysis"}]},{"conceptId":2,"clusterId":0,"hexCoordinates":{"x":2.598076211353316,"y":-1.5},"labels":[{"weight":513.0,"label":"sediment"},{"weight":432.0,"label":"nutrient"},{"weight":334.0,"label":"carbon"},{"weight":300.0,"label":"nitrogen"},{"weight":298.0,"label":"phytoplankton"},{"weight":257.0,"label":"community"},{"weight":243.0,"label":"water"},{"weight":232.0,"label":"organic"},{"weight":202.0,"label":"production"},{"weight":200.0,"label":"sea"},{"weight":199.0,"label":"biomass"},{"weight":172.0,"label":"marine"},{"weight":167.0,"label":"uptake"},{"weight":163.0,"label":"concentration"},{"weight":161.0,"label":"ocean"},{"weight":158.0,"label":"diatom"},{"weight":157.0,"label":"ecosystem"},{"weight":149.0,"label":"benthic"},{"weight":135.0,"label":"source"},{"weight":129.0,"label":"rate"},{"weight":123.0,"label":"biogeochemical"},{"weight":120.0,"label":"cycling"},{"weight":118.0,"label":"matter"},{"weight":117.0,"label":"food"},{"weight":117.0,"label":"primary"}]},{"conceptId":12,"clusterId":0,"hexCoordinates":{"x":1.7320508075688772,"y":0.0},"labels":[{"weight":264.0,"label":"ocean"},{"weight":219.0,"label":"coral"},{"weight":169.0,"label":"seawater"},{"weight":133.0,"label":"acidification"},{"weight":126.0,"label":"calcification"},{"weight":124.0,"label":"pco"},{"weight":107.0,"label":"temperature"},{"weight":103.0,"label":"species"},{"weight":96.0,"label":"change"},{"weight":95.0,"label":"high"},{"weight":92.0,"label":"carbonate"},{"weight":79.0,"label":"coralline"},{"weight":79.0,"label":"reef"},{"weight":78.0,"label":"growth"},{"weight":78.0,"label":"increase"},{"weight":71.0,"label":"marine"},{"weight":70.0,"label":"dic"},{"weight":68.0,"label":"condition"},{"weight":64.0,"label":"response"},{"weight":63.0,"label":"calcite"},{"weight":61.0,"label":"carbon"},{"weight":60.0,"label":"chemistry"},{"weight":58.0,"label":"algae"},{"weight":57.0,"label":"skeletal"},{"weight":57.0,"label":"water"}]},{"conceptId":4,"clusterId":0,"hexCoordinates":{"x":4.330127018922193,"y":-1.5},"labels":[{"weight":289.0,"label":"fish"},{"weight":200.0,"label":"species"},{"weight":113.0,"label":"cod"},{"weight":108.0,"label":"abundance"},{"weight":100.0,"label":"food"},{"weight":95.0,"label":"fishing"},{"weight":95.0,"label":"stock"},{"weight":88.0,"label":"sea"},{"weight":87.0,"label":"fishery"},{"weight":81.0,"label":"size"},{"weight":77.0,"label":"trophic"},{"weight":77.0,"label":"atlantic"},{"weight":76.0,"label":"prey"},{"weight":74.0,"label":"web"},{"weight":71.0,"label":"north"},{"weight":67.0,"label":"biomass"},{"weight":63.0,"label":"mortality"},{"weight":62.0,"label":"ecosystem"},{"weight":61.0,"label":"production"},{"weight":61.0,"label":"population"},{"weight":60.0,"label":"marine"},{"weight":59.0,"label":"decline"},{"weight":53.0,"label":"trawl"},{"weight":53.0,"label":"predator"},{"weight":48.0,"label":"whiting"}]},{"conceptId":-1,"clusterId":-1,"hexCoordinates":{"x":8.660254037844386,"y":1.5},"labels":[{"weight":2500,"label":"Unclassified"},{"weight":0,"label":""},{"weight":0,"label":""},{"weight":0,"label":""},{"weight":0,"label":""},{"weight":0,"label":""},{"weight":0,"label":""},{"weight":0,"label":""},{"weight":0,"label":""},{"weight":0,"label":""},{"weight":0,"label":""}]},{"conceptId":11,"clusterId":0,"hexCoordinates":{"x":4.330127018922193,"y":1.5},"labels":[{"weight":90.0,"label":"sediment"},{"weight":79.0,"label":"carbon"},{"weight":76.0,"label":"marine"},{"weight":73.0,"label":"fjord"},{"weight":70.0,"label":"loch"},{"weight":58.0,"label":"sea"},{"weight":57.0,"label":"activity"},{"weight":54.0,"label":"enrichment"},{"weight":52.0,"label":"west"},{"weight":49.0,"label":"scotland"},{"weight":48.0,"label":"sellafield"},{"weight":44.0,"label":"coastal"},{"weight":40.0,"label":"terrestrial"},{"weight":36.0,"label":"store"},{"weight":35.0,"label":"irish"},{"weight":34.0,"label":"environment"},{"weight":33.0,"label":"scottish"},{"weight":32.0,"label":"enriched"},{"weight":32.0,"label":"transfer"},{"weight":27.0,"label":"sedimentary"},{"weight":27.0,"label":"hold"},{"weight":26.0,"label":"seawater"},{"weight":24.0,"label":"pockmark"},{"weight":24.0,"label":"discharge"},{"weight":24.0,"label":"organic"}]},{"conceptId":1,"clusterId":0,"hexCoordinates":{"x":-0.8660254037844386,"y":-1.5},"labels":[{"weight":173.0,"label":"reef"},{"weight":162.0,"label":"coral"},{"weight":68.0,"label":"deer"},{"weight":66.0,"label":"colony"},{"weight":62.0,"label":"bleaching"},{"weight":51.0,"label":"morphology"},{"weight":40.0,"label":"gbr"},{"weight":27.0,"label":"damage"},{"weight":25.0,"label":"sponge"},{"weight":23.0,"label":"dead"},{"weight":23.0,"label":"barrier"},{"weight":23.0,"label":"side"},{"weight":22.0,"label":"great"},{"weight":22.0,"label":"cover"},{"weight":21.0,"label":"red"},{"weight":20.0,"label":"growth"},{"weight":17.0,"label":"aspen"},{"weight":17.0,"label":"frequency"},{"weight":16.0,"label":"cyclone"},{"weight":16.0,"label":"associate"},{"weight":15.0,"label":"proportion"},{"weight":15.0,"label":"live"},{"weight":15.0,"label":"layer"},{"weight":14.0,"label":"event"},{"weight":13.0,"label":"cervus"}]},{"conceptId":10,"clusterId":0,"hexCoordinates":{"x":3.4641016151377544,"y":0.0},"labels":[{"weight":655.0,"label":"marine"},{"weight":469.0,"label":"fishery"},{"weight":457.0,"label":"fishing"},{"weight":365.0,"label":"management"},{"weight":343.0,"label":"ecosystem"},{"weight":276.0,"label":"fish"},{"weight":266.0,"label":"conservation"},{"weight":259.0,"label":"area"},{"weight":223.0,"label":"habitat"},{"weight":212.0,"label":"sea"},{"weight":207.0,"label":"species"},{"weight":195.0,"label":"mpa"},{"weight":174.0,"label":"impact"},{"weight":128.0,"label":"catch"},{"weight":127.0,"label":"scale"},{"weight":123.0,"label":"stock"},{"weight":117.0,"label":"activity"},{"weight":117.0,"label":"community"},{"weight":116.0,"label":"protected"},{"weight":111.0,"label":"gear"},{"weight":103.0,"label":"coastal"},{"weight":102.0,"label":"fisher"},{"weight":98.0,"label":"survey"},{"weight":97.0,"label":"biodiversity"},{"weight":92.0,"label":"trawl"}]},{"conceptId":6,"clusterId":0,"hexCoordinates":{"x":5.196152422706632,"y":-3.0},"labels":[{"weight":243.0,"label":"plastic"},{"weight":129.0,"label":"microplastic"},{"weight":80.0,"label":"marine"},{"weight":76.0,"label":"debris"},{"weight":69.0,"label":"pam"},{"weight":59.0,"label":"ingest"},{"weight":56.0,"label":"species"},{"weight":49.0,"label":"ingestion"},{"weight":46.0,"label":"pollution"},{"weight":40.0,"label":"environment"},{"weight":31.0,"label":"ocean"},{"weight":28.0,"label":"imi"},{"weight":27.0,"label":"seabird"},{"weight":27.0,"label":"flatten"},{"weight":26.0,"label":"item"},{"weight":22.0,"label":"shearwater"},{"weight":21.0,"label":"sample"},{"weight":20.0,"label":"wrinkle"},{"weight":19.0,"label":"organism"},{"weight":18.0,"label":"beach"},{"weight":17.0,"label":"fibre"},{"weight":17.0,"label":"prevalence"},{"weight":16.0,"label":"litter"},{"weight":16.0,"label":"exemplar"},{"weight":14.0,"label":"type"}]},{"conceptId":0,"clusterId":0,"hexCoordinates":{"x":5.196152422706632,"y":0.0},"labels":[{"weight":446.0,"label":"seal"},{"weight":164.0,"label":"grey"},{"weight":84.0,"label":"pup"},{"weight":73.0,"label":"harbour"},{"weight":57.0,"label":"mammal"},{"weight":49.0,"label":"blubber"},{"weight":43.0,"label":"grypus"},{"weight":43.0,"label":"halichoerus"},{"weight":28.0,"label":"wean"},{"weight":27.0,"label":"fancd"},{"weight":27.0,"label":"usp"},{"weight":26.0,"label":"marine"},{"weight":24.0,"label":"deb"},{"weight":23.0,"label":"fancl"},{"weight":23.0,"label":"anemia"},{"weight":23.0,"label":"turkey"},{"weight":22.0,"label":"interaction"},{"weight":21.0,"label":"phoca"},{"weight":20.0,"label":"vitulina"},{"weight":20.0,"label":"strand"},{"weight":20.0,"label":"find"},{"weight":19.0,"label":"predation"},{"weight":18.0,"label":"colony"},{"weight":16.0,"label":"pinniped"},{"weight":15.0,"label":"porpoise"}]},{"conceptId":5,"clusterId":0,"hexCoordinates":{"x":0.8660254037844386,"y":-1.5},"labels":[{"weight":226.0,"label":"species"},{"weight":181.0,"label":"habitat"},{"weight":114.0,"label":"community"},{"weight":105.0,"label":"assemblage"},{"weight":103.0,"label":"structure"},{"weight":101.0,"label":"benthic"},{"weight":101.0,"label":"abundance"},{"weight":101.0,"label":"site"},{"weight":95.0,"label":"composition"},{"weight":94.0,"label":"diversity"},{"weight":76.0,"label":"reef"},{"weight":75.0,"label":"area"},{"weight":67.0,"label":"fauna"},{"weight":65.0,"label":"vegetation"},{"weight":64.0,"label":"kelp"},{"weight":59.0,"label":"study"},{"weight":53.0,"label":"richness"},{"weight":52.0,"label":"high"},{"weight":51.0,"label":"settlement"},{"weight":50.0,"label":"pond"},{"weight":50.0,"label":"water"},{"weight":49.0,"label":"survey"},{"weight":47.0,"label":"turnover"},{"weight":45.0,"label":"range"},{"weight":44.0,"label":"algae"}]},{"conceptId":9,"clusterId":0,"hexCoordinates":{"x":2.598076211353316,"y":1.5},"labels":[{"weight":976.0,"label":"recovery"},{"weight":157.0,"label":"recover"},{"weight":54.0,"label":"year"},{"weight":37.0,"label":"individual"},{"weight":34.0,"label":"metazoan"},{"weight":32.0,"label":"reef"},{"weight":32.0,"label":"skeletal"},{"weight":30.0,"label":"form"},{"weight":28.0,"label":"post"},{"weight":27.0,"label":"ediacaran"},{"weight":26.0,"label":"cambrian"},{"weight":26.0,"label":"remission"},{"weight":26.0,"label":"functional"},{"weight":26.0,"label":"return"},{"weight":25.0,"label":"early"},{"weight":24.0,"label":"ramp"},{"weight":24.0,"label":"community"},{"weight":22.0,"label":"cloudina"},{"weight":22.0,"label":"complete"},{"weight":21.0,"label":"group"},{"weight":20.0,"label":"episode"},{"weight":19.0,"label":"namacalathus"},{"weight":19.0,"label":"show"},{"weight":18.0,"label":"biota"},{"weight":18.0,"label":"substrate"}]},{"conceptId":7,"clusterId":0,"hexCoordinates":{"x":1.7320508075688772,"y":-3.0},"labels":[{"weight":106.0,"label":"bear"},{"weight":100.0,"label":"coral"},{"weight":63.0,"label":"reef"},{"weight":54.0,"label":"fusion"},{"weight":51.0,"label":"map"},{"weight":45.0,"label":"seamount"},{"weight":39.0,"label":"water"},{"weight":37.0,"label":"cold"},{"weight":36.0,"label":"garden"},{"weight":32.0,"label":"famine"},{"weight":23.0,"label":"smc"},{"weight":23.0,"label":"area"},{"weight":20.0,"label":"environment"},{"weight":18.0,"label":"corallith"},{"weight":18.0,"label":"complex"},{"weight":16.0,"label":"substrate"},{"weight":15.0,"label":"mound"},{"weight":15.0,"label":"sponge"},{"weight":15.0,"label":"framework"},{"weight":14.0,"label":"mingulay"},{"weight":14.0,"label":"free"},{"weight":14.0,"label":"depth"},{"weight":13.0,"label":"rubble"},{"weight":13.0,"label":"hyperopia"},{"weight":13.0,"label":"quantify"}]}]}