[{"topicData":[{"numberOfDocuments":0.0,"label":"Robert Gordon University"},{"numberOfDocuments":0.0,"label":"Heriot-Watt University"},{"numberOfDocuments":0.0,"label":"Glasgow Caledonian University"},{"numberOfDocuments":0.0,"label":"Queen Margaret University"},{"numberOfDocuments":0.0,"label":"University of the Highlands and Islands"},{"numberOfDocuments":0.0,"label":"University of Dundee"},{"numberOfDocuments":0.0,"label":"Edinburgh Napier University"},{"numberOfDocuments":0.0,"label":"University of Stirling"},{"numberOfDocuments":0.0,"label":"Abertay University"},{"numberOfDocuments":0.0,"label":"University of Aberdeen"},{"numberOfDocuments":0.0,"label":"University of Edinburgh"},{"numberOfDocuments":0.0,"label":"University of the West of Scotland"},{"numberOfDocuments":0.0,"label":"University of Glasgow"},{"numberOfDocuments":0.0,"label":"University of St Andrews"},{"numberOfDocuments":0.0,"label":"University of Strathclyde"}],"conceptId":-1},{"topicData":[{"numberOfDocuments":1.4260801851836644,"label":"Robert Gordon University"},{"numberOfDocuments":1.1424072180057399,"label":"Heriot-Watt University"},{"numberOfDocuments":3.594151467398832,"label":"Glasgow Caledonian University"},{"numberOfDocuments":2.058071437983637,"label":"Queen Margaret University"},{"numberOfDocuments":1.3382081112363668,"label":"University of the Highlands and Islands"},{"numberOfDocuments":20.388813179062712,"label":"University of Dundee"},{"numberOfDocuments":2.5234694116421372,"label":"Edinburgh Napier University"},{"numberOfDocuments":6.398371724486104,"label":"University of Stirling"},{"numberOfDocuments":0.5852578537041908,"label":"Abertay University"},{"numberOfDocuments":17.29458586450655,"label":"University of Aberdeen"},{"numberOfDocuments":37.36022768032293,"label":"University of Edinburgh"},{"numberOfDocuments":0.44914630234580194,"label":"University of the West of Scotland"},{"numberOfDocuments":38.98477319415168,"label":"University of Glasgow"},{"numberOfDocuments":5.521123635239947,"label":"University of St Andrews"},{"numberOfDocuments":11.527024482030098,"label":"University of Strathclyde"}],"conceptId":0},{"topicData":[{"numberOfDocuments":0.31920752603880875,"label":"Robert Gordon University"},{"numberOfDocuments":0.006711409395973154,"label":"Heriot-Watt University"},{"numberOfDocuments":0.1660830999066293,"label":"Glasgow Caledonian University"},{"numberOfDocuments":0.08382936507936507,"label":"Queen Margaret University"},{"numberOfDocuments":0.19047619047619047,"label":"University of the Highlands and Islands"},{"numberOfDocuments":0.41824373040576246,"label":"University of Dundee"},{"numberOfDocuments":0.033075022461814915,"label":"Edinburgh Napier University"},{"numberOfDocuments":2.7026857952478736,"label":"University of Stirling"},{"numberOfDocuments":0.0,"label":"Abertay University"},{"numberOfDocuments":0.27438795143852657,"label":"University of Aberdeen"},{"numberOfDocuments":4.43760897592617,"label":"University of Edinburgh"},{"numberOfDocuments":0.012422360248447204,"label":"University of the West of Scotland"},{"numberOfDocuments":1.7305684360611524,"label":"University of Glasgow"},{"numberOfDocuments":2.6646467568826027,"label":"University of St Andrews"},{"numberOfDocuments":0.9623649681381441,"label":"University of Strathclyde"}],"conceptId":1},{"topicData":[{"numberOfDocuments":0.046571300275835524,"label":"Robert Gordon University"},{"numberOfDocuments":0.37774673984541396,"label":"Heriot-Watt University"},{"numberOfDocuments":0.5408481950547084,"label":"Glasgow Caledonian University"},{"numberOfDocuments":0.06493506493506494,"label":"Queen Margaret University"},{"numberOfDocuments":0.11548169368787932,"label":"University of the Highlands and Islands"},{"numberOfDocuments":0.554450859915061,"label":"University of Dundee"},{"numberOfDocuments":0.006493506493506494,"label":"Edinburgh Napier University"},{"numberOfDocuments":2.5790805604084546,"label":"University of Stirling"},{"numberOfDocuments":0.04838709677419355,"label":"Abertay University"},{"numberOfDocuments":0.17310259865597494,"label":"University of Aberdeen"},{"numberOfDocuments":7.654578924952052,"label":"University of Edinburgh"},{"numberOfDocuments":0.0,"label":"University of the West of Scotland"},{"numberOfDocuments":6.886164509244091,"label":"University of Glasgow"},{"numberOfDocuments":0.06985700091475718,"label":"University of St Andrews"},{"numberOfDocuments":0.37661753520025226,"label":"University of Strathclyde"}],"conceptId":2},{"topicData":[{"numberOfDocuments":0.1850912778904665,"label":"Robert Gordon University"},{"numberOfDocuments":0.04876847290640394,"label":"Heriot-Watt University"},{"numberOfDocuments":0.13952468210339275,"label":"Glasgow Caledonian University"},{"numberOfDocuments":0.44902454805935155,"label":"Queen Margaret University"},{"numberOfDocuments":0.03369565217391304,"label":"University of the Highlands and Islands"},{"numberOfDocuments":0.689817665166943,"label":"University of Dundee"},{"numberOfDocuments":0.37494852205451795,"label":"Edinburgh Napier University"},{"numberOfDocuments":0.8850506331755136,"label":"University of Stirling"},{"numberOfDocuments":0.10784313725490197,"label":"Abertay University"},{"numberOfDocuments":4.558136477503353,"label":"University of Aberdeen"},{"numberOfDocuments":8.334717673217119,"label":"University of Edinburgh"},{"numberOfDocuments":0.03636363636363636,"label":"University of the West of Scotland"},{"numberOfDocuments":9.79779642305897,"label":"University of Glasgow"},{"numberOfDocuments":0.5936389040931557,"label":"University of St Andrews"},{"numberOfDocuments":4.669722189522911,"label":"University of Strathclyde"}],"conceptId":3},{"topicData":[{"numberOfDocuments":0.5297964405519273,"label":"Robert Gordon University"},{"numberOfDocuments":0.6227634259464393,"label":"Heriot-Watt University"},{"numberOfDocuments":1.7738365935887332,"label":"Glasgow Caledonian University"},{"numberOfDocuments":2.9334836281367775,"label":"Queen Margaret University"},{"numberOfDocuments":0.9450913041764751,"label":"University of the Highlands and Islands"},{"numberOfDocuments":4.46019736138458,"label":"University of Dundee"},{"numberOfDocuments":3.758895664824236,"label":"Edinburgh Napier University"},{"numberOfDocuments":6.267447612449086,"label":"University of Stirling"},{"numberOfDocuments":0.6628033172733965,"label":"Abertay University"},{"numberOfDocuments":6.486531830756812,"label":"University of Aberdeen"},{"numberOfDocuments":18.675609501278668,"label":"University of Edinburgh"},{"numberOfDocuments":0.3077990821044931,"label":"University of the West of Scotland"},{"numberOfDocuments":25.61054082698198,"label":"University of Glasgow"},{"numberOfDocuments":1.5965605030110221,"label":"University of St Andrews"},{"numberOfDocuments":2.7788160254343537,"label":"University of Strathclyde"}],"conceptId":4},{"topicData":[{"numberOfDocuments":0.8751779658274618,"label":"Robert Gordon University"},{"numberOfDocuments":0.25169852300929296,"label":"Heriot-Watt University"},{"numberOfDocuments":0.9978921022394357,"label":"Glasgow Caledonian University"},{"numberOfDocuments":0.7263922025603639,"label":"Queen Margaret University"},{"numberOfDocuments":0.2866620955562608,"label":"University of the Highlands and Islands"},{"numberOfDocuments":1.336577565076548,"label":"University of Dundee"},{"numberOfDocuments":0.4060409007559077,"label":"Edinburgh Napier University"},{"numberOfDocuments":2.278536843743018,"label":"University of Stirling"},{"numberOfDocuments":0.36331053720654116,"label":"Abertay University"},{"numberOfDocuments":1.8339821482292524,"label":"University of Aberdeen"},{"numberOfDocuments":9.22060749945502,"label":"University of Edinburgh"},{"numberOfDocuments":0.5741913524893331,"label":"University of the West of Scotland"},{"numberOfDocuments":12.213271834119368,"label":"University of Glasgow"},{"numberOfDocuments":3.1467457410382527,"label":"University of St Andrews"},{"numberOfDocuments":1.6599653144533668,"label":"University of Strathclyde"}],"conceptId":5},{"topicData":[{"numberOfDocuments":1.2415844502626878,"label":"Robert Gordon University"},{"numberOfDocuments":0.423444976076555,"label":"Heriot-Watt University"},{"numberOfDocuments":2.9521254630727154,"label":"Glasgow Caledonian University"},{"numberOfDocuments":0.18804782360390335,"label":"Queen Margaret University"},{"numberOfDocuments":0.005434782608695652,"label":"University of the Highlands and Islands"},{"numberOfDocuments":1.786806746844224,"label":"University of Dundee"},{"numberOfDocuments":0.7413925206314942,"label":"Edinburgh Napier University"},{"numberOfDocuments":0.8217454978836225,"label":"University of Stirling"},{"numberOfDocuments":0.9673935617860852,"label":"Abertay University"},{"numberOfDocuments":1.1819284416903486,"label":"University of Aberdeen"},{"numberOfDocuments":4.296018857249547,"label":"University of Edinburgh"},{"numberOfDocuments":0.049355511437149266,"label":"University of the West of Scotland"},{"numberOfDocuments":6.405610969801341,"label":"University of Glasgow"},{"numberOfDocuments":3.743461970279737,"label":"University of St Andrews"},{"numberOfDocuments":1.67626474071898,"label":"University of Strathclyde"}],"conceptId":6},{"topicData":[{"numberOfDocuments":3.5049784920108156,"label":"Robert Gordon University"},{"numberOfDocuments":1.9431000517565684,"label":"Heriot-Watt University"},{"numberOfDocuments":5.336707954198461,"label":"Glasgow Caledonian University"},{"numberOfDocuments":6.480740686361343,"label":"Queen Margaret University"},{"numberOfDocuments":2.283059054768492,"label":"University of the Highlands and Islands"},{"numberOfDocuments":14.87634897938444,"label":"University of Dundee"},{"numberOfDocuments":4.00466407764117,"label":"Edinburgh Napier University"},{"numberOfDocuments":20.759354764176738,"label":"University of Stirling"},{"numberOfDocuments":1.2273063628975824,"label":"Abertay University"},{"numberOfDocuments":17.29566362510145,"label":"University of Aberdeen"},{"numberOfDocuments":58.81591760409918,"label":"University of Edinburgh"},{"numberOfDocuments":3.7719968784923665,"label":"University of the West of Scotland"},{"numberOfDocuments":69.00306395743183,"label":"University of Glasgow"},{"numberOfDocuments":12.355853172772392,"label":"University of St Andrews"},{"numberOfDocuments":18.13573198798363,"label":"University of Strathclyde"}],"conceptId":7},{"topicData":[{"numberOfDocuments":3.013686481588921,"label":"Robert Gordon University"},{"numberOfDocuments":3.755684993666108,"label":"Heriot-Watt University"},{"numberOfDocuments":5.420637902812736,"label":"Glasgow Caledonian University"},{"numberOfDocuments":6.332335002545871,"label":"Queen Margaret University"},{"numberOfDocuments":2.061880285774289,"label":"University of the Highlands and Islands"},{"numberOfDocuments":17.636402318739897,"label":"University of Dundee"},{"numberOfDocuments":6.281920741998524,"label":"Edinburgh Napier University"},{"numberOfDocuments":26.138122474545142,"label":"University of Stirling"},{"numberOfDocuments":1.3678319939335515,"label":"Abertay University"},{"numberOfDocuments":21.680482125074107,"label":"University of Aberdeen"},{"numberOfDocuments":72.3416600922629,"label":"University of Edinburgh"},{"numberOfDocuments":2.298353799100698,"label":"University of the West of Scotland"},{"numberOfDocuments":83.84472685781539,"label":"University of Glasgow"},{"numberOfDocuments":17.043592946581818,"label":"University of St Andrews"},{"numberOfDocuments":15.060221793332817,"label":"University of Strathclyde"}],"conceptId":8},{"topicData":[{"numberOfDocuments":2.132819313542117,"label":"Robert Gordon University"},{"numberOfDocuments":5.300947983709395,"label":"Heriot-Watt University"},{"numberOfDocuments":2.211122448564888,"label":"Glasgow Caledonian University"},{"numberOfDocuments":6.61081425287281,"label":"Queen Margaret University"},{"numberOfDocuments":3.1507301234737275,"label":"University of the Highlands and Islands"},{"numberOfDocuments":15.019394889284943,"label":"University of Dundee"},{"numberOfDocuments":4.028243199390037,"label":"Edinburgh Napier University"},{"numberOfDocuments":17.72397599356333,"label":"University of Stirling"},{"numberOfDocuments":1.6022757644942436,"label":"Abertay University"},{"numberOfDocuments":17.13666414945387,"label":"University of Aberdeen"},{"numberOfDocuments":67.74998453228704,"label":"University of Edinburgh"},{"numberOfDocuments":1.7209019767033686,"label":"University of the West of Scotland"},{"numberOfDocuments":47.273081789899194,"label":"University of Glasgow"},{"numberOfDocuments":16.45801493082875,"label":"University of St Andrews"},{"numberOfDocuments":19.044671780557476,"label":"University of Strathclyde"}],"conceptId":9},{"topicData":[{"numberOfDocuments":1.3670122120308221,"label":"Robert Gordon University"},{"numberOfDocuments":2.699680044071662,"label":"Heriot-Watt University"},{"numberOfDocuments":4.037182625210501,"label":"Glasgow Caledonian University"},{"numberOfDocuments":5.238345481077582,"label":"Queen Margaret University"},{"numberOfDocuments":1.9062905228414262,"label":"University of the Highlands and Islands"},{"numberOfDocuments":9.421308098312137,"label":"University of Dundee"},{"numberOfDocuments":2.713637390601056,"label":"Edinburgh Napier University"},{"numberOfDocuments":11.504480893143555,"label":"University of Stirling"},{"numberOfDocuments":0.49673848818058836,"label":"Abertay University"},{"numberOfDocuments":11.957956188289188,"label":"University of Aberdeen"},{"numberOfDocuments":42.808988372337225,"label":"University of Edinburgh"},{"numberOfDocuments":1.0394680538766377,"label":"University of the West of Scotland"},{"numberOfDocuments":30.67525290052421,"label":"University of Glasgow"},{"numberOfDocuments":4.852582178049713,"label":"University of St Andrews"},{"numberOfDocuments":17.4615527280063,"label":"University of Strathclyde"}],"conceptId":10},{"topicData":[{"numberOfDocuments":2.866067695039952,"label":"Robert Gordon University"},{"numberOfDocuments":1.5420250318904107,"label":"Heriot-Watt University"},{"numberOfDocuments":4.160764200314423,"label":"Glasgow Caledonian University"},{"numberOfDocuments":5.292084253475003,"label":"Queen Margaret University"},{"numberOfDocuments":0.6582123069754062,"label":"University of the Highlands and Islands"},{"numberOfDocuments":6.731371907214816,"label":"University of Dundee"},{"numberOfDocuments":2.9278376274517277,"label":"Edinburgh Napier University"},{"numberOfDocuments":11.36880627326994,"label":"University of Stirling"},{"numberOfDocuments":1.2697450724451453,"label":"Abertay University"},{"numberOfDocuments":6.7627802544299165,"label":"University of Aberdeen"},{"numberOfDocuments":20.745870497377897,"label":"University of Edinburgh"},{"numberOfDocuments":1.159964688971506,"label":"University of the West of Scotland"},{"numberOfDocuments":15.52397120331676,"label":"University of Glasgow"},{"numberOfDocuments":4.0385213417772725,"label":"University of St Andrews"},{"numberOfDocuments":6.6537459975050455,"label":"University of Strathclyde"}],"conceptId":11},{"topicData":[{"numberOfDocuments":1.1283981551812872,"label":"Robert Gordon University"},{"numberOfDocuments":4.563436288932998,"label":"Heriot-Watt University"},{"numberOfDocuments":3.4075399971042653,"label":"Glasgow Caledonian University"},{"numberOfDocuments":2.281353546762495,"label":"Queen Margaret University"},{"numberOfDocuments":1.1999704473752104,"label":"University of the Highlands and Islands"},{"numberOfDocuments":15.396695903780378,"label":"University of Dundee"},{"numberOfDocuments":2.673532864926806,"label":"Edinburgh Napier University"},{"numberOfDocuments":11.875396732709044,"label":"University of Stirling"},{"numberOfDocuments":0.6469814709422916,"label":"Abertay University"},{"numberOfDocuments":12.624914373382957,"label":"University of Aberdeen"},{"numberOfDocuments":47.80237226909816,"label":"University of Edinburgh"},{"numberOfDocuments":1.9161636293137494,"label":"University of the West of Scotland"},{"numberOfDocuments":62.40251476437359,"label":"University of Glasgow"},{"numberOfDocuments":12.98735191711038,"label":"University of St Andrews"},{"numberOfDocuments":13.879867783367548,"label":"University of Strathclyde"}],"conceptId":12},{"topicData":[{"numberOfDocuments":0.8401531347248365,"label":"Robert Gordon University"},{"numberOfDocuments":0.44920491674846097,"label":"Heriot-Watt University"},{"numberOfDocuments":0.49473000082839863,"label":"Glasgow Caledonian University"},{"numberOfDocuments":0.4259332663135738,"label":"Queen Margaret University"},{"numberOfDocuments":0.741680395878368,"label":"University of the Highlands and Islands"},{"numberOfDocuments":9.297071045577171,"label":"University of Dundee"},{"numberOfDocuments":0.5435078557614698,"label":"Edinburgh Napier University"},{"numberOfDocuments":2.8850125899876464,"label":"University of Stirling"},{"numberOfDocuments":0.3173693196067641,"label":"Abertay University"},{"numberOfDocuments":3.0815941424438953,"label":"University of Aberdeen"},{"numberOfDocuments":12.385858695762773,"label":"University of Edinburgh"},{"numberOfDocuments":0.6024328794138387,"label":"University of the West of Scotland"},{"numberOfDocuments":24.759321626640947,"label":"University of Glasgow"},{"numberOfDocuments":2.9248375808756255,"label":"University of St Andrews"},{"numberOfDocuments":2.3585587560688377,"label":"University of Strathclyde"}],"conceptId":13},{"topicData":[{"numberOfDocuments":2.2486121313364476,"label":"Robert Gordon University"},{"numberOfDocuments":3.6647382880621593,"label":"Heriot-Watt University"},{"numberOfDocuments":2.1812600961885353,"label":"Glasgow Caledonian University"},{"numberOfDocuments":4.686172828936035,"label":"Queen Margaret University"},{"numberOfDocuments":1.6882458771652955,"label":"University of the Highlands and Islands"},{"numberOfDocuments":7.283949553493587,"label":"University of Dundee"},{"numberOfDocuments":2.218748940275486,"label":"Edinburgh Napier University"},{"numberOfDocuments":17.279504900388368,"label":"University of Stirling"},{"numberOfDocuments":0.9900756863674675,"label":"Abertay University"},{"numberOfDocuments":7.592351586691201,"label":"University of Aberdeen"},{"numberOfDocuments":34.749513606668174,"label":"University of Edinburgh"},{"numberOfDocuments":2.64988370459375,"label":"University of the West of Scotland"},{"numberOfDocuments":53.562400904576954,"label":"University of Glasgow"},{"numberOfDocuments":23.30791583626524,"label":"University of St Andrews"},{"numberOfDocuments":20.40029319436822,"label":"University of Strathclyde"}],"conceptId":14}]