{"linkageTable":[{"node2":9,"distance":0.431927705419725,"node1":5},{"node2":10,"distance":0.45757004145172997,"node1":6},{"node2":12,"distance":0.469432241667465,"node1":4},{"node2":7,"distance":0.4795558053733925,"node1":15},{"node2":8,"distance":0.483635650534245,"node1":3},{"node2":14,"distance":0.48618621085601504,"node1":16},{"node2":18,"distance":0.4910572976849285,"node1":17},{"node2":11,"distance":0.49144480582819,"node1":0},{"node2":19,"distance":0.4916072978611164,"node1":2},{"node2":21,"distance":0.4933903165115837,"node1":1},{"node2":22,"distance":0.49494764674237707,"node1":20},{"node2":13,"distance":0.4969147489497568,"node1":23}],"conceptsData":[{"conceptId":0,"clusterId":0,"hexCoordinates":{"x":4.330127018922193,"y":-1.5},"labels":[{"weight":464.0,"label":"learn"},{"weight":405.0,"label":"education"},{"weight":351.0,"label":"student"},{"weight":248.0,"label":"learning"},{"weight":200.0,"label":"mathematics"},{"weight":177.0,"label":"science"},{"weight":162.0,"label":"educational"},{"weight":142.0,"label":"technology"},{"weight":116.0,"label":"higher"},{"weight":109.0,"label":"analytic"},{"weight":106.0,"label":"university"},{"weight":95.0,"label":"engineering"},{"weight":94.0,"label":"academic"},{"weight":93.0,"label":"paper"},{"weight":92.0,"label":"knowledge"},{"weight":80.0,"label":"research"},{"weight":75.0,"label":"activity"},{"weight":69.0,"label":"stem"},{"weight":59.0,"label":"study"},{"weight":56.0,"label":"teaching"},{"weight":56.0,"label":"experience"},{"weight":55.0,"label":"attitude"},{"weight":48.0,"label":"mathematical"},{"weight":48.0,"label":"discuss"},{"weight":47.0,"label":"practice"}]},{"conceptId":11,"clusterId":0,"hexCoordinates":{"x":3.4641016151377544,"y":-3.0},"labels":[{"weight":1441.0,"label":"school"},{"weight":489.0,"label":"education"},{"weight":375.0,"label":"educational"},{"weight":344.0,"label":"pupil"},{"weight":290.0,"label":"secondary"},{"weight":254.0,"label":"attainment"},{"weight":189.0,"label":"primary"},{"weight":134.0,"label":"outcome"},{"weight":131.0,"label":"subject"},{"weight":114.0,"label":"curriculum"},{"weight":113.0,"label":"qualification"},{"weight":102.0,"label":"academic"},{"weight":101.0,"label":"child"},{"weight":96.0,"label":"scotland"},{"weight":96.0,"label":"level"},{"weight":89.0,"label":"scottish"},{"weight":71.0,"label":"class"},{"weight":70.0,"label":"year"},{"weight":69.0,"label":"schooling"},{"weight":66.0,"label":"grade"},{"weight":64.0,"label":"teacher"},{"weight":49.0,"label":"choice"},{"weight":48.0,"label":"safeguarder"},{"weight":47.0,"label":"achievement"},{"weight":47.0,"label":"background"}]},{"conceptId":4,"clusterId":0,"hexCoordinates":{"x":0.0,"y":0.0},"labels":[{"weight":1105.0,"label":"training"},{"weight":945.0,"label":"medical"},{"weight":354.0,"label":"doctor"},{"weight":343.0,"label":"student"},{"weight":327.0,"label":"trainee"},{"weight":225.0,"label":"clinical"},{"weight":209.0,"label":"assessment"},{"weight":163.0,"label":"skill"},{"weight":157.0,"label":"veterinary"},{"weight":139.0,"label":"medicine"},{"weight":129.0,"label":"year"},{"weight":113.0,"label":"train"},{"weight":109.0,"label":"knowledge"},{"weight":107.0,"label":"method"},{"weight":107.0,"label":"conclusion"},{"weight":107.0,"label":"school"},{"weight":106.0,"label":"performance"},{"weight":100.0,"label":"practice"},{"weight":100.0,"label":"objective"},{"weight":99.0,"label":"undergraduate"},{"weight":99.0,"label":"score"},{"weight":98.0,"label":"experience"},{"weight":97.0,"label":"specialty"},{"weight":94.0,"label":"curriculum"},{"weight":89.0,"label":"confidence"}]},{"conceptId":-1,"clusterId":-1,"hexCoordinates":{"x":7.794228634059947,"y":1.5},"labels":[{"weight":2500,"label":"Unclassified"},{"weight":0,"label":""},{"weight":0,"label":""},{"weight":0,"label":""},{"weight":0,"label":""},{"weight":0,"label":""},{"weight":0,"label":""},{"weight":0,"label":""},{"weight":0,"label":""},{"weight":0,"label":""},{"weight":0,"label":""}]},{"conceptId":12,"clusterId":0,"hexCoordinates":{"x":1.7320508075688772,"y":0.0},"labels":[{"weight":882.0,"label":"student"},{"weight":566.0,"label":"feedback"},{"weight":296.0,"label":"learn"},{"weight":253.0,"label":"teaching"},{"weight":231.0,"label":"learning"},{"weight":140.0,"label":"simulation"},{"weight":130.0,"label":"class"},{"weight":126.0,"label":"tool"},{"weight":124.0,"label":"lecture"},{"weight":123.0,"label":"practical"},{"weight":120.0,"label":"interactive"},{"weight":120.0,"label":"classroom"},{"weight":118.0,"label":"skill"},{"weight":117.0,"label":"activity"},{"weight":114.0,"label":"improve"},{"weight":109.0,"label":"video"},{"weight":107.0,"label":"teach"},{"weight":107.0,"label":"training"},{"weight":107.0,"label":"base"},{"weight":98.0,"label":"session"},{"weight":85.0,"label":"undergraduate"},{"weight":82.0,"label":"resource"},{"weight":81.0,"label":"tutorial"},{"weight":81.0,"label":"material"},{"weight":79.0,"label":"science"}]},{"conceptId":2,"clusterId":0,"hexCoordinates":{"x":3.4641016151377544,"y":0.0},"labels":[{"weight":802.0,"label":"learning"},{"weight":750.0,"label":"learn"},{"weight":371.0,"label":"education"},{"weight":237.0,"label":"learner"},{"weight":220.0,"label":"student"},{"weight":144.0,"label":"educational"},{"weight":121.0,"label":"environment"},{"weight":118.0,"label":"online"},{"weight":98.0,"label":"higher"},{"weight":94.0,"label":"practice"},{"weight":93.0,"label":"pedagogy"},{"weight":85.0,"label":"curriculum"},{"weight":79.0,"label":"activity"},{"weight":76.0,"label":"teaching"},{"weight":69.0,"label":"open"},{"weight":68.0,"label":"educator"},{"weight":68.0,"label":"engagement"},{"weight":67.0,"label":"intercultural"},{"weight":67.0,"label":"material"},{"weight":67.0,"label":"analytic"},{"weight":67.0,"label":"process"},{"weight":63.0,"label":"lifelong"},{"weight":61.0,"label":"context"},{"weight":60.0,"label":"pedagogical"},{"weight":59.0,"label":"base"}]},{"conceptId":10,"clusterId":0,"hexCoordinates":{"x":-0.8660254037844386,"y":-1.5},"labels":[{"weight":3372.0,"label":"student"},{"weight":1506.0,"label":"university"},{"weight":804.0,"label":"education"},{"weight":618.0,"label":"study"},{"weight":487.0,"label":"higher"},{"weight":468.0,"label":"academic"},{"weight":392.0,"label":"experience"},{"weight":356.0,"label":"year"},{"weight":328.0,"label":"transition"},{"weight":291.0,"label":"school"},{"weight":275.0,"label":"graduate"},{"weight":266.0,"label":"staff"},{"weight":238.0,"label":"college"},{"weight":235.0,"label":"programme"},{"weight":231.0,"label":"support"},{"weight":228.0,"label":"undergraduate"},{"weight":212.0,"label":"institution"},{"weight":183.0,"label":"degree"},{"weight":178.0,"label":"international"},{"weight":146.0,"label":"work"},{"weight":140.0,"label":"teaching"},{"weight":136.0,"label":"learn"},{"weight":134.0,"label":"paper"},{"weight":127.0,"label":"project"},{"weight":125.0,"label":"scottish"}]},{"conceptId":9,"clusterId":0,"hexCoordinates":{"x":0.8660254037844386,"y":-4.5},"labels":[{"weight":827.0,"label":"education"},{"weight":314.0,"label":"higher"},{"weight":302.0,"label":"academic"},{"weight":262.0,"label":"teaching"},{"weight":254.0,"label":"university"},{"weight":170.0,"label":"institution"},{"weight":161.0,"label":"practice"},{"weight":143.0,"label":"educational"},{"weight":131.0,"label":"student"},{"weight":119.0,"label":"learning"},{"weight":112.0,"label":"professional"},{"weight":108.0,"label":"development"},{"weight":95.0,"label":"research"},{"weight":95.0,"label":"learn"},{"weight":79.0,"label":"paper"},{"weight":77.0,"label":"curriculum"},{"weight":77.0,"label":"discipline"},{"weight":77.0,"label":"school"},{"weight":72.0,"label":"experience"},{"weight":61.0,"label":"framework"},{"weight":59.0,"label":"approach"},{"weight":56.0,"label":"skill"},{"weight":55.0,"label":"staff"},{"weight":54.0,"label":"career"},{"weight":48.0,"label":"lead"}]},{"conceptId":1,"clusterId":0,"hexCoordinates":{"x":0.8660254037844386,"y":1.5},"labels":[{"weight":851.0,"label":"student"},{"weight":806.0,"label":"nursing"},{"weight":396.0,"label":"nurse"},{"weight":370.0,"label":"practice"},{"weight":215.0,"label":"education"},{"weight":206.0,"label":"clinical"},{"weight":178.0,"label":"experience"},{"weight":171.0,"label":"programme"},{"weight":155.0,"label":"pre"},{"weight":151.0,"label":"mentor"},{"weight":150.0,"label":"registration"},{"weight":146.0,"label":"learn"},{"weight":143.0,"label":"care"},{"weight":132.0,"label":"placement"},{"weight":127.0,"label":"mentoring"},{"weight":101.0,"label":"ipe"},{"weight":101.0,"label":"learning"},{"weight":94.0,"label":"undergraduate"},{"weight":92.0,"label":"year"},{"weight":88.0,"label":"practise"},{"weight":80.0,"label":"university"},{"weight":76.0,"label":"focus"},{"weight":65.0,"label":"group"},{"weight":64.0,"label":"scotland"},{"weight":63.0,"label":"professional"}]},{"conceptId":3,"clusterId":0,"hexCoordinates":{"x":1.7320508075688772,"y":-3.0},"labels":[{"weight":1394.0,"label":"scotland"},{"weight":923.0,"label":"scottish"},{"weight":831.0,"label":"report"},{"weight":782.0,"label":"project"},{"weight":773.0,"label":"work"},{"weight":699.0,"label":"local"},{"weight":596.0,"label":"research"},{"weight":479.0,"label":"government"},{"weight":424.0,"label":"support"},{"weight":420.0,"label":"service"},{"weight":389.0,"label":"national"},{"weight":388.0,"label":"programme"},{"weight":386.0,"label":"university"},{"weight":379.0,"label":"provide"},{"weight":349.0,"label":"authority"},{"weight":317.0,"label":"part"},{"weight":312.0,"label":"fund"},{"weight":307.0,"label":"key"},{"weight":296.0,"label":"community"},{"weight":282.0,"label":"council"},{"weight":272.0,"label":"centre"},{"weight":258.0,"label":"commission"},{"weight":255.0,"label":"year"},{"weight":238.0,"label":"plan"},{"weight":236.0,"label":"finding"}]},{"conceptId":8,"clusterId":0,"hexCoordinates":{"x":2.598076211353316,"y":-1.5},"labels":[{"weight":1993.0,"label":"teacher"},{"weight":1552.0,"label":"education"},{"weight":1076.0,"label":"school"},{"weight":516.0,"label":"curriculum"},{"weight":416.0,"label":"learning"},{"weight":397.0,"label":"professional"},{"weight":385.0,"label":"teaching"},{"weight":335.0,"label":"educational"},{"weight":329.0,"label":"learn"},{"weight":328.0,"label":"practice"},{"weight":285.0,"label":"development"},{"weight":276.0,"label":"classroom"},{"weight":257.0,"label":"pupil"},{"weight":235.0,"label":"scotland"},{"weight":230.0,"label":"policy"},{"weight":227.0,"label":"student"},{"weight":212.0,"label":"primary"},{"weight":200.0,"label":"paper"},{"weight":185.0,"label":"context"},{"weight":182.0,"label":"learner"},{"weight":161.0,"label":"pedagogy"},{"weight":151.0,"label":"knowledge"},{"weight":142.0,"label":"scottish"},{"weight":137.0,"label":"agency"},{"weight":133.0,"label":"pedagogical"}]},{"conceptId":6,"clusterId":0,"hexCoordinates":{"x":0.0,"y":-3.0},"labels":[{"weight":1044.0,"label":"skill"},{"weight":294.0,"label":"graduate"},{"weight":221.0,"label":"education"},{"weight":214.0,"label":"career"},{"weight":181.0,"label":"engineering"},{"weight":135.0,"label":"training"},{"weight":133.0,"label":"development"},{"weight":132.0,"label":"industry"},{"weight":115.0,"label":"employability"},{"weight":111.0,"label":"placement"},{"weight":100.0,"label":"work"},{"weight":89.0,"label":"develop"},{"weight":85.0,"label":"employment"},{"weight":82.0,"label":"technical"},{"weight":79.0,"label":"degree"},{"weight":78.0,"label":"programme"},{"weight":76.0,"label":"employer"},{"weight":74.0,"label":"experience"},{"weight":73.0,"label":"professional"},{"weight":72.0,"label":"student"},{"weight":69.0,"label":"opportunity"},{"weight":68.0,"label":"vocational"},{"weight":59.0,"label":"learn"},{"weight":58.0,"label":"workplace"},{"weight":58.0,"label":"curriculum"}]},{"conceptId":7,"clusterId":0,"hexCoordinates":{"x":0.8660254037844386,"y":-1.5},"labels":[{"weight":2251.0,"label":"student"},{"weight":551.0,"label":"learn"},{"weight":508.0,"label":"learning"},{"weight":445.0,"label":"assessment"},{"weight":417.0,"label":"feedback"},{"weight":286.0,"label":"skill"},{"weight":276.0,"label":"experience"},{"weight":252.0,"label":"teaching"},{"weight":234.0,"label":"education"},{"weight":204.0,"label":"academic"},{"weight":199.0,"label":"teacher"},{"weight":198.0,"label":"university"},{"weight":196.0,"label":"programme"},{"weight":185.0,"label":"develop"},{"weight":183.0,"label":"work"},{"weight":182.0,"label":"study"},{"weight":176.0,"label":"peer"},{"weight":168.0,"label":"module"},{"weight":152.0,"label":"write"},{"weight":148.0,"label":"year"},{"weight":148.0,"label":"group"},{"weight":147.0,"label":"online"},{"weight":146.0,"label":"practice"},{"weight":144.0,"label":"focus"},{"weight":143.0,"label":"teach"}]},{"conceptId":5,"clusterId":0,"hexCoordinates":{"x":2.598076211353316,"y":-4.5},"labels":[{"weight":165.0,"label":"switching"},{"weight":163.0,"label":"switch"},{"weight":114.0,"label":"table"},{"weight":84.0,"label":"nac"},{"weight":37.0,"label":"overlay"},{"weight":33.0,"label":"lookup"},{"weight":29.0,"label":"tba"},{"weight":26.0,"label":"route"},{"weight":23.0,"label":"nitinol"},{"weight":22.0,"label":"nomad"},{"weight":21.0,"label":"qpaa"},{"weight":19.0,"label":"pointer"},{"weight":19.0,"label":"engineering"},{"weight":17.0,"label":"churn"},{"weight":17.0,"label":"tef"},{"weight":17.0,"label":"dht"},{"weight":17.0,"label":"choose"},{"weight":17.0,"label":"level"},{"weight":16.0,"label":"fta"},{"weight":16.0,"label":"apprenticeship"},{"weight":16.0,"label":"hold"},{"weight":16.0,"label":"signal"},{"weight":15.0,"label":"pec"},{"weight":15.0,"label":"introduce"},{"weight":14.0,"label":"hash"}]}]}