{"linkageTable":[{"node2":8,"distance":0.43191210189528,"node1":7},{"node2":15,"distance":0.460295663384645,"node1":14},{"node2":17,"distance":0.4658841693750375,"node1":11},{"node2":9,"distance":0.467223450922555,"node1":16},{"node2":5,"distance":0.482160138094225,"node1":3},{"node2":10,"distance":0.482290112193255,"node1":6},{"node2":18,"distance":0.4883220736656416,"node1":19},{"node2":12,"distance":0.4895688670405958,"node1":22},{"node2":23,"distance":0.49071781472545783,"node1":20},{"node2":21,"distance":0.49522525751401003,"node1":2},{"node2":24,"distance":0.49629811740610613,"node1":1},{"node2":13,"distance":0.4966716864608765,"node1":26},{"node2":27,"distance":0.49736118888815817,"node1":0},{"node2":25,"distance":0.4979617019116635,"node1":28},{"node2":4,"distance":0.49995468013958533,"node1":29}],"conceptsData":[{"conceptId":8,"clusterId":0,"hexCoordinates":{"x":3.4641016151377544,"y":-3.0},"labels":[{"weight":543.0,"label":"estimate"},{"weight":452.0,"label":"population"},{"weight":331.0,"label":"density"},{"weight":268.0,"label":"survey"},{"weight":252.0,"label":"whale"},{"weight":226.0,"label":"abundance"},{"weight":166.0,"label":"dolphin"},{"weight":159.0,"label":"recapture"},{"weight":148.0,"label":"species"},{"weight":143.0,"label":"data"},{"weight":138.0,"label":"individual"},{"weight":125.0,"label":"detection"},{"weight":123.0,"label":"sampling"},{"weight":120.0,"label":"capture"},{"weight":118.0,"label":"animal"},{"weight":104.0,"label":"transect"},{"weight":98.0,"label":"distance"},{"weight":98.0,"label":"study"},{"weight":93.0,"label":"size"},{"weight":89.0,"label":"mark"},{"weight":87.0,"label":"trap"},{"weight":84.0,"label":"count"},{"weight":83.0,"label":"method"},{"weight":83.0,"label":"model"},{"weight":79.0,"label":"camera"}]},{"conceptId":0,"clusterId":0,"hexCoordinates":{"x":2.598076211353316,"y":-4.5},"labels":[{"weight":175.0,"label":"brazil"},{"weight":101.0,"label":"brazilian"},{"weight":89.0,"label":"person"},{"weight":72.0,"label":"stereotype"},{"weight":43.0,"label":"pine"},{"weight":37.0,"label":"marten"},{"weight":35.0,"label":"rio"},{"weight":28.0,"label":"forest"},{"weight":28.0,"label":"number"},{"weight":27.0,"label":"hair"},{"weight":27.0,"label":"sus"},{"weight":18.0,"label":"scat"},{"weight":17.0,"label":"nph"},{"weight":17.0,"label":"rating"},{"weight":16.0,"label":"canga"},{"weight":16.0,"label":"mina"},{"weight":15.0,"label":"portuguese"},{"weight":15.0,"label":"sampling"},{"weight":15.0,"label":"system"},{"weight":14.0,"label":"disinvestment"},{"weight":14.0,"label":"pass"},{"weight":14.0,"label":"feature"},{"weight":13.0,"label":"favela"},{"weight":13.0,"label":"rupestre"},{"weight":13.0,"label":"marte"}]},{"conceptId":4,"clusterId":0,"hexCoordinates":{"x":-1.7320508075688772,"y":0.0},"labels":[{"weight":435.0,"label":"filter"},{"weight":52.0,"label":"filtration"},{"weight":50.0,"label":"residual"},{"weight":35.0,"label":"queen"},{"weight":32.0,"label":"bee"},{"weight":30.0,"label":"wild"},{"weight":27.0,"label":"csd"},{"weight":24.0,"label":"input"},{"weight":23.0,"label":"pesticide"},{"weight":22.0,"label":"effect"},{"weight":22.0,"label":"population"},{"weight":19.0,"label":"aac"},{"weight":18.0,"label":"amblyopia"},{"weight":17.0,"label":"constriction"},{"weight":17.0,"label":"commercial"},{"weight":16.0,"label":"habitat"},{"weight":16.0,"label":"availability"},{"weight":14.0,"label":"rover"},{"weight":14.0,"label":"farmer"},{"weight":14.0,"label":"negative"},{"weight":14.0,"label":"distortion"},{"weight":13.0,"label":"filtered"},{"weight":13.0,"label":"pollination"},{"weight":13.0,"label":"make"},{"weight":12.0,"label":"trpa"}]},{"conceptId":1,"clusterId":0,"hexCoordinates":{"x":2.598076211353316,"y":1.5},"labels":[{"weight":209.0,"label":"military"},{"weight":145.0,"label":"hunting"},{"weight":54.0,"label":"illegal"},{"weight":53.0,"label":"goose"},{"weight":41.0,"label":"force"},{"weight":39.0,"label":"coup"},{"weight":38.0,"label":"army"},{"weight":35.0,"label":"hunter"},{"weight":32.0,"label":"bushmeat"},{"weight":32.0,"label":"soldier"},{"weight":28.0,"label":"hunt"},{"weight":28.0,"label":"evidence"},{"weight":27.0,"label":"civilian"},{"weight":26.0,"label":"armed"},{"weight":26.0,"label":"activity"},{"weight":25.0,"label":"conservation"},{"weight":24.0,"label":"lwfg"},{"weight":24.0,"label":"licence"},{"weight":24.0,"label":"personnel"},{"weight":24.0,"label":"focus"},{"weight":23.0,"label":"expedition"},{"weight":23.0,"label":"poisoning"},{"weight":23.0,"label":"harvest"},{"weight":20.0,"label":"ivory"},{"weight":19.0,"label":"face"}]},{"conceptId":13,"clusterId":0,"hexCoordinates":{"x":5.196152422706632,"y":0.0},"labels":[{"weight":179.0,"label":"predator"},{"weight":127.0,"label":"prey"},{"weight":88.0,"label":"species"},{"weight":67.0,"label":"predation"},{"weight":36.0,"label":"response"},{"weight":34.0,"label":"emb"},{"weight":33.0,"label":"sparrowhawk"},{"weight":32.0,"label":"wolf"},{"weight":24.0,"label":"population"},{"weight":21.0,"label":"effect"},{"weight":20.0,"label":"change"},{"weight":18.0,"label":"goshawk"},{"weight":18.0,"label":"caribou"},{"weight":18.0,"label":"negative"},{"weight":17.0,"label":"sparrow"},{"weight":17.0,"label":"tit"},{"weight":17.0,"label":"house"},{"weight":17.0,"label":"station"},{"weight":17.0,"label":"evidence"},{"weight":16.0,"label":"owl"},{"weight":15.0,"label":"mesopredator"},{"weight":15.0,"label":"gown"},{"weight":15.0,"label":"predatory"},{"weight":15.0,"label":"recovery"},{"weight":15.0,"label":"selective"}]},{"conceptId":5,"clusterId":0,"hexCoordinates":{"x":4.330127018922193,"y":-1.5},"labels":[{"weight":858.0,"label":"species"},{"weight":353.0,"label":"impact"},{"weight":301.0,"label":"native"},{"weight":279.0,"label":"invasive"},{"weight":214.0,"label":"biodiversity"},{"weight":154.0,"label":"conservation"},{"weight":132.0,"label":"habitat"},{"weight":129.0,"label":"marine"},{"weight":124.0,"label":"alien"},{"weight":120.0,"label":"invasion"},{"weight":105.0,"label":"ecological"},{"weight":101.0,"label":"loss"},{"weight":101.0,"label":"management"},{"weight":100.0,"label":"threat"},{"weight":99.0,"label":"extinction"},{"weight":98.0,"label":"population"},{"weight":93.0,"label":"invader"},{"weight":89.0,"label":"site"},{"weight":81.0,"label":"terrestrial"},{"weight":80.0,"label":"potential"},{"weight":74.0,"label":"functional"},{"weight":73.0,"label":"diversity"},{"weight":73.0,"label":"plant"},{"weight":71.0,"label":"metric"},{"weight":67.0,"label":"range"}]},{"conceptId":14,"clusterId":0,"hexCoordinates":{"x":0.0,"y":0.0},"labels":[{"weight":331.0,"label":"bat"},{"weight":300.0,"label":"patch"},{"weight":67.0,"label":"edge"},{"weight":65.0,"label":"plantation"},{"weight":58.0,"label":"landscape"},{"weight":58.0,"label":"activity"},{"weight":49.0,"label":"swt"},{"weight":43.0,"label":"scale"},{"weight":37.0,"label":"camouflage"},{"weight":35.0,"label":"enhance"},{"weight":34.0,"label":"moth"},{"weight":31.0,"label":"roost"},{"weight":30.0,"label":"local"},{"weight":29.0,"label":"target"},{"weight":29.0,"label":"area"},{"weight":28.0,"label":"large"},{"weight":26.0,"label":"enhancement"},{"weight":24.0,"label":"pipistrellus"},{"weight":24.0,"label":"pygmaeus"},{"weight":24.0,"label":"disruptive"},{"weight":23.0,"label":"centric"},{"weight":23.0,"label":"characteristic"},{"weight":23.0,"label":"multiple"},{"weight":22.0,"label":"forage"},{"weight":22.0,"label":"sonar"}]},{"conceptId":15,"clusterId":0,"hexCoordinates":{"x":1.7320508075688772,"y":0.0},"labels":[{"weight":757.0,"label":"conservation"},{"weight":650.0,"label":"forest"},{"weight":565.0,"label":"habitat"},{"weight":506.0,"label":"species"},{"weight":498.0,"label":"area"},{"weight":364.0,"label":"biodiversity"},{"weight":363.0,"label":"landscape"},{"weight":271.0,"label":"management"},{"weight":256.0,"label":"elephant"},{"weight":256.0,"label":"site"},{"weight":193.0,"label":"woodland"},{"weight":163.0,"label":"natural"},{"weight":157.0,"label":"human"},{"weight":154.0,"label":"land"},{"weight":144.0,"label":"population"},{"weight":143.0,"label":"wildlife"},{"weight":142.0,"label":"scale"},{"weight":138.0,"label":"park"},{"weight":129.0,"label":"cover"},{"weight":126.0,"label":"abundance"},{"weight":123.0,"label":"national"},{"weight":121.0,"label":"protected"},{"weight":119.0,"label":"ecosystem"},{"weight":115.0,"label":"ecological"},{"weight":115.0,"label":"loss"}]},{"conceptId":9,"clusterId":0,"hexCoordinates":{"x":1.7320508075688772,"y":-3.0},"labels":[{"weight":311.0,"label":"forage"},{"weight":156.0,"label":"bird"},{"weight":124.0,"label":"breed"},{"weight":98.0,"label":"colony"},{"weight":89.0,"label":"individual"},{"weight":86.0,"label":"feather"},{"weight":81.0,"label":"breeding"},{"weight":75.0,"label":"behaviour"},{"weight":74.0,"label":"seabird"},{"weight":66.0,"label":"prey"},{"weight":58.0,"label":"stage"},{"weight":52.0,"label":"area"},{"weight":50.0,"label":"molt"},{"weight":45.0,"label":"diet"},{"weight":44.0,"label":"island"},{"weight":43.0,"label":"dive"},{"weight":43.0,"label":"feed"},{"weight":42.0,"label":"wet"},{"weight":40.0,"label":"bill"},{"weight":38.0,"label":"chick"},{"weight":38.0,"label":"feeding"},{"weight":37.0,"label":"animal"},{"weight":34.0,"label":"study"},{"weight":33.0,"label":"gannet"},{"weight":32.0,"label":"tern"}]},{"conceptId":11,"clusterId":0,"hexCoordinates":{"x":0.8660254037844386,"y":-1.5},"labels":[{"weight":1881.0,"label":"species"},{"weight":1102.0,"label":"population"},{"weight":450.0,"label":"range"},{"weight":365.0,"label":"distribution"},{"weight":363.0,"label":"habitat"},{"weight":287.0,"label":"ecological"},{"weight":225.0,"label":"predict"},{"weight":194.0,"label":"environmental"},{"weight":182.0,"label":"density"},{"weight":181.0,"label":"niche"},{"weight":174.0,"label":"dispersal"},{"weight":163.0,"label":"abundance"},{"weight":161.0,"label":"ecology"},{"weight":144.0,"label":"environment"},{"weight":144.0,"label":"suggest"},{"weight":143.0,"label":"dynamics"},{"weight":135.0,"label":"understand"},{"weight":132.0,"label":"resource"},{"weight":132.0,"label":"response"},{"weight":131.0,"label":"native"},{"weight":131.0,"label":"individual"},{"weight":125.0,"label":"conservation"},{"weight":123.0,"label":"spatial"},{"weight":122.0,"label":"prey"},{"weight":122.0,"label":"size"}]},{"conceptId":3,"clusterId":0,"hexCoordinates":{"x":3.4641016151377544,"y":0.0},"labels":[{"weight":1151.0,"label":"ecosystem"},{"weight":467.0,"label":"environmental"},{"weight":466.0,"label":"ecological"},{"weight":336.0,"label":"change"},{"weight":327.0,"label":"diversity"},{"weight":275.0,"label":"function"},{"weight":262.0,"label":"service"},{"weight":231.0,"label":"community"},{"weight":227.0,"label":"environment"},{"weight":223.0,"label":"human"},{"weight":222.0,"label":"process"},{"weight":221.0,"label":"biodiversity"},{"weight":177.0,"label":"disturbance"},{"weight":165.0,"label":"scale"},{"weight":158.0,"label":"ecology"},{"weight":140.0,"label":"impact"},{"weight":129.0,"label":"interaction"},{"weight":126.0,"label":"resilience"},{"weight":124.0,"label":"biological"},{"weight":123.0,"label":"functional"},{"weight":118.0,"label":"management"},{"weight":117.0,"label":"effect"},{"weight":112.0,"label":"response"},{"weight":109.0,"label":"understanding"},{"weight":106.0,"label":"natural"}]},{"conceptId":-1,"clusterId":-1,"hexCoordinates":{"x":8.660254037844386,"y":1.5},"labels":[{"weight":2500,"label":"Unclassified"},{"weight":0,"label":""},{"weight":0,"label":""},{"weight":0,"label":""},{"weight":0,"label":""},{"weight":0,"label":""},{"weight":0,"label":""},{"weight":0,"label":""},{"weight":0,"label":""},{"weight":0,"label":""},{"weight":0,"label":""}]},{"conceptId":12,"clusterId":0,"hexCoordinates":{"x":0.0,"y":-3.0},"labels":[{"weight":1700.0,"label":"region"},{"weight":1248.0,"label":"area"},{"weight":695.0,"label":"map"},{"weight":639.0,"label":"location"},{"weight":577.0,"label":"spatial"},{"weight":568.0,"label":"distribution"},{"weight":565.0,"label":"regional"},{"weight":367.0,"label":"local"},{"weight":331.0,"label":"pattern"},{"weight":283.0,"label":"variation"},{"weight":256.0,"label":"large"},{"weight":244.0,"label":"geographical"},{"weight":242.0,"label":"show"},{"weight":238.0,"label":"scale"},{"weight":213.0,"label":"high"},{"weight":191.0,"label":"distance"},{"weight":177.0,"label":"data"},{"weight":169.0,"label":"find"},{"weight":155.0,"label":"mapping"},{"weight":153.0,"label":"site"},{"weight":149.0,"label":"study"},{"weight":146.0,"label":"geographic"},{"weight":141.0,"label":"associate"},{"weight":138.0,"label":"analysis"},{"weight":131.0,"label":"located"}]},{"conceptId":2,"clusterId":0,"hexCoordinates":{"x":-0.8660254037844386,"y":-1.5},"labels":[{"weight":53.0,"label":"guppy"},{"weight":50.0,"label":"bsla"},{"weight":47.0,"label":"pollinator"},{"weight":40.0,"label":"subtilis"},{"weight":40.0,"label":"landmark"},{"weight":37.0,"label":"flower"},{"weight":35.0,"label":"biofilm"},{"weight":32.0,"label":"hummingbird"},{"weight":30.0,"label":"gyrodactylus"},{"weight":30.0,"label":"fish"},{"weight":29.0,"label":"species"},{"weight":26.0,"label":"pollination"},{"weight":26.0,"label":"bacillus"},{"weight":26.0,"label":"test"},{"weight":22.0,"label":"bird"},{"weight":21.0,"label":"oyster"},{"weight":21.0,"label":"season"},{"weight":21.0,"label":"wild"},{"weight":20.0,"label":"tasa"},{"weight":20.0,"label":"insect"},{"weight":20.0,"label":"cue"},{"weight":19.0,"label":"crop"},{"weight":18.0,"label":"reticulata"},{"weight":18.0,"label":"poecilia"},{"weight":18.0,"label":"matrix"}]},{"conceptId":7,"clusterId":0,"hexCoordinates":{"x":2.598076211353316,"y":-1.5},"labels":[{"weight":491.0,"label":"sea"},{"weight":428.0,"label":"area"},{"weight":350.0,"label":"marine"},{"weight":343.0,"label":"habitat"},{"weight":299.0,"label":"species"},{"weight":296.0,"label":"water"},{"weight":265.0,"label":"site"},{"weight":259.0,"label":"study"},{"weight":255.0,"label":"movement"},{"weight":254.0,"label":"data"},{"weight":246.0,"label":"distribution"},{"weight":215.0,"label":"tag"},{"weight":197.0,"label":"migration"},{"weight":196.0,"label":"ocean"},{"weight":190.0,"label":"individual"},{"weight":186.0,"label":"year"},{"weight":186.0,"label":"population"},{"weight":183.0,"label":"deep"},{"weight":168.0,"label":"atlantic"},{"weight":160.0,"label":"north"},{"weight":153.0,"label":"migratory"},{"weight":149.0,"label":"high"},{"weight":144.0,"label":"animal"},{"weight":143.0,"label":"pattern"},{"weight":137.0,"label":"spatial"}]},{"conceptId":10,"clusterId":0,"hexCoordinates":{"x":-2.598076211353316,"y":-1.5},"labels":[{"weight":190.0,"label":"pollinator"},{"weight":188.0,"label":"flower"},{"weight":167.0,"label":"bee"},{"weight":166.0,"label":"pollen"},{"weight":148.0,"label":"plant"},{"weight":108.0,"label":"pollination"},{"weight":87.0,"label":"floral"},{"weight":76.0,"label":"ant"},{"weight":69.0,"label":"nectar"},{"weight":69.0,"label":"visit"},{"weight":68.0,"label":"pollinate"},{"weight":63.0,"label":"buzz"},{"weight":63.0,"label":"species"},{"weight":52.0,"label":"seed"},{"weight":50.0,"label":"visitor"},{"weight":46.0,"label":"zeolite"},{"weight":42.0,"label":"visitation"},{"weight":41.0,"label":"frequency"},{"weight":37.0,"label":"insect"},{"weight":37.0,"label":"production"},{"weight":36.0,"label":"dwv"},{"weight":36.0,"label":"produce"},{"weight":34.0,"label":"anther"},{"weight":34.0,"label":"varroa"},{"weight":34.0,"label":"ipc"}]},{"conceptId":6,"clusterId":0,"hexCoordinates":{"x":-1.7320508075688772,"y":-3.0},"labels":[{"weight":147.0,"label":"insect"},{"weight":128.0,"label":"colony"},{"weight":113.0,"label":"bee"},{"weight":80.0,"label":"neonicotinoid"},{"weight":77.0,"label":"bumblebee"},{"weight":69.0,"label":"gland"},{"weight":58.0,"label":"eda"},{"weight":50.0,"label":"ear"},{"weight":49.0,"label":"imidacloprid"},{"weight":48.0,"label":"edar"},{"weight":45.0,"label":"wnk"},{"weight":40.0,"label":"wild"},{"weight":36.0,"label":"cul"},{"weight":36.0,"label":"pesticide"},{"weight":33.0,"label":"exposure"},{"weight":31.0,"label":"chc"},{"weight":31.0,"label":"otitis"},{"weight":31.0,"label":"crop"},{"weight":30.0,"label":"spak"},{"weight":30.0,"label":"honeybee"},{"weight":29.0,"label":"middle"},{"weight":28.0,"label":"queen"},{"weight":25.0,"label":"insecticide"},{"weight":25.0,"label":"receptor"},{"weight":23.0,"label":"honey"}]}]}