{"linkageTable":[{"node2":8,"distance":0.468170597150965,"node1":3},{"node2":5,"distance":0.46975734127339,"node1":4},{"node2":12,"distance":0.47893148252074247,"node1":0},{"node2":7,"distance":0.480046433942095,"node1":6},{"node2":9,"distance":0.4840028293088675,"node1":13},{"node2":11,"distance":0.4889065252084617,"node1":14},{"node2":10,"distance":0.49079183326230164,"node1":16},{"node2":15,"distance":0.4915679810550125,"node1":17},{"node2":18,"distance":0.4937690533311613,"node1":2},{"node2":20,"distance":0.49676925505789676,"node1":19},{"node2":1,"distance":0.49903190685292587,"node1":21}],"conceptsData":[{"conceptId":3,"clusterId":0,"hexCoordinates":{"x":0.0,"y":0.0},"labels":[{"weight":605.0,"label":"failure"},{"weight":587.0,"label":"maintenance"},{"weight":273.0,"label":"system"},{"weight":171.0,"label":"reliability"},{"weight":168.0,"label":"degradation"},{"weight":143.0,"label":"condition"},{"weight":117.0,"label":"asset"},{"weight":115.0,"label":"cost"},{"weight":108.0,"label":"paper"},{"weight":103.0,"label":"operation"},{"weight":98.0,"label":"prognostic"},{"weight":93.0,"label":"repair"},{"weight":92.0,"label":"monitoring"},{"weight":76.0,"label":"analysis"},{"weight":75.0,"label":"ais"},{"weight":68.0,"label":"rate"},{"weight":66.0,"label":"equipment"},{"weight":63.0,"label":"power"},{"weight":61.0,"label":"mode"},{"weight":59.0,"label":"wedding"},{"weight":59.0,"label":"fault"},{"weight":59.0,"label":"propose"},{"weight":59.0,"label":"component"},{"weight":58.0,"label":"life"},{"weight":57.0,"label":"subsystem"}]},{"conceptId":-1,"clusterId":-1,"hexCoordinates":{"x":6.928203230275509,"y":3.0},"labels":[{"weight":2500,"label":"Unclassified"},{"weight":0,"label":""},{"weight":0,"label":""},{"weight":0,"label":""},{"weight":0,"label":""},{"weight":0,"label":""},{"weight":0,"label":""},{"weight":0,"label":""},{"weight":0,"label":""},{"weight":0,"label":""},{"weight":0,"label":""}]},{"conceptId":8,"clusterId":0,"hexCoordinates":{"x":1.7320508075688772,"y":0.0},"labels":[{"weight":1362.0,"label":"wind"},{"weight":740.0,"label":"offshore"},{"weight":508.0,"label":"farm"},{"weight":466.0,"label":"turbine"},{"weight":265.0,"label":"energy"},{"weight":227.0,"label":"cost"},{"weight":165.0,"label":"power"},{"weight":163.0,"label":"installation"},{"weight":145.0,"label":"operation"},{"weight":122.0,"label":"maintenance"},{"weight":112.0,"label":"onshore"},{"weight":110.0,"label":"paper"},{"weight":101.0,"label":"vessel"},{"weight":88.0,"label":"availability"},{"weight":87.0,"label":"site"},{"weight":82.0,"label":"operational"},{"weight":78.0,"label":"impact"},{"weight":75.0,"label":"generation"},{"weight":70.0,"label":"present"},{"weight":69.0,"label":"condition"},{"weight":68.0,"label":"support"},{"weight":67.0,"label":"project"},{"weight":65.0,"label":"capacity"},{"weight":64.0,"label":"increase"},{"weight":58.0,"label":"industry"}]},{"conceptId":2,"clusterId":0,"hexCoordinates":{"x":3.4641016151377544,"y":-3.0},"labels":[{"weight":471.0,"label":"transport"},{"weight":397.0,"label":"road"},{"weight":382.0,"label":"vehicle"},{"weight":329.0,"label":"traffic"},{"weight":304.0,"label":"drive"},{"weight":301.0,"label":"car"},{"weight":286.0,"label":"driver"},{"weight":222.0,"label":"time"},{"weight":189.0,"label":"bus"},{"weight":152.0,"label":"route"},{"weight":132.0,"label":"travel"},{"weight":131.0,"label":"safety"},{"weight":111.0,"label":"paper"},{"weight":108.0,"label":"speed"},{"weight":107.0,"label":"passenger"},{"weight":106.0,"label":"network"},{"weight":99.0,"label":"transportation"},{"weight":94.0,"label":"rail"},{"weight":92.0,"label":"public"},{"weight":91.0,"label":"arrival"},{"weight":90.0,"label":"pedestrian"},{"weight":85.0,"label":"accident"},{"weight":82.0,"label":"street"},{"weight":80.0,"label":"behaviour"},{"weight":76.0,"label":"railway"}]},{"conceptId":10,"clusterId":0,"hexCoordinates":{"x":0.0,"y":-3.0},"labels":[{"weight":745.0,"label":"orbit"},{"weight":536.0,"label":"mission"},{"weight":501.0,"label":"earth"},{"weight":452.0,"label":"solar"},{"weight":357.0,"label":"space"},{"weight":329.0,"label":"spacecraft"},{"weight":315.0,"label":"sail"},{"weight":305.0,"label":"asteroid"},{"weight":281.0,"label":"satellite"},{"weight":219.0,"label":"trajectory"},{"weight":194.0,"label":"paper"},{"weight":180.0,"label":"sun"},{"weight":179.0,"label":"body"},{"weight":175.0,"label":"point"},{"weight":160.0,"label":"system"},{"weight":154.0,"label":"thrust"},{"weight":150.0,"label":"moon"},{"weight":146.0,"label":"low"},{"weight":132.0,"label":"transfer"},{"weight":124.0,"label":"mass"},{"weight":117.0,"label":"target"},{"weight":117.0,"label":"present"},{"weight":112.0,"label":"orbital"},{"weight":110.0,"label":"problem"},{"weight":105.0,"label":"small"}]},{"conceptId":9,"clusterId":0,"hexCoordinates":{"x":0.8660254037844386,"y":-4.5},"labels":[{"weight":529.0,"label":"vehicle"},{"weight":196.0,"label":"uav"},{"weight":170.0,"label":"flight"},{"weight":158.0,"label":"aircraft"},{"weight":157.0,"label":"autonomous"},{"weight":140.0,"label":"aerial"},{"weight":114.0,"label":"drone"},{"weight":112.0,"label":"unmanned"},{"weight":86.0,"label":"underwater"},{"weight":69.0,"label":"auv"},{"weight":65.0,"label":"mission"},{"weight":60.0,"label":"paper"},{"weight":58.0,"label":"small"},{"weight":57.0,"label":"air"},{"weight":48.0,"label":"platform"},{"weight":47.0,"label":"fly"},{"weight":39.0,"label":"system"},{"weight":36.0,"label":"application"},{"weight":32.0,"label":"operation"},{"weight":30.0,"label":"payload"},{"weight":30.0,"label":"range"},{"weight":29.0,"label":"cabin"},{"weight":29.0,"label":"environment"},{"weight":28.0,"label":"launch"},{"weight":27.0,"label":"fleet"}]},{"conceptId":0,"clusterId":0,"hexCoordinates":{"x":0.8660254037844386,"y":-1.5},"labels":[{"weight":1013.0,"label":"wind"},{"weight":496.0,"label":"speed"},{"weight":391.0,"label":"turbine"},{"weight":101.0,"label":"blade"},{"weight":98.0,"label":"track"},{"weight":96.0,"label":"train"},{"weight":77.0,"label":"load"},{"weight":66.0,"label":"condition"},{"weight":63.0,"label":"height"},{"weight":60.0,"label":"direction"},{"weight":55.0,"label":"pitch"},{"weight":45.0,"label":"fatigue"},{"weight":45.0,"label":"vibration"},{"weight":44.0,"label":"performance"},{"weight":44.0,"label":"scale"},{"weight":42.0,"label":"damage"},{"weight":39.0,"label":"gauge"},{"weight":39.0,"label":"velocity"},{"weight":39.0,"label":"offshore"},{"weight":39.0,"label":"result"},{"weight":38.0,"label":"model"},{"weight":37.0,"label":"tower"},{"weight":37.0,"label":"farm"},{"weight":37.0,"label":"paper"},{"weight":35.0,"label":"rain"}]},{"conceptId":1,"clusterId":0,"hexCoordinates":{"x":1.7320508075688772,"y":3.0},"labels":[{"weight":116.0,"label":"car"},{"weight":49.0,"label":"act"},{"weight":41.0,"label":"unsafe"},{"weight":38.0,"label":"explosion"},{"weight":36.0,"label":"pas"},{"weight":34.0,"label":"anchor"},{"weight":32.0,"label":"fence"},{"weight":28.0,"label":"condition"},{"weight":20.0,"label":"accident"},{"weight":20.0,"label":"catch"},{"weight":20.0,"label":"time"},{"weight":18.0,"label":"packed"},{"weight":16.0,"label":"illusion"},{"weight":16.0,"label":"park"},{"weight":15.0,"label":"wire"},{"weight":13.0,"label":"limt"},{"weight":13.0,"label":"bpf"},{"weight":13.0,"label":"ogm"},{"weight":12.0,"label":"pxr"},{"weight":12.0,"label":"explosive"},{"weight":12.0,"label":"nme"},{"weight":12.0,"label":"mesh"},{"weight":11.0,"label":"densely"},{"weight":11.0,"label":"bypass"},{"weight":11.0,"label":"event"}]},{"conceptId":6,"clusterId":0,"hexCoordinates":{"x":2.598076211353316,"y":1.5},"labels":[{"weight":867.0,"label":"ship"},{"weight":275.0,"label":"vessel"},{"weight":204.0,"label":"hull"},{"weight":140.0,"label":"condition"},{"weight":134.0,"label":"resistance"},{"weight":124.0,"label":"propeller"},{"weight":119.0,"label":"water"},{"weight":114.0,"label":"speed"},{"weight":99.0,"label":"study"},{"weight":99.0,"label":"present"},{"weight":93.0,"label":"effect"},{"weight":93.0,"label":"paper"},{"weight":92.0,"label":"stability"},{"weight":90.0,"label":"marine"},{"weight":82.0,"label":"hydrodynamic"},{"weight":80.0,"label":"result"},{"weight":79.0,"label":"design"},{"weight":72.0,"label":"operation"},{"weight":71.0,"label":"trim"},{"weight":71.0,"label":"sea"},{"weight":67.0,"label":"fuel"},{"weight":64.0,"label":"cfd"},{"weight":64.0,"label":"test"},{"weight":63.0,"label":"surface"},{"weight":62.0,"label":"performance"}]},{"conceptId":4,"clusterId":0,"hexCoordinates":{"x":1.7320508075688772,"y":-3.0},"labels":[{"weight":4072.0,"label":"control"},{"weight":518.0,"label":"controller"},{"weight":452.0,"label":"system"},{"weight":378.0,"label":"loop"},{"weight":357.0,"label":"feedback"},{"weight":303.0,"label":"time"},{"weight":263.0,"label":"delay"},{"weight":216.0,"label":"strategy"},{"weight":200.0,"label":"propose"},{"weight":194.0,"label":"design"},{"weight":149.0,"label":"disturbance"},{"weight":145.0,"label":"state"},{"weight":130.0,"label":"demonstrate"},{"weight":129.0,"label":"method"},{"weight":127.0,"label":"stability"},{"weight":123.0,"label":"paper"},{"weight":122.0,"label":"closed"},{"weight":121.0,"label":"external"},{"weight":120.0,"label":"result"},{"weight":119.0,"label":"dynamics"},{"weight":114.0,"label":"performance"},{"weight":111.0,"label":"scheme"},{"weight":110.0,"label":"gain"},{"weight":105.0,"label":"input"},{"weight":104.0,"label":"robust"}]},{"conceptId":5,"clusterId":0,"hexCoordinates":{"x":2.598076211353316,"y":-4.5},"labels":[{"weight":947.0,"label":"robot"},{"weight":504.0,"label":"robotic"},{"weight":420.0,"label":"motion"},{"weight":275.0,"label":"task"},{"weight":227.0,"label":"environment"},{"weight":219.0,"label":"trajectory"},{"weight":202.0,"label":"system"},{"weight":195.0,"label":"human"},{"weight":157.0,"label":"path"},{"weight":156.0,"label":"arm"},{"weight":142.0,"label":"object"},{"weight":142.0,"label":"present"},{"weight":133.0,"label":"paper"},{"weight":130.0,"label":"planning"},{"weight":123.0,"label":"base"},{"weight":111.0,"label":"autonomous"},{"weight":109.0,"label":"manipulation"},{"weight":109.0,"label":"space"},{"weight":105.0,"label":"movement"},{"weight":101.0,"label":"control"},{"weight":99.0,"label":"navigation"},{"weight":94.0,"label":"approach"},{"weight":94.0,"label":"real"},{"weight":91.0,"label":"constraint"},{"weight":90.0,"label":"obstacle"}]},{"conceptId":11,"clusterId":0,"hexCoordinates":{"x":2.598076211353316,"y":-1.5},"labels":[{"weight":594.0,"label":"blade"},{"weight":586.0,"label":"rotor"},{"weight":509.0,"label":"turbine"},{"weight":350.0,"label":"wind"},{"weight":239.0,"label":"design"},{"weight":236.0,"label":"helicopter"},{"weight":225.0,"label":"performance"},{"weight":223.0,"label":"speed"},{"weight":217.0,"label":"load"},{"weight":199.0,"label":"result"},{"weight":181.0,"label":"model"},{"weight":179.0,"label":"aerodynamic"},{"weight":161.0,"label":"flight"},{"weight":157.0,"label":"cfd"},{"weight":149.0,"label":"wing"},{"weight":144.0,"label":"paper"},{"weight":133.0,"label":"power"},{"weight":127.0,"label":"pitch"},{"weight":125.0,"label":"tip"},{"weight":120.0,"label":"effect"},{"weight":118.0,"label":"thrust"},{"weight":116.0,"label":"flap"},{"weight":112.0,"label":"present"},{"weight":109.0,"label":"torque"},{"weight":105.0,"label":"flow"}]},{"conceptId":7,"clusterId":0,"hexCoordinates":{"x":0.8660254037844386,"y":1.5},"labels":[{"weight":1073.0,"label":"risk"},{"weight":425.0,"label":"monitoring"},{"weight":390.0,"label":"system"},{"weight":304.0,"label":"assessment"},{"weight":268.0,"label":"safety"},{"weight":206.0,"label":"failure"},{"weight":180.0,"label":"analysis"},{"weight":178.0,"label":"monitor"},{"weight":166.0,"label":"hazard"},{"weight":162.0,"label":"management"},{"weight":132.0,"label":"ship"},{"weight":132.0,"label":"methodology"},{"weight":132.0,"label":"paper"},{"weight":130.0,"label":"structural"},{"weight":129.0,"label":"health"},{"weight":127.0,"label":"data"},{"weight":121.0,"label":"inspection"},{"weight":121.0,"label":"case"},{"weight":117.0,"label":"decision"},{"weight":114.0,"label":"structure"},{"weight":112.0,"label":"reliability"},{"weight":107.0,"label":"bridge"},{"weight":106.0,"label":"base"},{"weight":102.0,"label":"accident"},{"weight":99.0,"label":"damage"}]}]}