[{"topicData":[{"numberOfDocuments":0.0,"label":"Heriot-Watt University"},{"numberOfDocuments":0.0,"label":"Robert Gordon University"},{"numberOfDocuments":0.0,"label":"Glasgow Caledonian University"},{"numberOfDocuments":0.0,"label":"Queen Margaret University"},{"numberOfDocuments":0.0,"label":"University of Dundee"},{"numberOfDocuments":0.0,"label":"University of the Highlands and Islands"},{"numberOfDocuments":0.0,"label":"Edinburgh Napier University"},{"numberOfDocuments":0.0,"label":"University of Stirling"},{"numberOfDocuments":0.0,"label":"Abertay University"},{"numberOfDocuments":0.0,"label":"University of Aberdeen"},{"numberOfDocuments":0.0,"label":"University of Edinburgh"},{"numberOfDocuments":0.0,"label":"University of the West of Scotland"},{"numberOfDocuments":0.0,"label":"University of Glasgow"},{"numberOfDocuments":0.0,"label":"University of St Andrews"},{"numberOfDocuments":0.0,"label":"University of Strathclyde"}],"conceptId":-1},{"topicData":[{"numberOfDocuments":0.512554671262138,"label":"Heriot-Watt University"},{"numberOfDocuments":0.1071100121464515,"label":"Robert Gordon University"},{"numberOfDocuments":0.013513513513513514,"label":"Glasgow Caledonian University"},{"numberOfDocuments":0.013003799302808351,"label":"Queen Margaret University"},{"numberOfDocuments":1.0398192936385182,"label":"University of Dundee"},{"numberOfDocuments":0.7279659758879171,"label":"University of the Highlands and Islands"},{"numberOfDocuments":0.030303030303030304,"label":"Edinburgh Napier University"},{"numberOfDocuments":30.940430735672436,"label":"University of Stirling"},{"numberOfDocuments":0.0840029761904762,"label":"Abertay University"},{"numberOfDocuments":2.2203419799178254,"label":"University of Aberdeen"},{"numberOfDocuments":2.3466228336476043,"label":"University of Edinburgh"},{"numberOfDocuments":0.007407407407407408,"label":"University of the West of Scotland"},{"numberOfDocuments":2.8721430209513317,"label":"University of Glasgow"},{"numberOfDocuments":0.9343223149834573,"label":"University of St Andrews"},{"numberOfDocuments":0.5014929167701639,"label":"University of Strathclyde"}],"conceptId":0},{"topicData":[{"numberOfDocuments":0.5040529197503059,"label":"Heriot-Watt University"},{"numberOfDocuments":0.4505460005460006,"label":"Robert Gordon University"},{"numberOfDocuments":0.10139881991821627,"label":"Glasgow Caledonian University"},{"numberOfDocuments":0.1864776220138683,"label":"Queen Margaret University"},{"numberOfDocuments":7.5404690413317255,"label":"University of Dundee"},{"numberOfDocuments":0.06843891402714933,"label":"University of the Highlands and Islands"},{"numberOfDocuments":0.16,"label":"Edinburgh Napier University"},{"numberOfDocuments":0.9136060597436497,"label":"University of Stirling"},{"numberOfDocuments":0.12422747725627567,"label":"Abertay University"},{"numberOfDocuments":29.493427003847827,"label":"University of Aberdeen"},{"numberOfDocuments":1.0059037742534682,"label":"University of Edinburgh"},{"numberOfDocuments":0.09426447894010875,"label":"University of the West of Scotland"},{"numberOfDocuments":0.9502476215746765,"label":"University of Glasgow"},{"numberOfDocuments":0.37060877878919934,"label":"University of St Andrews"},{"numberOfDocuments":1.4195606182508147,"label":"University of Strathclyde"}],"conceptId":1},{"topicData":[{"numberOfDocuments":0.394257625552288,"label":"Heriot-Watt University"},{"numberOfDocuments":0.0,"label":"Robert Gordon University"},{"numberOfDocuments":0.15328467153284672,"label":"Glasgow Caledonian University"},{"numberOfDocuments":0.29299420967114354,"label":"Queen Margaret University"},{"numberOfDocuments":1.2823977527203334,"label":"University of Dundee"},{"numberOfDocuments":0.966350539259079,"label":"University of the Highlands and Islands"},{"numberOfDocuments":0.09069746376811595,"label":"Edinburgh Napier University"},{"numberOfDocuments":1.241975623889004,"label":"University of Stirling"},{"numberOfDocuments":4.627911731087531,"label":"Abertay University"},{"numberOfDocuments":1.3867083279731516,"label":"University of Aberdeen"},{"numberOfDocuments":2.573943101553964,"label":"University of Edinburgh"},{"numberOfDocuments":0.2615992711626273,"label":"University of the West of Scotland"},{"numberOfDocuments":2.4163746624895097,"label":"University of Glasgow"},{"numberOfDocuments":0.42636246125721816,"label":"University of St Andrews"},{"numberOfDocuments":1.2141304054463034,"label":"University of Strathclyde"}],"conceptId":2},{"topicData":[{"numberOfDocuments":0.9191444108615432,"label":"Heriot-Watt University"},{"numberOfDocuments":0.2566065948756679,"label":"Robert Gordon University"},{"numberOfDocuments":0.3142199151672457,"label":"Glasgow Caledonian University"},{"numberOfDocuments":0.04553571428571429,"label":"Queen Margaret University"},{"numberOfDocuments":0.5230275337354316,"label":"University of Dundee"},{"numberOfDocuments":5.262810088963744,"label":"University of the Highlands and Islands"},{"numberOfDocuments":2.258865158880179,"label":"Edinburgh Napier University"},{"numberOfDocuments":28.409530777714405,"label":"University of Stirling"},{"numberOfDocuments":0.22038816347759438,"label":"Abertay University"},{"numberOfDocuments":4.0331107944660785,"label":"University of Aberdeen"},{"numberOfDocuments":7.403098490026922,"label":"University of Edinburgh"},{"numberOfDocuments":0.4882275503424082,"label":"University of the West of Scotland"},{"numberOfDocuments":7.93578687327139,"label":"University of Glasgow"},{"numberOfDocuments":3.651338610972307,"label":"University of St Andrews"},{"numberOfDocuments":0.592639049443685,"label":"University of Strathclyde"}],"conceptId":3},{"topicData":[{"numberOfDocuments":0.36670496274637854,"label":"Heriot-Watt University"},{"numberOfDocuments":0.36370075609206043,"label":"Robert Gordon University"},{"numberOfDocuments":0.0,"label":"Glasgow Caledonian University"},{"numberOfDocuments":0.11644064125706287,"label":"Queen Margaret University"},{"numberOfDocuments":0.6098787924975472,"label":"University of Dundee"},{"numberOfDocuments":1.6690528661129782,"label":"University of the Highlands and Islands"},{"numberOfDocuments":0.1259238654305166,"label":"Edinburgh Napier University"},{"numberOfDocuments":28.56699118304924,"label":"University of Stirling"},{"numberOfDocuments":0.1479072428351132,"label":"Abertay University"},{"numberOfDocuments":2.5804799287812523,"label":"University of Aberdeen"},{"numberOfDocuments":6.430253501310383,"label":"University of Edinburgh"},{"numberOfDocuments":0.08964267919862706,"label":"University of the West of Scotland"},{"numberOfDocuments":3.9749272617004547,"label":"University of Glasgow"},{"numberOfDocuments":1.2117006129302164,"label":"University of St Andrews"},{"numberOfDocuments":0.7795717480779913,"label":"University of Strathclyde"}],"conceptId":4},{"topicData":[{"numberOfDocuments":0.6402138159181239,"label":"Heriot-Watt University"},{"numberOfDocuments":0.3481143884277015,"label":"Robert Gordon University"},{"numberOfDocuments":0.04795918367346939,"label":"Glasgow Caledonian University"},{"numberOfDocuments":0.10211851244788654,"label":"Queen Margaret University"},{"numberOfDocuments":1.006664123268038,"label":"University of Dundee"},{"numberOfDocuments":11.894485437555913,"label":"University of the Highlands and Islands"},{"numberOfDocuments":0.39530071438497766,"label":"Edinburgh Napier University"},{"numberOfDocuments":20.830337876954125,"label":"University of Stirling"},{"numberOfDocuments":0.2863137085477135,"label":"Abertay University"},{"numberOfDocuments":2.9931070469029444,"label":"University of Aberdeen"},{"numberOfDocuments":5.11261445480278,"label":"University of Edinburgh"},{"numberOfDocuments":0.37744122555339454,"label":"University of the West of Scotland"},{"numberOfDocuments":2.1861019171915506,"label":"University of Glasgow"},{"numberOfDocuments":2.632598082463255,"label":"University of St Andrews"},{"numberOfDocuments":1.1190457668192235,"label":"University of Strathclyde"}],"conceptId":5},{"topicData":[{"numberOfDocuments":0.5566527022487134,"label":"Heriot-Watt University"},{"numberOfDocuments":0.45553818063505774,"label":"Robert Gordon University"},{"numberOfDocuments":0.36023618538324426,"label":"Glasgow Caledonian University"},{"numberOfDocuments":1.1728088819215476,"label":"Queen Margaret University"},{"numberOfDocuments":3.0350019512117,"label":"University of Dundee"},{"numberOfDocuments":2.1991342565789873,"label":"University of the Highlands and Islands"},{"numberOfDocuments":0.08382407066617592,"label":"Edinburgh Napier University"},{"numberOfDocuments":64.00216258725877,"label":"University of Stirling"},{"numberOfDocuments":0.7997907820555525,"label":"Abertay University"},{"numberOfDocuments":7.206679666892358,"label":"University of Aberdeen"},{"numberOfDocuments":4.084391160318184,"label":"University of Edinburgh"},{"numberOfDocuments":0.5151208128386522,"label":"University of the West of Scotland"},{"numberOfDocuments":8.6006828491871,"label":"University of Glasgow"},{"numberOfDocuments":2.1205325166351194,"label":"University of St Andrews"},{"numberOfDocuments":1.459747179432666,"label":"University of Strathclyde"}],"conceptId":6},{"topicData":[{"numberOfDocuments":0.020235053653551355,"label":"Heriot-Watt University"},{"numberOfDocuments":0.14151315789473684,"label":"Robert Gordon University"},{"numberOfDocuments":0.0,"label":"Glasgow Caledonian University"},{"numberOfDocuments":0.16336794737927793,"label":"Queen Margaret University"},{"numberOfDocuments":0.017342206089937487,"label":"University of Dundee"},{"numberOfDocuments":1.1645266046786735,"label":"University of the Highlands and Islands"},{"numberOfDocuments":0.05983436853002071,"label":"Edinburgh Napier University"},{"numberOfDocuments":8.639526555039367,"label":"University of Stirling"},{"numberOfDocuments":0.0,"label":"Abertay University"},{"numberOfDocuments":2.687241921902232,"label":"University of Aberdeen"},{"numberOfDocuments":2.705097362618718,"label":"University of Edinburgh"},{"numberOfDocuments":0.0,"label":"University of the West of Scotland"},{"numberOfDocuments":1.113667043880226,"label":"University of Glasgow"},{"numberOfDocuments":2.1262131340153685,"label":"University of St Andrews"},{"numberOfDocuments":7.331800516746569,"label":"University of Strathclyde"}],"conceptId":7},{"topicData":[{"numberOfDocuments":0.13747143945163748,"label":"Heriot-Watt University"},{"numberOfDocuments":0.018867924528301886,"label":"Robert Gordon University"},{"numberOfDocuments":0.0,"label":"Glasgow Caledonian University"},{"numberOfDocuments":0.6982758620689655,"label":"Queen Margaret University"},{"numberOfDocuments":1.4207633801616155,"label":"University of Dundee"},{"numberOfDocuments":0.03076923076923077,"label":"University of the Highlands and Islands"},{"numberOfDocuments":1.0240963855421688,"label":"Edinburgh Napier University"},{"numberOfDocuments":6.374270278148605,"label":"University of Stirling"},{"numberOfDocuments":0.07415706359368332,"label":"Abertay University"},{"numberOfDocuments":1.7775139462465184,"label":"University of Aberdeen"},{"numberOfDocuments":4.003661467894889,"label":"University of Edinburgh"},{"numberOfDocuments":0.0,"label":"University of the West of Scotland"},{"numberOfDocuments":8.780149009821358,"label":"University of Glasgow"},{"numberOfDocuments":1.2350841667482721,"label":"University of St Andrews"},{"numberOfDocuments":0.12562884507693606,"label":"University of Strathclyde"}],"conceptId":8},{"topicData":[{"numberOfDocuments":6.432712566337084,"label":"Heriot-Watt University"},{"numberOfDocuments":1.7503624321039049,"label":"Robert Gordon University"},{"numberOfDocuments":0.2459574730712781,"label":"Glasgow Caledonian University"},{"numberOfDocuments":11.415688164575164,"label":"Queen Margaret University"},{"numberOfDocuments":5.2780658933721245,"label":"University of Dundee"},{"numberOfDocuments":2.637823929148805,"label":"University of the Highlands and Islands"},{"numberOfDocuments":0.747007634937878,"label":"Edinburgh Napier University"},{"numberOfDocuments":2.5163286799796114,"label":"University of Stirling"},{"numberOfDocuments":11.653343481926019,"label":"Abertay University"},{"numberOfDocuments":16.622435841845213,"label":"University of Aberdeen"},{"numberOfDocuments":6.735276860216821,"label":"University of Edinburgh"},{"numberOfDocuments":1.1867010747266395,"label":"University of the West of Scotland"},{"numberOfDocuments":18.064234632890965,"label":"University of Glasgow"},{"numberOfDocuments":1.9159486867797104,"label":"University of St Andrews"},{"numberOfDocuments":4.576622900213836,"label":"University of Strathclyde"}],"conceptId":9},{"topicData":[{"numberOfDocuments":0.5902469128591511,"label":"Heriot-Watt University"},{"numberOfDocuments":0.6294032791150138,"label":"Robert Gordon University"},{"numberOfDocuments":0.010869565217391304,"label":"Glasgow Caledonian University"},{"numberOfDocuments":0.13192853870819973,"label":"Queen Margaret University"},{"numberOfDocuments":0.661787249246996,"label":"University of Dundee"},{"numberOfDocuments":0.9803618446644892,"label":"University of the Highlands and Islands"},{"numberOfDocuments":0.4658362805069514,"label":"Edinburgh Napier University"},{"numberOfDocuments":10.088513901746953,"label":"University of Stirling"},{"numberOfDocuments":0.682896939317992,"label":"Abertay University"},{"numberOfDocuments":10.735975090786003,"label":"University of Aberdeen"},{"numberOfDocuments":4.85983213565302,"label":"University of Edinburgh"},{"numberOfDocuments":0.435258007565996,"label":"University of the West of Scotland"},{"numberOfDocuments":6.973366371021972,"label":"University of Glasgow"},{"numberOfDocuments":1.1037495838413989,"label":"University of St Andrews"},{"numberOfDocuments":0.9549129984898691,"label":"University of Strathclyde"}],"conceptId":10},{"topicData":[{"numberOfDocuments":0.08005440095201666,"label":"Heriot-Watt University"},{"numberOfDocuments":0.30780917857301,"label":"Robert Gordon University"},{"numberOfDocuments":0.012339093947798876,"label":"Glasgow Caledonian University"},{"numberOfDocuments":1.0703974927860853,"label":"Queen Margaret University"},{"numberOfDocuments":1.6012819225769495,"label":"University of Dundee"},{"numberOfDocuments":0.18351345624072896,"label":"University of the Highlands and Islands"},{"numberOfDocuments":0.009523809523809525,"label":"Edinburgh Napier University"},{"numberOfDocuments":0.9868526271164398,"label":"University of Stirling"},{"numberOfDocuments":0.0,"label":"Abertay University"},{"numberOfDocuments":18.13557353151855,"label":"University of Aberdeen"},{"numberOfDocuments":1.1131767130510883,"label":"University of Edinburgh"},{"numberOfDocuments":0.1721777269260107,"label":"University of the West of Scotland"},{"numberOfDocuments":2.7093647211847203,"label":"University of Glasgow"},{"numberOfDocuments":0.45924520548394954,"label":"University of St Andrews"},{"numberOfDocuments":0.18220582655198567,"label":"University of Strathclyde"}],"conceptId":11}]