{"linkageTable":[{"node2":11,"distance":0.46679715295166,"node1":10},{"node2":9,"distance":0.477055670538355,"node1":3},{"node2":20,"distance":0.4833446852017963,"node1":21},{"node2":16,"distance":0.48518287899706,"node1":6},{"node2":8,"distance":0.48524399538004,"node1":2},{"node2":14,"distance":0.48673014288173,"node1":5},{"node2":12,"distance":0.486784975089025,"node1":24},{"node2":17,"distance":0.487182676085515,"node1":1},{"node2":22,"distance":0.487903880015445,"node1":0},{"node2":19,"distance":0.48790580825997,"node1":18},{"node2":27,"distance":0.4896682331546275,"node1":28},{"node2":15,"distance":0.49134883163905996,"node1":23},{"node2":13,"distance":0.49157675542108503,"node1":30},{"node2":26,"distance":0.49291415209954503,"node1":32},{"node2":31,"distance":0.4933634159787466,"node1":25},{"node2":29,"distance":0.493674952279633,"node1":33},{"node2":34,"distance":0.49512175378212775,"node1":35},{"node2":4,"distance":0.495891153036126,"node1":36},{"node2":7,"distance":0.49803972038632666,"node1":37}],"conceptsData":[{"conceptId":5,"clusterId":0,"hexCoordinates":{"x":-1.7320508075688772,"y":0.0},"labels":[{"weight":3780.0,"label":"method"},{"weight":3450.0,"label":"study"},{"weight":2230.0,"label":"analysis"},{"weight":2227.0,"label":"result"},{"weight":2137.0,"label":"provide"},{"weight":2038.0,"label":"data"},{"weight":1864.0,"label":"base"},{"weight":1821.0,"label":"measure"},{"weight":1733.0,"label":"identify"},{"weight":1682.0,"label":"assessment"},{"weight":1537.0,"label":"assess"},{"weight":1482.0,"label":"test"},{"weight":1288.0,"label":"approach"},{"weight":1108.0,"label":"range"},{"weight":1028.0,"label":"tool"},{"weight":1011.0,"label":"evaluate"},{"weight":892.0,"label":"present"},{"weight":885.0,"label":"apply"},{"weight":879.0,"label":"determine"},{"weight":838.0,"label":"technique"},{"weight":832.0,"label":"identification"},{"weight":789.0,"label":"indicator"},{"weight":771.0,"label":"develop"},{"weight":708.0,"label":"measurement"},{"weight":706.0,"label":"type"}]},{"conceptId":3,"clusterId":0,"hexCoordinates":{"x":2.598076211353316,"y":-1.5},"labels":[{"weight":1637.0,"label":"uncertainty"},{"weight":1384.0,"label":"model"},{"weight":732.0,"label":"approach"},{"weight":513.0,"label":"bayesian"},{"weight":506.0,"label":"method"},{"weight":446.0,"label":"estimate"},{"weight":392.0,"label":"data"},{"weight":357.0,"label":"inference"},{"weight":319.0,"label":"statistical"},{"weight":301.0,"label":"analysis"},{"weight":242.0,"label":"parameter"},{"weight":232.0,"label":"probability"},{"weight":230.0,"label":"base"},{"weight":219.0,"label":"framework"},{"weight":206.0,"label":"simulation"},{"weight":205.0,"label":"account"},{"weight":192.0,"label":"modelling"},{"weight":191.0,"label":"probabilistic"},{"weight":187.0,"label":"stochastic"},{"weight":185.0,"label":"monte"},{"weight":179.0,"label":"prior"},{"weight":177.0,"label":"carlo"},{"weight":171.0,"label":"information"},{"weight":164.0,"label":"error"},{"weight":161.0,"label":"robust"}]},{"conceptId":10,"clusterId":0,"hexCoordinates":{"x":0.0,"y":0.0},"labels":[{"weight":4469.0,"label":"model"},{"weight":1799.0,"label":"prediction"},{"weight":1404.0,"label":"predict"},{"weight":1024.0,"label":"variable"},{"weight":971.0,"label":"data"},{"weight":922.0,"label":"regression"},{"weight":579.0,"label":"predictive"},{"weight":509.0,"label":"linear"},{"weight":399.0,"label":"base"},{"weight":391.0,"label":"improve"},{"weight":385.0,"label":"predictor"},{"weight":382.0,"label":"method"},{"weight":349.0,"label":"performance"},{"weight":320.0,"label":"develop"},{"weight":293.0,"label":"accuracy"},{"weight":265.0,"label":"time"},{"weight":264.0,"label":"factor"},{"weight":259.0,"label":"selection"},{"weight":257.0,"label":"set"},{"weight":251.0,"label":"fit"},{"weight":239.0,"label":"test"},{"weight":229.0,"label":"approach"},{"weight":200.0,"label":"estimate"},{"weight":198.0,"label":"accurate"},{"weight":188.0,"label":"result"}]},{"conceptId":11,"clusterId":0,"hexCoordinates":{"x":1.7320508075688772,"y":0.0},"labels":[{"weight":1272.0,"label":"model"},{"weight":826.0,"label":"distribution"},{"weight":639.0,"label":"probability"},{"weight":522.0,"label":"method"},{"weight":422.0,"label":"bayesian"},{"weight":397.0,"label":"parameter"},{"weight":355.0,"label":"estimation"},{"weight":330.0,"label":"algorithm"},{"weight":327.0,"label":"estimate"},{"weight":325.0,"label":"likelihood"},{"weight":324.0,"label":"propose"},{"weight":307.0,"label":"inference"},{"weight":299.0,"label":"approach"},{"weight":295.0,"label":"carlo"},{"weight":290.0,"label":"markov"},{"weight":287.0,"label":"monte"},{"weight":279.0,"label":"function"},{"weight":272.0,"label":"random"},{"weight":240.0,"label":"data"},{"weight":234.0,"label":"estimator"},{"weight":204.0,"label":"prior"},{"weight":203.0,"label":"simulation"},{"weight":202.0,"label":"base"},{"weight":199.0,"label":"statistical"},{"weight":198.0,"label":"sampling"}]},{"conceptId":7,"clusterId":0,"hexCoordinates":{"x":-3.4641016151377544,"y":-3.0},"labels":[{"weight":116.0,"label":"sample"},{"weight":63.0,"label":"method"},{"weight":59.0,"label":"psc"},{"weight":48.0,"label":"sampling"},{"weight":42.0,"label":"extraction"},{"weight":40.0,"label":"collection"},{"weight":26.0,"label":"corridor"},{"weight":23.0,"label":"dna"},{"weight":21.0,"label":"bolus"},{"weight":19.0,"label":"subsample"},{"weight":19.0,"label":"storage"},{"weight":16.0,"label":"store"},{"weight":14.0,"label":"kit"},{"weight":13.0,"label":"extract"},{"weight":13.0,"label":"traditional"},{"weight":12.0,"label":"tmd"},{"weight":12.0,"label":"representative"},{"weight":11.0,"label":"enumeration"},{"weight":10.0,"label":"fta"},{"weight":10.0,"label":"card"},{"weight":9.0,"label":"civ"},{"weight":9.0,"label":"feast"},{"weight":9.0,"label":"collect"},{"weight":8.0,"label":"holothuroidea"},{"weight":8.0,"label":"auricular"}]},{"conceptId":8,"clusterId":0,"hexCoordinates":{"x":-1.7320508075688772,"y":-3.0},"labels":[{"weight":637.0,"label":"bias"},{"weight":458.0,"label":"error"},{"weight":183.0,"label":"estimate"},{"weight":148.0,"label":"correction"},{"weight":132.0,"label":"correct"},{"weight":116.0,"label":"accuracy"},{"weight":102.0,"label":"estimation"},{"weight":96.0,"label":"measure"},{"weight":90.0,"label":"base"},{"weight":88.0,"label":"sponge"},{"weight":80.0,"label":"study"},{"weight":71.0,"label":"measurement"},{"weight":61.0,"label":"rmse"},{"weight":57.0,"label":"underestimate"},{"weight":57.0,"label":"show"},{"weight":55.0,"label":"overestimate"},{"weight":53.0,"label":"height"},{"weight":52.0,"label":"performance"},{"weight":52.0,"label":"accurate"},{"weight":46.0,"label":"actual"},{"weight":42.0,"label":"equation"},{"weight":42.0,"label":"average"},{"weight":39.0,"label":"absolute"},{"weight":38.0,"label":"index"},{"weight":37.0,"label":"compare"}]},{"conceptId":9,"clusterId":0,"hexCoordinates":{"x":0.8660254037844386,"y":-1.5},"labels":[{"weight":2085.0,"label":"spatial"},{"weight":1481.0,"label":"temporal"},{"weight":711.0,"label":"time"},{"weight":473.0,"label":"scale"},{"weight":439.0,"label":"pattern"},{"weight":369.0,"label":"data"},{"weight":312.0,"label":"model"},{"weight":282.0,"label":"spatially"},{"weight":271.0,"label":"spatio"},{"weight":241.0,"label":"variation"},{"weight":221.0,"label":"dynamics"},{"weight":205.0,"label":"study"},{"weight":199.0,"label":"change"},{"weight":195.0,"label":"effect"},{"weight":184.0,"label":"local"},{"weight":183.0,"label":"space"},{"weight":147.0,"label":"structure"},{"weight":138.0,"label":"heterogeneity"},{"weight":118.0,"label":"correlation"},{"weight":116.0,"label":"variability"},{"weight":110.0,"label":"location"},{"weight":109.0,"label":"large"},{"weight":108.0,"label":"temporally"},{"weight":98.0,"label":"global"},{"weight":96.0,"label":"spatiotemporal"}]},{"conceptId":1,"clusterId":0,"hexCoordinates":{"x":3.4641016151377544,"y":0.0},"labels":[{"weight":465.0,"label":"data"},{"weight":396.0,"label":"model"},{"weight":288.0,"label":"forecast"},{"weight":155.0,"label":"forecasting"},{"weight":124.0,"label":"method"},{"weight":116.0,"label":"approach"},{"weight":103.0,"label":"kernel"},{"weight":99.0,"label":"generation"},{"weight":98.0,"label":"time"},{"weight":83.0,"label":"base"},{"weight":79.0,"label":"generate"},{"weight":79.0,"label":"series"},{"weight":75.0,"label":"prediction"},{"weight":75.0,"label":"paper"},{"weight":65.0,"label":"show"},{"weight":63.0,"label":"weather"},{"weight":62.0,"label":"latent"},{"weight":62.0,"label":"state"},{"weight":61.0,"label":"mapping"},{"weight":59.0,"label":"map"},{"weight":56.0,"label":"predict"},{"weight":54.0,"label":"space"},{"weight":54.0,"label":"present"},{"weight":48.0,"label":"future"},{"weight":45.0,"label":"error"}]},{"conceptId":16,"clusterId":0,"hexCoordinates":{"x":-2.598076211353316,"y":1.5},"labels":[{"weight":2473.0,"label":"sample"},{"weight":1426.0,"label":"test"},{"weight":1046.0,"label":"analysis"},{"weight":899.0,"label":"study"},{"weight":883.0,"label":"difference"},{"weight":810.0,"label":"method"},{"weight":809.0,"label":"result"},{"weight":683.0,"label":"significant"},{"weight":624.0,"label":"size"},{"weight":567.0,"label":"compare"},{"weight":543.0,"label":"sampling"},{"weight":510.0,"label":"index"},{"weight":451.0,"label":"number"},{"weight":442.0,"label":"statistical"},{"weight":390.0,"label":"data"},{"weight":367.0,"label":"show"},{"weight":325.0,"label":"correlation"},{"weight":302.0,"label":"statistically"},{"weight":267.0,"label":"rank"},{"weight":258.0,"label":"level"},{"weight":249.0,"label":"significantly"},{"weight":243.0,"label":"determine"},{"weight":237.0,"label":"total"},{"weight":235.0,"label":"perform"},{"weight":234.0,"label":"conclusion"}]},{"conceptId":12,"clusterId":0,"hexCoordinates":{"x":-0.8660254037844386,"y":-1.5},"labels":[{"weight":1932.0,"label":"method"},{"weight":1051.0,"label":"measurement"},{"weight":508.0,"label":"reference"},{"weight":465.0,"label":"calibration"},{"weight":440.0,"label":"result"},{"weight":420.0,"label":"standard"},{"weight":417.0,"label":"error"},{"weight":364.0,"label":"measure"},{"weight":349.0,"label":"data"},{"weight":302.0,"label":"procedure"},{"weight":299.0,"label":"accuracy"},{"weight":299.0,"label":"base"},{"weight":281.0,"label":"point"},{"weight":239.0,"label":"estimate"},{"weight":238.0,"label":"range"},{"weight":231.0,"label":"correction"},{"weight":218.0,"label":"accurate"},{"weight":217.0,"label":"apply"},{"weight":211.0,"label":"obtain"},{"weight":203.0,"label":"calculate"},{"weight":199.0,"label":"technique"},{"weight":195.0,"label":"test"},{"weight":188.0,"label":"compare"},{"weight":178.0,"label":"calibrate"},{"weight":176.0,"label":"present"}]},{"conceptId":13,"clusterId":0,"hexCoordinates":{"x":1.7320508075688772,"y":-3.0},"labels":[{"weight":3965.0,"label":"model"},{"weight":1334.0,"label":"parameter"},{"weight":563.0,"label":"simulation"},{"weight":512.0,"label":"result"},{"weight":422.0,"label":"base"},{"weight":417.0,"label":"data"},{"weight":405.0,"label":"input"},{"weight":344.0,"label":"performance"},{"weight":336.0,"label":"approach"},{"weight":334.0,"label":"propose"},{"weight":326.0,"label":"time"},{"weight":324.0,"label":"output"},{"weight":318.0,"label":"modelling"},{"weight":317.0,"label":"analysis"},{"weight":292.0,"label":"paper"},{"weight":272.0,"label":"develop"},{"weight":259.0,"label":"study"},{"weight":248.0,"label":"present"},{"weight":244.0,"label":"compare"},{"weight":225.0,"label":"function"},{"weight":222.0,"label":"sensitivity"},{"weight":210.0,"label":"predict"},{"weight":203.0,"label":"method"},{"weight":200.0,"label":"state"},{"weight":197.0,"label":"obtain"}]},{"conceptId":17,"clusterId":0,"hexCoordinates":{"x":2.598076211353316,"y":1.5},"labels":[{"weight":769.0,"label":"algorithm"},{"weight":377.0,"label":"propose"},{"weight":271.0,"label":"base"},{"weight":265.0,"label":"localization"},{"weight":221.0,"label":"filter"},{"weight":189.0,"label":"estimation"},{"weight":164.0,"label":"performance"},{"weight":163.0,"label":"sensor"},{"weight":144.0,"label":"time"},{"weight":139.0,"label":"measurement"},{"weight":135.0,"label":"fuzzy"},{"weight":128.0,"label":"accuracy"},{"weight":128.0,"label":"paper"},{"weight":125.0,"label":"result"},{"weight":101.0,"label":"state"},{"weight":96.0,"label":"compression"},{"weight":96.0,"label":"reduce"},{"weight":88.0,"label":"fusion"},{"weight":88.0,"label":"estimate"},{"weight":80.0,"label":"compress"},{"weight":80.0,"label":"improve"},{"weight":78.0,"label":"system"},{"weight":76.0,"label":"approach"},{"weight":75.0,"label":"simulation"},{"weight":72.0,"label":"signal"}]},{"conceptId":15,"clusterId":0,"hexCoordinates":{"x":-1.7320508075688772,"y":3.0},"labels":[{"weight":6884.0,"label":"data"},{"weight":820.0,"label":"collect"},{"weight":707.0,"label":"analysis"},{"weight":628.0,"label":"source"},{"weight":509.0,"label":"dataset"},{"weight":456.0,"label":"collection"},{"weight":422.0,"label":"record"},{"weight":401.0,"label":"information"},{"weight":333.0,"label":"provide"},{"weight":323.0,"label":"set"},{"weight":269.0,"label":"large"},{"weight":269.0,"label":"study"},{"weight":253.0,"label":"include"},{"weight":240.0,"label":"link"},{"weight":218.0,"label":"miss"},{"weight":208.0,"label":"quality"},{"weight":199.0,"label":"individual"},{"weight":192.0,"label":"method"},{"weight":191.0,"label":"report"},{"weight":183.0,"label":"make"},{"weight":180.0,"label":"big"},{"weight":178.0,"label":"result"},{"weight":162.0,"label":"database"},{"weight":158.0,"label":"obtain"},{"weight":156.0,"label":"linkage"}]},{"conceptId":-1,"clusterId":-1,"hexCoordinates":{"x":7.794228634059947,"y":3.0},"labels":[{"weight":2500,"label":"Unclassified"},{"weight":0,"label":""},{"weight":0,"label":""},{"weight":0,"label":""},{"weight":0,"label":""},{"weight":0,"label":""},{"weight":0,"label":""},{"weight":0,"label":""},{"weight":0,"label":""},{"weight":0,"label":""},{"weight":0,"label":""}]},{"conceptId":4,"clusterId":0,"hexCoordinates":{"x":-2.598076211353316,"y":-1.5},"labels":[{"weight":1103.0,"label":"measurement"},{"weight":563.0,"label":"technique"},{"weight":460.0,"label":"measure"},{"weight":387.0,"label":"accuracy"},{"weight":376.0,"label":"position"},{"weight":344.0,"label":"distance"},{"weight":286.0,"label":"system"},{"weight":276.0,"label":"error"},{"weight":258.0,"label":"method"},{"weight":217.0,"label":"accurate"},{"weight":197.0,"label":"motion"},{"weight":184.0,"label":"compare"},{"weight":180.0,"label":"result"},{"weight":165.0,"label":"time"},{"weight":160.0,"label":"high"},{"weight":155.0,"label":"analysis"},{"weight":152.0,"label":"provide"},{"weight":151.0,"label":"show"},{"weight":150.0,"label":"change"},{"weight":148.0,"label":"track"},{"weight":148.0,"label":"obtain"},{"weight":145.0,"label":"reference"},{"weight":139.0,"label":"tracking"},{"weight":136.0,"label":"range"},{"weight":134.0,"label":"detect"}]},{"conceptId":0,"clusterId":0,"hexCoordinates":{"x":0.8660254037844386,"y":1.5},"labels":[{"weight":1669.0,"label":"analysis"},{"weight":1382.0,"label":"component"},{"weight":1226.0,"label":"signal"},{"weight":790.0,"label":"method"},{"weight":764.0,"label":"data"},{"weight":711.0,"label":"base"},{"weight":695.0,"label":"time"},{"weight":506.0,"label":"result"},{"weight":482.0,"label":"correlation"},{"weight":412.0,"label":"apply"},{"weight":406.0,"label":"technique"},{"weight":395.0,"label":"identify"},{"weight":390.0,"label":"principal"},{"weight":361.0,"label":"feature"},{"weight":328.0,"label":"frequency"},{"weight":325.0,"label":"information"},{"weight":317.0,"label":"approach"},{"weight":302.0,"label":"measure"},{"weight":257.0,"label":"noise"},{"weight":257.0,"label":"series"},{"weight":256.0,"label":"entropy"},{"weight":251.0,"label":"propose"},{"weight":242.0,"label":"extract"},{"weight":242.0,"label":"linear"},{"weight":240.0,"label":"detect"}]},{"conceptId":18,"clusterId":0,"hexCoordinates":{"x":3.4641016151377544,"y":-3.0},"labels":[{"weight":10551.0,"label":"model"},{"weight":819.0,"label":"modelling"},{"weight":626.0,"label":"base"},{"weight":582.0,"label":"data"},{"weight":519.0,"label":"develop"},{"weight":472.0,"label":"process"},{"weight":456.0,"label":"simulation"},{"weight":452.0,"label":"predict"},{"weight":345.0,"label":"mathematical"},{"weight":314.0,"label":"dynamics"},{"weight":300.0,"label":"include"},{"weight":295.0,"label":"experimental"},{"weight":293.0,"label":"describe"},{"weight":291.0,"label":"prediction"},{"weight":288.0,"label":"modeling"},{"weight":262.0,"label":"approach"},{"weight":248.0,"label":"system"},{"weight":247.0,"label":"propose"},{"weight":245.0,"label":"computational"},{"weight":242.0,"label":"simulate"},{"weight":237.0,"label":"complex"},{"weight":221.0,"label":"framework"},{"weight":211.0,"label":"interaction"},{"weight":208.0,"label":"capture"},{"weight":206.0,"label":"understand"}]},{"conceptId":2,"clusterId":0,"hexCoordinates":{"x":0.0,"y":-3.0},"labels":[{"weight":2969.0,"label":"estimate"},{"weight":2573.0,"label":"model"},{"weight":2078.0,"label":"data"},{"weight":1270.0,"label":"measure"},{"weight":1266.0,"label":"result"},{"weight":1150.0,"label":"parameter"},{"weight":1063.0,"label":"rate"},{"weight":1019.0,"label":"range"},{"weight":974.0,"label":"distribution"},{"weight":923.0,"label":"compare"},{"weight":918.0,"label":"method"},{"weight":895.0,"label":"base"},{"weight":828.0,"label":"average"},{"weight":751.0,"label":"derive"},{"weight":746.0,"label":"calculate"},{"weight":724.0,"label":"find"},{"weight":638.0,"label":"relative"},{"weight":602.0,"label":"predict"},{"weight":598.0,"label":"ratio"},{"weight":573.0,"label":"show"},{"weight":563.0,"label":"determine"},{"weight":555.0,"label":"variation"},{"weight":540.0,"label":"obtain"},{"weight":524.0,"label":"provide"},{"weight":515.0,"label":"measurement"}]},{"conceptId":14,"clusterId":0,"hexCoordinates":{"x":-3.4641016151377544,"y":0.0},"labels":[{"weight":218.0,"label":"criterion"},{"weight":117.0,"label":"method"},{"weight":114.0,"label":"con"},{"weight":104.0,"label":"pro"},{"weight":94.0,"label":"ing"},{"weight":88.0,"label":"expert"},{"weight":75.0,"label":"eld"},{"weight":73.0,"label":"tion"},{"weight":72.0,"label":"decision"},{"weight":56.0,"label":"ect"},{"weight":54.0,"label":"cation"},{"weight":43.0,"label":"performance"},{"weight":42.0,"label":"uence"},{"weight":42.0,"label":"cient"},{"weight":41.0,"label":"order"},{"weight":40.0,"label":"ranking"},{"weight":39.0,"label":"speci"},{"weight":39.0,"label":"weighting"},{"weight":38.0,"label":"propose"},{"weight":37.0,"label":"mcda"},{"weight":37.0,"label":"measure"},{"weight":36.0,"label":"rst"},{"weight":35.0,"label":"complexity"},{"weight":34.0,"label":"make"},{"weight":34.0,"label":"multi"}]},{"conceptId":6,"clusterId":0,"hexCoordinates":{"x":-0.8660254037844386,"y":1.5},"labels":[{"weight":652.0,"label":"sensitivity"},{"weight":527.0,"label":"test"},{"weight":446.0,"label":"specificity"},{"weight":351.0,"label":"accuracy"},{"weight":313.0,"label":"diagnostic"},{"weight":267.0,"label":"curve"},{"weight":213.0,"label":"cut"},{"weight":211.0,"label":"auc"},{"weight":198.0,"label":"identify"},{"weight":188.0,"label":"area"},{"weight":175.0,"label":"performance"},{"weight":157.0,"label":"threshold"},{"weight":156.0,"label":"characteristic"},{"weight":151.0,"label":"receiver"},{"weight":151.0,"label":"compare"},{"weight":147.0,"label":"roc"},{"weight":137.0,"label":"study"},{"weight":128.0,"label":"predictive"},{"weight":116.0,"label":"positive"},{"weight":115.0,"label":"result"},{"weight":110.0,"label":"operating"},{"weight":108.0,"label":"analysis"},{"weight":102.0,"label":"conclusion"},{"weight":93.0,"label":"diagnosis"},{"weight":86.0,"label":"standard"}]},{"conceptId":19,"clusterId":0,"hexCoordinates":{"x":4.330127018922193,"y":-1.5},"labels":[{"weight":2133.0,"label":"model"},{"weight":1127.0,"label":"process"},{"weight":932.0,"label":"structure"},{"weight":914.0,"label":"level"},{"weight":897.0,"label":"approach"},{"weight":871.0,"label":"multus"},{"weight":737.0,"label":"multiple"},{"weight":715.0,"label":"dynamic"},{"weight":692.0,"label":"single"},{"weight":625.0,"label":"provide"},{"weight":613.0,"label":"base"},{"weight":598.0,"label":"interaction"},{"weight":597.0,"label":"feature"},{"weight":597.0,"label":"complex"},{"weight":566.0,"label":"component"},{"weight":521.0,"label":"specific"},{"weight":515.0,"label":"framework"},{"weight":487.0,"label":"multi"},{"weight":420.0,"label":"develop"},{"weight":391.0,"label":"type"},{"weight":386.0,"label":"propose"},{"weight":379.0,"label":"identify"},{"weight":376.0,"label":"system"},{"weight":354.0,"label":"pattern"},{"weight":339.0,"label":"represent"}]}]}