{"linkageTable":[{"node2":9,"distance":0.453737274048655,"node1":2},{"node2":13,"distance":0.45586311858442,"node1":3},{"node2":11,"distance":0.465033405966025,"node1":10},{"node2":8,"distance":0.477019613927805,"node1":16},{"node2":14,"distance":0.481437119889835,"node1":0},{"node2":5,"distance":0.48191116968854497,"node1":4},{"node2":19,"distance":0.4836882342010958,"node1":20},{"node2":7,"distance":0.4867627808977225,"node1":17},{"node2":21,"distance":0.4898151730031733,"node1":23},{"node2":24,"distance":0.49195239242995,"node1":1},{"node2":18,"distance":0.4924537172504033,"node1":25},{"node2":26,"distance":0.4942354524773781,"node1":22},{"node2":15,"distance":0.495387598917345,"node1":6},{"node2":12,"distance":0.49614553725708466,"node1":27},{"node2":28,"distance":0.4976937576830593,"node1":29}],"conceptsData":[{"conceptId":3,"clusterId":0,"hexCoordinates":{"x":0.0,"y":0.0},"labels":[{"weight":1047.0,"label":"rna"},{"weight":387.0,"label":"transcription"},{"weight":361.0,"label":"mrna"},{"weight":360.0,"label":"splicing"},{"weight":347.0,"label":"gene"},{"weight":274.0,"label":"site"},{"weight":273.0,"label":"binding"},{"weight":265.0,"label":"transcript"},{"weight":234.0,"label":"expression"},{"weight":230.0,"label":"seq"},{"weight":218.0,"label":"protein"},{"weight":202.0,"label":"factor"},{"weight":200.0,"label":"promoter"},{"weight":165.0,"label":"show"},{"weight":149.0,"label":"transcriptional"},{"weight":145.0,"label":"pre"},{"weight":135.0,"label":"element"},{"weight":125.0,"label":"enhancer"},{"weight":122.0,"label":"bind"},{"weight":121.0,"label":"chromatin"},{"weight":120.0,"label":"region"},{"weight":118.0,"label":"sequencing"},{"weight":115.0,"label":"lncrna"},{"weight":106.0,"label":"identify"},{"weight":104.0,"label":"alternative"}]},{"conceptId":4,"clusterId":0,"hexCoordinates":{"x":-1.7320508075688772,"y":0.0},"labels":[{"weight":392.0,"label":"rhythm"},{"weight":363.0,"label":"clock"},{"weight":316.0,"label":"circadian"},{"weight":255.0,"label":"light"},{"weight":166.0,"label":"cycle"},{"weight":133.0,"label":"night"},{"weight":133.0,"label":"day"},{"weight":122.0,"label":"daily"},{"weight":120.0,"label":"time"},{"weight":119.0,"label":"gene"},{"weight":85.0,"label":"plant"},{"weight":83.0,"label":"timing"},{"weight":80.0,"label":"activity"},{"weight":74.0,"label":"photoperiod"},{"weight":72.0,"label":"dark"},{"weight":66.0,"label":"expression"},{"weight":63.0,"label":"rhythmic"},{"weight":58.0,"label":"seasonal"},{"weight":57.0,"label":"phase"},{"weight":55.0,"label":"diurnal"},{"weight":55.0,"label":"period"},{"weight":50.0,"label":"starch"},{"weight":47.0,"label":"biological"},{"weight":47.0,"label":"mechanism"},{"weight":46.0,"label":"component"}]},{"conceptId":15,"clusterId":0,"hexCoordinates":{"x":-3.4641016151377544,"y":3.0},"labels":[{"weight":184.0,"label":"vsg"},{"weight":121.0,"label":"skin"},{"weight":70.0,"label":"variation"},{"weight":66.0,"label":"tactile"},{"weight":56.0,"label":"antigenic"},{"weight":53.0,"label":"surface"},{"weight":50.0,"label":"socket"},{"weight":43.0,"label":"switching"},{"weight":37.0,"label":"prosthetic"},{"weight":34.0,"label":"variant"},{"weight":31.0,"label":"liner"},{"weight":29.0,"label":"glycoprotein"},{"weight":25.0,"label":"brucei"},{"weight":24.0,"label":"material"},{"weight":23.0,"label":"limb"},{"weight":21.0,"label":"trypanosome"},{"weight":21.0,"label":"coat"},{"weight":21.0,"label":"robotic"},{"weight":20.0,"label":"telomeric"},{"weight":20.0,"label":"wearable"},{"weight":20.0,"label":"switch"},{"weight":20.0,"label":"interface"},{"weight":19.0,"label":"diversity"},{"weight":17.0,"label":"expression"},{"weight":17.0,"label":"strategy"}]},{"conceptId":-1,"clusterId":-1,"hexCoordinates":{"x":6.06217782649107,"y":4.5},"labels":[{"weight":2500,"label":"Unclassified"},{"weight":0,"label":""},{"weight":0,"label":""},{"weight":0,"label":""},{"weight":0,"label":""},{"weight":0,"label":""},{"weight":0,"label":""},{"weight":0,"label":""},{"weight":0,"label":""},{"weight":0,"label":""},{"weight":0,"label":""}]},{"conceptId":13,"clusterId":0,"hexCoordinates":{"x":1.7320508075688772,"y":0.0},"labels":[{"weight":200.0,"label":"cap"},{"weight":171.0,"label":"gene"},{"weight":163.0,"label":"methylation"},{"weight":146.0,"label":"expression"},{"weight":145.0,"label":"histone"},{"weight":130.0,"label":"yap"},{"weight":129.0,"label":"mrna"},{"weight":124.0,"label":"transcription"},{"weight":124.0,"label":"dna"},{"weight":121.0,"label":"nuclear"},{"weight":112.0,"label":"taz"},{"weight":108.0,"label":"pml"},{"weight":97.0,"label":"cell"},{"weight":78.0,"label":"dnmt"},{"weight":73.0,"label":"methyltransferase"},{"weight":73.0,"label":"transcriptional"},{"weight":67.0,"label":"kdm"},{"weight":66.0,"label":"rna"},{"weight":61.0,"label":"rnmt"},{"weight":59.0,"label":"hdac"},{"weight":57.0,"label":"ram"},{"weight":57.0,"label":"associate"},{"weight":54.0,"label":"epigenetic"},{"weight":51.0,"label":"chromatin"},{"weight":51.0,"label":"export"}]},{"conceptId":12,"clusterId":0,"hexCoordinates":{"x":2.598076211353316,"y":1.5},"labels":[{"weight":403.0,"label":"nuclear"},{"weight":80.0,"label":"npc"},{"weight":79.0,"label":"nucleus"},{"weight":77.0,"label":"drosophila"},{"weight":67.0,"label":"ryr"},{"weight":65.0,"label":"envelope"},{"weight":61.0,"label":"tubule"},{"weight":55.0,"label":"lamin"},{"weight":49.0,"label":"insect"},{"weight":45.0,"label":"neuropeptide"},{"weight":45.0,"label":"cold"},{"weight":44.0,"label":"stress"},{"weight":41.0,"label":"knockdown"},{"weight":37.0,"label":"tolerance"},{"weight":36.0,"label":"organization"},{"weight":36.0,"label":"release"},{"weight":35.0,"label":"gene"},{"weight":34.0,"label":"lamina"},{"weight":34.0,"label":"net"},{"weight":30.0,"label":"translocation"},{"weight":30.0,"label":"specific"},{"weight":29.0,"label":"desiccation"},{"weight":28.0,"label":"cytoplasmic"},{"weight":27.0,"label":"nup"},{"weight":27.0,"label":"receptor"}]},{"conceptId":14,"clusterId":0,"hexCoordinates":{"x":0.8660254037844386,"y":4.5},"labels":[{"weight":386.0,"label":"chromatin"},{"weight":266.0,"label":"histone"},{"weight":175.0,"label":"chromosome"},{"weight":173.0,"label":"centromere"},{"weight":148.0,"label":"dna"},{"weight":147.0,"label":"cenp"},{"weight":120.0,"label":"epigenetic"},{"weight":116.0,"label":"heterochromatin"},{"weight":112.0,"label":"nucleosome"},{"weight":103.0,"label":"cell"},{"weight":82.0,"label":"modification"},{"weight":81.0,"label":"hac"},{"weight":78.0,"label":"prc"},{"weight":73.0,"label":"complex"},{"weight":68.0,"label":"assembly"},{"weight":66.0,"label":"mis"},{"weight":63.0,"label":"genome"},{"weight":59.0,"label":"kinetochore"},{"weight":59.0,"label":"transcription"},{"weight":56.0,"label":"centromeric"},{"weight":48.0,"label":"state"},{"weight":47.0,"label":"associate"},{"weight":47.0,"label":"protein"},{"weight":44.0,"label":"gene"},{"weight":43.0,"label":"acetylation"}]},{"conceptId":8,"clusterId":0,"hexCoordinates":{"x":0.0,"y":3.0},"labels":[{"weight":771.0,"label":"protein"},{"weight":710.0,"label":"structure"},{"weight":594.0,"label":"binding"},{"weight":544.0,"label":"domain"},{"weight":452.0,"label":"dna"},{"weight":376.0,"label":"bind"},{"weight":318.0,"label":"complex"},{"weight":308.0,"label":"interaction"},{"weight":244.0,"label":"structural"},{"weight":230.0,"label":"site"},{"weight":212.0,"label":"assembly"},{"weight":201.0,"label":"sequence"},{"weight":174.0,"label":"form"},{"weight":173.0,"label":"molecular"},{"weight":168.0,"label":"terminal"},{"weight":165.0,"label":"helix"},{"weight":164.0,"label":"reveal"},{"weight":145.0,"label":"rna"},{"weight":145.0,"label":"show"},{"weight":135.0,"label":"conformation"},{"weight":134.0,"label":"motif"},{"weight":130.0,"label":"crystal"},{"weight":127.0,"label":"residue"},{"weight":127.0,"label":"fold"},{"weight":124.0,"label":"loop"}]},{"conceptId":11,"clusterId":0,"hexCoordinates":{"x":-0.8660254037844386,"y":1.5},"labels":[{"weight":1134.0,"label":"expression"},{"weight":1089.0,"label":"cell"},{"weight":1022.0,"label":"protein"},{"weight":383.0,"label":"gene"},{"weight":343.0,"label":"level"},{"weight":337.0,"label":"increase"},{"weight":306.0,"label":"express"},{"weight":290.0,"label":"line"},{"weight":266.0,"label":"result"},{"weight":207.0,"label":"mrna"},{"weight":191.0,"label":"human"},{"weight":183.0,"label":"reduce"},{"weight":175.0,"label":"suggest"},{"weight":174.0,"label":"study"},{"weight":173.0,"label":"show"},{"weight":160.0,"label":"analysis"},{"weight":149.0,"label":"associate"},{"weight":138.0,"label":"western"},{"weight":138.0,"label":"identify"},{"weight":136.0,"label":"change"},{"weight":135.0,"label":"regulate"},{"weight":130.0,"label":"observe"},{"weight":129.0,"label":"assay"},{"weight":126.0,"label":"significantly"},{"weight":125.0,"label":"vitro"}]},{"conceptId":9,"clusterId":0,"hexCoordinates":{"x":-0.8660254037844386,"y":4.5},"labels":[{"weight":522.0,"label":"cycle"},{"weight":493.0,"label":"replication"},{"weight":465.0,"label":"cell"},{"weight":202.0,"label":"cdc"},{"weight":180.0,"label":"dna"},{"weight":177.0,"label":"origin"},{"weight":176.0,"label":"phase"},{"weight":149.0,"label":"division"},{"weight":112.0,"label":"mcm"},{"weight":111.0,"label":"rif"},{"weight":97.0,"label":"cdk"},{"weight":79.0,"label":"require"},{"weight":77.0,"label":"show"},{"weight":71.0,"label":"progression"},{"weight":68.0,"label":"life"},{"weight":67.0,"label":"mitotic"},{"weight":65.0,"label":"initiation"},{"weight":62.0,"label":"eukaryote"},{"weight":60.0,"label":"late"},{"weight":59.0,"label":"arrest"},{"weight":59.0,"label":"control"},{"weight":59.0,"label":"complex"},{"weight":56.0,"label":"cyclin"},{"weight":53.0,"label":"orc"},{"weight":50.0,"label":"mitosis"}]},{"conceptId":0,"clusterId":0,"hexCoordinates":{"x":1.7320508075688772,"y":3.0},"labels":[{"weight":294.0,"label":"microtubule"},{"weight":224.0,"label":"kinetochore"},{"weight":222.0,"label":"spindle"},{"weight":219.0,"label":"chromosome"},{"weight":159.0,"label":"mitotic"},{"weight":136.0,"label":"complex"},{"weight":126.0,"label":"cell"},{"weight":117.0,"label":"mitosis"},{"weight":111.0,"label":"kinase"},{"weight":93.0,"label":"segregation"},{"weight":91.0,"label":"aurora"},{"weight":90.0,"label":"assembly"},{"weight":88.0,"label":"rab"},{"weight":76.0,"label":"checkpoint"},{"weight":74.0,"label":"protein"},{"weight":63.0,"label":"sister"},{"weight":63.0,"label":"attachment"},{"weight":58.0,"label":"cpc"},{"weight":55.0,"label":"show"},{"weight":55.0,"label":"division"},{"weight":53.0,"label":"meiosis"},{"weight":52.0,"label":"centrosome"},{"weight":49.0,"label":"plk"},{"weight":49.0,"label":"localization"},{"weight":48.0,"label":"role"}]},{"conceptId":1,"clusterId":0,"hexCoordinates":{"x":0.8660254037844386,"y":1.5},"labels":[{"weight":337.0,"label":"translation"},{"weight":182.0,"label":"repeat"},{"weight":144.0,"label":"eif"},{"weight":142.0,"label":"mrna"},{"weight":119.0,"label":"ribosome"},{"weight":91.0,"label":"translational"},{"weight":74.0,"label":"expansion"},{"weight":51.0,"label":"initiation"},{"weight":41.0,"label":"synthesis"},{"weight":40.0,"label":"ribosomal"},{"weight":39.0,"label":"trna"},{"weight":36.0,"label":"ctg"},{"weight":34.0,"label":"codon"},{"weight":32.0,"label":"pabp"},{"weight":31.0,"label":"sequence"},{"weight":27.0,"label":"cag"},{"weight":27.0,"label":"translate"},{"weight":26.0,"label":"polysome"},{"weight":25.0,"label":"effect"},{"weight":23.0,"label":"eukaryotic"},{"weight":23.0,"label":"length"},{"weight":23.0,"label":"show"},{"weight":22.0,"label":"rate"},{"weight":21.0,"label":"rna"},{"weight":20.0,"label":"complex"}]},{"conceptId":2,"clusterId":0,"hexCoordinates":{"x":-1.7320508075688772,"y":3.0},"labels":[{"weight":1075.0,"label":"dna"},{"weight":485.0,"label":"repair"},{"weight":341.0,"label":"damage"},{"weight":321.0,"label":"recombination"},{"weight":223.0,"label":"replication"},{"weight":177.0,"label":"chromosome"},{"weight":154.0,"label":"strand"},{"weight":142.0,"label":"break"},{"weight":119.0,"label":"show"},{"weight":113.0,"label":"double"},{"weight":102.0,"label":"cell"},{"weight":97.0,"label":"genome"},{"weight":94.0,"label":"response"},{"weight":89.0,"label":"homologous"},{"weight":85.0,"label":"dsb"},{"weight":84.0,"label":"require"},{"weight":82.0,"label":"pathway"},{"weight":81.0,"label":"fork"},{"weight":81.0,"label":"yeast"},{"weight":79.0,"label":"pcna"},{"weight":72.0,"label":"result"},{"weight":71.0,"label":"chromatin"},{"weight":70.0,"label":"meiotic"},{"weight":70.0,"label":"rad"},{"weight":67.0,"label":"activity"}]},{"conceptId":6,"clusterId":0,"hexCoordinates":{"x":-2.598076211353316,"y":4.5},"labels":[{"weight":78.0,"label":"integrase"},{"weight":73.0,"label":"recombination"},{"weight":52.0,"label":"phage"},{"weight":52.0,"label":"dna"},{"weight":42.0,"label":"hrd"},{"weight":42.0,"label":"site"},{"weight":41.0,"label":"reaction"},{"weight":35.0,"label":"serine"},{"weight":31.0,"label":"rdf"},{"weight":23.0,"label":"khipus"},{"weight":23.0,"label":"specific"},{"weight":20.0,"label":"attb"},{"weight":20.0,"label":"synthetic"},{"weight":19.0,"label":"integration"},{"weight":18.0,"label":"attp"},{"weight":18.0,"label":"attl"},{"weight":18.0,"label":"recombinase"},{"weight":18.0,"label":"bacteriophage"},{"weight":16.0,"label":"attr"},{"weight":16.0,"label":"biology"},{"weight":16.0,"label":"reverse"},{"weight":16.0,"label":"directionality"},{"weight":15.0,"label":"genome"},{"weight":14.0,"label":"host"},{"weight":14.0,"label":"switch"}]},{"conceptId":5,"clusterId":0,"hexCoordinates":{"x":-0.8660254037844386,"y":-1.5},"labels":[{"weight":3124.0,"label":"gene"},{"weight":2257.0,"label":"expression"},{"weight":565.0,"label":"protein"},{"weight":505.0,"label":"analysis"},{"weight":503.0,"label":"identify"},{"weight":456.0,"label":"response"},{"weight":366.0,"label":"pathway"},{"weight":352.0,"label":"express"},{"weight":346.0,"label":"regulate"},{"weight":336.0,"label":"transcriptional"},{"weight":329.0,"label":"regulation"},{"weight":318.0,"label":"tissue"},{"weight":311.0,"label":"transcript"},{"weight":309.0,"label":"transcriptome"},{"weight":308.0,"label":"involve"},{"weight":297.0,"label":"level"},{"weight":288.0,"label":"rna"},{"weight":285.0,"label":"transcription"},{"weight":282.0,"label":"profile"},{"weight":276.0,"label":"specific"},{"weight":275.0,"label":"show"},{"weight":228.0,"label":"regulatory"},{"weight":210.0,"label":"factor"},{"weight":208.0,"label":"human"},{"weight":200.0,"label":"study"}]},{"conceptId":10,"clusterId":0,"hexCoordinates":{"x":-2.598076211353316,"y":1.5},"labels":[{"weight":711.0,"label":"mir"},{"weight":624.0,"label":"mirna"},{"weight":190.0,"label":"rna"},{"weight":187.0,"label":"microrna"},{"weight":85.0,"label":"target"},{"weight":85.0,"label":"level"},{"weight":77.0,"label":"gbm"},{"weight":64.0,"label":"identify"},{"weight":59.0,"label":"small"},{"weight":58.0,"label":"post"},{"weight":57.0,"label":"exosome"},{"weight":42.0,"label":"circulate"},{"weight":40.0,"label":"expression"},{"weight":40.0,"label":"code"},{"weight":33.0,"label":"dicer"},{"weight":33.0,"label":"tut"},{"weight":33.0,"label":"vesicle"},{"weight":31.0,"label":"mature"},{"weight":31.0,"label":"mouse"},{"weight":31.0,"label":"plasma"},{"weight":29.0,"label":"pri"},{"weight":29.0,"label":"transcriptional"},{"weight":27.0,"label":"ncrna"},{"weight":27.0,"label":"biomarker"},{"weight":26.0,"label":"mirnas"}]},{"conceptId":7,"clusterId":0,"hexCoordinates":{"x":0.8660254037844386,"y":-1.5},"labels":[{"weight":653.0,"label":"methylation"},{"weight":462.0,"label":"dna"},{"weight":220.0,"label":"cpg"},{"weight":204.0,"label":"epigenetic"},{"weight":109.0,"label":"associate"},{"weight":97.0,"label":"site"},{"weight":96.0,"label":"change"},{"weight":76.0,"label":"region"},{"weight":73.0,"label":"gene"},{"weight":72.0,"label":"disease"},{"weight":63.0,"label":"dnam"},{"weight":60.0,"label":"methylate"},{"weight":60.0,"label":"modification"},{"weight":59.0,"label":"mechanism"},{"weight":57.0,"label":"blood"},{"weight":50.0,"label":"epigenome"},{"weight":50.0,"label":"promoter"},{"weight":44.0,"label":"hmc"},{"weight":43.0,"label":"aria"},{"weight":43.0,"label":"pattern"},{"weight":42.0,"label":"difference"},{"weight":37.0,"label":"tet"},{"weight":36.0,"label":"hypermethylation"},{"weight":35.0,"label":"genome"},{"weight":34.0,"label":"altered"}]}]}