{"linkageTable":[{"node2":16,"distance":0.44456440279083,"node1":3},{"node2":12,"distance":0.470950819607915,"node1":8},{"node2":17,"distance":0.475025546010735,"node1":6},{"node2":18,"distance":0.476723782791735,"node1":9},{"node2":5,"distance":0.4770108612995675,"node1":21},{"node2":10,"distance":0.47737492907851,"node1":22},{"node2":20,"distance":0.47896106552725,"node1":23},{"node2":26,"distance":0.4874294620559523,"node1":25},{"node2":15,"distance":0.4893195386630058,"node1":28},{"node2":11,"distance":0.4914177889325364,"node1":29},{"node2":7,"distance":0.491757193821255,"node1":1},{"node2":27,"distance":0.4940570466085117,"node1":2},{"node2":30,"distance":0.4956267697746183,"node1":32},{"node2":14,"distance":0.495903561904775,"node1":13},{"node2":33,"distance":0.49747096099928506,"node1":31},{"node2":24,"distance":0.4980251569537525,"node1":35},{"node2":34,"distance":0.4982552773831475,"node1":0},{"node2":36,"distance":0.4987278036569575,"node1":37},{"node2":4,"distance":0.49925816731444,"node1":38},{"node2":19,"distance":0.49981860191734795,"node1":39}],"conceptsData":[{"conceptId":0,"clusterId":0,"hexCoordinates":{"x":-1.7320508075688772,"y":0.0},"labels":[{"weight":1120.0,"label":"behavior"},{"weight":196.0,"label":"behavioral"},{"weight":145.0,"label":"chimpanzee"},{"weight":83.0,"label":"social"},{"weight":56.0,"label":"pan"},{"weight":55.0,"label":"function"},{"weight":42.0,"label":"role"},{"weight":33.0,"label":"rank"},{"weight":33.0,"label":"relationship"},{"weight":32.0,"label":"victim"},{"weight":31.0,"label":"troglodyte"},{"weight":31.0,"label":"low"},{"weight":30.0,"label":"prosocial"},{"weight":30.0,"label":"examine"},{"weight":29.0,"label":"signal"},{"weight":27.0,"label":"aggressive"},{"weight":25.0,"label":"scream"},{"weight":25.0,"label":"support"},{"weight":25.0,"label":"important"},{"weight":24.0,"label":"hoot"},{"weight":24.0,"label":"link"},{"weight":23.0,"label":"pant"},{"weight":23.0,"label":"analysis"},{"weight":22.0,"label":"audience"},{"weight":21.0,"label":"aggression"}]},{"conceptId":4,"clusterId":0,"hexCoordinates":{"x":5.196152422706632,"y":0.0},"labels":[{"weight":270.0,"label":"plant"},{"weight":186.0,"label":"host"},{"weight":135.0,"label":"aphid"},{"weight":80.0,"label":"spa"},{"weight":73.0,"label":"parasitoid"},{"weight":57.0,"label":"leaf"},{"weight":55.0,"label":"wasp"},{"weight":46.0,"label":"herbivore"},{"weight":40.0,"label":"environment"},{"weight":37.0,"label":"insect"},{"weight":33.0,"label":"test"},{"weight":31.0,"label":"trait"},{"weight":31.0,"label":"quality"},{"weight":30.0,"label":"fitness"},{"weight":27.0,"label":"effect"},{"weight":25.0,"label":"foundress"},{"weight":25.0,"label":"maternal"},{"weight":25.0,"label":"species"},{"weight":25.0,"label":"interaction"},{"weight":25.0,"label":"response"},{"weight":24.0,"label":"arabidopsis"},{"weight":24.0,"label":"offspring"},{"weight":23.0,"label":"padi"},{"weight":23.0,"label":"axial"},{"weight":23.0,"label":"phenotype"}]},{"conceptId":8,"clusterId":0,"hexCoordinates":{"x":0.0,"y":0.0},"labels":[{"weight":286.0,"label":"pair"},{"weight":232.0,"label":"partner"},{"weight":192.0,"label":"female"},{"weight":190.0,"label":"cooperation"},{"weight":175.0,"label":"social"},{"weight":169.0,"label":"individual"},{"weight":155.0,"label":"inbreeding"},{"weight":148.0,"label":"inbreed"},{"weight":138.0,"label":"male"},{"weight":133.0,"label":"cooperative"},{"weight":132.0,"label":"offspring"},{"weight":130.0,"label":"kin"},{"weight":116.0,"label":"extra"},{"weight":109.0,"label":"relatedness"},{"weight":109.0,"label":"evolution"},{"weight":103.0,"label":"selection"},{"weight":91.0,"label":"fitness"},{"weight":91.0,"label":"reproduction"},{"weight":79.0,"label":"depression"},{"weight":75.0,"label":"conflict"},{"weight":70.0,"label":"strategy"},{"weight":67.0,"label":"cooperate"},{"weight":67.0,"label":"genetic"},{"weight":66.0,"label":"benefit"},{"weight":66.0,"label":"increase"}]},{"conceptId":17,"clusterId":0,"hexCoordinates":{"x":0.0,"y":-3.0},"labels":[{"weight":1190.0,"label":"animal"},{"weight":570.0,"label":"social"},{"weight":454.0,"label":"behaviour"},{"weight":381.0,"label":"individual"},{"weight":346.0,"label":"welfare"},{"weight":223.0,"label":"human"},{"weight":217.0,"label":"species"},{"weight":201.0,"label":"group"},{"weight":191.0,"label":"wild"},{"weight":182.0,"label":"behavioural"},{"weight":172.0,"label":"interaction"},{"weight":146.0,"label":"environment"},{"weight":110.0,"label":"food"},{"weight":106.0,"label":"information"},{"weight":103.0,"label":"conspecific"},{"weight":100.0,"label":"observation"},{"weight":100.0,"label":"time"},{"weight":97.0,"label":"primate"},{"weight":89.0,"label":"experience"},{"weight":84.0,"label":"captive"},{"weight":84.0,"label":"rat"},{"weight":79.0,"label":"forage"},{"weight":78.0,"label":"house"},{"weight":75.0,"label":"behavior"},{"weight":74.0,"label":"presence"}]},{"conceptId":19,"clusterId":0,"hexCoordinates":{"x":-0.8660254037844386,"y":1.5},"labels":[{"weight":104.0,"label":"lap"},{"weight":49.0,"label":"bird"},{"weight":35.0,"label":"ammonia"},{"weight":33.0,"label":"sham"},{"weight":31.0,"label":"behaviour"},{"weight":30.0,"label":"ifx"},{"weight":26.0,"label":"stunning"},{"weight":26.0,"label":"pressure"},{"weight":20.0,"label":"response"},{"weight":19.0,"label":"treatment"},{"weight":18.0,"label":"surname"},{"weight":18.0,"label":"ataxia"},{"weight":18.0,"label":"eeg"},{"weight":17.0,"label":"behavioural"},{"weight":17.0,"label":"loss"},{"weight":16.0,"label":"ada"},{"weight":15.0,"label":"sic"},{"weight":14.0,"label":"anti"},{"weight":14.0,"label":"approach"},{"weight":13.0,"label":"sib"},{"weight":13.0,"label":"decompression"},{"weight":13.0,"label":"duration"},{"weight":13.0,"label":"observe"},{"weight":11.0,"label":"ecg"},{"weight":11.0,"label":"chamber"}]},{"conceptId":12,"clusterId":0,"hexCoordinates":{"x":1.7320508075688772,"y":0.0},"labels":[{"weight":625.0,"label":"male"},{"weight":537.0,"label":"female"},{"weight":439.0,"label":"sex"},{"weight":315.0,"label":"mating"},{"weight":312.0,"label":"sexual"},{"weight":244.0,"label":"selection"},{"weight":216.0,"label":"mate"},{"weight":175.0,"label":"species"},{"weight":158.0,"label":"evolution"},{"weight":149.0,"label":"reproductive"},{"weight":135.0,"label":"trait"},{"weight":109.0,"label":"sperm"},{"weight":102.0,"label":"allocation"},{"weight":98.0,"label":"competition"},{"weight":89.0,"label":"ornament"},{"weight":87.0,"label":"ratio"},{"weight":75.0,"label":"bias"},{"weight":74.0,"label":"evolutionary"},{"weight":74.0,"label":"hypothesis"},{"weight":74.0,"label":"population"},{"weight":72.0,"label":"find"},{"weight":71.0,"label":"evolve"},{"weight":71.0,"label":"conflict"},{"weight":67.0,"label":"pattern"},{"weight":64.0,"label":"fly"}]},{"conceptId":20,"clusterId":0,"hexCoordinates":{"x":-1.7320508075688772,"y":-3.0},"labels":[{"weight":132.0,"label":"tool"},{"weight":42.0,"label":"crow"},{"weight":42.0,"label":"pnt"},{"weight":30.0,"label":"hook"},{"weight":29.0,"label":"forelimb"},{"weight":27.0,"label":"pmc"},{"weight":27.0,"label":"caledonian"},{"weight":27.0,"label":"manufacture"},{"weight":25.0,"label":"asp"},{"weight":24.0,"label":"stick"},{"weight":22.0,"label":"metamorphosis"},{"weight":22.0,"label":"peptidase"},{"weight":22.0,"label":"emergence"},{"weight":19.0,"label":"tspo"},{"weight":18.0,"label":"hooked"},{"weight":17.0,"label":"kinetoplast"},{"weight":17.0,"label":"material"},{"weight":17.0,"label":"require"},{"weight":15.0,"label":"crib"},{"weight":15.0,"label":"tadpole"},{"weight":14.0,"label":"clan"},{"weight":14.0,"label":"subject"},{"weight":13.0,"label":"stereotypic"},{"weight":13.0,"label":"raw"},{"weight":13.0,"label":"reveal"}]},{"conceptId":5,"clusterId":0,"hexCoordinates":{"x":3.4641016151377544,"y":-3.0},"labels":[{"weight":547.0,"label":"telomere"},{"weight":434.0,"label":"age"},{"weight":373.0,"label":"length"},{"weight":256.0,"label":"ageing"},{"weight":138.0,"label":"associate"},{"weight":117.0,"label":"epigenetic"},{"weight":103.0,"label":"biological"},{"weight":94.0,"label":"tick"},{"weight":94.0,"label":"aging"},{"weight":87.0,"label":"senescence"},{"weight":76.0,"label":"increase"},{"weight":75.0,"label":"longevity"},{"weight":72.0,"label":"related"},{"weight":70.0,"label":"lifespan"},{"weight":66.0,"label":"chronological"},{"weight":61.0,"label":"dna"},{"weight":60.0,"label":"measure"},{"weight":59.0,"label":"acceleration"},{"weight":56.0,"label":"shorten"},{"weight":55.0,"label":"burgdorferi"},{"weight":54.0,"label":"attrition"},{"weight":54.0,"label":"association"},{"weight":52.0,"label":"accelerate"},{"weight":50.0,"label":"methylation"},{"weight":49.0,"label":"mortality"}]},{"conceptId":13,"clusterId":0,"hexCoordinates":{"x":-2.598076211353316,"y":-1.5},"labels":[{"weight":588.0,"label":"human"},{"weight":322.0,"label":"ape"},{"weight":309.0,"label":"chimpanzee"},{"weight":209.0,"label":"primate"},{"weight":167.0,"label":"great"},{"weight":157.0,"label":"species"},{"weight":108.0,"label":"bonobo"},{"weight":100.0,"label":"food"},{"weight":99.0,"label":"eczema"},{"weight":98.0,"label":"gorilla"},{"weight":84.0,"label":"uvb"},{"weight":58.0,"label":"nonhuman"},{"weight":57.0,"label":"atopic"},{"weight":57.0,"label":"pan"},{"weight":55.0,"label":"flg"},{"weight":53.0,"label":"peanut"},{"weight":51.0,"label":"subject"},{"weight":49.0,"label":"monkey"},{"weight":46.0,"label":"orangutan"},{"weight":39.0,"label":"test"},{"weight":38.0,"label":"topical"},{"weight":36.0,"label":"troglodyte"},{"weight":36.0,"label":"dermatitis"},{"weight":35.0,"label":"comparative"},{"weight":35.0,"label":"evolution"}]},{"conceptId":9,"clusterId":0,"hexCoordinates":{"x":0.8660254037844386,"y":1.5},"labels":[{"weight":113.0,"label":"deer"},{"weight":99.0,"label":"red"},{"weight":85.0,"label":"egg"},{"weight":55.0,"label":"individual"},{"weight":52.0,"label":"cuticle"},{"weight":45.0,"label":"avoidance"},{"weight":42.0,"label":"inbreeding"},{"weight":42.0,"label":"breed"},{"weight":38.0,"label":"copulatory"},{"weight":38.0,"label":"praziquantel"},{"weight":36.0,"label":"pzq"},{"weight":35.0,"label":"wild"},{"weight":34.0,"label":"deposition"},{"weight":33.0,"label":"mda"},{"weight":32.0,"label":"evolution"},{"weight":31.0,"label":"fox"},{"weight":30.0,"label":"sex"},{"weight":30.0,"label":"estimate"},{"weight":29.0,"label":"eggshell"},{"weight":28.0,"label":"roe"},{"weight":26.0,"label":"female"},{"weight":26.0,"label":"find"},{"weight":25.0,"label":"genetic"},{"weight":25.0,"label":"affect"},{"weight":23.0,"label":"hedgehog"}]},{"conceptId":10,"clusterId":0,"hexCoordinates":{"x":0.8660254037844386,"y":-1.5},"labels":[{"weight":1400.0,"label":"population"},{"weight":811.0,"label":"variation"},{"weight":611.0,"label":"trait"},{"weight":607.0,"label":"selection"},{"weight":528.0,"label":"individual"},{"weight":487.0,"label":"life"},{"weight":425.0,"label":"evolutionary"},{"weight":403.0,"label":"history"},{"weight":386.0,"label":"fitness"},{"weight":360.0,"label":"environment"},{"weight":351.0,"label":"genetic"},{"weight":345.0,"label":"evolution"},{"weight":309.0,"label":"effect"},{"weight":274.0,"label":"phenotypic"},{"weight":264.0,"label":"natural"},{"weight":250.0,"label":"environmental"},{"weight":247.0,"label":"survival"},{"weight":208.0,"label":"rate"},{"weight":206.0,"label":"change"},{"weight":186.0,"label":"response"},{"weight":165.0,"label":"condition"},{"weight":152.0,"label":"wild"},{"weight":151.0,"label":"adaptation"},{"weight":142.0,"label":"phenotype"},{"weight":136.0,"label":"size"}]},{"conceptId":-1,"clusterId":-1,"hexCoordinates":{"x":8.660254037844386,"y":1.5},"labels":[{"weight":2500,"label":"Unclassified"},{"weight":0,"label":""},{"weight":0,"label":""},{"weight":0,"label":""},{"weight":0,"label":""},{"weight":0,"label":""},{"weight":0,"label":""},{"weight":0,"label":""},{"weight":0,"label":""},{"weight":0,"label":""},{"weight":0,"label":""}]},{"conceptId":16,"clusterId":0,"hexCoordinates":{"x":2.598076211353316,"y":-1.5},"labels":[{"weight":446.0,"label":"survival"},{"weight":430.0,"label":"condition"},{"weight":401.0,"label":"life"},{"weight":355.0,"label":"resource"},{"weight":302.0,"label":"reproductive"},{"weight":267.0,"label":"individual"},{"weight":239.0,"label":"effect"},{"weight":223.0,"label":"early"},{"weight":213.0,"label":"increase"},{"weight":211.0,"label":"growth"},{"weight":206.0,"label":"environmental"},{"weight":204.0,"label":"adult"},{"weight":203.0,"label":"reproduction"},{"weight":195.0,"label":"affect"},{"weight":163.0,"label":"rate"},{"weight":161.0,"label":"reduce"},{"weight":153.0,"label":"food"},{"weight":150.0,"label":"result"},{"weight":145.0,"label":"environment"},{"weight":143.0,"label":"fitness"},{"weight":142.0,"label":"history"},{"weight":139.0,"label":"success"},{"weight":138.0,"label":"variation"},{"weight":138.0,"label":"suggest"},{"weight":136.0,"label":"development"}]},{"conceptId":18,"clusterId":0,"hexCoordinates":{"x":2.598076211353316,"y":1.5},"labels":[{"weight":1822.0,"label":"post"},{"weight":1400.0,"label":"pre"},{"weight":197.0,"label":"day"},{"weight":196.0,"label":"pig"},{"weight":158.0,"label":"litter"},{"weight":110.0,"label":"time"},{"weight":108.0,"label":"hour"},{"weight":103.0,"label":"period"},{"weight":86.0,"label":"study"},{"weight":85.0,"label":"piglet"},{"weight":85.0,"label":"difference"},{"weight":80.0,"label":"increase"},{"weight":70.0,"label":"wean"},{"weight":63.0,"label":"compare"},{"weight":62.0,"label":"effect"},{"weight":62.0,"label":"follow"},{"weight":60.0,"label":"phase"},{"weight":59.0,"label":"sow"},{"weight":59.0,"label":"investigate"},{"weight":55.0,"label":"prior"},{"weight":55.0,"label":"suggest"},{"weight":53.0,"label":"mortem"},{"weight":50.0,"label":"week"},{"weight":49.0,"label":"large"},{"weight":49.0,"label":"significant"}]},{"conceptId":11,"clusterId":0,"hexCoordinates":{"x":4.330127018922193,"y":-1.5},"labels":[{"weight":298.0,"label":"egg"},{"weight":106.0,"label":"female"},{"weight":101.0,"label":"reproductive"},{"weight":93.0,"label":"spawn"},{"weight":87.0,"label":"wild"},{"weight":72.0,"label":"captive"},{"weight":65.0,"label":"breed"},{"weight":62.0,"label":"broodstock"},{"weight":62.0,"label":"species"},{"weight":59.0,"label":"development"},{"weight":54.0,"label":"snook"},{"weight":49.0,"label":"common"},{"weight":47.0,"label":"spawning"},{"weight":42.0,"label":"offspring"},{"weight":42.0,"label":"season"},{"weight":40.0,"label":"maternal"},{"weight":39.0,"label":"quality"},{"weight":39.0,"label":"individual"},{"weight":36.0,"label":"reproduction"},{"weight":34.0,"label":"lay"},{"weight":34.0,"label":"male"},{"weight":31.0,"label":"ovulation"},{"weight":31.0,"label":"deposition"},{"weight":30.0,"label":"cuticle"},{"weight":30.0,"label":"environmental"}]},{"conceptId":3,"clusterId":0,"hexCoordinates":{"x":1.7320508075688772,"y":-3.0},"labels":[{"weight":157.0,"label":"offspring"},{"weight":156.0,"label":"care"},{"weight":122.0,"label":"female"},{"weight":115.0,"label":"parental"},{"weight":84.0,"label":"inbred"},{"weight":80.0,"label":"male"},{"weight":71.0,"label":"parent"},{"weight":65.0,"label":"maternal"},{"weight":61.0,"label":"size"},{"weight":49.0,"label":"brood"},{"weight":49.0,"label":"effect"},{"weight":45.0,"label":"inbreed"},{"weight":44.0,"label":"provide"},{"weight":39.0,"label":"inbreeding"},{"weight":39.0,"label":"larval"},{"weight":38.0,"label":"carcass"},{"weight":38.0,"label":"depression"},{"weight":37.0,"label":"competition"},{"weight":34.0,"label":"beetle"},{"weight":33.0,"label":"egg"},{"weight":32.0,"label":"larva"},{"weight":32.0,"label":"bury"},{"weight":32.0,"label":"evidence"},{"weight":31.0,"label":"outbred"},{"weight":30.0,"label":"vespilloide"}]},{"conceptId":2,"clusterId":0,"hexCoordinates":{"x":-0.8660254037844386,"y":-4.5},"labels":[{"weight":258.0,"label":"larva"},{"weight":175.0,"label":"larval"},{"weight":79.0,"label":"chart"},{"weight":51.0,"label":"pattern"},{"weight":46.0,"label":"stage"},{"weight":45.0,"label":"dispersal"},{"weight":42.0,"label":"drosophila"},{"weight":32.0,"label":"body"},{"weight":28.0,"label":"animal"},{"weight":25.0,"label":"larvae"},{"weight":25.0,"label":"metamorphosis"},{"weight":24.0,"label":"survival"},{"weight":22.0,"label":"anointing"},{"weight":22.0,"label":"locomotion"},{"weight":21.0,"label":"settlement"},{"weight":21.0,"label":"function"},{"weight":19.0,"label":"fim"},{"weight":18.0,"label":"behavioural"},{"weight":17.0,"label":"caveolae"},{"weight":17.0,"label":"choanocyte"},{"weight":16.0,"label":"dph"},{"weight":15.0,"label":"sbl"},{"weight":15.0,"label":"crawl"},{"weight":14.0,"label":"segment"},{"weight":14.0,"label":"shift"}]},{"conceptId":7,"clusterId":0,"hexCoordinates":{"x":2.598076211353316,"y":-4.5},"labels":[{"weight":242.0,"label":"song"},{"weight":55.0,"label":"hydrogenase"},{"weight":46.0,"label":"tau"},{"weight":46.0,"label":"population"},{"weight":42.0,"label":"ard"},{"weight":35.0,"label":"vocal"},{"weight":33.0,"label":"complexity"},{"weight":31.0,"label":"leap"},{"weight":28.0,"label":"nife"},{"weight":28.0,"label":"acoustic"},{"weight":27.0,"label":"hyd"},{"weight":25.0,"label":"fpr"},{"weight":24.0,"label":"peptide"},{"weight":23.0,"label":"humpback"},{"weight":22.0,"label":"male"},{"weight":22.0,"label":"provide"},{"weight":20.0,"label":"lyric"},{"weight":19.0,"label":"produce"},{"weight":18.0,"label":"bird"},{"weight":18.0,"label":"display"},{"weight":18.0,"label":"hydrogen"},{"weight":17.0,"label":"module"},{"weight":16.0,"label":"whale"},{"weight":16.0,"label":"mitochondrial"},{"weight":16.0,"label":"functional"}]},{"conceptId":14,"clusterId":0,"hexCoordinates":{"x":-3.4641016151377544,"y":0.0},"labels":[{"weight":108.0,"label":"pattern"},{"weight":75.0,"label":"happiness"},{"weight":62.0,"label":"csr"},{"weight":58.0,"label":"orientation"},{"weight":44.0,"label":"attributional"},{"weight":44.0,"label":"lca"},{"weight":44.0,"label":"light"},{"weight":37.0,"label":"camouflage"},{"weight":36.0,"label":"optimal"},{"weight":27.0,"label":"environment"},{"weight":27.0,"label":"specific"},{"weight":26.0,"label":"countershading"},{"weight":24.0,"label":"shape"},{"weight":22.0,"label":"background"},{"weight":21.0,"label":"body"},{"weight":20.0,"label":"countershade"},{"weight":20.0,"label":"concealment"},{"weight":20.0,"label":"illumination"},{"weight":19.0,"label":"match"},{"weight":19.0,"label":"sky"},{"weight":17.0,"label":"crypsis"},{"weight":17.0,"label":"consequential"},{"weight":16.0,"label":"sorghum"},{"weight":16.0,"label":"coloration"},{"weight":16.0,"label":"animal"}]},{"conceptId":6,"clusterId":0,"hexCoordinates":{"x":-0.8660254037844386,"y":-1.5},"labels":[{"weight":255.0,"label":"rate"},{"weight":249.0,"label":"metabolic"},{"weight":249.0,"label":"individual"},{"weight":241.0,"label":"prey"},{"weight":193.0,"label":"forage"},{"weight":188.0,"label":"predator"},{"weight":172.0,"label":"dive"},{"weight":159.0,"label":"energy"},{"weight":156.0,"label":"animal"},{"weight":150.0,"label":"body"},{"weight":145.0,"label":"fish"},{"weight":134.0,"label":"food"},{"weight":126.0,"label":"increase"},{"weight":120.0,"label":"physiological"},{"weight":118.0,"label":"swimming"},{"weight":114.0,"label":"time"},{"weight":110.0,"label":"swim"},{"weight":104.0,"label":"response"},{"weight":100.0,"label":"diving"},{"weight":95.0,"label":"cost"},{"weight":93.0,"label":"behaviour"},{"weight":86.0,"label":"smr"},{"weight":86.0,"label":"change"},{"weight":81.0,"label":"energetic"},{"weight":79.0,"label":"predation"}]},{"conceptId":15,"clusterId":0,"hexCoordinates":{"x":3.4641016151377544,"y":0.0},"labels":[{"weight":263.0,"label":"mother"},{"weight":232.0,"label":"offspring"},{"weight":212.0,"label":"maternal"},{"weight":200.0,"label":"father"},{"weight":102.0,"label":"parental"},{"weight":101.0,"label":"parent"},{"weight":92.0,"label":"effect"},{"weight":91.0,"label":"paternal"},{"weight":65.0,"label":"daughter"},{"weight":56.0,"label":"family"},{"weight":51.0,"label":"son"},{"weight":47.0,"label":"intergenerational"},{"weight":46.0,"label":"dmd"},{"weight":44.0,"label":"origin"},{"weight":43.0,"label":"inheritance"},{"weight":34.0,"label":"inherit"},{"weight":24.0,"label":"transmission"},{"weight":22.0,"label":"transmit"},{"weight":22.0,"label":"generation"},{"weight":20.0,"label":"length"},{"weight":18.0,"label":"muscular"},{"weight":17.0,"label":"dystrophy"},{"weight":16.0,"label":"transgenerational"},{"weight":16.0,"label":"exhibit"},{"weight":15.0,"label":"mdx"}]},{"conceptId":1,"clusterId":0,"hexCoordinates":{"x":0.8660254037844386,"y":-4.5},"labels":[{"weight":436.0,"label":"nest"},{"weight":368.0,"label":"bird"},{"weight":106.0,"label":"nesting"},{"weight":104.0,"label":"tit"},{"weight":86.0,"label":"breed"},{"weight":75.0,"label":"building"},{"weight":74.0,"label":"species"},{"weight":72.0,"label":"zebra"},{"weight":71.0,"label":"finch"},{"weight":69.0,"label":"great"},{"weight":64.0,"label":"clutch"},{"weight":60.0,"label":"chick"},{"weight":59.0,"label":"lay"},{"weight":59.0,"label":"material"},{"weight":51.0,"label":"avian"},{"weight":48.0,"label":"male"},{"weight":41.0,"label":"date"},{"weight":40.0,"label":"passerine"},{"weight":39.0,"label":"build"},{"weight":38.0,"label":"behaviour"},{"weight":37.0,"label":"breeding"},{"weight":36.0,"label":"productivity"},{"weight":36.0,"label":"blue"},{"weight":30.0,"label":"size"},{"weight":29.0,"label":"fledge"}]}]}