[{"topicData":[{"numberOfDocuments":0.0,"label":"Robert Gordon University"},{"numberOfDocuments":0.0,"label":"Heriot-Watt University"},{"numberOfDocuments":0.0,"label":"Glasgow Caledonian University"},{"numberOfDocuments":0.0,"label":"Queen Margaret University"},{"numberOfDocuments":0.0,"label":"University of the Highlands and Islands"},{"numberOfDocuments":0.0,"label":"University of Dundee"},{"numberOfDocuments":0.0,"label":"Edinburgh Napier University"},{"numberOfDocuments":0.0,"label":"University of Stirling"},{"numberOfDocuments":0.0,"label":"Abertay University"},{"numberOfDocuments":0.0,"label":"University of Aberdeen"},{"numberOfDocuments":0.0,"label":"University of Edinburgh"},{"numberOfDocuments":0.0,"label":"University of the West of Scotland"},{"numberOfDocuments":0.0,"label":"University of Glasgow"},{"numberOfDocuments":0.0,"label":"University of St Andrews"},{"numberOfDocuments":0.0,"label":"University of Strathclyde"}],"conceptId":-1},{"topicData":[{"numberOfDocuments":2.7660017084025474,"label":"Robert Gordon University"},{"numberOfDocuments":1.6004377486667234,"label":"Heriot-Watt University"},{"numberOfDocuments":1.1646811939194108,"label":"Glasgow Caledonian University"},{"numberOfDocuments":1.2177453246381478,"label":"Queen Margaret University"},{"numberOfDocuments":3.6265746988685446,"label":"University of the Highlands and Islands"},{"numberOfDocuments":6.762855827791912,"label":"University of Dundee"},{"numberOfDocuments":0.8546467567583605,"label":"Edinburgh Napier University"},{"numberOfDocuments":3.9974839819271333,"label":"University of Stirling"},{"numberOfDocuments":1.5106469288562332,"label":"Abertay University"},{"numberOfDocuments":11.503837010546118,"label":"University of Aberdeen"},{"numberOfDocuments":11.222274298429355,"label":"University of Edinburgh"},{"numberOfDocuments":1.955962611304098,"label":"University of the West of Scotland"},{"numberOfDocuments":25.375050616010405,"label":"University of Glasgow"},{"numberOfDocuments":2.6284732320537705,"label":"University of St Andrews"},{"numberOfDocuments":6.981354906135257,"label":"University of Strathclyde"}],"conceptId":0},{"topicData":[{"numberOfDocuments":4.634939319974116,"label":"Robert Gordon University"},{"numberOfDocuments":6.997386251965848,"label":"Heriot-Watt University"},{"numberOfDocuments":2.6006026525625865,"label":"Glasgow Caledonian University"},{"numberOfDocuments":12.4792795672025,"label":"Queen Margaret University"},{"numberOfDocuments":5.326307013578252,"label":"University of the Highlands and Islands"},{"numberOfDocuments":19.547606133603182,"label":"University of Dundee"},{"numberOfDocuments":4.515041299992311,"label":"Edinburgh Napier University"},{"numberOfDocuments":21.363395928515835,"label":"University of Stirling"},{"numberOfDocuments":4.4362289802519745,"label":"Abertay University"},{"numberOfDocuments":23.95998469634807,"label":"University of Aberdeen"},{"numberOfDocuments":67.21512500470978,"label":"University of Edinburgh"},{"numberOfDocuments":6.886291344343815,"label":"University of the West of Scotland"},{"numberOfDocuments":72.53033345412828,"label":"University of Glasgow"},{"numberOfDocuments":14.704589539940846,"label":"University of St Andrews"},{"numberOfDocuments":28.15122121011663,"label":"University of Strathclyde"}],"conceptId":1},{"topicData":[{"numberOfDocuments":0.1490239756356698,"label":"Robert Gordon University"},{"numberOfDocuments":0.46475852939933987,"label":"Heriot-Watt University"},{"numberOfDocuments":0.052294916395466275,"label":"Glasgow Caledonian University"},{"numberOfDocuments":1.5926238226281055,"label":"Queen Margaret University"},{"numberOfDocuments":1.6401854158910534,"label":"University of the Highlands and Islands"},{"numberOfDocuments":3.539166647823784,"label":"University of Dundee"},{"numberOfDocuments":0.1007532956685499,"label":"Edinburgh Napier University"},{"numberOfDocuments":16.14096559218757,"label":"University of Stirling"},{"numberOfDocuments":1.2269265485337741,"label":"Abertay University"},{"numberOfDocuments":7.579832632400701,"label":"University of Aberdeen"},{"numberOfDocuments":10.34724306911579,"label":"University of Edinburgh"},{"numberOfDocuments":3.2496527634423065,"label":"University of the West of Scotland"},{"numberOfDocuments":6.02231143550816,"label":"University of Glasgow"},{"numberOfDocuments":2.3008303699718518,"label":"University of St Andrews"},{"numberOfDocuments":0.9845520288020725,"label":"University of Strathclyde"}],"conceptId":2},{"topicData":[{"numberOfDocuments":0.2850094518435484,"label":"Robert Gordon University"},{"numberOfDocuments":0.3464052287581699,"label":"Heriot-Watt University"},{"numberOfDocuments":0.02054794520547945,"label":"Glasgow Caledonian University"},{"numberOfDocuments":0.010714285714285714,"label":"Queen Margaret University"},{"numberOfDocuments":1.2844074035141475,"label":"University of the Highlands and Islands"},{"numberOfDocuments":2.5041390764144276,"label":"University of Dundee"},{"numberOfDocuments":0.09830302111255666,"label":"Edinburgh Napier University"},{"numberOfDocuments":0.5658712257813107,"label":"University of Stirling"},{"numberOfDocuments":0.05952380952380952,"label":"Abertay University"},{"numberOfDocuments":20.35979051110187,"label":"University of Aberdeen"},{"numberOfDocuments":16.534481711176028,"label":"University of Edinburgh"},{"numberOfDocuments":0.43748297120214225,"label":"University of the West of Scotland"},{"numberOfDocuments":8.016341392451066,"label":"University of Glasgow"},{"numberOfDocuments":1.7885898492264833,"label":"University of St Andrews"},{"numberOfDocuments":0.3059055506437014,"label":"University of Strathclyde"}],"conceptId":3},{"topicData":[{"numberOfDocuments":0.1932367149758454,"label":"Robert Gordon University"},{"numberOfDocuments":0.2977450126528242,"label":"Heriot-Watt University"},{"numberOfDocuments":0.03608247422680412,"label":"Glasgow Caledonian University"},{"numberOfDocuments":0.09499997553564701,"label":"Queen Margaret University"},{"numberOfDocuments":0.09650028686173265,"label":"University of the Highlands and Islands"},{"numberOfDocuments":3.857418141483101,"label":"University of Dundee"},{"numberOfDocuments":0.31327485302003055,"label":"Edinburgh Napier University"},{"numberOfDocuments":0.019867549668874173,"label":"University of Stirling"},{"numberOfDocuments":0.02631578947368421,"label":"Abertay University"},{"numberOfDocuments":0.9517452433364676,"label":"University of Aberdeen"},{"numberOfDocuments":5.677764778772527,"label":"University of Edinburgh"},{"numberOfDocuments":0.012903225806451613,"label":"University of the West of Scotland"},{"numberOfDocuments":15.62867489684541,"label":"University of Glasgow"},{"numberOfDocuments":0.5969396301366329,"label":"University of St Andrews"},{"numberOfDocuments":8.598532342469014,"label":"University of Strathclyde"}],"conceptId":4},{"topicData":[{"numberOfDocuments":0.45102810789646436,"label":"Robert Gordon University"},{"numberOfDocuments":0.24549532086590264,"label":"Heriot-Watt University"},{"numberOfDocuments":0.6463937861136346,"label":"Glasgow Caledonian University"},{"numberOfDocuments":5.325848845151857,"label":"Queen Margaret University"},{"numberOfDocuments":0.9176925878919042,"label":"University of the Highlands and Islands"},{"numberOfDocuments":9.4246497740559,"label":"University of Dundee"},{"numberOfDocuments":2.2308237112568343,"label":"Edinburgh Napier University"},{"numberOfDocuments":4.7849500360361,"label":"University of Stirling"},{"numberOfDocuments":1.9520772336866101,"label":"Abertay University"},{"numberOfDocuments":6.841491621799842,"label":"University of Aberdeen"},{"numberOfDocuments":14.426861258713876,"label":"University of Edinburgh"},{"numberOfDocuments":2.046005235606124,"label":"University of the West of Scotland"},{"numberOfDocuments":22.429797220109638,"label":"University of Glasgow"},{"numberOfDocuments":1.9994103227939493,"label":"University of St Andrews"},{"numberOfDocuments":4.702089725112458,"label":"University of Strathclyde"}],"conceptId":5},{"topicData":[{"numberOfDocuments":0.1443850267379679,"label":"Robert Gordon University"},{"numberOfDocuments":1.687495204898463,"label":"Heriot-Watt University"},{"numberOfDocuments":0.016129032258064516,"label":"Glasgow Caledonian University"},{"numberOfDocuments":0.0,"label":"Queen Margaret University"},{"numberOfDocuments":0.4698503894614255,"label":"University of the Highlands and Islands"},{"numberOfDocuments":3.635796481527532,"label":"University of Dundee"},{"numberOfDocuments":1.0361682808716708,"label":"Edinburgh Napier University"},{"numberOfDocuments":0.2977428322696839,"label":"University of Stirling"},{"numberOfDocuments":0.5063291139240507,"label":"Abertay University"},{"numberOfDocuments":0.8723402702425151,"label":"University of Aberdeen"},{"numberOfDocuments":3.2550344020680173,"label":"University of Edinburgh"},{"numberOfDocuments":0.04854368932038834,"label":"University of the West of Scotland"},{"numberOfDocuments":11.606342612578286,"label":"University of Glasgow"},{"numberOfDocuments":0.47182573222654,"label":"University of St Andrews"},{"numberOfDocuments":0.6485618404608537,"label":"University of Strathclyde"}],"conceptId":6},{"topicData":[{"numberOfDocuments":0.09184342202503396,"label":"Robert Gordon University"},{"numberOfDocuments":0.9065877658032119,"label":"Heriot-Watt University"},{"numberOfDocuments":0.02959183673469388,"label":"Glasgow Caledonian University"},{"numberOfDocuments":0.9864427100524099,"label":"Queen Margaret University"},{"numberOfDocuments":1.5703355842907665,"label":"University of the Highlands and Islands"},{"numberOfDocuments":1.2491314370861628,"label":"University of Dundee"},{"numberOfDocuments":0.2750555605299947,"label":"Edinburgh Napier University"},{"numberOfDocuments":3.489223867935673,"label":"University of Stirling"},{"numberOfDocuments":0.029411764705882353,"label":"Abertay University"},{"numberOfDocuments":3.3899419930630468,"label":"University of Aberdeen"},{"numberOfDocuments":21.40602334676782,"label":"University of Edinburgh"},{"numberOfDocuments":0.8192791476852193,"label":"University of the West of Scotland"},{"numberOfDocuments":9.179700386903555,"label":"University of Glasgow"},{"numberOfDocuments":6.242950797781512,"label":"University of St Andrews"},{"numberOfDocuments":0.9438686604551842,"label":"University of Strathclyde"}],"conceptId":7},{"topicData":[{"numberOfDocuments":2.4057321572391435,"label":"Robert Gordon University"},{"numberOfDocuments":0.4523156096300601,"label":"Heriot-Watt University"},{"numberOfDocuments":0.8819598499870283,"label":"Glasgow Caledonian University"},{"numberOfDocuments":0.8342152596653116,"label":"Queen Margaret University"},{"numberOfDocuments":1.8126791391755623,"label":"University of the Highlands and Islands"},{"numberOfDocuments":10.878452175603075,"label":"University of Dundee"},{"numberOfDocuments":0.44991940211991477,"label":"Edinburgh Napier University"},{"numberOfDocuments":5.368964015501656,"label":"University of Stirling"},{"numberOfDocuments":1.263209230387609,"label":"Abertay University"},{"numberOfDocuments":26.611406610591647,"label":"University of Aberdeen"},{"numberOfDocuments":25.770059282993564,"label":"University of Edinburgh"},{"numberOfDocuments":1.4188731493168536,"label":"University of the West of Scotland"},{"numberOfDocuments":22.33375288023519,"label":"University of Glasgow"},{"numberOfDocuments":3.581149912728036,"label":"University of St Andrews"},{"numberOfDocuments":2.381200445553738,"label":"University of Strathclyde"}],"conceptId":8},{"topicData":[{"numberOfDocuments":0.009708737864077669,"label":"Robert Gordon University"},{"numberOfDocuments":0.2812926643639131,"label":"Heriot-Watt University"},{"numberOfDocuments":0.09090909090909091,"label":"Glasgow Caledonian University"},{"numberOfDocuments":0.0,"label":"Queen Margaret University"},{"numberOfDocuments":0.0,"label":"University of the Highlands and Islands"},{"numberOfDocuments":0.8058867561999958,"label":"University of Dundee"},{"numberOfDocuments":0.0,"label":"Edinburgh Napier University"},{"numberOfDocuments":0.7171954130953779,"label":"University of Stirling"},{"numberOfDocuments":0.21518987341772153,"label":"Abertay University"},{"numberOfDocuments":1.1042055669030475,"label":"University of Aberdeen"},{"numberOfDocuments":1.137912709406894,"label":"University of Edinburgh"},{"numberOfDocuments":0.19279350104821802,"label":"University of the West of Scotland"},{"numberOfDocuments":2.034474217238383,"label":"University of Glasgow"},{"numberOfDocuments":0.9123644016484075,"label":"University of St Andrews"},{"numberOfDocuments":0.908878052524094,"label":"University of Strathclyde"}],"conceptId":9},{"topicData":[{"numberOfDocuments":0.49330986129594345,"label":"Robert Gordon University"},{"numberOfDocuments":1.523165843223423,"label":"Heriot-Watt University"},{"numberOfDocuments":0.02224563868399485,"label":"Glasgow Caledonian University"},{"numberOfDocuments":0.4718792530154756,"label":"Queen Margaret University"},{"numberOfDocuments":0.8443690740077705,"label":"University of the Highlands and Islands"},{"numberOfDocuments":5.241387779582678,"label":"University of Dundee"},{"numberOfDocuments":0.7711173821349407,"label":"Edinburgh Napier University"},{"numberOfDocuments":0.42740090295287625,"label":"University of Stirling"},{"numberOfDocuments":0.26911601739724017,"label":"Abertay University"},{"numberOfDocuments":1.7997610921519989,"label":"University of Aberdeen"},{"numberOfDocuments":14.29163169518908,"label":"University of Edinburgh"},{"numberOfDocuments":0.7651281289849249,"label":"University of the West of Scotland"},{"numberOfDocuments":20.401592012134852,"label":"University of Glasgow"},{"numberOfDocuments":1.098951168497824,"label":"University of St Andrews"},{"numberOfDocuments":9.784087077889025,"label":"University of Strathclyde"}],"conceptId":10},{"topicData":[{"numberOfDocuments":1.2093796621676125,"label":"Robert Gordon University"},{"numberOfDocuments":1.2253935634862752,"label":"Heriot-Watt University"},{"numberOfDocuments":0.9116567028519491,"label":"Glasgow Caledonian University"},{"numberOfDocuments":0.1879666553051055,"label":"Queen Margaret University"},{"numberOfDocuments":2.653188064007151,"label":"University of the Highlands and Islands"},{"numberOfDocuments":3.0724054943068646,"label":"University of Dundee"},{"numberOfDocuments":0.6525797940873641,"label":"Edinburgh Napier University"},{"numberOfDocuments":0.9056483137917046,"label":"University of Stirling"},{"numberOfDocuments":0.11909739301524841,"label":"Abertay University"},{"numberOfDocuments":8.014718486902812,"label":"University of Aberdeen"},{"numberOfDocuments":15.89382945165166,"label":"University of Edinburgh"},{"numberOfDocuments":0.6488037394940813,"label":"University of the West of Scotland"},{"numberOfDocuments":28.863796312531946,"label":"University of Glasgow"},{"numberOfDocuments":2.0069763991180003,"label":"University of St Andrews"},{"numberOfDocuments":5.354412695621927,"label":"University of Strathclyde"}],"conceptId":11},{"topicData":[{"numberOfDocuments":0.683507034714175,"label":"Robert Gordon University"},{"numberOfDocuments":0.32817671904316487,"label":"Heriot-Watt University"},{"numberOfDocuments":0.6681201649752275,"label":"Glasgow Caledonian University"},{"numberOfDocuments":0.496716999765629,"label":"Queen Margaret University"},{"numberOfDocuments":0.341134854140021,"label":"University of the Highlands and Islands"},{"numberOfDocuments":3.5149578579363836,"label":"University of Dundee"},{"numberOfDocuments":0.07692307692307693,"label":"Edinburgh Napier University"},{"numberOfDocuments":0.651023615690266,"label":"University of Stirling"},{"numberOfDocuments":0.21681308790371775,"label":"Abertay University"},{"numberOfDocuments":1.5797101640078424,"label":"University of Aberdeen"},{"numberOfDocuments":12.415963450991839,"label":"University of Edinburgh"},{"numberOfDocuments":0.6440887934693669,"label":"University of the West of Scotland"},{"numberOfDocuments":26.653610802232947,"label":"University of Glasgow"},{"numberOfDocuments":1.4168468288054632,"label":"University of St Andrews"},{"numberOfDocuments":3.3419053080008188,"label":"University of Strathclyde"}],"conceptId":12},{"topicData":[{"numberOfDocuments":1.177900950187158,"label":"Robert Gordon University"},{"numberOfDocuments":0.5962838759566649,"label":"Heriot-Watt University"},{"numberOfDocuments":0.07751937984496124,"label":"Glasgow Caledonian University"},{"numberOfDocuments":0.24411933448078027,"label":"Queen Margaret University"},{"numberOfDocuments":1.521729743463101,"label":"University of the Highlands and Islands"},{"numberOfDocuments":10.809076640199692,"label":"University of Dundee"},{"numberOfDocuments":1.0218382216114856,"label":"Edinburgh Napier University"},{"numberOfDocuments":2.9241002604163837,"label":"University of Stirling"},{"numberOfDocuments":0.016758241758241758,"label":"Abertay University"},{"numberOfDocuments":2.3704508282529937,"label":"University of Aberdeen"},{"numberOfDocuments":4.855028315552925,"label":"University of Edinburgh"},{"numberOfDocuments":0.007874015748031496,"label":"University of the West of Scotland"},{"numberOfDocuments":5.788421826307345,"label":"University of Glasgow"},{"numberOfDocuments":0.5836492487944971,"label":"University of St Andrews"},{"numberOfDocuments":2.902811079239657,"label":"University of Strathclyde"}],"conceptId":13},{"topicData":[{"numberOfDocuments":0.14763448657126238,"label":"Robert Gordon University"},{"numberOfDocuments":0.936181666400299,"label":"Heriot-Watt University"},{"numberOfDocuments":0.36330023437852454,"label":"Glasgow Caledonian University"},{"numberOfDocuments":2.4361503023054563,"label":"Queen Margaret University"},{"numberOfDocuments":0.6027031125161906,"label":"University of the Highlands and Islands"},{"numberOfDocuments":3.825631110339027,"label":"University of Dundee"},{"numberOfDocuments":0.6772507362930719,"label":"Edinburgh Napier University"},{"numberOfDocuments":8.829944142929545,"label":"University of Stirling"},{"numberOfDocuments":0.31436343342383055,"label":"Abertay University"},{"numberOfDocuments":3.6334023934656305,"label":"University of Aberdeen"},{"numberOfDocuments":20.89366651826043,"label":"University of Edinburgh"},{"numberOfDocuments":1.0038496980888527,"label":"University of the West of Scotland"},{"numberOfDocuments":11.406006955808486,"label":"University of Glasgow"},{"numberOfDocuments":3.024707779264755,"label":"University of St Andrews"},{"numberOfDocuments":2.1319311011103395,"label":"University of Strathclyde"}],"conceptId":14},{"topicData":[{"numberOfDocuments":0.5384097332938862,"label":"Robert Gordon University"},{"numberOfDocuments":0.4491502067333195,"label":"Heriot-Watt University"},{"numberOfDocuments":0.3672844905382704,"label":"Glasgow Caledonian University"},{"numberOfDocuments":1.6138581571443544,"label":"Queen Margaret University"},{"numberOfDocuments":0.3286633982593358,"label":"University of the Highlands and Islands"},{"numberOfDocuments":1.550272680879609,"label":"University of Dundee"},{"numberOfDocuments":0.43258399485688726,"label":"Edinburgh Napier University"},{"numberOfDocuments":3.027883817601623,"label":"University of Stirling"},{"numberOfDocuments":1.0392540657549099,"label":"Abertay University"},{"numberOfDocuments":2.4482042093273324,"label":"University of Aberdeen"},{"numberOfDocuments":4.484160496368806,"label":"University of Edinburgh"},{"numberOfDocuments":0.17747989757872512,"label":"University of the West of Scotland"},{"numberOfDocuments":5.586093611395115,"label":"University of Glasgow"},{"numberOfDocuments":0.49437576849512754,"label":"University of St Andrews"},{"numberOfDocuments":1.1527311182425088,"label":"University of Strathclyde"}],"conceptId":15}]