{"linkageTable":[{"node2":8,"distance":0.46836987952016,"node1":1},{"node2":6,"distance":0.47182828057083,"node1":3},{"node2":12,"distance":0.47548691270217747,"node1":0},{"node2":11,"distance":0.480064113924575,"node1":2},{"node2":13,"distance":0.48507720615778577,"node1":14},{"node2":9,"distance":0.488331420921014,"node1":16},{"node2":15,"distance":0.49206102669455,"node1":17},{"node2":5,"distance":0.49337011244872436,"node1":18},{"node2":7,"distance":0.49404992224950944,"node1":19},{"node2":4,"distance":0.49689194415032245,"node1":20},{"node2":10,"distance":0.4975090054608304,"node1":21}],"conceptsData":[{"conceptId":1,"clusterId":0,"hexCoordinates":{"x":0.0,"y":0.0},"labels":[{"weight":2468.0,"label":"energy"},{"weight":689.0,"label":"electricity"},{"weight":590.0,"label":"renewable"},{"weight":495.0,"label":"system"},{"weight":384.0,"label":"generation"},{"weight":376.0,"label":"power"},{"weight":308.0,"label":"technology"},{"weight":302.0,"label":"demand"},{"weight":295.0,"label":"cost"},{"weight":251.0,"label":"solar"},{"weight":230.0,"label":"storage"},{"weight":222.0,"label":"grid"},{"weight":207.0,"label":"fuel"},{"weight":179.0,"label":"supply"},{"weight":167.0,"label":"low"},{"weight":148.0,"label":"carbon"},{"weight":145.0,"label":"source"},{"weight":140.0,"label":"paper"},{"weight":133.0,"label":"capacity"},{"weight":123.0,"label":"price"},{"weight":123.0,"label":"consumption"},{"weight":120.0,"label":"wind"},{"weight":118.0,"label":"potential"},{"weight":117.0,"label":"emission"},{"weight":115.0,"label":"resource"}]},{"conceptId":6,"clusterId":0,"hexCoordinates":{"x":-1.7320508075688772,"y":0.0},"labels":[{"weight":660.0,"label":"heat"},{"weight":428.0,"label":"system"},{"weight":359.0,"label":"water"},{"weight":280.0,"label":"energy"},{"weight":241.0,"label":"temperature"},{"weight":209.0,"label":"pump"},{"weight":184.0,"label":"thermal"},{"weight":174.0,"label":"heating"},{"weight":168.0,"label":"power"},{"weight":159.0,"label":"efficiency"},{"weight":129.0,"label":"cycle"},{"weight":129.0,"label":"performance"},{"weight":108.0,"label":"work"},{"weight":106.0,"label":"cooling"},{"weight":86.0,"label":"storage"},{"weight":84.0,"label":"hot"},{"weight":82.0,"label":"low"},{"weight":81.0,"label":"source"},{"weight":76.0,"label":"waste"},{"weight":70.0,"label":"cool"},{"weight":68.0,"label":"air"},{"weight":68.0,"label":"study"},{"weight":67.0,"label":"generation"},{"weight":66.0,"label":"geothermal"},{"weight":61.0,"label":"exchanger"}]},{"conceptId":2,"clusterId":0,"hexCoordinates":{"x":2.598076211353316,"y":1.5},"labels":[{"weight":614.0,"label":"waste"},{"weight":202.0,"label":"recycle"},{"weight":183.0,"label":"product"},{"weight":145.0,"label":"material"},{"weight":106.0,"label":"closo"},{"weight":95.0,"label":"environmental"},{"weight":78.0,"label":"circular"},{"weight":74.0,"label":"plastic"},{"weight":73.0,"label":"study"},{"weight":70.0,"label":"life"},{"weight":55.0,"label":"remanufacturing"},{"weight":55.0,"label":"recycling"},{"weight":53.0,"label":"disposal"},{"weight":51.0,"label":"reuse"},{"weight":48.0,"label":"potential"},{"weight":46.0,"label":"recovery"},{"weight":44.0,"label":"remanufacture"},{"weight":43.0,"label":"economy"},{"weight":43.0,"label":"management"},{"weight":42.0,"label":"end"},{"weight":39.0,"label":"carborane"},{"weight":36.0,"label":"industry"},{"weight":35.0,"label":"prime"},{"weight":34.0,"label":"weee"},{"weight":34.0,"label":"stream"}]},{"conceptId":8,"clusterId":0,"hexCoordinates":{"x":1.7320508075688772,"y":0.0},"labels":[{"weight":1590.0,"label":"carbon"},{"weight":1552.0,"label":"emission"},{"weight":580.0,"label":"gas"},{"weight":391.0,"label":"storage"},{"weight":364.0,"label":"global"},{"weight":342.0,"label":"climate"},{"weight":340.0,"label":"greenhouse"},{"weight":313.0,"label":"ghg"},{"weight":284.0,"label":"potential"},{"weight":277.0,"label":"change"},{"weight":255.0,"label":"dioxide"},{"weight":236.0,"label":"capture"},{"weight":223.0,"label":"mitigation"},{"weight":222.0,"label":"reduction"},{"weight":212.0,"label":"reduce"},{"weight":166.0,"label":"estimate"},{"weight":164.0,"label":"source"},{"weight":161.0,"label":"net"},{"weight":161.0,"label":"transport"},{"weight":161.0,"label":"cycle"},{"weight":161.0,"label":"production"},{"weight":151.0,"label":"environmental"},{"weight":146.0,"label":"low"},{"weight":146.0,"label":"scenario"},{"weight":143.0,"label":"impact"}]},{"conceptId":9,"clusterId":0,"hexCoordinates":{"x":-0.8660254037844386,"y":1.5},"labels":[{"weight":342.0,"label":"capture"},{"weight":293.0,"label":"gas"},{"weight":244.0,"label":"plant"},{"weight":188.0,"label":"power"},{"weight":121.0,"label":"process"},{"weight":105.0,"label":"steam"},{"weight":100.0,"label":"cycle"},{"weight":97.0,"label":"combustion"},{"weight":77.0,"label":"efficiency"},{"weight":74.0,"label":"carbon"},{"weight":65.0,"label":"flue"},{"weight":64.0,"label":"technology"},{"weight":56.0,"label":"turbine"},{"weight":52.0,"label":"pcc"},{"weight":52.0,"label":"amine"},{"weight":52.0,"label":"configuration"},{"weight":50.0,"label":"post"},{"weight":50.0,"label":"solvent"},{"weight":49.0,"label":"coal"},{"weight":47.0,"label":"recovery"},{"weight":47.0,"label":"output"},{"weight":46.0,"label":"mea"},{"weight":45.0,"label":"natural"},{"weight":44.0,"label":"operation"},{"weight":42.0,"label":"pressure"}]},{"conceptId":10,"clusterId":0,"hexCoordinates":{"x":0.0,"y":-3.0},"labels":[{"weight":793.0,"label":"energy"},{"weight":330.0,"label":"wave"},{"weight":286.0,"label":"tidal"},{"weight":277.0,"label":"renewable"},{"weight":263.0,"label":"marine"},{"weight":180.0,"label":"device"},{"weight":137.0,"label":"impact"},{"weight":131.0,"label":"development"},{"weight":114.0,"label":"site"},{"weight":112.0,"label":"turbine"},{"weight":105.0,"label":"project"},{"weight":95.0,"label":"converter"},{"weight":94.0,"label":"offshore"},{"weight":90.0,"label":"environmental"},{"weight":81.0,"label":"wec"},{"weight":76.0,"label":"industry"},{"weight":71.0,"label":"potential"},{"weight":70.0,"label":"environment"},{"weight":69.0,"label":"resource"},{"weight":67.0,"label":"assessment"},{"weight":65.0,"label":"stream"},{"weight":62.0,"label":"array"},{"weight":62.0,"label":"technology"},{"weight":59.0,"label":"scale"},{"weight":56.0,"label":"water"}]},{"conceptId":11,"clusterId":0,"hexCoordinates":{"x":0.8660254037844386,"y":1.5},"labels":[{"weight":1408.0,"label":"high"},{"weight":1202.0,"label":"process"},{"weight":1074.0,"label":"production"},{"weight":950.0,"label":"product"},{"weight":781.0,"label":"low"},{"weight":744.0,"label":"cost"},{"weight":719.0,"label":"technology"},{"weight":707.0,"label":"scale"},{"weight":692.0,"label":"application"},{"weight":679.0,"label":"require"},{"weight":658.0,"label":"increase"},{"weight":655.0,"label":"potential"},{"weight":648.0,"label":"design"},{"weight":635.0,"label":"quality"},{"weight":555.0,"label":"development"},{"weight":542.0,"label":"efficiency"},{"weight":527.0,"label":"industry"},{"weight":523.0,"label":"improve"},{"weight":518.0,"label":"produce"},{"weight":503.0,"label":"demand"},{"weight":503.0,"label":"reduce"},{"weight":467.0,"label":"approach"},{"weight":456.0,"label":"large"},{"weight":445.0,"label":"material"},{"weight":441.0,"label":"alternative"}]},{"conceptId":0,"clusterId":0,"hexCoordinates":{"x":0.8660254037844386,"y":-1.5},"labels":[{"weight":3924.0,"label":"cost"},{"weight":1527.0,"label":"reduce"},{"weight":1031.0,"label":"reduction"},{"weight":946.0,"label":"benefit"},{"weight":914.0,"label":"increase"},{"weight":650.0,"label":"result"},{"weight":434.0,"label":"economic"},{"weight":431.0,"label":"compare"},{"weight":399.0,"label":"impact"},{"weight":390.0,"label":"strategy"},{"weight":378.0,"label":"time"},{"weight":370.0,"label":"show"},{"weight":337.0,"label":"potential"},{"weight":330.0,"label":"analysis"},{"weight":328.0,"label":"loss"},{"weight":275.0,"label":"effective"},{"weight":270.0,"label":"significant"},{"weight":270.0,"label":"case"},{"weight":266.0,"label":"savings"},{"weight":249.0,"label":"total"},{"weight":248.0,"label":"number"},{"weight":247.0,"label":"high"},{"weight":244.0,"label":"estimate"},{"weight":243.0,"label":"scenario"},{"weight":235.0,"label":"effectiveness"}]},{"conceptId":4,"clusterId":0,"hexCoordinates":{"x":2.598076211353316,"y":-1.5},"labels":[{"weight":2018.0,"label":"energy"},{"weight":751.0,"label":"efficiency"},{"weight":160.0,"label":"impact"},{"weight":136.0,"label":"consumption"},{"weight":134.0,"label":"increase"},{"weight":112.0,"label":"effect"},{"weight":107.0,"label":"savings"},{"weight":103.0,"label":"rebound"},{"weight":88.0,"label":"focus"},{"weight":76.0,"label":"reduce"},{"weight":74.0,"label":"efficient"},{"weight":71.0,"label":"emission"},{"weight":58.0,"label":"improvement"},{"weight":57.0,"label":"improve"},{"weight":56.0,"label":"term"},{"weight":56.0,"label":"policy"},{"weight":52.0,"label":"benefit"},{"weight":49.0,"label":"reduction"},{"weight":49.0,"label":"carbon"},{"weight":46.0,"label":"economy"},{"weight":45.0,"label":"multiple"},{"weight":42.0,"label":"demand"},{"weight":42.0,"label":"low"},{"weight":42.0,"label":"result"},{"weight":41.0,"label":"household"}]},{"conceptId":5,"clusterId":0,"hexCoordinates":{"x":-2.598076211353316,"y":1.5},"labels":[{"weight":467.0,"label":"solar"},{"weight":244.0,"label":"cell"},{"weight":153.0,"label":"concentrator"},{"weight":145.0,"label":"system"},{"weight":134.0,"label":"photovoltaic"},{"weight":122.0,"label":"design"},{"weight":117.0,"label":"module"},{"weight":115.0,"label":"performance"},{"weight":87.0,"label":"optical"},{"weight":85.0,"label":"efficiency"},{"weight":74.0,"label":"concentration"},{"weight":69.0,"label":"energy"},{"weight":68.0,"label":"electrical"},{"weight":59.0,"label":"ccpc"},{"weight":58.0,"label":"radiation"},{"weight":57.0,"label":"irradiance"},{"weight":51.0,"label":"shipping"},{"weight":51.0,"label":"increase"},{"weight":49.0,"label":"gain"},{"weight":49.0,"label":"compare"},{"weight":48.0,"label":"maritime"},{"weight":48.0,"label":"concentrate"},{"weight":46.0,"label":"cost"},{"weight":44.0,"label":"integrate"},{"weight":43.0,"label":"present"}]},{"conceptId":3,"clusterId":0,"hexCoordinates":{"x":-0.8660254037844386,"y":-1.5},"labels":[{"weight":1162.0,"label":"building"},{"weight":820.0,"label":"energy"},{"weight":250.0,"label":"thermal"},{"weight":246.0,"label":"comfort"},{"weight":223.0,"label":"demand"},{"weight":201.0,"label":"performance"},{"weight":176.0,"label":"consumption"},{"weight":164.0,"label":"build"},{"weight":147.0,"label":"occupant"},{"weight":147.0,"label":"office"},{"weight":141.0,"label":"heating"},{"weight":130.0,"label":"design"},{"weight":128.0,"label":"carbon"},{"weight":120.0,"label":"domestic"},{"weight":115.0,"label":"paper"},{"weight":108.0,"label":"house"},{"weight":106.0,"label":"reduce"},{"weight":97.0,"label":"retrofit"},{"weight":95.0,"label":"air"},{"weight":94.0,"label":"study"},{"weight":94.0,"label":"result"},{"weight":93.0,"label":"exist"},{"weight":92.0,"label":"occupancy"},{"weight":92.0,"label":"indoor"},{"weight":86.0,"label":"reduction"}]},{"conceptId":-1,"clusterId":-1,"hexCoordinates":{"x":6.06217782649107,"y":3.0},"labels":[{"weight":2500,"label":"Unclassified"},{"weight":0,"label":""},{"weight":0,"label":""},{"weight":0,"label":""},{"weight":0,"label":""},{"weight":0,"label":""},{"weight":0,"label":""},{"weight":0,"label":""},{"weight":0,"label":""},{"weight":0,"label":""},{"weight":0,"label":""}]},{"conceptId":7,"clusterId":0,"hexCoordinates":{"x":0.0,"y":3.0},"labels":[{"weight":398.0,"label":"engine"},{"weight":146.0,"label":"fuel"},{"weight":122.0,"label":"pipeline"},{"weight":114.0,"label":"design"},{"weight":92.0,"label":"performance"},{"weight":90.0,"label":"pressure"},{"weight":85.0,"label":"cylinder"},{"weight":82.0,"label":"injection"},{"weight":75.0,"label":"condition"},{"weight":74.0,"label":"operation"},{"weight":63.0,"label":"gas"},{"weight":61.0,"label":"flow"},{"weight":51.0,"label":"influence"},{"weight":50.0,"label":"diesel"},{"weight":49.0,"label":"air"},{"weight":47.0,"label":"operate"},{"weight":47.0,"label":"parameter"},{"weight":43.0,"label":"combustion"},{"weight":41.0,"label":"nozzle"},{"weight":41.0,"label":"operating"},{"weight":41.0,"label":"emission"},{"weight":40.0,"label":"compressor"},{"weight":40.0,"label":"transportation"},{"weight":38.0,"label":"mixture"},{"weight":34.0,"label":"gasoline"}]}]}