{"linkageTable":[{"node2":9,"distance":0.404328345582835,"node1":7},{"node2":4,"distance":0.44762667901211,"node1":2},{"node2":10,"distance":0.4585387424035825,"node1":15},{"node2":8,"distance":0.4724848925515233,"node1":16},{"node2":12,"distance":0.478392218761765,"node1":6},{"node2":13,"distance":0.47867563698657,"node1":11},{"node2":17,"distance":0.4807495451084325,"node1":0},{"node2":14,"distance":0.4841404027388575,"node1":18},{"node2":21,"distance":0.4855641347979088,"node1":20},{"node2":5,"distance":0.4922406687412422,"node1":22},{"node2":19,"distance":0.4951986475419109,"node1":23},{"node2":1,"distance":0.4960082675007251,"node1":24},{"node2":3,"distance":0.4990727118627935,"node1":25}],"conceptsData":[{"conceptId":0,"clusterId":0,"hexCoordinates":{"x":-1.7320508075688772,"y":0.0},"labels":[{"weight":299.0,"label":"nmr"},{"weight":167.0,"label":"structure"},{"weight":153.0,"label":"nus"},{"weight":99.0,"label":"spectrum"},{"weight":93.0,"label":"dft"},{"weight":78.0,"label":"solid"},{"weight":76.0,"label":"spectroscopy"},{"weight":69.0,"label":"calculation"},{"weight":68.0,"label":"state"},{"weight":65.0,"label":"site"},{"weight":62.0,"label":"experiment"},{"weight":60.0,"label":"shift"},{"weight":52.0,"label":"disorder"},{"weight":48.0,"label":"cation"},{"weight":44.0,"label":"resonance"},{"weight":42.0,"label":"ray"},{"weight":40.0,"label":"mas"},{"weight":40.0,"label":"bond"},{"weight":38.0,"label":"nuclear"},{"weight":36.0,"label":"material"},{"weight":36.0,"label":"show"},{"weight":33.0,"label":"confirm"},{"weight":33.0,"label":"local"},{"weight":32.0,"label":"sda"},{"weight":32.0,"label":"structural"}]},{"conceptId":2,"clusterId":0,"hexCoordinates":{"x":0.0,"y":0.0},"labels":[{"weight":291.0,"label":"complex"},{"weight":276.0,"label":"ligand"},{"weight":210.0,"label":"structure"},{"weight":158.0,"label":"crystal"},{"weight":146.0,"label":"ray"},{"weight":142.0,"label":"coordination"},{"weight":141.0,"label":"bis"},{"weight":130.0,"label":"compound"},{"weight":128.0,"label":"atom"},{"weight":126.0,"label":"bond"},{"weight":120.0,"label":"metal"},{"weight":119.0,"label":"single"},{"weight":107.0,"label":"form"},{"weight":89.0,"label":"interaction"},{"weight":85.0,"label":"bridge"},{"weight":82.0,"label":"group"},{"weight":80.0,"label":"ion"},{"weight":72.0,"label":"bonding"},{"weight":72.0,"label":"analysis"},{"weight":71.0,"label":"hydrogen"},{"weight":69.0,"label":"diffraction"},{"weight":67.0,"label":"ring"},{"weight":66.0,"label":"arene"},{"weight":64.0,"label":"coordinate"},{"weight":60.0,"label":"cluster"}]},{"conceptId":4,"clusterId":0,"hexCoordinates":{"x":1.7320508075688772,"y":0.0},"labels":[{"weight":511.0,"label":"complex"},{"weight":269.0,"label":"ligand"},{"weight":205.0,"label":"nhc"},{"weight":144.0,"label":"catalyst"},{"weight":137.0,"label":"ipr"},{"weight":106.0,"label":"metal"},{"weight":94.0,"label":"bond"},{"weight":92.0,"label":"study"},{"weight":92.0,"label":"report"},{"weight":88.0,"label":"bis"},{"weight":85.0,"label":"species"},{"weight":81.0,"label":"reaction"},{"weight":76.0,"label":"form"},{"weight":73.0,"label":"carbene"},{"weight":70.0,"label":"activation"},{"weight":61.0,"label":"show"},{"weight":55.0,"label":"calculation"},{"weight":54.0,"label":"heterocyclic"},{"weight":53.0,"label":"catalytic"},{"weight":52.0,"label":"hydride"},{"weight":50.0,"label":"formation"},{"weight":48.0,"label":"addition"},{"weight":47.0,"label":"dft"},{"weight":46.0,"label":"pph"},{"weight":43.0,"label":"active"}]},{"conceptId":3,"clusterId":0,"hexCoordinates":{"x":-2.598076211353316,"y":1.5},"labels":[{"weight":382.0,"label":"testing"},{"weight":210.0,"label":"test"},{"weight":48.0,"label":"ect"},{"weight":47.0,"label":"context"},{"weight":30.0,"label":"ach"},{"weight":29.0,"label":"azide"},{"weight":29.0,"label":"alkyne"},{"weight":25.0,"label":"cass"},{"weight":23.0,"label":"scenario"},{"weight":22.0,"label":"cuaac"},{"weight":20.0,"label":"aware"},{"weight":17.0,"label":"survival"},{"weight":16.0,"label":"hacking"},{"weight":16.0,"label":"fus"},{"weight":15.0,"label":"deterrent"},{"weight":15.0,"label":"condition"},{"weight":14.0,"label":"presymptomatic"},{"weight":14.0,"label":"produce"},{"weight":14.0,"label":"require"},{"weight":13.0,"label":"problem"},{"weight":12.0,"label":"flow"},{"weight":11.0,"label":"bcn"},{"weight":11.0,"label":"catalyze"},{"weight":11.0,"label":"report"},{"weight":11.0,"label":"process"}]},{"conceptId":-1,"clusterId":-1,"hexCoordinates":{"x":6.928203230275509,"y":3.0},"labels":[{"weight":2500,"label":"Unclassified"},{"weight":0,"label":""},{"weight":0,"label":""},{"weight":0,"label":""},{"weight":0,"label":""},{"weight":0,"label":""},{"weight":0,"label":""},{"weight":0,"label":""},{"weight":0,"label":""},{"weight":0,"label":""},{"weight":0,"label":""}]},{"conceptId":8,"clusterId":0,"hexCoordinates":{"x":-0.8660254037844386,"y":-1.5},"labels":[{"weight":200.0,"label":"energy"},{"weight":194.0,"label":"molecule"},{"weight":149.0,"label":"molecular"},{"weight":144.0,"label":"state"},{"weight":123.0,"label":"calculation"},{"weight":118.0,"label":"metal"},{"weight":113.0,"label":"structure"},{"weight":112.0,"label":"electron"},{"weight":109.0,"label":"cage"},{"weight":107.0,"label":"complex"},{"weight":106.0,"label":"dft"},{"weight":106.0,"label":"bond"},{"weight":98.0,"label":"electronic"},{"weight":97.0,"label":"functional"},{"weight":97.0,"label":"ligand"},{"weight":89.0,"label":"density"},{"weight":88.0,"label":"redox"},{"weight":83.0,"label":"theory"},{"weight":80.0,"label":"radical"},{"weight":80.0,"label":"orbital"},{"weight":78.0,"label":"bonding"},{"weight":74.0,"label":"cluster"},{"weight":74.0,"label":"property"},{"weight":70.0,"label":"transition"},{"weight":66.0,"label":"binding"}]},{"conceptId":9,"clusterId":0,"hexCoordinates":{"x":0.0,"y":3.0},"labels":[{"weight":48.0,"label":"cys"},{"weight":42.0,"label":"mobilisation"},{"weight":39.0,"label":"isothiourea"},{"weight":29.0,"label":"enantioselective"},{"weight":27.0,"label":"cysteine"},{"weight":24.0,"label":"msa"},{"weight":24.0,"label":"addition"},{"weight":23.0,"label":"ammonium"},{"weight":22.0,"label":"product"},{"weight":21.0,"label":"enantioselectivity"},{"weight":21.0,"label":"anhydride"},{"weight":20.0,"label":"michael"},{"weight":20.0,"label":"substitute"},{"weight":20.0,"label":"derivative"},{"weight":19.0,"label":"dihydropyranone"},{"weight":19.0,"label":"syn"},{"weight":19.0,"label":"unsaturated"},{"weight":19.0,"label":"excellent"},{"weight":19.0,"label":"form"},{"weight":18.0,"label":"glrx"},{"weight":18.0,"label":"iii"},{"weight":18.0,"label":"high"},{"weight":18.0,"label":"observe"},{"weight":17.0,"label":"gsh"},{"weight":17.0,"label":"resolution"}]},{"conceptId":10,"clusterId":0,"hexCoordinates":{"x":0.8660254037844386,"y":-1.5},"labels":[{"weight":596.0,"label":"complex"},{"weight":262.0,"label":"ligand"},{"weight":219.0,"label":"ion"},{"weight":218.0,"label":"metal"},{"weight":154.0,"label":"reaction"},{"weight":139.0,"label":"iii"},{"weight":121.0,"label":"compound"},{"weight":107.0,"label":"study"},{"weight":102.0,"label":"thf"},{"weight":101.0,"label":"structure"},{"weight":94.0,"label":"magnetic"},{"weight":86.0,"label":"clo"},{"weight":83.0,"label":"tmp"},{"weight":83.0,"label":"solution"},{"weight":80.0,"label":"coordination"},{"weight":78.0,"label":"reveal"},{"weight":75.0,"label":"bis"},{"weight":69.0,"label":"bridge"},{"weight":69.0,"label":"base"},{"weight":66.0,"label":"meoh"},{"weight":66.0,"label":"species"},{"weight":66.0,"label":"yield"},{"weight":66.0,"label":"nmr"},{"weight":64.0,"label":"sime"},{"weight":64.0,"label":"characterize"}]},{"conceptId":12,"clusterId":0,"hexCoordinates":{"x":1.7320508075688772,"y":3.0},"labels":[{"weight":314.0,"label":"synthesis"},{"weight":172.0,"label":"polymer"},{"weight":158.0,"label":"property"},{"weight":153.0,"label":"unit"},{"weight":141.0,"label":"material"},{"weight":133.0,"label":"base"},{"weight":128.0,"label":"chain"},{"weight":125.0,"label":"assembly"},{"weight":101.0,"label":"compound"},{"weight":99.0,"label":"synthetic"},{"weight":92.0,"label":"block"},{"weight":86.0,"label":"ring"},{"weight":86.0,"label":"report"},{"weight":85.0,"label":"pom"},{"weight":84.0,"label":"synthesize"},{"weight":81.0,"label":"chiral"},{"weight":79.0,"label":"monomer"},{"weight":77.0,"label":"prepare"},{"weight":77.0,"label":"demonstrate"},{"weight":76.0,"label":"molecule"},{"weight":75.0,"label":"route"},{"weight":71.0,"label":"organic"},{"weight":71.0,"label":"side"},{"weight":71.0,"label":"group"},{"weight":71.0,"label":"reaction"}]},{"conceptId":1,"clusterId":0,"hexCoordinates":{"x":1.7320508075688772,"y":-3.0},"labels":[{"weight":129.0,"label":"inf"},{"weight":93.0,"label":"solubility"},{"weight":37.0,"label":"afb"},{"weight":29.0,"label":"ttp"},{"weight":25.0,"label":"amphiphile"},{"weight":23.0,"label":"tmp"},{"weight":21.0,"label":"media"},{"weight":20.0,"label":"fluid"},{"weight":20.0,"label":"point"},{"weight":19.0,"label":"vaginalis"},{"weight":19.0,"label":"ris"},{"weight":18.0,"label":"salt"},{"weight":17.0,"label":"equilibrium"},{"weight":16.0,"label":"simulated"},{"weight":15.0,"label":"foetus"},{"weight":15.0,"label":"intestinal"},{"weight":15.0,"label":"feed"},{"weight":14.0,"label":"fast"},{"weight":13.0,"label":"gar"},{"weight":13.0,"label":"bile"},{"weight":13.0,"label":"component"},{"weight":12.0,"label":"gagp"},{"weight":12.0,"label":"wbc"},{"weight":12.0,"label":"litmp"},{"weight":11.0,"label":"doe"}]},{"conceptId":6,"clusterId":0,"hexCoordinates":{"x":2.598076211353316,"y":1.5},"labels":[{"weight":513.0,"label":"reaction"},{"weight":240.0,"label":"catalyst"},{"weight":120.0,"label":"ldh"},{"weight":104.0,"label":"species"},{"weight":90.0,"label":"methanol"},{"weight":90.0,"label":"hydrogen"},{"weight":88.0,"label":"product"},{"weight":74.0,"label":"radical"},{"weight":69.0,"label":"sulfur"},{"weight":60.0,"label":"temperature"},{"weight":58.0,"label":"hydrogenation"},{"weight":57.0,"label":"conversion"},{"weight":56.0,"label":"oxidation"},{"weight":52.0,"label":"acid"},{"weight":52.0,"label":"produce"},{"weight":49.0,"label":"formation"},{"weight":48.0,"label":"hydroxyl"},{"weight":46.0,"label":"degradation"},{"weight":46.0,"label":"chemical"},{"weight":44.0,"label":"catalytic"},{"weight":41.0,"label":"hydrocarbon"},{"weight":41.0,"label":"form"},{"weight":39.0,"label":"surface"},{"weight":37.0,"label":"zsm"},{"weight":37.0,"label":"time"}]},{"conceptId":13,"clusterId":0,"hexCoordinates":{"x":3.4641016151377544,"y":0.0},"labels":[{"weight":93.0,"label":"lightning"},{"weight":88.0,"label":"flash"},{"weight":81.0,"label":"epr"},{"weight":67.0,"label":"label"},{"weight":65.0,"label":"spin"},{"weight":63.0,"label":"electron"},{"weight":57.0,"label":"distance"},{"weight":56.0,"label":"resonance"},{"weight":53.0,"label":"hill"},{"weight":53.0,"label":"measurement"},{"weight":47.0,"label":"vps"},{"weight":46.0,"label":"hong"},{"weight":45.0,"label":"kong"},{"weight":37.0,"label":"peldor"},{"weight":35.0,"label":"paramagnetic"},{"weight":30.0,"label":"lobster"},{"weight":29.0,"label":"cba"},{"weight":27.0,"label":"double"},{"weight":25.0,"label":"labeling"},{"weight":24.0,"label":"volcanic"},{"weight":24.0,"label":"study"},{"weight":22.0,"label":"pulsed"},{"weight":21.0,"label":"deer"},{"weight":20.0,"label":"ash"},{"weight":19.0,"label":"norvegicus"}]},{"conceptId":5,"clusterId":0,"hexCoordinates":{"x":-0.8660254037844386,"y":1.5},"labels":[{"weight":510.0,"label":"bond"},{"weight":444.0,"label":"ring"},{"weight":367.0,"label":"hydrogen"},{"weight":258.0,"label":"link"},{"weight":208.0,"label":"atom"},{"weight":206.0,"label":"molecule"},{"weight":199.0,"label":"compound"},{"weight":181.0,"label":"structure"},{"weight":178.0,"label":"chain"},{"weight":173.0,"label":"crystal"},{"weight":160.0,"label":"group"},{"weight":149.0,"label":"form"},{"weight":139.0,"label":"interaction"},{"weight":133.0,"label":"angle"},{"weight":132.0,"label":"title"},{"weight":117.0,"label":"methyl"},{"weight":116.0,"label":"mol"},{"weight":111.0,"label":"cation"},{"weight":110.0,"label":"generate"},{"weight":99.0,"label":"conformation"},{"weight":92.0,"label":"ecule"},{"weight":90.0,"label":"dihedral"},{"weight":90.0,"label":"unit"},{"weight":88.0,"label":"dimensional"},{"weight":80.0,"label":"anion"}]},{"conceptId":11,"clusterId":0,"hexCoordinates":{"x":2.598076211353316,"y":-1.5},"labels":[{"weight":237.0,"label":"structure"},{"weight":154.0,"label":"ligand"},{"weight":115.0,"label":"dimer"},{"weight":109.0,"label":"mof"},{"weight":101.0,"label":"crystal"},{"weight":94.0,"label":"binding"},{"weight":82.0,"label":"molecular"},{"weight":79.0,"label":"charge"},{"weight":76.0,"label":"bind"},{"weight":73.0,"label":"organic"},{"weight":72.0,"label":"single"},{"weight":72.0,"label":"property"},{"weight":70.0,"label":"metal"},{"weight":70.0,"label":"molecule"},{"weight":69.0,"label":"transfer"},{"weight":62.0,"label":"functional"},{"weight":60.0,"label":"structural"},{"weight":59.0,"label":"donor"},{"weight":59.0,"label":"site"},{"weight":58.0,"label":"stack"},{"weight":56.0,"label":"pair"},{"weight":51.0,"label":"calculation"},{"weight":51.0,"label":"state"},{"weight":47.0,"label":"acceptor"},{"weight":47.0,"label":"interaction"}]},{"conceptId":7,"clusterId":0,"hexCoordinates":{"x":0.8660254037844386,"y":1.5},"labels":[{"weight":1239.0,"label":"reaction"},{"weight":374.0,"label":"product"},{"weight":333.0,"label":"acid"},{"weight":312.0,"label":"synthesis"},{"weight":240.0,"label":"yield"},{"weight":233.0,"label":"group"},{"weight":228.0,"label":"report"},{"weight":226.0,"label":"catalyst"},{"weight":205.0,"label":"substrate"},{"weight":202.0,"label":"formation"},{"weight":200.0,"label":"bond"},{"weight":193.0,"label":"coupling"},{"weight":189.0,"label":"process"},{"weight":183.0,"label":"aryl"},{"weight":173.0,"label":"amine"},{"weight":169.0,"label":"step"},{"weight":167.0,"label":"ring"},{"weight":162.0,"label":"condition"},{"weight":161.0,"label":"compound"},{"weight":160.0,"label":"ester"},{"weight":154.0,"label":"intermediate"},{"weight":147.0,"label":"reagent"},{"weight":146.0,"label":"radical"},{"weight":145.0,"label":"catalytic"},{"weight":142.0,"label":"form"}]}]}