{"linkageTable":[{"node2":22,"distance":0.4563236362614,"node1":7},{"node2":19,"distance":0.45852253611898497,"node1":10},{"node2":16,"distance":0.467992322599075,"node1":13},{"node2":8,"distance":0.46802953024759497,"node1":6},{"node2":17,"distance":0.47081176436733996,"node1":23},{"node2":21,"distance":0.470980363864675,"node1":12},{"node2":15,"distance":0.474932338259515,"node1":2},{"node2":9,"distance":0.4775667749247675,"node1":29},{"node2":26,"distance":0.48049474149489,"node1":3},{"node2":27,"distance":0.48171051540370335,"node1":5},{"node2":18,"distance":0.483126617161935,"node1":4},{"node2":11,"distance":0.48496819030353,"node1":24},{"node2":14,"distance":0.485323443332815,"node1":1},{"node2":32,"distance":0.4857182872902088,"node1":0},{"node2":25,"distance":0.48651459011803755,"node1":33},{"node2":28,"distance":0.4878793758403308,"node1":31},{"node2":38,"distance":0.48871921910703037,"node1":30},{"node2":34,"distance":0.48971154105320397,"node1":36},{"node2":39,"distance":0.4927037202735586,"node1":40},{"node2":20,"distance":0.49358183215233503,"node1":37},{"node2":42,"distance":0.4960925907678992,"node1":41},{"node2":35,"distance":0.49746996764555795,"node1":43}],"conceptsData":[{"conceptId":10,"clusterId":0,"hexCoordinates":{"x":1.7320508075688772,"y":6.0},"labels":[{"weight":269.0,"label":"memory"},{"weight":106.0,"label":"lesion"},{"weight":104.0,"label":"rest"},{"weight":88.0,"label":"test"},{"weight":74.0,"label":"reward"},{"weight":73.0,"label":"forget"},{"weight":66.0,"label":"consolidation"},{"weight":62.0,"label":"route"},{"weight":58.0,"label":"rat"},{"weight":58.0,"label":"learn"},{"weight":57.0,"label":"learning"},{"weight":51.0,"label":"delay"},{"weight":51.0,"label":"task"},{"weight":49.0,"label":"recognition"},{"weight":47.0,"label":"hippocampus"},{"weight":47.0,"label":"retention"},{"weight":44.0,"label":"present"},{"weight":44.0,"label":"result"},{"weight":43.0,"label":"follow"},{"weight":40.0,"label":"place"},{"weight":37.0,"label":"recurrent"},{"weight":37.0,"label":"spatial"},{"weight":36.0,"label":"maze"},{"weight":34.0,"label":"acquisition"},{"weight":33.0,"label":"conditioning"}]},{"conceptId":13,"clusterId":0,"hexCoordinates":{"x":-3.4641016151377544,"y":3.0},"labels":[{"weight":376.0,"label":"hand"},{"weight":220.0,"label":"gesture"},{"weight":96.0,"label":"block"},{"weight":58.0,"label":"lab"},{"weight":57.0,"label":"finger"},{"weight":52.0,"label":"recommendation"},{"weight":49.0,"label":"recommender"},{"weight":43.0,"label":"wash"},{"weight":37.0,"label":"news"},{"weight":37.0,"label":"timing"},{"weight":36.0,"label":"participant"},{"weight":33.0,"label":"study"},{"weight":30.0,"label":"newsreel"},{"weight":29.0,"label":"side"},{"weight":28.0,"label":"evaluation"},{"weight":26.0,"label":"gestural"},{"weight":26.0,"label":"position"},{"weight":23.0,"label":"base"},{"weight":21.0,"label":"stream"},{"weight":21.0,"label":"final"},{"weight":21.0,"label":"distance"},{"weight":20.0,"label":"tap"},{"weight":19.0,"label":"apraxia"},{"weight":17.0,"label":"frequency"},{"weight":16.0,"label":"lingual"}]},{"conceptId":6,"clusterId":0,"hexCoordinates":{"x":0.0,"y":0.0},"labels":[{"weight":889.0,"label":"word"},{"weight":365.0,"label":"reading"},{"weight":238.0,"label":"read"},{"weight":119.0,"label":"language"},{"weight":111.0,"label":"sentence"},{"weight":109.0,"label":"lexical"},{"weight":106.0,"label":"comprehension"},{"weight":104.0,"label":"frequency"},{"weight":103.0,"label":"phonological"},{"weight":96.0,"label":"processing"},{"weight":95.0,"label":"semantic"},{"weight":91.0,"label":"effect"},{"weight":72.0,"label":"reader"},{"weight":72.0,"label":"form"},{"weight":68.0,"label":"participant"},{"weight":64.0,"label":"related"},{"weight":62.0,"label":"dyslexia"},{"weight":56.0,"label":"error"},{"weight":51.0,"label":"morphological"},{"weight":50.0,"label":"acquisition"},{"weight":49.0,"label":"predictable"},{"weight":48.0,"label":"letter"},{"weight":47.0,"label":"show"},{"weight":47.0,"label":"experiment"},{"weight":41.0,"label":"meaning"}]},{"conceptId":-1,"clusterId":-1,"hexCoordinates":{"x":7.794228634059947,"y":6.0},"labels":[{"weight":2500,"label":"Unclassified"},{"weight":0,"label":""},{"weight":0,"label":""},{"weight":0,"label":""},{"weight":0,"label":""},{"weight":0,"label":""},{"weight":0,"label":""},{"weight":0,"label":""},{"weight":0,"label":""},{"weight":0,"label":""},{"weight":0,"label":""}]},{"conceptId":8,"clusterId":0,"hexCoordinates":{"x":1.7320508075688772,"y":0.0},"labels":[{"weight":8548.0,"label":"effect"},{"weight":6376.0,"label":"study"},{"weight":6169.0,"label":"level"},{"weight":5827.0,"label":"result"},{"weight":5204.0,"label":"show"},{"weight":4424.0,"label":"find"},{"weight":4138.0,"label":"increase"},{"weight":3740.0,"label":"suggest"},{"weight":3539.0,"label":"difference"},{"weight":3138.0,"label":"higher"},{"weight":3000.0,"label":"high"},{"weight":2898.0,"label":"significant"},{"weight":2692.0,"label":"compare"},{"weight":2505.0,"label":"investigate"},{"weight":2216.0,"label":"low"},{"weight":2170.0,"label":"observe"},{"weight":1989.0,"label":"influence"},{"weight":1898.0,"label":"affect"},{"weight":1794.0,"label":"significantly"},{"weight":1787.0,"label":"lower"},{"weight":1761.0,"label":"finding"},{"weight":1743.0,"label":"evidence"},{"weight":1715.0,"label":"impact"},{"weight":1700.0,"label":"analysis"},{"weight":1628.0,"label":"examine"}]},{"conceptId":0,"clusterId":0,"hexCoordinates":{"x":0.0,"y":6.0},"labels":[{"weight":1188.0,"label":"memory"},{"weight":300.0,"label":"work"},{"weight":287.0,"label":"cognitive"},{"weight":172.0,"label":"recall"},{"weight":170.0,"label":"task"},{"weight":146.0,"label":"spatial"},{"weight":138.0,"label":"verbal"},{"weight":127.0,"label":"information"},{"weight":124.0,"label":"cognition"},{"weight":106.0,"label":"effect"},{"weight":100.0,"label":"visual"},{"weight":100.0,"label":"processing"},{"weight":99.0,"label":"performance"},{"weight":92.0,"label":"remember"},{"weight":89.0,"label":"executive"},{"weight":80.0,"label":"ability"},{"weight":74.0,"label":"present"},{"weight":71.0,"label":"capacity"},{"weight":71.0,"label":"term"},{"weight":71.0,"label":"process"},{"weight":70.0,"label":"study"},{"weight":67.0,"label":"involve"},{"weight":63.0,"label":"item"},{"weight":61.0,"label":"episodic"},{"weight":61.0,"label":"investigate"}]},{"conceptId":21,"clusterId":0,"hexCoordinates":{"x":2.598076211353316,"y":1.5},"labels":[{"weight":636.0,"label":"task"},{"weight":249.0,"label":"control"},{"weight":160.0,"label":"participant"},{"weight":146.0,"label":"effect"},{"weight":136.0,"label":"duration"},{"weight":131.0,"label":"inhibition"},{"weight":113.0,"label":"trial"},{"weight":111.0,"label":"switch"},{"weight":98.0,"label":"response"},{"weight":83.0,"label":"measure"},{"weight":81.0,"label":"performance"},{"weight":79.0,"label":"switching"},{"weight":78.0,"label":"difference"},{"weight":72.0,"label":"experiment"},{"weight":69.0,"label":"cue"},{"weight":63.0,"label":"cognitive"},{"weight":62.0,"label":"password"},{"weight":61.0,"label":"result"},{"weight":54.0,"label":"executive"},{"weight":54.0,"label":"finding"},{"weight":53.0,"label":"perform"},{"weight":51.0,"label":"inhibitory"},{"weight":50.0,"label":"time"},{"weight":48.0,"label":"individual"},{"weight":47.0,"label":"complete"}]},{"conceptId":1,"clusterId":0,"hexCoordinates":{"x":3.4641016151377544,"y":3.0},"labels":[{"weight":265.0,"label":"direction"},{"weight":218.0,"label":"head"},{"weight":218.0,"label":"motion"},{"weight":188.0,"label":"symmetry"},{"weight":184.0,"label":"angle"},{"weight":156.0,"label":"position"},{"weight":96.0,"label":"condition"},{"weight":92.0,"label":"location"},{"weight":89.0,"label":"pattern"},{"weight":78.0,"label":"tilt"},{"weight":72.0,"label":"threshold"},{"weight":72.0,"label":"rotation"},{"weight":70.0,"label":"alpha"},{"weight":67.0,"label":"axis"},{"weight":63.0,"label":"symmetric"},{"weight":63.0,"label":"movement"},{"weight":59.0,"label":"move"},{"weight":53.0,"label":"plane"},{"weight":52.0,"label":"back"},{"weight":51.0,"label":"element"},{"weight":48.0,"label":"orientation"},{"weight":46.0,"label":"horizontal"},{"weight":41.0,"label":"delay"},{"weight":41.0,"label":"stimulus"},{"weight":40.0,"label":"symmetrical"}]},{"conceptId":19,"clusterId":0,"hexCoordinates":{"x":3.4641016151377544,"y":6.0},"labels":[{"weight":177.0,"label":"retrieval"},{"weight":157.0,"label":"spc"},{"weight":103.0,"label":"memory"},{"weight":67.0,"label":"schema"},{"weight":63.0,"label":"cue"},{"weight":62.0,"label":"information"},{"weight":58.0,"label":"recollection"},{"weight":43.0,"label":"episodic"},{"weight":42.0,"label":"bpc"},{"weight":41.0,"label":"process"},{"weight":40.0,"label":"tnt"},{"weight":38.0,"label":"retrieve"},{"weight":32.0,"label":"event"},{"weight":31.0,"label":"context"},{"weight":25.0,"label":"semantic"},{"weight":24.0,"label":"autobiographical"},{"weight":23.0,"label":"encode"},{"weight":21.0,"label":"test"},{"weight":20.0,"label":"interference"},{"weight":20.0,"label":"support"},{"weight":20.0,"label":"demonstrate"},{"weight":19.0,"label":"congruent"},{"weight":18.0,"label":"sbm"},{"weight":18.0,"label":"faba"},{"weight":18.0,"label":"word"}]},{"conceptId":20,"clusterId":0,"hexCoordinates":{"x":-3.4641016151377544,"y":6.0},"labels":[{"weight":205.0,"label":"speech"},{"weight":172.0,"label":"ultrasound"},{"weight":130.0,"label":"tongue"},{"weight":127.0,"label":"child"},{"weight":91.0,"label":"therapy"},{"weight":81.0,"label":"error"},{"weight":77.0,"label":"epg"},{"weight":67.0,"label":"sound"},{"weight":60.0,"label":"articulation"},{"weight":55.0,"label":"study"},{"weight":53.0,"label":"visual"},{"weight":49.0,"label":"disorder"},{"weight":49.0,"label":"target"},{"weight":45.0,"label":"biofeedback"},{"weight":42.0,"label":"phonetic"},{"weight":41.0,"label":"palate"},{"weight":39.0,"label":"type"},{"weight":39.0,"label":"production"},{"weight":35.0,"label":"motor"},{"weight":33.0,"label":"assessment"},{"weight":32.0,"label":"articulatory"},{"weight":30.0,"label":"transcription"},{"weight":28.0,"label":"uti"},{"weight":26.0,"label":"ssd"},{"weight":26.0,"label":"measure"}]},{"conceptId":22,"clusterId":0,"hexCoordinates":{"x":0.0,"y":3.0},"labels":[{"weight":1221.0,"label":"object"},{"weight":897.0,"label":"visual"},{"weight":602.0,"label":"eye"},{"weight":478.0,"label":"scene"},{"weight":422.0,"label":"target"},{"weight":344.0,"label":"movement"},{"weight":311.0,"label":"gaze"},{"weight":272.0,"label":"image"},{"weight":267.0,"label":"view"},{"weight":226.0,"label":"color"},{"weight":221.0,"label":"tracking"},{"weight":200.0,"label":"fixation"},{"weight":198.0,"label":"motion"},{"weight":197.0,"label":"vision"},{"weight":192.0,"label":"experiment"},{"weight":162.0,"label":"attention"},{"weight":160.0,"label":"cue"},{"weight":159.0,"label":"feature"},{"weight":149.0,"label":"information"},{"weight":139.0,"label":"participant"},{"weight":138.0,"label":"time"},{"weight":137.0,"label":"task"},{"weight":127.0,"label":"human"},{"weight":126.0,"label":"search"},{"weight":116.0,"label":"move"}]},{"conceptId":15,"clusterId":0,"hexCoordinates":{"x":-1.7320508075688772,"y":0.0},"labels":[{"weight":437.0,"label":"word"},{"weight":364.0,"label":"language"},{"weight":223.0,"label":"semantic"},{"weight":178.0,"label":"meaning"},{"weight":167.0,"label":"context"},{"weight":132.0,"label":"corpus"},{"weight":127.0,"label":"linguistic"},{"weight":113.0,"label":"text"},{"weight":94.0,"label":"reference"},{"weight":90.0,"label":"knowledge"},{"weight":89.0,"label":"verb"},{"weight":89.0,"label":"sentence"},{"weight":86.0,"label":"structure"},{"weight":84.0,"label":"lexicon"},{"weight":82.0,"label":"order"},{"weight":77.0,"label":"vocabulary"},{"weight":71.0,"label":"grammar"},{"weight":67.0,"label":"argument"},{"weight":67.0,"label":"form"},{"weight":66.0,"label":"expression"},{"weight":66.0,"label":"sense"},{"weight":65.0,"label":"representation"},{"weight":63.0,"label":"find"},{"weight":62.0,"label":"lexical"},{"weight":62.0,"label":"discourse"}]},{"conceptId":17,"clusterId":0,"hexCoordinates":{"x":-0.8660254037844386,"y":4.5},"labels":[{"weight":1201.0,"label":"task"},{"weight":586.0,"label":"performance"},{"weight":484.0,"label":"action"},{"weight":339.0,"label":"participant"},{"weight":317.0,"label":"perform"},{"weight":268.0,"label":"study"},{"weight":245.0,"label":"individual"},{"weight":212.0,"label":"result"},{"weight":204.0,"label":"goal"},{"weight":197.0,"label":"ability"},{"weight":195.0,"label":"condition"},{"weight":180.0,"label":"experiment"},{"weight":179.0,"label":"crowd"},{"weight":173.0,"label":"show"},{"weight":166.0,"label":"motion"},{"weight":164.0,"label":"movement"},{"weight":153.0,"label":"suggest"},{"weight":150.0,"label":"control"},{"weight":135.0,"label":"effect"},{"weight":131.0,"label":"perception"},{"weight":128.0,"label":"group"},{"weight":124.0,"label":"related"},{"weight":120.0,"label":"response"},{"weight":116.0,"label":"time"},{"weight":111.0,"label":"investigate"}]},{"conceptId":18,"clusterId":0,"hexCoordinates":{"x":-2.598076211353316,"y":4.5},"labels":[{"weight":900.0,"label":"speech"},{"weight":817.0,"label":"voice"},{"weight":549.0,"label":"speaker"},{"weight":226.0,"label":"pitch"},{"weight":224.0,"label":"acoustic"},{"weight":169.0,"label":"vocal"},{"weight":162.0,"label":"listener"},{"weight":121.0,"label":"word"},{"weight":101.0,"label":"result"},{"weight":100.0,"label":"vowel"},{"weight":99.0,"label":"speak"},{"weight":97.0,"label":"utterance"},{"weight":83.0,"label":"perceptual"},{"weight":82.0,"label":"show"},{"weight":76.0,"label":"recording"},{"weight":75.0,"label":"tone"},{"weight":75.0,"label":"experiment"},{"weight":74.0,"label":"accent"},{"weight":74.0,"label":"synthesis"},{"weight":73.0,"label":"prosodic"},{"weight":67.0,"label":"produce"},{"weight":66.0,"label":"synthetic"},{"weight":66.0,"label":"production"},{"weight":64.0,"label":"duration"},{"weight":61.0,"label":"cue"}]},{"conceptId":14,"clusterId":0,"hexCoordinates":{"x":4.330127018922193,"y":1.5},"labels":[{"weight":132.0,"label":"depth"},{"weight":101.0,"label":"disparity"},{"weight":77.0,"label":"stimulus"},{"weight":71.0,"label":"binocular"},{"weight":42.0,"label":"image"},{"weight":39.0,"label":"perception"},{"weight":26.0,"label":"hbo"},{"weight":26.0,"label":"correlate"},{"weight":24.0,"label":"observer"},{"weight":23.0,"label":"cortex"},{"weight":23.0,"label":"dot"},{"weight":23.0,"label":"order"},{"weight":21.0,"label":"hdr"},{"weight":21.0,"label":"iovd"},{"weight":21.0,"label":"hbr"},{"weight":21.0,"label":"manipulation"},{"weight":21.0,"label":"similarity"},{"weight":21.0,"label":"surface"},{"weight":20.0,"label":"perceive"},{"weight":18.0,"label":"vergence"},{"weight":18.0,"label":"anti"},{"weight":17.0,"label":"stereo"},{"weight":16.0,"label":"monocular"},{"weight":15.0,"label":"coasean"},{"weight":14.0,"label":"meme"}]},{"conceptId":12,"clusterId":0,"hexCoordinates":{"x":0.8660254037844386,"y":1.5},"labels":[{"weight":2465.0,"label":"language"},{"weight":760.0,"label":"english"},{"weight":381.0,"label":"speaker"},{"weight":380.0,"label":"linguistic"},{"weight":260.0,"label":"bilingual"},{"weight":249.0,"label":"native"},{"weight":239.0,"label":"gaelic"},{"weight":154.0,"label":"speak"},{"weight":100.0,"label":"monolingual"},{"weight":98.0,"label":"foreign"},{"weight":94.0,"label":"sign"},{"weight":92.0,"label":"multilingual"},{"weight":92.0,"label":"speaking"},{"weight":92.0,"label":"learner"},{"weight":83.0,"label":"acquisition"},{"weight":82.0,"label":"medium"},{"weight":82.0,"label":"study"},{"weight":81.0,"label":"spanish"},{"weight":74.0,"label":"group"},{"weight":73.0,"label":"german"},{"weight":70.0,"label":"deaf"},{"weight":66.0,"label":"proficiency"},{"weight":63.0,"label":"sli"},{"weight":62.0,"label":"italian"},{"weight":62.0,"label":"context"}]},{"conceptId":11,"clusterId":0,"hexCoordinates":{"x":2.598076211353316,"y":4.5},"labels":[{"weight":645.0,"label":"memory"},{"weight":239.0,"label":"task"},{"weight":182.0,"label":"binding"},{"weight":171.0,"label":"deficit"},{"weight":153.0,"label":"patient"},{"weight":136.0,"label":"performance"},{"weight":132.0,"label":"cognitive"},{"weight":127.0,"label":"test"},{"weight":121.0,"label":"impairment"},{"weight":118.0,"label":"effect"},{"weight":114.0,"label":"recall"},{"weight":106.0,"label":"control"},{"weight":86.0,"label":"frontal"},{"weight":78.0,"label":"condition"},{"weight":77.0,"label":"term"},{"weight":77.0,"label":"suggest"},{"weight":76.0,"label":"show"},{"weight":74.0,"label":"hippocampal"},{"weight":72.0,"label":"short"},{"weight":71.0,"label":"impaired"},{"weight":68.0,"label":"shape"},{"weight":67.0,"label":"visual"},{"weight":67.0,"label":"healthy"},{"weight":65.0,"label":"picture"},{"weight":63.0,"label":"participant"}]},{"conceptId":7,"clusterId":0,"hexCoordinates":{"x":0.8660254037844386,"y":4.5},"labels":[{"weight":504.0,"label":"task"},{"weight":387.0,"label":"attention"},{"weight":330.0,"label":"visual"},{"weight":328.0,"label":"stimulus"},{"weight":305.0,"label":"experiment"},{"weight":278.0,"label":"participant"},{"weight":249.0,"label":"effect"},{"weight":246.0,"label":"memory"},{"weight":230.0,"label":"bias"},{"weight":201.0,"label":"object"},{"weight":199.0,"label":"processing"},{"weight":191.0,"label":"line"},{"weight":179.0,"label":"left"},{"weight":179.0,"label":"present"},{"weight":168.0,"label":"suggest"},{"weight":164.0,"label":"test"},{"weight":164.0,"label":"study"},{"weight":161.0,"label":"item"},{"weight":154.0,"label":"cue"},{"weight":152.0,"label":"spatial"},{"weight":151.0,"label":"condition"},{"weight":149.0,"label":"feature"},{"weight":145.0,"label":"response"},{"weight":137.0,"label":"recognition"},{"weight":135.0,"label":"pattern"}]},{"conceptId":16,"clusterId":0,"hexCoordinates":{"x":-4.330127018922193,"y":4.5},"labels":[{"weight":224.0,"label":"vowel"},{"weight":125.0,"label":"speaker"},{"weight":112.0,"label":"english"},{"weight":107.0,"label":"tongue"},{"weight":77.0,"label":"variation"},{"weight":70.0,"label":"speech"},{"weight":69.0,"label":"class"},{"weight":68.0,"label":"acoustic"},{"weight":65.0,"label":"onset"},{"weight":63.0,"label":"phonological"},{"weight":63.0,"label":"consonant"},{"weight":63.0,"label":"word"},{"weight":62.0,"label":"articulatory"},{"weight":59.0,"label":"coda"},{"weight":56.0,"label":"phonetic"},{"weight":54.0,"label":"analysis"},{"weight":49.0,"label":"variety"},{"weight":49.0,"label":"change"},{"weight":48.0,"label":"pattern"},{"weight":47.0,"label":"scot"},{"weight":47.0,"label":"evidence"},{"weight":45.0,"label":"scottish"},{"weight":43.0,"label":"production"},{"weight":43.0,"label":"difference"},{"weight":43.0,"label":"paper"}]},{"conceptId":2,"clusterId":0,"hexCoordinates":{"x":-0.8660254037844386,"y":1.5},"labels":[{"weight":456.0,"label":"experiment"},{"weight":357.0,"label":"language"},{"weight":212.0,"label":"speaker"},{"weight":210.0,"label":"participant"},{"weight":209.0,"label":"effect"},{"weight":195.0,"label":"sentence"},{"weight":183.0,"label":"linguistic"},{"weight":182.0,"label":"priming"},{"weight":160.0,"label":"suggest"},{"weight":158.0,"label":"production"},{"weight":153.0,"label":"produce"},{"weight":150.0,"label":"show"},{"weight":148.0,"label":"gesture"},{"weight":146.0,"label":"investigate"},{"weight":140.0,"label":"context"},{"weight":137.0,"label":"result"},{"weight":136.0,"label":"communication"},{"weight":134.0,"label":"picture"},{"weight":132.0,"label":"utterance"},{"weight":132.0,"label":"comprehension"},{"weight":127.0,"label":"information"},{"weight":126.0,"label":"cue"},{"weight":125.0,"label":"structure"},{"weight":118.0,"label":"processing"},{"weight":116.0,"label":"structural"}]},{"conceptId":3,"clusterId":0,"hexCoordinates":{"x":0.8660254037844386,"y":-1.5},"labels":[{"weight":633.0,"label":"emotion"},{"weight":503.0,"label":"emotional"},{"weight":381.0,"label":"negative"},{"weight":328.0,"label":"positive"},{"weight":264.0,"label":"affective"},{"weight":148.0,"label":"stimulus"},{"weight":143.0,"label":"response"},{"weight":134.0,"label":"neutral"},{"weight":123.0,"label":"valence"},{"weight":113.0,"label":"affect"},{"weight":99.0,"label":"cognitive"},{"weight":85.0,"label":"fear"},{"weight":78.0,"label":"arousal"},{"weight":73.0,"label":"feeling"},{"weight":64.0,"label":"state"},{"weight":61.0,"label":"cannabis"},{"weight":56.0,"label":"content"},{"weight":53.0,"label":"participant"},{"weight":50.0,"label":"psychology"},{"weight":50.0,"label":"perceive"},{"weight":46.0,"label":"reduce"},{"weight":44.0,"label":"image"},{"weight":43.0,"label":"research"},{"weight":40.0,"label":"physiological"},{"weight":39.0,"label":"induce"}]},{"conceptId":4,"clusterId":0,"hexCoordinates":{"x":-1.7320508075688772,"y":3.0},"labels":[{"weight":508.0,"label":"sound"},{"weight":264.0,"label":"speech"},{"weight":156.0,"label":"auditory"},{"weight":134.0,"label":"hearing"},{"weight":121.0,"label":"voice"},{"weight":101.0,"label":"arabic"},{"weight":77.0,"label":"acoustic"},{"weight":75.0,"label":"noise"},{"weight":69.0,"label":"audio"},{"weight":68.0,"label":"hear"},{"weight":60.0,"label":"test"},{"weight":58.0,"label":"listen"},{"weight":54.0,"label":"vocal"},{"weight":50.0,"label":"intelligibility"},{"weight":50.0,"label":"perception"},{"weight":44.0,"label":"listener"},{"weight":42.0,"label":"condition"},{"weight":37.0,"label":"spike"},{"weight":36.0,"label":"recording"},{"weight":35.0,"label":"part"},{"weight":32.0,"label":"generate"},{"weight":31.0,"label":"dialect"},{"weight":29.0,"label":"vocalization"},{"weight":29.0,"label":"soundscape"},{"weight":28.0,"label":"measure"}]},{"conceptId":9,"clusterId":0,"hexCoordinates":{"x":-2.598076211353316,"y":1.5},"labels":[{"weight":883.0,"label":"learning"},{"weight":744.0,"label":"learn"},{"weight":551.0,"label":"social"},{"weight":415.0,"label":"human"},{"weight":293.0,"label":"cultural"},{"weight":216.0,"label":"cognitive"},{"weight":213.0,"label":"bias"},{"weight":183.0,"label":"culture"},{"weight":181.0,"label":"transmission"},{"weight":172.0,"label":"evolution"},{"weight":162.0,"label":"individual"},{"weight":155.0,"label":"information"},{"weight":141.0,"label":"copy"},{"weight":121.0,"label":"ability"},{"weight":121.0,"label":"experiment"},{"weight":118.0,"label":"mechanism"},{"weight":117.0,"label":"cumulative"},{"weight":117.0,"label":"task"},{"weight":116.0,"label":"cognition"},{"weight":114.0,"label":"participant"},{"weight":112.0,"label":"show"},{"weight":106.0,"label":"evidence"},{"weight":106.0,"label":"context"},{"weight":105.0,"label":"structure"},{"weight":104.0,"label":"behavior"}]},{"conceptId":5,"clusterId":0,"hexCoordinates":{"x":1.7320508075688772,"y":3.0},"labels":[{"weight":1318.0,"label":"face"},{"weight":459.0,"label":"recognition"},{"weight":386.0,"label":"emotion"},{"weight":325.0,"label":"facial"},{"weight":260.0,"label":"participant"},{"weight":223.0,"label":"expression"},{"weight":155.0,"label":"show"},{"weight":153.0,"label":"composite"},{"weight":153.0,"label":"identification"},{"weight":151.0,"label":"emotional"},{"weight":136.0,"label":"effect"},{"weight":133.0,"label":"social"},{"weight":122.0,"label":"present"},{"weight":119.0,"label":"processing"},{"weight":118.0,"label":"experiment"},{"weight":116.0,"label":"task"},{"weight":113.0,"label":"study"},{"weight":106.0,"label":"result"},{"weight":96.0,"label":"lineup"},{"weight":95.0,"label":"memory"},{"weight":92.0,"label":"test"},{"weight":86.0,"label":"unfamiliar"},{"weight":82.0,"label":"familiar"},{"weight":80.0,"label":"video"},{"weight":76.0,"label":"correct"}]}]}