[{"topicData":[{"numberOfDocuments":0.0,"label":"Robert Gordon University"},{"numberOfDocuments":0.0,"label":"Heriot-Watt University"},{"numberOfDocuments":0.0,"label":"Glasgow Caledonian University"},{"numberOfDocuments":0.0,"label":"Queen Margaret University"},{"numberOfDocuments":0.0,"label":"University of Dundee"},{"numberOfDocuments":0.0,"label":"University of the Highlands and Islands"},{"numberOfDocuments":0.0,"label":"Edinburgh Napier University"},{"numberOfDocuments":0.0,"label":"University of Stirling"},{"numberOfDocuments":0.0,"label":"Abertay University"},{"numberOfDocuments":0.0,"label":"University of Aberdeen"},{"numberOfDocuments":0.0,"label":"University of Edinburgh"},{"numberOfDocuments":0.0,"label":"University of the West of Scotland"},{"numberOfDocuments":0.0,"label":"University of Glasgow"},{"numberOfDocuments":0.0,"label":"University of St Andrews"},{"numberOfDocuments":0.0,"label":"University of Strathclyde"}],"conceptId":-1},{"topicData":[{"numberOfDocuments":0.360254066048495,"label":"Robert Gordon University"},{"numberOfDocuments":0.8867435158139054,"label":"Heriot-Watt University"},{"numberOfDocuments":0.0571982873963072,"label":"Glasgow Caledonian University"},{"numberOfDocuments":0.26587861314408223,"label":"Queen Margaret University"},{"numberOfDocuments":2.786044015498718,"label":"University of Dundee"},{"numberOfDocuments":0.20408262489880954,"label":"University of the Highlands and Islands"},{"numberOfDocuments":1.8079669026692802,"label":"Edinburgh Napier University"},{"numberOfDocuments":1.0222897880237567,"label":"University of Stirling"},{"numberOfDocuments":0.05263157894736842,"label":"Abertay University"},{"numberOfDocuments":3.5009162103701748,"label":"University of Aberdeen"},{"numberOfDocuments":7.19549267774084,"label":"University of Edinburgh"},{"numberOfDocuments":0.17283186651998533,"label":"University of the West of Scotland"},{"numberOfDocuments":13.685205056952167,"label":"University of Glasgow"},{"numberOfDocuments":0.8222941524762738,"label":"University of St Andrews"},{"numberOfDocuments":0.6659190647211057,"label":"University of Strathclyde"}],"conceptId":0},{"topicData":[{"numberOfDocuments":0.20499011522841912,"label":"Robert Gordon University"},{"numberOfDocuments":0.13304549376767505,"label":"Heriot-Watt University"},{"numberOfDocuments":1.0178038449993447,"label":"Glasgow Caledonian University"},{"numberOfDocuments":6.502340039509085,"label":"Queen Margaret University"},{"numberOfDocuments":3.5401547003217155,"label":"University of Dundee"},{"numberOfDocuments":0.06109433202456458,"label":"University of the Highlands and Islands"},{"numberOfDocuments":2.8540513270566743,"label":"Edinburgh Napier University"},{"numberOfDocuments":1.3648165104503518,"label":"University of Stirling"},{"numberOfDocuments":0.044043887147335425,"label":"Abertay University"},{"numberOfDocuments":2.485808720876894,"label":"University of Aberdeen"},{"numberOfDocuments":13.129670576919844,"label":"University of Edinburgh"},{"numberOfDocuments":0.2767417354904516,"label":"University of the West of Scotland"},{"numberOfDocuments":8.712648119680253,"label":"University of Glasgow"},{"numberOfDocuments":0.1676609944596747,"label":"University of St Andrews"},{"numberOfDocuments":1.2684529781257021,"label":"University of Strathclyde"}],"conceptId":1},{"topicData":[{"numberOfDocuments":0.20818546256066894,"label":"Robert Gordon University"},{"numberOfDocuments":0.20992785882647358,"label":"Heriot-Watt University"},{"numberOfDocuments":0.12387050799144864,"label":"Glasgow Caledonian University"},{"numberOfDocuments":0.7095069806610925,"label":"Queen Margaret University"},{"numberOfDocuments":6.774835045878698,"label":"University of Dundee"},{"numberOfDocuments":0.759858053969297,"label":"University of the Highlands and Islands"},{"numberOfDocuments":0.4224945500733033,"label":"Edinburgh Napier University"},{"numberOfDocuments":1.7704869716146765,"label":"University of Stirling"},{"numberOfDocuments":0.057692307692307696,"label":"Abertay University"},{"numberOfDocuments":26.555676098945302,"label":"University of Aberdeen"},{"numberOfDocuments":21.15917697116126,"label":"University of Edinburgh"},{"numberOfDocuments":0.272037772053611,"label":"University of the West of Scotland"},{"numberOfDocuments":7.657440852800834,"label":"University of Glasgow"},{"numberOfDocuments":0.5907466686225232,"label":"University of St Andrews"},{"numberOfDocuments":2.518371288364355,"label":"University of Strathclyde"}],"conceptId":2},{"topicData":[{"numberOfDocuments":0.3058585477767537,"label":"Robert Gordon University"},{"numberOfDocuments":0.6118756363221308,"label":"Heriot-Watt University"},{"numberOfDocuments":0.0425531914893617,"label":"Glasgow Caledonian University"},{"numberOfDocuments":0.03662798268172792,"label":"Queen Margaret University"},{"numberOfDocuments":0.8643033303719356,"label":"University of Dundee"},{"numberOfDocuments":0.3930895655440646,"label":"University of the Highlands and Islands"},{"numberOfDocuments":0.1573690545788663,"label":"Edinburgh Napier University"},{"numberOfDocuments":0.16387315755478904,"label":"University of Stirling"},{"numberOfDocuments":0.6512520296429178,"label":"Abertay University"},{"numberOfDocuments":0.6772431462256594,"label":"University of Aberdeen"},{"numberOfDocuments":5.386752377968197,"label":"University of Edinburgh"},{"numberOfDocuments":0.055952380952380955,"label":"University of the West of Scotland"},{"numberOfDocuments":5.027234166205051,"label":"University of Glasgow"},{"numberOfDocuments":0.9708124612553923,"label":"University of St Andrews"},{"numberOfDocuments":0.3539975614780352,"label":"University of Strathclyde"}],"conceptId":3},{"topicData":[{"numberOfDocuments":0.19631036353771025,"label":"Robert Gordon University"},{"numberOfDocuments":2.565044194762844,"label":"Heriot-Watt University"},{"numberOfDocuments":0.11687739619871115,"label":"Glasgow Caledonian University"},{"numberOfDocuments":0.13953488372093023,"label":"Queen Margaret University"},{"numberOfDocuments":0.11533760401727851,"label":"University of Dundee"},{"numberOfDocuments":0.0,"label":"University of the Highlands and Islands"},{"numberOfDocuments":0.9731946997455329,"label":"Edinburgh Napier University"},{"numberOfDocuments":2.075042196188088,"label":"University of Stirling"},{"numberOfDocuments":0.14045066284400953,"label":"Abertay University"},{"numberOfDocuments":0.3686499160973271,"label":"University of Aberdeen"},{"numberOfDocuments":3.4521427374849765,"label":"University of Edinburgh"},{"numberOfDocuments":0.16143287579511215,"label":"University of the West of Scotland"},{"numberOfDocuments":2.2291112718142205,"label":"University of Glasgow"},{"numberOfDocuments":1.062423810708593,"label":"University of St Andrews"},{"numberOfDocuments":0.4559653081718784,"label":"University of Strathclyde"}],"conceptId":4},{"topicData":[{"numberOfDocuments":1.1940599978679445,"label":"Robert Gordon University"},{"numberOfDocuments":1.6319001659098047,"label":"Heriot-Watt University"},{"numberOfDocuments":1.5974709408667063,"label":"Glasgow Caledonian University"},{"numberOfDocuments":3.459321526393069,"label":"Queen Margaret University"},{"numberOfDocuments":20.9202701748586,"label":"University of Dundee"},{"numberOfDocuments":1.216495125731946,"label":"University of the Highlands and Islands"},{"numberOfDocuments":1.4633108429003068,"label":"Edinburgh Napier University"},{"numberOfDocuments":4.706880266928142,"label":"University of Stirling"},{"numberOfDocuments":2.8038384232031346,"label":"Abertay University"},{"numberOfDocuments":12.4964415209365,"label":"University of Aberdeen"},{"numberOfDocuments":47.44976502145336,"label":"University of Edinburgh"},{"numberOfDocuments":1.6569100846675457,"label":"University of the West of Scotland"},{"numberOfDocuments":52.28045960614964,"label":"University of Glasgow"},{"numberOfDocuments":7.037497135292534,"label":"University of St Andrews"},{"numberOfDocuments":8.970034949280118,"label":"University of Strathclyde"}],"conceptId":5},{"topicData":[{"numberOfDocuments":3.953994217739391,"label":"Robert Gordon University"},{"numberOfDocuments":5.652482063787578,"label":"Heriot-Watt University"},{"numberOfDocuments":5.569217513868413,"label":"Glasgow Caledonian University"},{"numberOfDocuments":7.1115288698310035,"label":"Queen Margaret University"},{"numberOfDocuments":43.59010245652675,"label":"University of Dundee"},{"numberOfDocuments":3.083793060421846,"label":"University of the Highlands and Islands"},{"numberOfDocuments":6.930813131989119,"label":"Edinburgh Napier University"},{"numberOfDocuments":12.064856826467194,"label":"University of Stirling"},{"numberOfDocuments":2.121976820160228,"label":"Abertay University"},{"numberOfDocuments":30.385205674169097,"label":"University of Aberdeen"},{"numberOfDocuments":88.40487749993811,"label":"University of Edinburgh"},{"numberOfDocuments":2.7413051826789343,"label":"University of the West of Scotland"},{"numberOfDocuments":97.35200849616986,"label":"University of Glasgow"},{"numberOfDocuments":17.808694444984074,"label":"University of St Andrews"},{"numberOfDocuments":28.335547028511836,"label":"University of Strathclyde"}],"conceptId":6},{"topicData":[{"numberOfDocuments":0.4942069830047511,"label":"Robert Gordon University"},{"numberOfDocuments":0.5893965221441417,"label":"Heriot-Watt University"},{"numberOfDocuments":0.21790848261754073,"label":"Glasgow Caledonian University"},{"numberOfDocuments":1.556988860519189,"label":"Queen Margaret University"},{"numberOfDocuments":18.310509188997592,"label":"University of Dundee"},{"numberOfDocuments":0.2316863627033993,"label":"University of the Highlands and Islands"},{"numberOfDocuments":0.8287825598007521,"label":"Edinburgh Napier University"},{"numberOfDocuments":1.07288311500111,"label":"University of Stirling"},{"numberOfDocuments":0.07460163413191365,"label":"Abertay University"},{"numberOfDocuments":5.501534355842864,"label":"University of Aberdeen"},{"numberOfDocuments":21.886815939226594,"label":"University of Edinburgh"},{"numberOfDocuments":0.6711607546894525,"label":"University of the West of Scotland"},{"numberOfDocuments":12.33360777477362,"label":"University of Glasgow"},{"numberOfDocuments":1.0634473384642686,"label":"University of St Andrews"},{"numberOfDocuments":2.6707264087267593,"label":"University of Strathclyde"}],"conceptId":7},{"topicData":[{"numberOfDocuments":0.045274165806673546,"label":"Robert Gordon University"},{"numberOfDocuments":0.033662516101331044,"label":"Heriot-Watt University"},{"numberOfDocuments":0.8810221465451509,"label":"Glasgow Caledonian University"},{"numberOfDocuments":0.2932466852341165,"label":"Queen Margaret University"},{"numberOfDocuments":12.122733535932241,"label":"University of Dundee"},{"numberOfDocuments":0.20038369304556355,"label":"University of the Highlands and Islands"},{"numberOfDocuments":0.7428781109184366,"label":"Edinburgh Napier University"},{"numberOfDocuments":0.43898460843460785,"label":"University of Stirling"},{"numberOfDocuments":0.04949763593380614,"label":"Abertay University"},{"numberOfDocuments":22.567338118452223,"label":"University of Aberdeen"},{"numberOfDocuments":9.770953921117501,"label":"University of Edinburgh"},{"numberOfDocuments":0.07588210875882109,"label":"University of the West of Scotland"},{"numberOfDocuments":5.741283245131109,"label":"University of Glasgow"},{"numberOfDocuments":0.4392546702883424,"label":"University of St Andrews"},{"numberOfDocuments":2.2866779355824045,"label":"University of Strathclyde"}],"conceptId":8},{"topicData":[{"numberOfDocuments":2.149955671420829,"label":"Robert Gordon University"},{"numberOfDocuments":2.0231095408925586,"label":"Heriot-Watt University"},{"numberOfDocuments":1.5335886745133096,"label":"Glasgow Caledonian University"},{"numberOfDocuments":4.198517972283384,"label":"Queen Margaret University"},{"numberOfDocuments":21.418897268095584,"label":"University of Dundee"},{"numberOfDocuments":1.827004364261206,"label":"University of the Highlands and Islands"},{"numberOfDocuments":4.045743056206462,"label":"Edinburgh Napier University"},{"numberOfDocuments":6.48729337226254,"label":"University of Stirling"},{"numberOfDocuments":0.776759488944912,"label":"Abertay University"},{"numberOfDocuments":13.933727407288774,"label":"University of Aberdeen"},{"numberOfDocuments":56.036170764562236,"label":"University of Edinburgh"},{"numberOfDocuments":1.6111325363043656,"label":"University of the West of Scotland"},{"numberOfDocuments":38.80803770226613,"label":"University of Glasgow"},{"numberOfDocuments":6.263409963158942,"label":"University of St Andrews"},{"numberOfDocuments":8.924381665002556,"label":"University of Strathclyde"}],"conceptId":9},{"topicData":[{"numberOfDocuments":0.03692865105908584,"label":"Robert Gordon University"},{"numberOfDocuments":0.0,"label":"Heriot-Watt University"},{"numberOfDocuments":0.08262535398967183,"label":"Glasgow Caledonian University"},{"numberOfDocuments":0.645538013185072,"label":"Queen Margaret University"},{"numberOfDocuments":1.8373474509068302,"label":"University of Dundee"},{"numberOfDocuments":0.022556390977443608,"label":"University of the Highlands and Islands"},{"numberOfDocuments":1.5318235965617828,"label":"Edinburgh Napier University"},{"numberOfDocuments":0.5204382898892175,"label":"University of Stirling"},{"numberOfDocuments":0.3938364387267208,"label":"Abertay University"},{"numberOfDocuments":1.7833642360389717,"label":"University of Aberdeen"},{"numberOfDocuments":5.2100625783702466,"label":"University of Edinburgh"},{"numberOfDocuments":0.07092198581560283,"label":"University of the West of Scotland"},{"numberOfDocuments":5.437786940722964,"label":"University of Glasgow"},{"numberOfDocuments":0.24499416163473098,"label":"University of St Andrews"},{"numberOfDocuments":0.7205478322610233,"label":"University of Strathclyde"}],"conceptId":10},{"topicData":[{"numberOfDocuments":0.11953507090140034,"label":"Robert Gordon University"},{"numberOfDocuments":0.5222371244195027,"label":"Heriot-Watt University"},{"numberOfDocuments":1.0706703347093147,"label":"Glasgow Caledonian University"},{"numberOfDocuments":1.2940176317764622,"label":"Queen Margaret University"},{"numberOfDocuments":2.912235406462394,"label":"University of Dundee"},{"numberOfDocuments":0.265625,"label":"University of the Highlands and Islands"},{"numberOfDocuments":0.13967849828811804,"label":"Edinburgh Napier University"},{"numberOfDocuments":0.8083646710184763,"label":"University of Stirling"},{"numberOfDocuments":0.056338028169014086,"label":"Abertay University"},{"numberOfDocuments":3.3693557098907765,"label":"University of Aberdeen"},{"numberOfDocuments":6.269683430662511,"label":"University of Edinburgh"},{"numberOfDocuments":0.12218821241251773,"label":"University of the West of Scotland"},{"numberOfDocuments":9.307031879364215,"label":"University of Glasgow"},{"numberOfDocuments":0.6922402494306257,"label":"University of St Andrews"},{"numberOfDocuments":0.9997963952550063,"label":"University of Strathclyde"}],"conceptId":11},{"topicData":[{"numberOfDocuments":0.6716699162626825,"label":"Robert Gordon University"},{"numberOfDocuments":0.3156663589956123,"label":"Heriot-Watt University"},{"numberOfDocuments":0.5553518587619456,"label":"Glasgow Caledonian University"},{"numberOfDocuments":1.0892444108153707,"label":"Queen Margaret University"},{"numberOfDocuments":1.6840109463213162,"label":"University of Dundee"},{"numberOfDocuments":0.2195635570103655,"label":"University of the Highlands and Islands"},{"numberOfDocuments":0.7082838341145318,"label":"Edinburgh Napier University"},{"numberOfDocuments":1.1247528149337818,"label":"University of Stirling"},{"numberOfDocuments":0.06201550387596899,"label":"Abertay University"},{"numberOfDocuments":1.2828530291348084,"label":"University of Aberdeen"},{"numberOfDocuments":5.52008487414636,"label":"University of Edinburgh"},{"numberOfDocuments":0.25874627185382126,"label":"University of the West of Scotland"},{"numberOfDocuments":2.5868004325921716,"label":"University of Glasgow"},{"numberOfDocuments":1.1840745443762541,"label":"University of St Andrews"},{"numberOfDocuments":42.04991888240086,"label":"University of Strathclyde"}],"conceptId":12},{"topicData":[{"numberOfDocuments":0.8150507026064663,"label":"Robert Gordon University"},{"numberOfDocuments":0.25499675453618764,"label":"Heriot-Watt University"},{"numberOfDocuments":0.7529624851366178,"label":"Glasgow Caledonian University"},{"numberOfDocuments":1.8726735805374861,"label":"Queen Margaret University"},{"numberOfDocuments":12.43560978225467,"label":"University of Dundee"},{"numberOfDocuments":0.5240751198941337,"label":"University of the Highlands and Islands"},{"numberOfDocuments":1.4226155471021744,"label":"Edinburgh Napier University"},{"numberOfDocuments":1.828880553755663,"label":"University of Stirling"},{"numberOfDocuments":0.2079623360373885,"label":"Abertay University"},{"numberOfDocuments":10.037022862409835,"label":"University of Aberdeen"},{"numberOfDocuments":22.75627533826706,"label":"University of Edinburgh"},{"numberOfDocuments":0.5103624215767585,"label":"University of the West of Scotland"},{"numberOfDocuments":19.076946766222232,"label":"University of Glasgow"},{"numberOfDocuments":0.8112889672914507,"label":"University of St Andrews"},{"numberOfDocuments":8.848442563714187,"label":"University of Strathclyde"}],"conceptId":13},{"topicData":[{"numberOfDocuments":5.721338835922306,"label":"Robert Gordon University"},{"numberOfDocuments":1.9044046374846235,"label":"Heriot-Watt University"},{"numberOfDocuments":4.506151577349716,"label":"Glasgow Caledonian University"},{"numberOfDocuments":15.649709101045163,"label":"Queen Margaret University"},{"numberOfDocuments":33.33160588023314,"label":"University of Dundee"},{"numberOfDocuments":2.5607360894792444,"label":"University of the Highlands and Islands"},{"numberOfDocuments":8.323518363817326,"label":"Edinburgh Napier University"},{"numberOfDocuments":18.353934690314542,"label":"University of Stirling"},{"numberOfDocuments":2.0765875926282518,"label":"Abertay University"},{"numberOfDocuments":21.266386509152888,"label":"University of Aberdeen"},{"numberOfDocuments":59.56966764051374,"label":"University of Edinburgh"},{"numberOfDocuments":2.648306150862065,"label":"University of the West of Scotland"},{"numberOfDocuments":68.04128042614558,"label":"University of Glasgow"},{"numberOfDocuments":12.17877530338565,"label":"University of St Andrews"},{"numberOfDocuments":24.119607857040567,"label":"University of Strathclyde"}],"conceptId":14},{"topicData":[{"numberOfDocuments":0.035211267605633804,"label":"Robert Gordon University"},{"numberOfDocuments":0.255873479996287,"label":"Heriot-Watt University"},{"numberOfDocuments":0.0,"label":"Glasgow Caledonian University"},{"numberOfDocuments":0.31422001143019,"label":"Queen Margaret University"},{"numberOfDocuments":1.4950828198668829,"label":"University of Dundee"},{"numberOfDocuments":0.4960497835497835,"label":"University of the Highlands and Islands"},{"numberOfDocuments":0.7607707024198005,"label":"Edinburgh Napier University"},{"numberOfDocuments":1.2818614668762152,"label":"University of Stirling"},{"numberOfDocuments":0.24918778427550356,"label":"Abertay University"},{"numberOfDocuments":4.361925565652066,"label":"University of Aberdeen"},{"numberOfDocuments":9.736479900646296,"label":"University of Edinburgh"},{"numberOfDocuments":0.3363441679363467,"label":"University of the West of Scotland"},{"numberOfDocuments":5.8320959004604696,"label":"University of Glasgow"},{"numberOfDocuments":0.06243268431244524,"label":"University of St Andrews"},{"numberOfDocuments":1.2660895245036776,"label":"University of Strathclyde"}],"conceptId":15},{"topicData":[{"numberOfDocuments":1.7806334226951117,"label":"Robert Gordon University"},{"numberOfDocuments":0.09713153203865277,"label":"Heriot-Watt University"},{"numberOfDocuments":5.068670131866126,"label":"Glasgow Caledonian University"},{"numberOfDocuments":0.37244374307695555,"label":"Queen Margaret University"},{"numberOfDocuments":11.576743071903461,"label":"University of Dundee"},{"numberOfDocuments":0.15314438191699187,"label":"University of the Highlands and Islands"},{"numberOfDocuments":1.1169475588414655,"label":"Edinburgh Napier University"},{"numberOfDocuments":1.7547628414167646,"label":"University of Stirling"},{"numberOfDocuments":0.02247191011235955,"label":"Abertay University"},{"numberOfDocuments":3.834509237111795,"label":"University of Aberdeen"},{"numberOfDocuments":10.704902549124318,"label":"University of Edinburgh"},{"numberOfDocuments":0.9310666033305924,"label":"University of the West of Scotland"},{"numberOfDocuments":6.525433211699152,"label":"University of Glasgow"},{"numberOfDocuments":3.3368867440808723,"label":"University of St Andrews"},{"numberOfDocuments":25.946891845889475,"label":"University of Strathclyde"}],"conceptId":16},{"topicData":[{"numberOfDocuments":1.1458881353363521,"label":"Robert Gordon University"},{"numberOfDocuments":0.4108998134772181,"label":"Heriot-Watt University"},{"numberOfDocuments":2.08267920803376,"label":"Glasgow Caledonian University"},{"numberOfDocuments":2.1723788585782957,"label":"Queen Margaret University"},{"numberOfDocuments":7.5065641896800175,"label":"University of Dundee"},{"numberOfDocuments":0.1341020175247999,"label":"University of the Highlands and Islands"},{"numberOfDocuments":1.1387937375272652,"label":"Edinburgh Napier University"},{"numberOfDocuments":4.01885782022939,"label":"University of Stirling"},{"numberOfDocuments":0.24059165420251158,"label":"Abertay University"},{"numberOfDocuments":7.862073343490111,"label":"University of Aberdeen"},{"numberOfDocuments":14.839993200879297,"label":"University of Edinburgh"},{"numberOfDocuments":0.8524354472864026,"label":"University of the West of Scotland"},{"numberOfDocuments":17.660422859457846,"label":"University of Glasgow"},{"numberOfDocuments":1.7618748777670454,"label":"University of St Andrews"},{"numberOfDocuments":2.2419413719881307,"label":"University of Strathclyde"}],"conceptId":17},{"topicData":[{"numberOfDocuments":0.16124730377305369,"label":"Robert Gordon University"},{"numberOfDocuments":0.7141224686024977,"label":"Heriot-Watt University"},{"numberOfDocuments":0.27051060474742394,"label":"Glasgow Caledonian University"},{"numberOfDocuments":1.0201275708978523,"label":"Queen Margaret University"},{"numberOfDocuments":5.858128881502192,"label":"University of Dundee"},{"numberOfDocuments":0.3765017055127935,"label":"University of the Highlands and Islands"},{"numberOfDocuments":0.26377603686217277,"label":"Edinburgh Napier University"},{"numberOfDocuments":1.4609342297031387,"label":"University of Stirling"},{"numberOfDocuments":0.1456929801589996,"label":"Abertay University"},{"numberOfDocuments":4.289436548360786,"label":"University of Aberdeen"},{"numberOfDocuments":13.215556564024393,"label":"University of Edinburgh"},{"numberOfDocuments":0.4079439811099103,"label":"University of the West of Scotland"},{"numberOfDocuments":5.039038452274654,"label":"University of Glasgow"},{"numberOfDocuments":1.0078578108427227,"label":"University of St Andrews"},{"numberOfDocuments":1.1410691185629454,"label":"University of Strathclyde"}],"conceptId":18},{"topicData":[{"numberOfDocuments":0.995245544291028,"label":"Robert Gordon University"},{"numberOfDocuments":0.7979804569133697,"label":"Heriot-Watt University"},{"numberOfDocuments":3.999773542136336,"label":"Glasgow Caledonian University"},{"numberOfDocuments":2.37351833992925,"label":"Queen Margaret University"},{"numberOfDocuments":26.141301272345455,"label":"University of Dundee"},{"numberOfDocuments":0.5152371698318328,"label":"University of the Highlands and Islands"},{"numberOfDocuments":3.0230006298064223,"label":"Edinburgh Napier University"},{"numberOfDocuments":5.862782184189696,"label":"University of Stirling"},{"numberOfDocuments":0.5242362418248586,"label":"Abertay University"},{"numberOfDocuments":22.196805109192184,"label":"University of Aberdeen"},{"numberOfDocuments":45.46708005500959,"label":"University of Edinburgh"},{"numberOfDocuments":1.6960408102999542,"label":"University of the West of Scotland"},{"numberOfDocuments":58.19376621021559,"label":"University of Glasgow"},{"numberOfDocuments":6.9277431687509905,"label":"University of St Andrews"},{"numberOfDocuments":9.309672170973359,"label":"University of Strathclyde"}],"conceptId":19},{"topicData":[{"numberOfDocuments":2.920228197766619,"label":"Robert Gordon University"},{"numberOfDocuments":4.590348208008359,"label":"Heriot-Watt University"},{"numberOfDocuments":3.7239319492380303,"label":"Glasgow Caledonian University"},{"numberOfDocuments":5.968150387597623,"label":"Queen Margaret University"},{"numberOfDocuments":29.092354109440837,"label":"University of Dundee"},{"numberOfDocuments":3.9621188596031542,"label":"University of the Highlands and Islands"},{"numberOfDocuments":5.378553259782465,"label":"Edinburgh Napier University"},{"numberOfDocuments":10.86452683828755,"label":"University of Stirling"},{"numberOfDocuments":1.24787114304131,"label":"Abertay University"},{"numberOfDocuments":28.66916261617718,"label":"University of Aberdeen"},{"numberOfDocuments":103.66079181021861,"label":"University of Edinburgh"},{"numberOfDocuments":3.9008080481624625,"label":"University of the West of Scotland"},{"numberOfDocuments":85.71984574234263,"label":"University of Glasgow"},{"numberOfDocuments":11.13962355015999,"label":"University of St Andrews"},{"numberOfDocuments":15.199156744363364,"label":"University of Strathclyde"}],"conceptId":20}]