{"linkageTable":[{"node2":6,"distance":0.45567882830989,"node1":2},{"node2":3,"distance":0.45995751756156,"node1":13},{"node2":4,"distance":0.4746035851783266,"node1":14},{"node2":8,"distance":0.479923297513225,"node1":1},{"node2":10,"distance":0.4836043800903475,"node1":15},{"node2":9,"distance":0.484877578263095,"node1":7},{"node2":17,"distance":0.487546041413918,"node1":0},{"node2":11,"distance":0.4901082959352383,"node1":19},{"node2":18,"distance":0.4928959982464975,"node1":16},{"node2":5,"distance":0.49673054093916247,"node1":21},{"node2":12,"distance":0.49741002235833703,"node1":22},{"node2":23,"distance":0.4977216590570308,"node1":20}],"conceptsData":[{"conceptId":2,"clusterId":0,"hexCoordinates":{"x":0.0,"y":0.0},"labels":[{"weight":242.0,"label":"date"},{"weight":193.0,"label":"site"},{"weight":142.0,"label":"neolithic"},{"weight":135.0,"label":"age"},{"weight":133.0,"label":"archaeological"},{"weight":120.0,"label":"cal"},{"weight":108.0,"label":"radiocarbon"},{"weight":104.0,"label":"early"},{"weight":81.0,"label":"mesolithic"},{"weight":78.0,"label":"burial"},{"weight":72.0,"label":"bronze"},{"weight":70.0,"label":"human"},{"weight":69.0,"label":"period"},{"weight":68.0,"label":"settlement"},{"weight":68.0,"label":"result"},{"weight":64.0,"label":"chronology"},{"weight":63.0,"label":"evidence"},{"weight":62.0,"label":"activity"},{"weight":61.0,"label":"remains"},{"weight":60.0,"label":"bone"},{"weight":59.0,"label":"century"},{"weight":56.0,"label":"excavation"},{"weight":56.0,"label":"late"},{"weight":53.0,"label":"iron"},{"weight":52.0,"label":"millennium"}]},{"conceptId":0,"clusterId":0,"hexCoordinates":{"x":2.598076211353316,"y":-1.5},"labels":[{"weight":146.0,"label":"wild"},{"weight":118.0,"label":"domestic"},{"weight":104.0,"label":"pig"},{"weight":79.0,"label":"domestication"},{"weight":74.0,"label":"cattle"},{"weight":72.0,"label":"population"},{"weight":67.0,"label":"modern"},{"weight":64.0,"label":"animal"},{"weight":61.0,"label":"analysis"},{"weight":61.0,"label":"human"},{"weight":58.0,"label":"european"},{"weight":55.0,"label":"europe"},{"weight":54.0,"label":"origin"},{"weight":53.0,"label":"genetic"},{"weight":51.0,"label":"boar"},{"weight":51.0,"label":"early"},{"weight":43.0,"label":"zebu"},{"weight":39.0,"label":"ancestry"},{"weight":38.0,"label":"genome"},{"weight":37.0,"label":"domesticate"},{"weight":37.0,"label":"ancient"},{"weight":36.0,"label":"east"},{"weight":35.0,"label":"asia"},{"weight":34.0,"label":"taurine"},{"weight":32.0,"label":"admixture"}]},{"conceptId":6,"clusterId":0,"hexCoordinates":{"x":1.7320508075688772,"y":0.0},"labels":[{"weight":1040.0,"label":"site"},{"weight":308.0,"label":"north"},{"weight":254.0,"label":"island"},{"weight":174.0,"label":"region"},{"weight":170.0,"label":"human"},{"weight":167.0,"label":"record"},{"weight":148.0,"label":"northern"},{"weight":140.0,"label":"data"},{"weight":134.0,"label":"present"},{"weight":121.0,"label":"shetland"},{"weight":119.0,"label":"south"},{"weight":114.0,"label":"range"},{"weight":111.0,"label":"atlantic"},{"weight":106.0,"label":"suggest"},{"weight":105.0,"label":"marine"},{"weight":104.0,"label":"date"},{"weight":94.0,"label":"scotland"},{"weight":92.0,"label":"sea"},{"weight":92.0,"label":"resource"},{"weight":92.0,"label":"local"},{"weight":90.0,"label":"analysis"},{"weight":88.0,"label":"late"},{"weight":82.0,"label":"past"},{"weight":82.0,"label":"western"},{"weight":81.0,"label":"settlement"}]},{"conceptId":11,"clusterId":0,"hexCoordinates":{"x":-1.7320508075688772,"y":0.0},"labels":[{"weight":126.0,"label":"date"},{"weight":124.0,"label":"luminescence"},{"weight":118.0,"label":"sample"},{"weight":87.0,"label":"osl"},{"weight":67.0,"label":"sediment"},{"weight":66.0,"label":"age"},{"weight":56.0,"label":"sand"},{"weight":44.0,"label":"laboratory"},{"weight":43.0,"label":"quartz"},{"weight":43.0,"label":"wastage"},{"weight":40.0,"label":"dose"},{"weight":39.0,"label":"signal"},{"weight":36.0,"label":"chronology"},{"weight":36.0,"label":"profile"},{"weight":34.0,"label":"sequence"},{"weight":33.0,"label":"stimulate"},{"weight":30.0,"label":"sutl"},{"weight":29.0,"label":"material"},{"weight":28.0,"label":"site"},{"weight":27.0,"label":"optically"},{"weight":27.0,"label":"measurement"},{"weight":25.0,"label":"rate"},{"weight":23.0,"label":"profiling"},{"weight":23.0,"label":"grain"},{"weight":22.0,"label":"section"}]},{"conceptId":-1,"clusterId":-1,"hexCoordinates":{"x":6.06217782649107,"y":1.5},"labels":[{"weight":2500,"label":"Unclassified"},{"weight":0,"label":""},{"weight":0,"label":""},{"weight":0,"label":""},{"weight":0,"label":""},{"weight":0,"label":""},{"weight":0,"label":""},{"weight":0,"label":""},{"weight":0,"label":""},{"weight":0,"label":""},{"weight":0,"label":""}]},{"conceptId":5,"clusterId":0,"hexCoordinates":{"x":1.7320508075688772,"y":-6.0},"labels":[{"weight":68.0,"label":"spruce"},{"weight":57.0,"label":"ireland"},{"weight":52.0,"label":"larch"},{"weight":48.0,"label":"medieval"},{"weight":47.0,"label":"picea"},{"weight":45.0,"label":"grade"},{"weight":44.0,"label":"area"},{"weight":39.0,"label":"irish"},{"weight":39.0,"label":"kingdom"},{"weight":37.0,"label":"manuscript"},{"weight":36.0,"label":"sitka"},{"weight":35.0,"label":"japanese"},{"weight":33.0,"label":"church"},{"weight":32.0,"label":"larix"},{"weight":31.0,"label":"cult"},{"weight":31.0,"label":"print"},{"weight":31.0,"label":"scottish"},{"weight":29.0,"label":"walpole"},{"weight":29.0,"label":"britain"},{"weight":28.0,"label":"century"},{"weight":28.0,"label":"unite"},{"weight":28.0,"label":"scotland"},{"weight":27.0,"label":"saint"},{"weight":26.0,"label":"abbey"},{"weight":24.0,"label":"gothic"}]},{"conceptId":9,"clusterId":0,"hexCoordinates":{"x":1.7320508075688772,"y":-3.0},"labels":[{"weight":962.0,"label":"unite"},{"weight":911.0,"label":"kingdom"},{"weight":728.0,"label":"country"},{"weight":594.0,"label":"australia"},{"weight":498.0,"label":"europe"},{"weight":493.0,"label":"region"},{"weight":467.0,"label":"north"},{"weight":462.0,"label":"study"},{"weight":377.0,"label":"year"},{"weight":326.0,"label":"australian"},{"weight":325.0,"label":"state"},{"weight":308.0,"label":"america"},{"weight":303.0,"label":"western"},{"weight":255.0,"label":"world"},{"weight":252.0,"label":"south"},{"weight":252.0,"label":"canada"},{"weight":239.0,"label":"global"},{"weight":227.0,"label":"base"},{"weight":226.0,"label":"usa"},{"weight":225.0,"label":"united"},{"weight":225.0,"label":"number"},{"weight":210.0,"label":"report"},{"weight":201.0,"label":"european"},{"weight":196.0,"label":"east"},{"weight":191.0,"label":"zealand"}]},{"conceptId":10,"clusterId":0,"hexCoordinates":{"x":0.8660254037844386,"y":1.5},"labels":[{"weight":295.0,"label":"tolerance"},{"weight":92.0,"label":"charcoal"},{"weight":59.0,"label":"cold"},{"weight":52.0,"label":"fly"},{"weight":46.0,"label":"cave"},{"weight":45.0,"label":"acclimation"},{"weight":32.0,"label":"tolerant"},{"weight":31.0,"label":"high"},{"weight":29.0,"label":"pollen"},{"weight":26.0,"label":"burnt"},{"weight":26.0,"label":"low"},{"weight":23.0,"label":"sag"},{"weight":23.0,"label":"drosophila"},{"weight":21.0,"label":"freezing"},{"weight":18.0,"label":"mound"},{"weight":18.0,"label":"animal"},{"weight":16.0,"label":"herb"},{"weight":14.0,"label":"woodland"},{"weight":14.0,"label":"lethal"},{"weight":14.0,"label":"breadth"},{"weight":13.0,"label":"increase"},{"weight":12.0,"label":"bbec"},{"weight":12.0,"label":"physiological"},{"weight":12.0,"label":"function"},{"weight":11.0,"label":"angus"}]},{"conceptId":12,"clusterId":0,"hexCoordinates":{"x":2.598076211353316,"y":-4.5},"labels":[{"weight":921.0,"label":"china"},{"weight":798.0,"label":"chinese"},{"weight":93.0,"label":"kong"},{"weight":91.0,"label":"hong"},{"weight":79.0,"label":"province"},{"weight":63.0,"label":"western"},{"weight":57.0,"label":"mainland"},{"weight":45.0,"label":"people"},{"weight":41.0,"label":"beij"},{"weight":39.0,"label":"number"},{"weight":33.0,"label":"base"},{"weight":30.0,"label":"conduct"},{"weight":29.0,"label":"reform"},{"weight":28.0,"label":"mandarin"},{"weight":28.0,"label":"large"},{"weight":27.0,"label":"county"},{"weight":27.0,"label":"urban"},{"weight":25.0,"label":"taiwan"},{"weight":25.0,"label":"country"},{"weight":24.0,"label":"rural"},{"weight":24.0,"label":"city"},{"weight":24.0,"label":"adopt"},{"weight":23.0,"label":"national"},{"weight":23.0,"label":"status"},{"weight":19.0,"label":"infrastructure"}]},{"conceptId":8,"clusterId":0,"hexCoordinates":{"x":-0.8660254037844386,"y":-4.5},"labels":[{"weight":348.0,"label":"religious"},{"weight":145.0,"label":"muslim"},{"weight":139.0,"label":"religion"},{"weight":114.0,"label":"church"},{"weight":95.0,"label":"faith"},{"weight":68.0,"label":"people"},{"weight":59.0,"label":"secular"},{"weight":54.0,"label":"spiritual"},{"weight":51.0,"label":"belief"},{"weight":48.0,"label":"christian"},{"weight":45.0,"label":"include"},{"weight":42.0,"label":"islamic"},{"weight":40.0,"label":"young"},{"weight":39.0,"label":"group"},{"weight":35.0,"label":"society"},{"weight":34.0,"label":"minority"},{"weight":32.0,"label":"social"},{"weight":31.0,"label":"encounter"},{"weight":28.0,"label":"religiosity"},{"weight":28.0,"label":"focus"},{"weight":28.0,"label":"experience"},{"weight":27.0,"label":"christianity"},{"weight":26.0,"label":"catholic"},{"weight":25.0,"label":"conversion"},{"weight":23.0,"label":"evangelical"}]},{"conceptId":3,"clusterId":0,"hexCoordinates":{"x":0.8660254037844386,"y":-1.5},"labels":[{"weight":144.0,"label":"century"},{"weight":140.0,"label":"landscape"},{"weight":137.0,"label":"orkney"},{"weight":105.0,"label":"settlement"},{"weight":99.0,"label":"period"},{"weight":91.0,"label":"early"},{"weight":87.0,"label":"archaeological"},{"weight":84.0,"label":"evidence"},{"weight":80.0,"label":"place"},{"weight":76.0,"label":"site"},{"weight":75.0,"label":"building"},{"weight":62.0,"label":"roman"},{"weight":61.0,"label":"medieval"},{"weight":57.0,"label":"scotland"},{"weight":56.0,"label":"late"},{"weight":51.0,"label":"norse"},{"weight":51.0,"label":"date"},{"weight":49.0,"label":"burial"},{"weight":49.0,"label":"archaeology"},{"weight":46.0,"label":"source"},{"weight":43.0,"label":"land"},{"weight":43.0,"label":"excavation"},{"weight":43.0,"label":"include"},{"weight":42.0,"label":"material"},{"weight":40.0,"label":"development"}]},{"conceptId":4,"clusterId":0,"hexCoordinates":{"x":-0.8660254037844386,"y":-1.5},"labels":[{"weight":212.0,"label":"stone"},{"weight":163.0,"label":"archaeological"},{"weight":147.0,"label":"material"},{"weight":139.0,"label":"site"},{"weight":115.0,"label":"evidence"},{"weight":107.0,"label":"textile"},{"weight":98.0,"label":"historic"},{"weight":96.0,"label":"heritage"},{"weight":90.0,"label":"age"},{"weight":90.0,"label":"early"},{"weight":85.0,"label":"monument"},{"weight":82.0,"label":"scotland"},{"weight":72.0,"label":"archaeology"},{"weight":69.0,"label":"find"},{"weight":67.0,"label":"conservation"},{"weight":67.0,"label":"century"},{"weight":66.0,"label":"architectural"},{"weight":63.0,"label":"landscape"},{"weight":60.0,"label":"neolithic"},{"weight":60.0,"label":"part"},{"weight":59.0,"label":"object"},{"weight":56.0,"label":"bronze"},{"weight":49.0,"label":"paint"},{"weight":48.0,"label":"excavation"},{"weight":47.0,"label":"house"}]},{"conceptId":7,"clusterId":0,"hexCoordinates":{"x":0.0,"y":-3.0},"labels":[{"weight":722.0,"label":"country"},{"weight":475.0,"label":"european"},{"weight":288.0,"label":"europe"},{"weight":204.0,"label":"region"},{"weight":201.0,"label":"spain"},{"weight":183.0,"label":"greece"},{"weight":152.0,"label":"turkey"},{"weight":146.0,"label":"poland"},{"weight":145.0,"label":"greek"},{"weight":144.0,"label":"italy"},{"weight":144.0,"label":"germany"},{"weight":132.0,"label":"eastern"},{"weight":127.0,"label":"central"},{"weight":124.0,"label":"republic"},{"weight":115.0,"label":"national"},{"weight":104.0,"label":"netherland"},{"weight":103.0,"label":"state"},{"weight":100.0,"label":"western"},{"weight":97.0,"label":"sweden"},{"weight":91.0,"label":"soviet"},{"weight":91.0,"label":"portugal"},{"weight":85.0,"label":"czech"},{"weight":81.0,"label":"france"},{"weight":78.0,"label":"union"},{"weight":77.0,"label":"regional"}]},{"conceptId":1,"clusterId":0,"hexCoordinates":{"x":0.8660254037844386,"y":-4.5},"labels":[{"weight":847.0,"label":"century"},{"weight":565.0,"label":"history"},{"weight":443.0,"label":"british"},{"weight":394.0,"label":"war"},{"weight":386.0,"label":"article"},{"weight":366.0,"label":"early"},{"weight":360.0,"label":"historical"},{"weight":336.0,"label":"world"},{"weight":332.0,"label":"period"},{"weight":298.0,"label":"modern"},{"weight":219.0,"label":"late"},{"weight":212.0,"label":"american"},{"weight":204.0,"label":"society"},{"weight":193.0,"label":"political"},{"weight":189.0,"label":"examine"},{"weight":188.0,"label":"nineteenth"},{"weight":186.0,"label":"britain"},{"weight":161.0,"label":"twentieth"},{"weight":161.0,"label":"colonial"},{"weight":154.0,"label":"french"},{"weight":152.0,"label":"culture"},{"weight":147.0,"label":"place"},{"weight":142.0,"label":"historian"},{"weight":141.0,"label":"scottish"},{"weight":139.0,"label":"era"}]}]}