{"linkageTable":[{"node2":16,"distance":0.419007331829785,"node1":14},{"node2":13,"distance":0.419605797414065,"node1":2},{"node2":15,"distance":0.45096117323282503,"node1":12},{"node2":10,"distance":0.457136047971415,"node1":3},{"node2":8,"distance":0.4602410132873,"node1":6},{"node2":18,"distance":0.4650486447173625,"node1":0},{"node2":9,"distance":0.470971014382035,"node1":4},{"node2":17,"distance":0.47666299081624997,"node1":21},{"node2":24,"distance":0.48016244289436,"node1":23},{"node2":19,"distance":0.4803192906638751,"node1":22},{"node2":7,"distance":0.488530187913686,"node1":26},{"node2":25,"distance":0.49364878881564705,"node1":20},{"node2":11,"distance":0.4942518763453833,"node1":27},{"node2":28,"distance":0.49518222582201826,"node1":29},{"node2":1,"distance":0.49830576376879504,"node1":30},{"node2":5,"distance":0.498568015930411,"node1":31}],"conceptsData":[{"conceptId":0,"clusterId":0,"hexCoordinates":{"x":4.330127018922193,"y":1.5},"labels":[{"weight":153.0,"label":"condensate"},{"weight":107.0,"label":"polariton"},{"weight":104.0,"label":"exciton"},{"weight":48.0,"label":"podocyte"},{"weight":47.0,"label":"pump"},{"weight":36.0,"label":"accreditation"},{"weight":34.0,"label":"condensation"},{"weight":24.0,"label":"einstein"},{"weight":23.0,"label":"threshold"},{"weight":22.0,"label":"microcavity"},{"weight":21.0,"label":"stalk"},{"weight":21.0,"label":"potential"},{"weight":19.0,"label":"bose"},{"weight":17.0,"label":"curli"},{"weight":17.0,"label":"disorder"},{"weight":16.0,"label":"gmp"},{"weight":16.0,"label":"emission"},{"weight":15.0,"label":"trap"},{"weight":15.0,"label":"semiconductor"},{"weight":15.0,"label":"degeneracy"},{"weight":15.0,"label":"spatial"},{"weight":13.0,"label":"nise"},{"weight":13.0,"label":"excitonic"},{"weight":13.0,"label":"point"},{"weight":13.0,"label":"investigate"}]},{"conceptId":-1,"clusterId":-1,"hexCoordinates":{"x":9.526279441628825,"y":1.5},"labels":[{"weight":2500,"label":"Unclassified"},{"weight":0,"label":""},{"weight":0,"label":""},{"weight":0,"label":""},{"weight":0,"label":""},{"weight":0,"label":""},{"weight":0,"label":""},{"weight":0,"label":""},{"weight":0,"label":""},{"weight":0,"label":""},{"weight":0,"label":""}]},{"conceptId":3,"clusterId":0,"hexCoordinates":{"x":2.598076211353316,"y":-4.5},"labels":[{"weight":481.0,"label":"beam"},{"weight":361.0,"label":"electron"},{"weight":276.0,"label":"plasma"},{"weight":188.0,"label":"laser"},{"weight":151.0,"label":"energy"},{"weight":135.0,"label":"bunch"},{"weight":132.0,"label":"acceleration"},{"weight":130.0,"label":"accelerator"},{"weight":110.0,"label":"wakefield"},{"weight":110.0,"label":"injection"},{"weight":87.0,"label":"density"},{"weight":79.0,"label":"accelerate"},{"weight":75.0,"label":"high"},{"weight":70.0,"label":"particle"},{"weight":67.0,"label":"drive"},{"weight":62.0,"label":"ionization"},{"weight":60.0,"label":"source"},{"weight":57.0,"label":"experiment"},{"weight":53.0,"label":"muon"},{"weight":53.0,"label":"pulse"},{"weight":52.0,"label":"simulation"},{"weight":51.0,"label":"proton"},{"weight":44.0,"label":"cell"},{"weight":43.0,"label":"ray"},{"weight":39.0,"label":"lwfa"}]},{"conceptId":12,"clusterId":0,"hexCoordinates":{"x":5.196152422706632,"y":0.0},"labels":[{"weight":658.0,"label":"spin"},{"weight":396.0,"label":"state"},{"weight":302.0,"label":"magnetic"},{"weight":281.0,"label":"transition"},{"weight":236.0,"label":"phase"},{"weight":226.0,"label":"order"},{"weight":205.0,"label":"temperature"},{"weight":190.0,"label":"interaction"},{"weight":187.0,"label":"lattice"},{"weight":177.0,"label":"electron"},{"weight":176.0,"label":"band"},{"weight":171.0,"label":"electronic"},{"weight":153.0,"label":"structure"},{"weight":153.0,"label":"coupling"},{"weight":148.0,"label":"material"},{"weight":144.0,"label":"quantum"},{"weight":136.0,"label":"topological"},{"weight":135.0,"label":"symmetry"},{"weight":132.0,"label":"surface"},{"weight":130.0,"label":"show"},{"weight":129.0,"label":"energy"},{"weight":126.0,"label":"system"},{"weight":124.0,"label":"low"},{"weight":109.0,"label":"dimensional"},{"weight":92.0,"label":"ferromagnetic"}]},{"conceptId":1,"clusterId":0,"hexCoordinates":{"x":3.4641016151377544,"y":-3.0},"labels":[{"weight":275.0,"label":"state"},{"weight":260.0,"label":"neutron"},{"weight":167.0,"label":"energy"},{"weight":140.0,"label":"nucleus"},{"weight":126.0,"label":"reaction"},{"weight":117.0,"label":"decay"},{"weight":98.0,"label":"shell"},{"weight":98.0,"label":"measurement"},{"weight":94.0,"label":"kev"},{"weight":88.0,"label":"nuclear"},{"weight":87.0,"label":"model"},{"weight":86.0,"label":"excitation"},{"weight":85.0,"label":"calculation"},{"weight":79.0,"label":"ray"},{"weight":67.0,"label":"beam"},{"weight":66.0,"label":"isotope"},{"weight":62.0,"label":"mev"},{"weight":62.0,"label":"measure"},{"weight":59.0,"label":"mass"},{"weight":58.0,"label":"ground"},{"weight":56.0,"label":"experimental"},{"weight":56.0,"label":"high"},{"weight":54.0,"label":"resonance"},{"weight":51.0,"label":"proton"},{"weight":51.0,"label":"experiment"}]},{"conceptId":14,"clusterId":0,"hexCoordinates":{"x":0.0,"y":0.0},"labels":[{"weight":376.0,"label":"line"},{"weight":284.0,"label":"flare"},{"weight":237.0,"label":"solar"},{"weight":196.0,"label":"observation"},{"weight":154.0,"label":"observe"},{"weight":144.0,"label":"temperature"},{"weight":137.0,"label":"plasma"},{"weight":124.0,"label":"prominence"},{"weight":106.0,"label":"cme"},{"weight":94.0,"label":"coronal"},{"weight":90.0,"label":"structure"},{"weight":87.0,"label":"emission"},{"weight":81.0,"label":"imaging"},{"weight":79.0,"label":"profile"},{"weight":78.0,"label":"region"},{"weight":68.0,"label":"loop"},{"weight":60.0,"label":"resolution"},{"weight":58.0,"label":"density"},{"weight":56.0,"label":"euv"},{"weight":56.0,"label":"intensity"},{"weight":56.0,"label":"spectral"},{"weight":56.0,"label":"dynamics"},{"weight":55.0,"label":"aia"},{"weight":51.0,"label":"rain"},{"weight":51.0,"label":"velocity"}]},{"conceptId":16,"clusterId":0,"hexCoordinates":{"x":1.7320508075688772,"y":0.0},"labels":[{"weight":290.0,"label":"solar"},{"weight":286.0,"label":"energy"},{"weight":267.0,"label":"ray"},{"weight":254.0,"label":"radio"},{"weight":247.0,"label":"electron"},{"weight":247.0,"label":"emission"},{"weight":228.0,"label":"burst"},{"weight":215.0,"label":"flare"},{"weight":142.0,"label":"source"},{"weight":139.0,"label":"observation"},{"weight":110.0,"label":"observe"},{"weight":108.0,"label":"frequency"},{"weight":100.0,"label":"type"},{"weight":99.0,"label":"spectrum"},{"weight":98.0,"label":"iii"},{"weight":92.0,"label":"thermal"},{"weight":77.0,"label":"mhz"},{"weight":76.0,"label":"low"},{"weight":74.0,"label":"spectral"},{"weight":65.0,"label":"range"},{"weight":59.0,"label":"time"},{"weight":58.0,"label":"beam"},{"weight":57.0,"label":"energetic"},{"weight":57.0,"label":"model"},{"weight":56.0,"label":"accelerate"}]},{"conceptId":8,"clusterId":0,"hexCoordinates":{"x":-0.8660254037844386,"y":-1.5},"labels":[{"weight":360.0,"label":"magnetic"},{"weight":262.0,"label":"field"},{"weight":148.0,"label":"instability"},{"weight":119.0,"label":"mhd"},{"weight":114.0,"label":"energy"},{"weight":111.0,"label":"current"},{"weight":108.0,"label":"reconnection"},{"weight":96.0,"label":"sheet"},{"weight":94.0,"label":"particle"},{"weight":89.0,"label":"plasma"},{"weight":88.0,"label":"equilibrium"},{"weight":69.0,"label":"heating"},{"weight":67.0,"label":"acceleration"},{"weight":63.0,"label":"ideal"},{"weight":59.0,"label":"magnetohydrodynamic"},{"weight":59.0,"label":"unstable"},{"weight":57.0,"label":"null"},{"weight":56.0,"label":"tear"},{"weight":51.0,"label":"distribution"},{"weight":48.0,"label":"jet"},{"weight":47.0,"label":"model"},{"weight":45.0,"label":"thread"},{"weight":45.0,"label":"simulation"},{"weight":43.0,"label":"initial"},{"weight":42.0,"label":"pressure"}]},{"conceptId":9,"clusterId":0,"hexCoordinates":{"x":1.7320508075688772,"y":-3.0},"labels":[{"weight":1254.0,"label":"wave"},{"weight":701.0,"label":"mode"},{"weight":685.0,"label":"frequency"},{"weight":451.0,"label":"nonlinear"},{"weight":382.0,"label":"amplitude"},{"weight":354.0,"label":"phase"},{"weight":260.0,"label":"light"},{"weight":257.0,"label":"effect"},{"weight":255.0,"label":"show"},{"weight":236.0,"label":"oscillation"},{"weight":231.0,"label":"order"},{"weight":229.0,"label":"propagation"},{"weight":228.0,"label":"field"},{"weight":215.0,"label":"harmonic"},{"weight":209.0,"label":"linear"},{"weight":202.0,"label":"propagate"},{"weight":188.0,"label":"study"},{"weight":177.0,"label":"transverse"},{"weight":174.0,"label":"observe"},{"weight":168.0,"label":"velocity"},{"weight":157.0,"label":"interaction"},{"weight":156.0,"label":"optical"},{"weight":155.0,"label":"medium"},{"weight":153.0,"label":"regime"},{"weight":151.0,"label":"modulation"}]},{"conceptId":13,"clusterId":0,"hexCoordinates":{"x":2.598076211353316,"y":1.5},"labels":[{"weight":226.0,"label":"quantum"},{"weight":213.0,"label":"exciton"},{"weight":200.0,"label":"cavity"},{"weight":197.0,"label":"polariton"},{"weight":168.0,"label":"dot"},{"weight":163.0,"label":"emission"},{"weight":143.0,"label":"photon"},{"weight":123.0,"label":"light"},{"weight":114.0,"label":"coupling"},{"weight":109.0,"label":"single"},{"weight":98.0,"label":"mode"},{"weight":95.0,"label":"optical"},{"weight":89.0,"label":"regime"},{"weight":83.0,"label":"microcavity"},{"weight":83.0,"label":"strong"},{"weight":70.0,"label":"excitation"},{"weight":64.0,"label":"observe"},{"weight":60.0,"label":"emitter"},{"weight":60.0,"label":"drive"},{"weight":57.0,"label":"micropillar"},{"weight":55.0,"label":"semiconductor"},{"weight":55.0,"label":"couple"},{"weight":50.0,"label":"coherent"},{"weight":47.0,"label":"photoluminescence"},{"weight":47.0,"label":"laser"}]},{"conceptId":2,"clusterId":0,"hexCoordinates":{"x":3.4641016151377544,"y":0.0},"labels":[{"weight":930.0,"label":"state"},{"weight":449.0,"label":"quantum"},{"weight":438.0,"label":"energy"},{"weight":391.0,"label":"atom"},{"weight":339.0,"label":"dynamics"},{"weight":318.0,"label":"excitation"},{"weight":303.0,"label":"time"},{"weight":277.0,"label":"system"},{"weight":245.0,"label":"spectrum"},{"weight":232.0,"label":"interaction"},{"weight":229.0,"label":"coupling"},{"weight":212.0,"label":"excited"},{"weight":212.0,"label":"spin"},{"weight":197.0,"label":"transition"},{"weight":188.0,"label":"optical"},{"weight":184.0,"label":"atomic"},{"weight":170.0,"label":"photon"},{"weight":169.0,"label":"experimental"},{"weight":165.0,"label":"observe"},{"weight":163.0,"label":"resolve"},{"weight":163.0,"label":"probe"},{"weight":155.0,"label":"relaxation"},{"weight":155.0,"label":"mode"},{"weight":151.0,"label":"level"},{"weight":150.0,"label":"study"}]},{"conceptId":15,"clusterId":0,"hexCoordinates":{"x":4.330127018922193,"y":-1.5},"labels":[{"weight":1870.0,"label":"field"},{"weight":959.0,"label":"magnetic"},{"weight":331.0,"label":"electric"},{"weight":179.0,"label":"effect"},{"weight":155.0,"label":"apply"},{"weight":143.0,"label":"interaction"},{"weight":138.0,"label":"dipole"},{"weight":134.0,"label":"result"},{"weight":129.0,"label":"chiral"},{"weight":127.0,"label":"order"},{"weight":119.0,"label":"anisotropy"},{"weight":119.0,"label":"direction"},{"weight":118.0,"label":"current"},{"weight":114.0,"label":"orientation"},{"weight":112.0,"label":"domain"},{"weight":112.0,"label":"show"},{"weight":106.0,"label":"external"},{"weight":105.0,"label":"structure"},{"weight":100.0,"label":"nematic"},{"weight":99.0,"label":"property"},{"weight":96.0,"label":"core"},{"weight":94.0,"label":"strength"},{"weight":93.0,"label":"change"},{"weight":89.0,"label":"magnetization"},{"weight":88.0,"label":"investigate"}]},{"conceptId":10,"clusterId":0,"hexCoordinates":{"x":0.8660254037844386,"y":-4.5},"labels":[{"weight":971.0,"label":"laser"},{"weight":607.0,"label":"pulse"},{"weight":528.0,"label":"radiation"},{"weight":469.0,"label":"electron"},{"weight":373.0,"label":"energy"},{"weight":350.0,"label":"plasma"},{"weight":263.0,"label":"beam"},{"weight":258.0,"label":"high"},{"weight":229.0,"label":"target"},{"weight":183.0,"label":"ion"},{"weight":178.0,"label":"source"},{"weight":174.0,"label":"intensity"},{"weight":157.0,"label":"ray"},{"weight":137.0,"label":"produce"},{"weight":132.0,"label":"interaction"},{"weight":129.0,"label":"intense"},{"weight":126.0,"label":"foil"},{"weight":126.0,"label":"drive"},{"weight":121.0,"label":"particle"},{"weight":116.0,"label":"field"},{"weight":114.0,"label":"generate"},{"weight":113.0,"label":"simulation"},{"weight":112.0,"label":"proton"},{"weight":110.0,"label":"accelerator"},{"weight":108.0,"label":"relativistic"}]},{"conceptId":11,"clusterId":0,"hexCoordinates":{"x":6.06217782649107,"y":-1.5},"labels":[{"weight":415.0,"label":"orientation"},{"weight":170.0,"label":"material"},{"weight":141.0,"label":"axis"},{"weight":130.0,"label":"anisotropic"},{"weight":121.0,"label":"direction"},{"weight":80.0,"label":"surface"},{"weight":78.0,"label":"isotropic"},{"weight":77.0,"label":"magnet"},{"weight":67.0,"label":"angle"},{"weight":67.0,"label":"parallel"},{"weight":62.0,"label":"wave"},{"weight":61.0,"label":"anisotropy"},{"weight":59.0,"label":"orient"},{"weight":50.0,"label":"plane"},{"weight":50.0,"label":"align"},{"weight":49.0,"label":"perpendicular"},{"weight":46.0,"label":"component"},{"weight":45.0,"label":"permanent"},{"weight":38.0,"label":"interface"},{"weight":37.0,"label":"propagation"},{"weight":35.0,"label":"shield"},{"weight":33.0,"label":"conductor"},{"weight":30.0,"label":"dependent"},{"weight":29.0,"label":"tensor"},{"weight":29.0,"label":"dielectric"}]},{"conceptId":5,"clusterId":0,"hexCoordinates":{"x":5.196152422706632,"y":-3.0},"labels":[{"weight":216.0,"label":"magnetic"},{"weight":109.0,"label":"grain"},{"weight":77.0,"label":"magnetite"},{"weight":76.0,"label":"state"},{"weight":68.0,"label":"vortex"},{"weight":66.0,"label":"particle"},{"weight":64.0,"label":"domain"},{"weight":58.0,"label":"psd"},{"weight":50.0,"label":"magnetization"},{"weight":42.0,"label":"field"},{"weight":36.0,"label":"size"},{"weight":32.0,"label":"single"},{"weight":28.0,"label":"sample"},{"weight":26.0,"label":"paleomagnetic"},{"weight":26.0,"label":"recording"},{"weight":26.0,"label":"rock"},{"weight":26.0,"label":"pseudo"},{"weight":26.0,"label":"temperature"},{"weight":25.0,"label":"hysteresis"},{"weight":25.0,"label":"range"},{"weight":24.0,"label":"heating"},{"weight":24.0,"label":"signal"},{"weight":23.0,"label":"structure"},{"weight":22.0,"label":"behavior"},{"weight":22.0,"label":"system"}]},{"conceptId":7,"clusterId":0,"hexCoordinates":{"x":2.598076211353316,"y":-1.5},"labels":[{"weight":1834.0,"label":"system"},{"weight":967.0,"label":"state"},{"weight":928.0,"label":"dynamics"},{"weight":749.0,"label":"complex"},{"weight":701.0,"label":"structure"},{"weight":670.0,"label":"pattern"},{"weight":642.0,"label":"model"},{"weight":494.0,"label":"network"},{"weight":490.0,"label":"interaction"},{"weight":470.0,"label":"transition"},{"weight":446.0,"label":"show"},{"weight":397.0,"label":"behaviour"},{"weight":288.0,"label":"process"},{"weight":287.0,"label":"behavior"},{"weight":285.0,"label":"complexity"},{"weight":253.0,"label":"large"},{"weight":246.0,"label":"phase"},{"weight":244.0,"label":"couple"},{"weight":240.0,"label":"investigate"},{"weight":238.0,"label":"mechanism"},{"weight":237.0,"label":"time"},{"weight":235.0,"label":"formation"},{"weight":233.0,"label":"control"},{"weight":232.0,"label":"simple"},{"weight":232.0,"label":"lead"}]},{"conceptId":4,"clusterId":0,"hexCoordinates":{"x":0.0,"y":-3.0},"labels":[{"weight":276.0,"label":"plasma"},{"weight":226.0,"label":"electron"},{"weight":204.0,"label":"wave"},{"weight":193.0,"label":"ion"},{"weight":117.0,"label":"mode"},{"weight":100.0,"label":"heating"},{"weight":95.0,"label":"calculation"},{"weight":94.0,"label":"density"},{"weight":82.0,"label":"turbulence"},{"weight":78.0,"label":"collision"},{"weight":78.0,"label":"simulation"},{"weight":74.0,"label":"recombination"},{"weight":74.0,"label":"rate"},{"weight":72.0,"label":"region"},{"weight":72.0,"label":"scattering"},{"weight":71.0,"label":"present"},{"weight":67.0,"label":"emission"},{"weight":62.0,"label":"result"},{"weight":61.0,"label":"ionization"},{"weight":60.0,"label":"coefficient"},{"weight":56.0,"label":"charge"},{"weight":56.0,"label":"experiment"},{"weight":53.0,"label":"excitation"},{"weight":53.0,"label":"langmuir"},{"weight":52.0,"label":"high"}]},{"conceptId":6,"clusterId":0,"hexCoordinates":{"x":0.8660254037844386,"y":-1.5},"labels":[{"weight":599.0,"label":"magnetic"},{"weight":496.0,"label":"flux"},{"weight":444.0,"label":"field"},{"weight":308.0,"label":"loop"},{"weight":279.0,"label":"coronal"},{"weight":260.0,"label":"solar"},{"weight":172.0,"label":"region"},{"weight":151.0,"label":"reconnection"},{"weight":148.0,"label":"rope"},{"weight":144.0,"label":"energy"},{"weight":135.0,"label":"corona"},{"weight":122.0,"label":"structure"},{"weight":109.0,"label":"line"},{"weight":106.0,"label":"helicity"},{"weight":104.0,"label":"eruption"},{"weight":103.0,"label":"active"},{"weight":102.0,"label":"simulation"},{"weight":99.0,"label":"tube"},{"weight":86.0,"label":"flare"},{"weight":85.0,"label":"observation"},{"weight":80.0,"label":"mhd"},{"weight":80.0,"label":"observe"},{"weight":79.0,"label":"motion"},{"weight":78.0,"label":"atmosphere"},{"weight":77.0,"label":"evolution"}]}]}