[{"topicData":[{"numberOfDocuments":0.0,"label":"Heriot-Watt University"},{"numberOfDocuments":0.0,"label":"Robert Gordon University"},{"numberOfDocuments":0.0,"label":"Glasgow Caledonian University"},{"numberOfDocuments":0.0,"label":"Queen Margaret University"},{"numberOfDocuments":0.0,"label":"University of Dundee"},{"numberOfDocuments":0.0,"label":"University of the Highlands and Islands"},{"numberOfDocuments":0.0,"label":"Edinburgh Napier University"},{"numberOfDocuments":0.0,"label":"University of Stirling"},{"numberOfDocuments":0.0,"label":"Abertay University"},{"numberOfDocuments":0.0,"label":"University of Aberdeen"},{"numberOfDocuments":0.0,"label":"University of Edinburgh"},{"numberOfDocuments":0.0,"label":"University of the West of Scotland"},{"numberOfDocuments":0.0,"label":"University of Glasgow"},{"numberOfDocuments":0.0,"label":"University of St Andrews"},{"numberOfDocuments":0.0,"label":"University of Strathclyde"}],"conceptId":-1},{"topicData":[{"numberOfDocuments":0.01694915254237288,"label":"Heriot-Watt University"},{"numberOfDocuments":0.018499573742540493,"label":"Robert Gordon University"},{"numberOfDocuments":0.0,"label":"Glasgow Caledonian University"},{"numberOfDocuments":0.009345794392523364,"label":"Queen Margaret University"},{"numberOfDocuments":0.1506536414567457,"label":"University of Dundee"},{"numberOfDocuments":0.09239130434782608,"label":"University of the Highlands and Islands"},{"numberOfDocuments":0.014492753623188406,"label":"Edinburgh Napier University"},{"numberOfDocuments":1.2868468750785917,"label":"University of Stirling"},{"numberOfDocuments":0.0,"label":"Abertay University"},{"numberOfDocuments":0.797060613844567,"label":"University of Aberdeen"},{"numberOfDocuments":2.793295230385798,"label":"University of Edinburgh"},{"numberOfDocuments":0.0,"label":"University of the West of Scotland"},{"numberOfDocuments":7.244381036591626,"label":"University of Glasgow"},{"numberOfDocuments":0.6887889007096972,"label":"University of St Andrews"},{"numberOfDocuments":0.11802250493036741,"label":"University of Strathclyde"}],"conceptId":0},{"topicData":[{"numberOfDocuments":0.32883118450931564,"label":"Heriot-Watt University"},{"numberOfDocuments":0.0628228028518326,"label":"Robert Gordon University"},{"numberOfDocuments":0.08109589041095891,"label":"Glasgow Caledonian University"},{"numberOfDocuments":0.15007541478129716,"label":"Queen Margaret University"},{"numberOfDocuments":0.3969881085834077,"label":"University of Dundee"},{"numberOfDocuments":0.1032258064516129,"label":"University of the Highlands and Islands"},{"numberOfDocuments":0.09588509316770186,"label":"Edinburgh Napier University"},{"numberOfDocuments":1.8604686129477228,"label":"University of Stirling"},{"numberOfDocuments":0.01020408163265306,"label":"Abertay University"},{"numberOfDocuments":1.3273924127518657,"label":"University of Aberdeen"},{"numberOfDocuments":11.919736080943377,"label":"University of Edinburgh"},{"numberOfDocuments":0.012048192771084338,"label":"University of the West of Scotland"},{"numberOfDocuments":13.274659084853628,"label":"University of Glasgow"},{"numberOfDocuments":0.626705449150432,"label":"University of St Andrews"},{"numberOfDocuments":6.939045358162088,"label":"University of Strathclyde"}],"conceptId":1},{"topicData":[{"numberOfDocuments":0.009615384615384616,"label":"Heriot-Watt University"},{"numberOfDocuments":1.011897427819087,"label":"Robert Gordon University"},{"numberOfDocuments":0.269762326017623,"label":"Glasgow Caledonian University"},{"numberOfDocuments":0.024539877300613498,"label":"Queen Margaret University"},{"numberOfDocuments":0.8902495363783665,"label":"University of Dundee"},{"numberOfDocuments":0.07679639420993326,"label":"University of the Highlands and Islands"},{"numberOfDocuments":0.3550431339642902,"label":"Edinburgh Napier University"},{"numberOfDocuments":2.218658951674431,"label":"University of Stirling"},{"numberOfDocuments":0.0,"label":"Abertay University"},{"numberOfDocuments":2.213711668601018,"label":"University of Aberdeen"},{"numberOfDocuments":32.031920630381784,"label":"University of Edinburgh"},{"numberOfDocuments":0.20891203703703703,"label":"University of the West of Scotland"},{"numberOfDocuments":11.656396595457556,"label":"University of Glasgow"},{"numberOfDocuments":1.4511694254855765,"label":"University of St Andrews"},{"numberOfDocuments":4.011836439290542,"label":"University of Strathclyde"}],"conceptId":2},{"topicData":[{"numberOfDocuments":0.3437717008514052,"label":"Heriot-Watt University"},{"numberOfDocuments":0.03975095785440613,"label":"Robert Gordon University"},{"numberOfDocuments":0.0,"label":"Glasgow Caledonian University"},{"numberOfDocuments":0.025813953488372093,"label":"Queen Margaret University"},{"numberOfDocuments":0.3820411000087989,"label":"University of Dundee"},{"numberOfDocuments":0.009615384615384616,"label":"University of the Highlands and Islands"},{"numberOfDocuments":0.03260869565217391,"label":"Edinburgh Napier University"},{"numberOfDocuments":0.5652380268810684,"label":"University of Stirling"},{"numberOfDocuments":0.009174311926605505,"label":"Abertay University"},{"numberOfDocuments":0.4149600584138226,"label":"University of Aberdeen"},{"numberOfDocuments":3.0123678131071157,"label":"University of Edinburgh"},{"numberOfDocuments":0.2568349957426245,"label":"University of the West of Scotland"},{"numberOfDocuments":24.323880547165075,"label":"University of Glasgow"},{"numberOfDocuments":0.4750951743075104,"label":"University of St Andrews"},{"numberOfDocuments":1.4679206626997563,"label":"University of Strathclyde"}],"conceptId":3},{"topicData":[{"numberOfDocuments":5.360381917405352,"label":"Heriot-Watt University"},{"numberOfDocuments":0.8320237552065999,"label":"Robert Gordon University"},{"numberOfDocuments":1.643003418390226,"label":"Glasgow Caledonian University"},{"numberOfDocuments":0.8817040549052215,"label":"Queen Margaret University"},{"numberOfDocuments":2.2045978365783494,"label":"University of Dundee"},{"numberOfDocuments":1.7379630059794657,"label":"University of the Highlands and Islands"},{"numberOfDocuments":1.026008070059811,"label":"Edinburgh Napier University"},{"numberOfDocuments":13.1282517335779,"label":"University of Stirling"},{"numberOfDocuments":0.2152571983916428,"label":"Abertay University"},{"numberOfDocuments":4.261181584634072,"label":"University of Aberdeen"},{"numberOfDocuments":31.930047086149244,"label":"University of Edinburgh"},{"numberOfDocuments":1.08117663688594,"label":"University of the West of Scotland"},{"numberOfDocuments":22.933005681585918,"label":"University of Glasgow"},{"numberOfDocuments":4.1124742961461305,"label":"University of St Andrews"},{"numberOfDocuments":11.792804208651486,"label":"University of Strathclyde"}],"conceptId":4},{"topicData":[{"numberOfDocuments":0.7630062153672186,"label":"Heriot-Watt University"},{"numberOfDocuments":0.0,"label":"Robert Gordon University"},{"numberOfDocuments":0.2838522268714454,"label":"Glasgow Caledonian University"},{"numberOfDocuments":0.12394877395376905,"label":"Queen Margaret University"},{"numberOfDocuments":1.7619724249314697,"label":"University of Dundee"},{"numberOfDocuments":0.7253448330639214,"label":"University of the Highlands and Islands"},{"numberOfDocuments":0.43057786000956877,"label":"Edinburgh Napier University"},{"numberOfDocuments":1.988635541507149,"label":"University of Stirling"},{"numberOfDocuments":0.03734332601111255,"label":"Abertay University"},{"numberOfDocuments":0.867057599346349,"label":"University of Aberdeen"},{"numberOfDocuments":24.255355223558844,"label":"University of Edinburgh"},{"numberOfDocuments":0.08787886684446078,"label":"University of the West of Scotland"},{"numberOfDocuments":15.432035644304612,"label":"University of Glasgow"},{"numberOfDocuments":3.05789031269915,"label":"University of St Andrews"},{"numberOfDocuments":1.1231518330991115,"label":"University of Strathclyde"}],"conceptId":5},{"topicData":[{"numberOfDocuments":3.2598746683374187,"label":"Heriot-Watt University"},{"numberOfDocuments":2.6677629015907662,"label":"Robert Gordon University"},{"numberOfDocuments":1.3755757911316229,"label":"Glasgow Caledonian University"},{"numberOfDocuments":0.6274762074863267,"label":"Queen Margaret University"},{"numberOfDocuments":10.546223040839326,"label":"University of Dundee"},{"numberOfDocuments":1.629974329354378,"label":"University of the Highlands and Islands"},{"numberOfDocuments":0.7011085208131205,"label":"Edinburgh Napier University"},{"numberOfDocuments":18.43938231620476,"label":"University of Stirling"},{"numberOfDocuments":2.268629683892039,"label":"Abertay University"},{"numberOfDocuments":8.38320333361448,"label":"University of Aberdeen"},{"numberOfDocuments":43.620304185090376,"label":"University of Edinburgh"},{"numberOfDocuments":0.35676862561498857,"label":"University of the West of Scotland"},{"numberOfDocuments":43.640124404964006,"label":"University of Glasgow"},{"numberOfDocuments":8.235533637883925,"label":"University of St Andrews"},{"numberOfDocuments":18.232060205607493,"label":"University of Strathclyde"}],"conceptId":6},{"topicData":[{"numberOfDocuments":0.12694672975804305,"label":"Heriot-Watt University"},{"numberOfDocuments":0.01487612247105918,"label":"Robert Gordon University"},{"numberOfDocuments":0.06422018348623854,"label":"Glasgow Caledonian University"},{"numberOfDocuments":0.017543859649122806,"label":"Queen Margaret University"},{"numberOfDocuments":0.9276427717446827,"label":"University of Dundee"},{"numberOfDocuments":0.0,"label":"University of the Highlands and Islands"},{"numberOfDocuments":0.012578616352201259,"label":"Edinburgh Napier University"},{"numberOfDocuments":5.0890534451139295,"label":"University of Stirling"},{"numberOfDocuments":0.01962809917355372,"label":"Abertay University"},{"numberOfDocuments":0.7958360579623166,"label":"University of Aberdeen"},{"numberOfDocuments":23.63660458323406,"label":"University of Edinburgh"},{"numberOfDocuments":0.04121368739975049,"label":"University of the West of Scotland"},{"numberOfDocuments":39.106949512106475,"label":"University of Glasgow"},{"numberOfDocuments":3.2374991187616837,"label":"University of St Andrews"},{"numberOfDocuments":4.324508556038001,"label":"University of Strathclyde"}],"conceptId":7},{"topicData":[{"numberOfDocuments":1.143366021192794,"label":"Heriot-Watt University"},{"numberOfDocuments":0.01818181818181818,"label":"Robert Gordon University"},{"numberOfDocuments":0.012048192771084338,"label":"Glasgow Caledonian University"},{"numberOfDocuments":0.0044444444444444444,"label":"Queen Margaret University"},{"numberOfDocuments":0.3902041623736109,"label":"University of Dundee"},{"numberOfDocuments":0.0,"label":"University of the Highlands and Islands"},{"numberOfDocuments":0.07807715939116161,"label":"Edinburgh Napier University"},{"numberOfDocuments":0.2485913187394857,"label":"University of Stirling"},{"numberOfDocuments":0.07619990103908955,"label":"Abertay University"},{"numberOfDocuments":0.1182651081658271,"label":"University of Aberdeen"},{"numberOfDocuments":8.406188076379413,"label":"University of Edinburgh"},{"numberOfDocuments":0.010309278350515464,"label":"University of the West of Scotland"},{"numberOfDocuments":12.09287193241623,"label":"University of Glasgow"},{"numberOfDocuments":2.0022116076212204,"label":"University of St Andrews"},{"numberOfDocuments":1.335078477644966,"label":"University of Strathclyde"}],"conceptId":8},{"topicData":[{"numberOfDocuments":0.6384183532521127,"label":"Heriot-Watt University"},{"numberOfDocuments":0.06954022988505747,"label":"Robert Gordon University"},{"numberOfDocuments":0.008849557522123894,"label":"Glasgow Caledonian University"},{"numberOfDocuments":0.0,"label":"Queen Margaret University"},{"numberOfDocuments":2.935633122815389,"label":"University of Dundee"},{"numberOfDocuments":0.33875391474991046,"label":"University of the Highlands and Islands"},{"numberOfDocuments":0.7829175082658119,"label":"Edinburgh Napier University"},{"numberOfDocuments":2.055389123686937,"label":"University of Stirling"},{"numberOfDocuments":0.024185517143263623,"label":"Abertay University"},{"numberOfDocuments":0.9212418270134278,"label":"University of Aberdeen"},{"numberOfDocuments":10.851580375895152,"label":"University of Edinburgh"},{"numberOfDocuments":0.0979020979020979,"label":"University of the West of Scotland"},{"numberOfDocuments":26.362226481865722,"label":"University of Glasgow"},{"numberOfDocuments":3.1040520782382903,"label":"University of St Andrews"},{"numberOfDocuments":2.762070977772031,"label":"University of Strathclyde"}],"conceptId":9},{"topicData":[{"numberOfDocuments":1.154332491398932,"label":"Heriot-Watt University"},{"numberOfDocuments":0.5750482043903529,"label":"Robert Gordon University"},{"numberOfDocuments":0.0,"label":"Glasgow Caledonian University"},{"numberOfDocuments":0.059842001316655694,"label":"Queen Margaret University"},{"numberOfDocuments":2.9753388384231005,"label":"University of Dundee"},{"numberOfDocuments":0.870432797230672,"label":"University of the Highlands and Islands"},{"numberOfDocuments":0.17644084934277046,"label":"Edinburgh Napier University"},{"numberOfDocuments":0.7402201233177921,"label":"University of Stirling"},{"numberOfDocuments":0.13662494037023626,"label":"Abertay University"},{"numberOfDocuments":3.889847748870792,"label":"University of Aberdeen"},{"numberOfDocuments":17.346156573679977,"label":"University of Edinburgh"},{"numberOfDocuments":0.04244089244089244,"label":"University of the West of Scotland"},{"numberOfDocuments":25.04122668224712,"label":"University of Glasgow"},{"numberOfDocuments":6.226606677393246,"label":"University of St Andrews"},{"numberOfDocuments":4.2780469457852215,"label":"University of Strathclyde"}],"conceptId":10},{"topicData":[{"numberOfDocuments":0.0710048201705599,"label":"Heriot-Watt University"},{"numberOfDocuments":0.07936507936507936,"label":"Robert Gordon University"},{"numberOfDocuments":0.042735042735042736,"label":"Glasgow Caledonian University"},{"numberOfDocuments":0.0,"label":"Queen Margaret University"},{"numberOfDocuments":1.8380108973001017,"label":"University of Dundee"},{"numberOfDocuments":0.06703703703703703,"label":"University of the Highlands and Islands"},{"numberOfDocuments":0.1730410425039581,"label":"Edinburgh Napier University"},{"numberOfDocuments":0.3847893080484957,"label":"University of Stirling"},{"numberOfDocuments":0.038461538461538464,"label":"Abertay University"},{"numberOfDocuments":1.6115933886505434,"label":"University of Aberdeen"},{"numberOfDocuments":7.4085641080952485,"label":"University of Edinburgh"},{"numberOfDocuments":0.0,"label":"University of the West of Scotland"},{"numberOfDocuments":6.9402490615626915,"label":"University of Glasgow"},{"numberOfDocuments":0.6097903090992428,"label":"University of St Andrews"},{"numberOfDocuments":1.8495183320873454,"label":"University of Strathclyde"}],"conceptId":11},{"topicData":[{"numberOfDocuments":0.45387780106984327,"label":"Heriot-Watt University"},{"numberOfDocuments":0.7718348382633611,"label":"Robert Gordon University"},{"numberOfDocuments":0.38194535043978806,"label":"Glasgow Caledonian University"},{"numberOfDocuments":0.2993803647242818,"label":"Queen Margaret University"},{"numberOfDocuments":0.8986591073277371,"label":"University of Dundee"},{"numberOfDocuments":1.047131945912585,"label":"University of the Highlands and Islands"},{"numberOfDocuments":1.944878508970939,"label":"Edinburgh Napier University"},{"numberOfDocuments":6.169115123630215,"label":"University of Stirling"},{"numberOfDocuments":0.07262837945928652,"label":"Abertay University"},{"numberOfDocuments":4.657171223455095,"label":"University of Aberdeen"},{"numberOfDocuments":58.587002253819996,"label":"University of Edinburgh"},{"numberOfDocuments":0.08921367131004035,"label":"University of the West of Scotland"},{"numberOfDocuments":38.728521637279485,"label":"University of Glasgow"},{"numberOfDocuments":2.737952069863691,"label":"University of St Andrews"},{"numberOfDocuments":6.208747073716365,"label":"University of Strathclyde"}],"conceptId":12},{"topicData":[{"numberOfDocuments":0.0,"label":"Heriot-Watt University"},{"numberOfDocuments":0.21468122132573958,"label":"Robert Gordon University"},{"numberOfDocuments":0.03418803418803419,"label":"Glasgow Caledonian University"},{"numberOfDocuments":0.03816793893129771,"label":"Queen Margaret University"},{"numberOfDocuments":0.05635723804764284,"label":"University of Dundee"},{"numberOfDocuments":0.12962962962962962,"label":"University of the Highlands and Islands"},{"numberOfDocuments":0.0,"label":"Edinburgh Napier University"},{"numberOfDocuments":1.3147754074176996,"label":"University of Stirling"},{"numberOfDocuments":0.0,"label":"Abertay University"},{"numberOfDocuments":0.38949737616404284,"label":"University of Aberdeen"},{"numberOfDocuments":3.417304053643866,"label":"University of Edinburgh"},{"numberOfDocuments":0.14583333333333331,"label":"University of the West of Scotland"},{"numberOfDocuments":2.5700042308185513,"label":"University of Glasgow"},{"numberOfDocuments":1.2061231144200466,"label":"University of St Andrews"},{"numberOfDocuments":0.44462665729709594,"label":"University of Strathclyde"}],"conceptId":13},{"topicData":[{"numberOfDocuments":0.24788364479687192,"label":"Heriot-Watt University"},{"numberOfDocuments":0.3651426665577609,"label":"Robert Gordon University"},{"numberOfDocuments":0.05511811023622047,"label":"Glasgow Caledonian University"},{"numberOfDocuments":0.4494274519332989,"label":"Queen Margaret University"},{"numberOfDocuments":0.7000148714032715,"label":"University of Dundee"},{"numberOfDocuments":0.1486132914704343,"label":"University of the Highlands and Islands"},{"numberOfDocuments":0.6010707770941378,"label":"Edinburgh Napier University"},{"numberOfDocuments":1.3568338337155792,"label":"University of Stirling"},{"numberOfDocuments":0.25517760489845587,"label":"Abertay University"},{"numberOfDocuments":2.499084190588641,"label":"University of Aberdeen"},{"numberOfDocuments":4.229126330300715,"label":"University of Edinburgh"},{"numberOfDocuments":0.0808220878744672,"label":"University of the West of Scotland"},{"numberOfDocuments":4.462842683274947,"label":"University of Glasgow"},{"numberOfDocuments":3.4555689067026636,"label":"University of St Andrews"},{"numberOfDocuments":1.2893517722685166,"label":"University of Strathclyde"}],"conceptId":14},{"topicData":[{"numberOfDocuments":0.06944444444444445,"label":"Heriot-Watt University"},{"numberOfDocuments":0.6654670522446355,"label":"Robert Gordon University"},{"numberOfDocuments":0.05832908813041264,"label":"Glasgow Caledonian University"},{"numberOfDocuments":0.594801148009255,"label":"Queen Margaret University"},{"numberOfDocuments":1.5958375407520227,"label":"University of Dundee"},{"numberOfDocuments":0.2058692158798824,"label":"University of the Highlands and Islands"},{"numberOfDocuments":0.0,"label":"Edinburgh Napier University"},{"numberOfDocuments":0.30666117757284894,"label":"University of Stirling"},{"numberOfDocuments":0.25543361186570185,"label":"Abertay University"},{"numberOfDocuments":1.3603896758902552,"label":"University of Aberdeen"},{"numberOfDocuments":3.01052135602427,"label":"University of Edinburgh"},{"numberOfDocuments":0.0,"label":"University of the West of Scotland"},{"numberOfDocuments":0.9161404384464573,"label":"University of Glasgow"},{"numberOfDocuments":0.864494273327141,"label":"University of St Andrews"},{"numberOfDocuments":1.7381004150946666,"label":"University of Strathclyde"}],"conceptId":15},{"topicData":[{"numberOfDocuments":0.17044449107139964,"label":"Heriot-Watt University"},{"numberOfDocuments":0.4539084386411904,"label":"Robert Gordon University"},{"numberOfDocuments":13.896323324621841,"label":"Glasgow Caledonian University"},{"numberOfDocuments":2.017675294318791,"label":"Queen Margaret University"},{"numberOfDocuments":9.41441896633215,"label":"University of Dundee"},{"numberOfDocuments":0.17232226912447995,"label":"University of the Highlands and Islands"},{"numberOfDocuments":2.3702045004584233,"label":"Edinburgh Napier University"},{"numberOfDocuments":5.399319509091352,"label":"University of Stirling"},{"numberOfDocuments":1.061160842936793,"label":"Abertay University"},{"numberOfDocuments":1.5672301621869849,"label":"University of Aberdeen"},{"numberOfDocuments":10.622366840438685,"label":"University of Edinburgh"},{"numberOfDocuments":5.125299402988292,"label":"University of the West of Scotland"},{"numberOfDocuments":9.152296279305066,"label":"University of Glasgow"},{"numberOfDocuments":3.437721910096194,"label":"University of St Andrews"},{"numberOfDocuments":4.485123790403573,"label":"University of Strathclyde"}],"conceptId":16},{"topicData":[{"numberOfDocuments":2.2807567822634955,"label":"Heriot-Watt University"},{"numberOfDocuments":0.1360036698829769,"label":"Robert Gordon University"},{"numberOfDocuments":0.5824755904510631,"label":"Glasgow Caledonian University"},{"numberOfDocuments":0.15245808103982741,"label":"Queen Margaret University"},{"numberOfDocuments":3.838091785874089,"label":"University of Dundee"},{"numberOfDocuments":4.842352215077961,"label":"University of the Highlands and Islands"},{"numberOfDocuments":0.5011994754997318,"label":"Edinburgh Napier University"},{"numberOfDocuments":7.130694008159144,"label":"University of Stirling"},{"numberOfDocuments":0.05248720192298022,"label":"Abertay University"},{"numberOfDocuments":6.888112855914257,"label":"University of Aberdeen"},{"numberOfDocuments":41.87813595238363,"label":"University of Edinburgh"},{"numberOfDocuments":0.09941042768746702,"label":"University of the West of Scotland"},{"numberOfDocuments":29.58514174251089,"label":"University of Glasgow"},{"numberOfDocuments":4.402755253151853,"label":"University of St Andrews"},{"numberOfDocuments":6.298644739019496,"label":"University of Strathclyde"}],"conceptId":17},{"topicData":[{"numberOfDocuments":0.48273795906551276,"label":"Heriot-Watt University"},{"numberOfDocuments":0.4824941618287776,"label":"Robert Gordon University"},{"numberOfDocuments":0.07586206896551724,"label":"Glasgow Caledonian University"},{"numberOfDocuments":0.04303232998885173,"label":"Queen Margaret University"},{"numberOfDocuments":0.9668084310560211,"label":"University of Dundee"},{"numberOfDocuments":0.16433808920938822,"label":"University of the Highlands and Islands"},{"numberOfDocuments":0.18293128909481393,"label":"Edinburgh Napier University"},{"numberOfDocuments":1.5661458510326398,"label":"University of Stirling"},{"numberOfDocuments":0.2240358422939068,"label":"Abertay University"},{"numberOfDocuments":1.4600632863217513,"label":"University of Aberdeen"},{"numberOfDocuments":20.453861714015517,"label":"University of Edinburgh"},{"numberOfDocuments":0.11156981052185878,"label":"University of the West of Scotland"},{"numberOfDocuments":20.716612955803882,"label":"University of Glasgow"},{"numberOfDocuments":0.5133959483558469,"label":"University of St Andrews"},{"numberOfDocuments":1.4303559133517256,"label":"University of Strathclyde"}],"conceptId":18},{"topicData":[{"numberOfDocuments":0.038867924528301886,"label":"Heriot-Watt University"},{"numberOfDocuments":0.03225806451612903,"label":"Robert Gordon University"},{"numberOfDocuments":0.0,"label":"Glasgow Caledonian University"},{"numberOfDocuments":0.0,"label":"Queen Margaret University"},{"numberOfDocuments":0.0,"label":"University of Dundee"},{"numberOfDocuments":0.06289308176100629,"label":"University of the Highlands and Islands"},{"numberOfDocuments":0.043562826781118405,"label":"Edinburgh Napier University"},{"numberOfDocuments":0.7520009652580973,"label":"University of Stirling"},{"numberOfDocuments":0.0,"label":"Abertay University"},{"numberOfDocuments":2.9315804694088206,"label":"University of Aberdeen"},{"numberOfDocuments":5.103995261904774,"label":"University of Edinburgh"},{"numberOfDocuments":0.09396697000337041,"label":"University of the West of Scotland"},{"numberOfDocuments":2.5717710743810605,"label":"University of Glasgow"},{"numberOfDocuments":0.2429353337736108,"label":"University of St Andrews"},{"numberOfDocuments":0.07805872161218252,"label":"University of Strathclyde"}],"conceptId":19},{"topicData":[{"numberOfDocuments":0.9317793258902591,"label":"Heriot-Watt University"},{"numberOfDocuments":0.061109158775537346,"label":"Robert Gordon University"},{"numberOfDocuments":0.08755107145835071,"label":"Glasgow Caledonian University"},{"numberOfDocuments":0.08713277046112727,"label":"Queen Margaret University"},{"numberOfDocuments":6.336425669385875,"label":"University of Dundee"},{"numberOfDocuments":0.7049066014638394,"label":"University of the Highlands and Islands"},{"numberOfDocuments":0.7720255100998368,"label":"Edinburgh Napier University"},{"numberOfDocuments":1.3785439935130115,"label":"University of Stirling"},{"numberOfDocuments":0.0,"label":"Abertay University"},{"numberOfDocuments":3.040503883594951,"label":"University of Aberdeen"},{"numberOfDocuments":23.45698872546437,"label":"University of Edinburgh"},{"numberOfDocuments":1.7231865403871809,"label":"University of the West of Scotland"},{"numberOfDocuments":28.43299851110662,"label":"University of Glasgow"},{"numberOfDocuments":9.76197626427464,"label":"University of St Andrews"},{"numberOfDocuments":0.9978661138654698,"label":"University of Strathclyde"}],"conceptId":20},{"topicData":[{"numberOfDocuments":0.3873345050462519,"label":"Heriot-Watt University"},{"numberOfDocuments":0.1172628321749001,"label":"Robert Gordon University"},{"numberOfDocuments":0.06629221274530199,"label":"Glasgow Caledonian University"},{"numberOfDocuments":0.3208627478200377,"label":"Queen Margaret University"},{"numberOfDocuments":0.05245098039215686,"label":"University of Dundee"},{"numberOfDocuments":0.3064271789566354,"label":"University of the Highlands and Islands"},{"numberOfDocuments":0.2732339505162023,"label":"Edinburgh Napier University"},{"numberOfDocuments":1.3905027336259628,"label":"University of Stirling"},{"numberOfDocuments":0.14893617021276595,"label":"Abertay University"},{"numberOfDocuments":0.9026400339719471,"label":"University of Aberdeen"},{"numberOfDocuments":7.438904909261669,"label":"University of Edinburgh"},{"numberOfDocuments":0.0,"label":"University of the West of Scotland"},{"numberOfDocuments":5.579445214956044,"label":"University of Glasgow"},{"numberOfDocuments":0.8885266951914587,"label":"University of St Andrews"},{"numberOfDocuments":0.6204630744816564,"label":"University of Strathclyde"}],"conceptId":21},{"topicData":[{"numberOfDocuments":1.4683433557569203,"label":"Heriot-Watt University"},{"numberOfDocuments":0.03255188890548007,"label":"Robert Gordon University"},{"numberOfDocuments":0.5259465458433076,"label":"Glasgow Caledonian University"},{"numberOfDocuments":0.1669079859482336,"label":"Queen Margaret University"},{"numberOfDocuments":0.7712347026434357,"label":"University of Dundee"},{"numberOfDocuments":0.879365678129954,"label":"University of the Highlands and Islands"},{"numberOfDocuments":0.3805900567554285,"label":"Edinburgh Napier University"},{"numberOfDocuments":7.589341367688807,"label":"University of Stirling"},{"numberOfDocuments":0.020618556701030927,"label":"Abertay University"},{"numberOfDocuments":1.7624995108477044,"label":"University of Aberdeen"},{"numberOfDocuments":30.77564047311192,"label":"University of Edinburgh"},{"numberOfDocuments":0.12768670309653918,"label":"University of the West of Scotland"},{"numberOfDocuments":37.69554239814203,"label":"University of Glasgow"},{"numberOfDocuments":4.27630815457019,"label":"University of St Andrews"},{"numberOfDocuments":2.958939955357376,"label":"University of Strathclyde"}],"conceptId":22},{"topicData":[{"numberOfDocuments":0.254909390945319,"label":"Heriot-Watt University"},{"numberOfDocuments":0.03981509561866704,"label":"Robert Gordon University"},{"numberOfDocuments":0.6179609524310828,"label":"Glasgow Caledonian University"},{"numberOfDocuments":0.2619629629235172,"label":"Queen Margaret University"},{"numberOfDocuments":1.804966397137045,"label":"University of Dundee"},{"numberOfDocuments":0.4287283875256478,"label":"University of the Highlands and Islands"},{"numberOfDocuments":0.644554288225406,"label":"Edinburgh Napier University"},{"numberOfDocuments":3.528868867381036,"label":"University of Stirling"},{"numberOfDocuments":0.045454545454545456,"label":"Abertay University"},{"numberOfDocuments":3.1598236535201862,"label":"University of Aberdeen"},{"numberOfDocuments":19.986748088170177,"label":"University of Edinburgh"},{"numberOfDocuments":0.035335435779816515,"label":"University of the West of Scotland"},{"numberOfDocuments":13.280756209056914,"label":"University of Glasgow"},{"numberOfDocuments":4.0512014579685935,"label":"University of St Andrews"},{"numberOfDocuments":0.7845281861284179,"label":"University of Strathclyde"}],"conceptId":23},{"topicData":[{"numberOfDocuments":0.11493965875988349,"label":"Heriot-Watt University"},{"numberOfDocuments":0.01020408163265306,"label":"Robert Gordon University"},{"numberOfDocuments":11.287210801060532,"label":"Glasgow Caledonian University"},{"numberOfDocuments":0.29551820728291317,"label":"Queen Margaret University"},{"numberOfDocuments":7.408350523066448,"label":"University of Dundee"},{"numberOfDocuments":0.012676508344030809,"label":"University of the Highlands and Islands"},{"numberOfDocuments":0.14394829612220916,"label":"Edinburgh Napier University"},{"numberOfDocuments":0.4147836564092722,"label":"University of Stirling"},{"numberOfDocuments":0.0064516129032258064,"label":"Abertay University"},{"numberOfDocuments":0.1524126231926932,"label":"University of Aberdeen"},{"numberOfDocuments":2.0659025695799187,"label":"University of Edinburgh"},{"numberOfDocuments":1.179046413190307,"label":"University of the West of Scotland"},{"numberOfDocuments":7.129483407986203,"label":"University of Glasgow"},{"numberOfDocuments":0.0537693159282001,"label":"University of St Andrews"},{"numberOfDocuments":0.7077580153729269,"label":"University of Strathclyde"}],"conceptId":24},{"topicData":[{"numberOfDocuments":0.12860700034203626,"label":"Heriot-Watt University"},{"numberOfDocuments":0.13504719717344302,"label":"Robert Gordon University"},{"numberOfDocuments":0.004405286343612335,"label":"Glasgow Caledonian University"},{"numberOfDocuments":0.13225881861150207,"label":"Queen Margaret University"},{"numberOfDocuments":1.9880972576240912,"label":"University of Dundee"},{"numberOfDocuments":0.0056179775280898875,"label":"University of the Highlands and Islands"},{"numberOfDocuments":0.03697318007662835,"label":"Edinburgh Napier University"},{"numberOfDocuments":0.21406870601351824,"label":"University of Stirling"},{"numberOfDocuments":0.0,"label":"Abertay University"},{"numberOfDocuments":0.4779080053073861,"label":"University of Aberdeen"},{"numberOfDocuments":2.7047435138894316,"label":"University of Edinburgh"},{"numberOfDocuments":0.0,"label":"University of the West of Scotland"},{"numberOfDocuments":6.258281451256054,"label":"University of Glasgow"},{"numberOfDocuments":0.9491782109176999,"label":"University of St Andrews"},{"numberOfDocuments":0.15801147546104904,"label":"University of Strathclyde"}],"conceptId":25},{"topicData":[{"numberOfDocuments":0.0,"label":"Heriot-Watt University"},{"numberOfDocuments":0.09678416821273964,"label":"Robert Gordon University"},{"numberOfDocuments":0.0,"label":"Glasgow Caledonian University"},{"numberOfDocuments":0.024390243902439025,"label":"Queen Margaret University"},{"numberOfDocuments":1.229814090938827,"label":"University of Dundee"},{"numberOfDocuments":0.02112676056338028,"label":"University of the Highlands and Islands"},{"numberOfDocuments":0.004149377593360996,"label":"Edinburgh Napier University"},{"numberOfDocuments":0.020833333333333332,"label":"University of Stirling"},{"numberOfDocuments":0.1622902097902098,"label":"Abertay University"},{"numberOfDocuments":0.0177391441157961,"label":"University of Aberdeen"},{"numberOfDocuments":17.352547421702024,"label":"University of Edinburgh"},{"numberOfDocuments":0.1108622620380739,"label":"University of the West of Scotland"},{"numberOfDocuments":18.494606524174284,"label":"University of Glasgow"},{"numberOfDocuments":6.249724863486539,"label":"University of St Andrews"},{"numberOfDocuments":1.5862582824345106,"label":"University of Strathclyde"}],"conceptId":26}]