{"linkageTable":[{"node2":5,"distance":0.409391655496875,"node1":3},{"node2":12,"distance":0.443884328041495,"node1":13},{"node2":4,"distance":0.45357323849219,"node1":1},{"node2":11,"distance":0.468401454372305,"node1":9},{"node2":8,"distance":0.47035562034045997,"node1":14},{"node2":15,"distance":0.4745896926037425,"node1":0},{"node2":2,"distance":0.48061604089146,"node1":18},{"node2":16,"distance":0.4810154141445,"node1":6},{"node2":20,"distance":0.4827804620247575,"node1":17},{"node2":21,"distance":0.4892362341975857,"node1":19},{"node2":7,"distance":0.4926003946001691,"node1":22},{"node2":10,"distance":0.49941549698656584,"node1":23}],"conceptsData":[{"conceptId":2,"clusterId":0,"hexCoordinates":{"x":-1.7320508075688772,"y":0.0},"labels":[{"weight":253.0,"label":"seismic"},{"weight":162.0,"label":"interpretation"},{"weight":152.0,"label":"data"},{"weight":140.0,"label":"basin"},{"weight":134.0,"label":"geological"},{"weight":85.0,"label":"system"},{"weight":83.0,"label":"subsurface"},{"weight":72.0,"label":"reservoir"},{"weight":70.0,"label":"velocity"},{"weight":69.0,"label":"facy"},{"weight":63.0,"label":"sedimentary"},{"weight":62.0,"label":"sill"},{"weight":61.0,"label":"borehole"},{"weight":61.0,"label":"structure"},{"weight":60.0,"label":"field"},{"weight":58.0,"label":"interpret"},{"weight":56.0,"label":"intrusion"},{"weight":53.0,"label":"volcanic"},{"weight":53.0,"label":"area"},{"weight":50.0,"label":"analysis"},{"weight":49.0,"label":"dataset"},{"weight":48.0,"label":"exploration"},{"weight":47.0,"label":"outcrop"},{"weight":47.0,"label":"sequence"},{"weight":46.0,"label":"structural"}]},{"conceptId":3,"clusterId":0,"hexCoordinates":{"x":0.0,"y":0.0},"labels":[{"weight":259.0,"label":"rock"},{"weight":205.0,"label":"age"},{"weight":192.0,"label":"crust"},{"weight":181.0,"label":"arc"},{"weight":180.0,"label":"continental"},{"weight":173.0,"label":"zircon"},{"weight":170.0,"label":"crustal"},{"weight":168.0,"label":"magma"},{"weight":152.0,"label":"subduction"},{"weight":144.0,"label":"magmatic"},{"weight":142.0,"label":"data"},{"weight":137.0,"label":"mantle"},{"weight":128.0,"label":"source"},{"weight":124.0,"label":"late"},{"weight":121.0,"label":"margin"},{"weight":105.0,"label":"derive"},{"weight":103.0,"label":"magmatism"},{"weight":98.0,"label":"tectonic"},{"weight":97.0,"label":"volcanic"},{"weight":95.0,"label":"formation"},{"weight":92.0,"label":"early"},{"weight":90.0,"label":"zone"},{"weight":84.0,"label":"province"},{"weight":84.0,"label":"geochemical"},{"weight":84.0,"label":"block"}]},{"conceptId":5,"clusterId":0,"hexCoordinates":{"x":1.7320508075688772,"y":0.0},"labels":[{"weight":318.0,"label":"rock"},{"weight":212.0,"label":"mineral"},{"weight":207.0,"label":"fluid"},{"weight":195.0,"label":"composition"},{"weight":193.0,"label":"element"},{"weight":181.0,"label":"garnet"},{"weight":168.0,"label":"melt"},{"weight":164.0,"label":"rich"},{"weight":155.0,"label":"sample"},{"weight":148.0,"label":"vein"},{"weight":143.0,"label":"high"},{"weight":139.0,"label":"alteration"},{"weight":139.0,"label":"temperature"},{"weight":139.0,"label":"form"},{"weight":138.0,"label":"meteorite"},{"weight":135.0,"label":"mantle"},{"weight":134.0,"label":"low"},{"weight":131.0,"label":"metamorphic"},{"weight":123.0,"label":"quartz"},{"weight":117.0,"label":"suggest"},{"weight":114.0,"label":"inclusion"},{"weight":111.0,"label":"zircon"},{"weight":105.0,"label":"olivine"},{"weight":104.0,"label":"ree"},{"weight":102.0,"label":"host"}]},{"conceptId":9,"clusterId":0,"hexCoordinates":{"x":0.8660254037844386,"y":1.5},"labels":[{"weight":272.0,"label":"mar"},{"weight":189.0,"label":"mineral"},{"weight":152.0,"label":"martian"},{"weight":140.0,"label":"water"},{"weight":124.0,"label":"environment"},{"weight":101.0,"label":"life"},{"weight":93.0,"label":"earth"},{"weight":84.0,"label":"surface"},{"weight":81.0,"label":"microbial"},{"weight":79.0,"label":"gypsum"},{"weight":58.0,"label":"subsurface"},{"weight":57.0,"label":"activity"},{"weight":54.0,"label":"rock"},{"weight":53.0,"label":"show"},{"weight":52.0,"label":"brine"},{"weight":50.0,"label":"sulfate"},{"weight":49.0,"label":"planetary"},{"weight":48.0,"label":"exploration"},{"weight":47.0,"label":"sulphate"},{"weight":42.0,"label":"rover"},{"weight":41.0,"label":"habitability"},{"weight":40.0,"label":"terrestrial"},{"weight":39.0,"label":"analogue"},{"weight":39.0,"label":"form"},{"weight":39.0,"label":"include"}]},{"conceptId":11,"clusterId":0,"hexCoordinates":{"x":1.7320508075688772,"y":3.0},"labels":[{"weight":337.0,"label":"ocean"},{"weight":270.0,"label":"water"},{"weight":263.0,"label":"deep"},{"weight":256.0,"label":"carbon"},{"weight":242.0,"label":"sediment"},{"weight":231.0,"label":"carbonate"},{"weight":216.0,"label":"record"},{"weight":202.0,"label":"marine"},{"weight":187.0,"label":"isotope"},{"weight":178.0,"label":"sea"},{"weight":176.0,"label":"condition"},{"weight":172.0,"label":"earth"},{"weight":165.0,"label":"organic"},{"weight":145.0,"label":"oxygen"},{"weight":140.0,"label":"cycle"},{"weight":138.0,"label":"suggest"},{"weight":136.0,"label":"environment"},{"weight":133.0,"label":"data"},{"weight":126.0,"label":"early"},{"weight":120.0,"label":"basin"},{"weight":116.0,"label":"change"},{"weight":114.0,"label":"surface"},{"weight":108.0,"label":"modern"},{"weight":106.0,"label":"proxy"},{"weight":105.0,"label":"event"}]},{"conceptId":12,"clusterId":0,"hexCoordinates":{"x":0.8660254037844386,"y":-1.5},"labels":[{"weight":224.0,"label":"diamond"},{"weight":222.0,"label":"mantle"},{"weight":165.0,"label":"magma"},{"weight":149.0,"label":"eruption"},{"weight":131.0,"label":"fluid"},{"weight":123.0,"label":"melt"},{"weight":113.0,"label":"inclusion"},{"weight":108.0,"label":"volcano"},{"weight":93.0,"label":"volcanic"},{"weight":77.0,"label":"volatile"},{"weight":70.0,"label":"magmatic"},{"weight":66.0,"label":"olivine"},{"weight":66.0,"label":"arc"},{"weight":61.0,"label":"lava"},{"weight":61.0,"label":"composition"},{"weight":59.0,"label":"deposit"},{"weight":57.0,"label":"slab"},{"weight":54.0,"label":"dome"},{"weight":54.0,"label":"zone"},{"weight":48.0,"label":"source"},{"weight":46.0,"label":"rich"},{"weight":45.0,"label":"high"},{"weight":43.0,"label":"form"},{"weight":41.0,"label":"hydrothermal"},{"weight":41.0,"label":"earth"}]},{"conceptId":4,"clusterId":0,"hexCoordinates":{"x":-2.598076211353316,"y":1.5},"labels":[{"weight":201.0,"label":"basin"},{"weight":155.0,"label":"tectonic"},{"weight":132.0,"label":"margin"},{"weight":131.0,"label":"rift"},{"weight":122.0,"label":"uplift"},{"weight":115.0,"label":"structure"},{"weight":114.0,"label":"mantle"},{"weight":97.0,"label":"crustal"},{"weight":97.0,"label":"result"},{"weight":96.0,"label":"plate"},{"weight":95.0,"label":"crust"},{"weight":90.0,"label":"beneath"},{"weight":87.0,"label":"continental"},{"weight":85.0,"label":"seismic"},{"weight":82.0,"label":"region"},{"weight":79.0,"label":"velocity"},{"weight":74.0,"label":"southern"},{"weight":70.0,"label":"zone"},{"weight":70.0,"label":"present"},{"weight":69.0,"label":"deformation"},{"weight":67.0,"label":"exhumation"},{"weight":67.0,"label":"northern"},{"weight":64.0,"label":"lithosphere"},{"weight":64.0,"label":"evolution"},{"weight":63.0,"label":"low"}]},{"conceptId":0,"clusterId":0,"hexCoordinates":{"x":-1.7320508075688772,"y":3.0},"labels":[{"weight":349.0,"label":"fault"},{"weight":209.0,"label":"seismic"},{"weight":199.0,"label":"earthquake"},{"weight":145.0,"label":"geothermal"},{"weight":93.0,"label":"rock"},{"weight":93.0,"label":"event"},{"weight":91.0,"label":"zone"},{"weight":75.0,"label":"ground"},{"weight":70.0,"label":"fluid"},{"weight":68.0,"label":"induce"},{"weight":66.0,"label":"deep"},{"weight":60.0,"label":"motion"},{"weight":57.0,"label":"depth"},{"weight":55.0,"label":"slip"},{"weight":53.0,"label":"deformation"},{"weight":51.0,"label":"source"},{"weight":50.0,"label":"field"},{"weight":49.0,"label":"seismicity"},{"weight":49.0,"label":"structure"},{"weight":48.0,"label":"attenuation"},{"weight":48.0,"label":"fracture"},{"weight":46.0,"label":"hazard"},{"weight":46.0,"label":"result"},{"weight":39.0,"label":"tectonic"},{"weight":39.0,"label":"injection"}]},{"conceptId":1,"clusterId":0,"hexCoordinates":{"x":-0.8660254037844386,"y":1.5},"labels":[{"weight":289.0,"label":"fault"},{"weight":144.0,"label":"formation"},{"weight":135.0,"label":"thrust"},{"weight":131.0,"label":"basin"},{"weight":79.0,"label":"fold"},{"weight":69.0,"label":"fluid"},{"weight":66.0,"label":"form"},{"weight":64.0,"label":"outcrop"},{"weight":62.0,"label":"sandstone"},{"weight":60.0,"label":"salt"},{"weight":59.0,"label":"rock"},{"weight":57.0,"label":"system"},{"weight":56.0,"label":"carbonate"},{"weight":51.0,"label":"dolostone"},{"weight":47.0,"label":"strike"},{"weight":47.0,"label":"deposit"},{"weight":46.0,"label":"deformation"},{"weight":46.0,"label":"associate"},{"weight":45.0,"label":"early"},{"weight":44.0,"label":"dolomitization"},{"weight":44.0,"label":"distribution"},{"weight":44.0,"label":"lower"},{"weight":43.0,"label":"folding"},{"weight":42.0,"label":"displacement"},{"weight":40.0,"label":"facy"}]},{"conceptId":10,"clusterId":0,"hexCoordinates":{"x":-3.4641016151377544,"y":0.0},"labels":[{"weight":117.0,"label":"infant"},{"weight":77.0,"label":"neonatal"},{"weight":60.0,"label":"interpretation"},{"weight":36.0,"label":"image"},{"weight":29.0,"label":"fault"},{"weight":26.0,"label":"neonate"},{"weight":25.0,"label":"interpreter"},{"weight":23.0,"label":"measurement"},{"weight":22.0,"label":"result"},{"weight":21.0,"label":"iaq"},{"weight":21.0,"label":"range"},{"weight":20.0,"label":"quality"},{"weight":17.0,"label":"vft"},{"weight":16.0,"label":"catch"},{"weight":16.0,"label":"seismic"},{"weight":16.0,"label":"low"},{"weight":13.0,"label":"intubation"},{"weight":13.0,"label":"month"},{"weight":13.0,"label":"depth"},{"weight":13.0,"label":"assessment"},{"weight":13.0,"label":"uncertainty"},{"weight":12.0,"label":"cerebroplacental"},{"weight":12.0,"label":"bronchiolitis"},{"weight":12.0,"label":"preterm"},{"weight":12.0,"label":"continuity"}]},{"conceptId":6,"clusterId":0,"hexCoordinates":{"x":2.598076211353316,"y":1.5},"labels":[{"weight":254.0,"label":"mine"},{"weight":198.0,"label":"coal"},{"weight":191.0,"label":"deposit"},{"weight":173.0,"label":"mining"},{"weight":145.0,"label":"mineral"},{"weight":129.0,"label":"gold"},{"weight":120.0,"label":"metal"},{"weight":108.0,"label":"iron"},{"weight":102.0,"label":"element"},{"weight":95.0,"label":"pyrite"},{"weight":89.0,"label":"shale"},{"weight":75.0,"label":"formation"},{"weight":64.0,"label":"rock"},{"weight":61.0,"label":"source"},{"weight":53.0,"label":"high"},{"weight":51.0,"label":"rich"},{"weight":50.0,"label":"mineralisation"},{"weight":50.0,"label":"ore"},{"weight":50.0,"label":"trace"},{"weight":48.0,"label":"enrichment"},{"weight":44.0,"label":"mineralization"},{"weight":44.0,"label":"resource"},{"weight":42.0,"label":"include"},{"weight":41.0,"label":"host"},{"weight":41.0,"label":"lead"}]},{"conceptId":8,"clusterId":0,"hexCoordinates":{"x":2.598076211353316,"y":-1.5},"labels":[{"weight":646.0,"label":"isotope"},{"weight":361.0,"label":"isotopic"},{"weight":282.0,"label":"stable"},{"weight":255.0,"label":"composition"},{"weight":202.0,"label":"water"},{"weight":188.0,"label":"ratio"},{"weight":153.0,"label":"source"},{"weight":133.0,"label":"sample"},{"weight":115.0,"label":"fractionation"},{"weight":111.0,"label":"oxygen"},{"weight":94.0,"label":"signature"},{"weight":82.0,"label":"high"},{"weight":64.0,"label":"range"},{"weight":60.0,"label":"tracer"},{"weight":57.0,"label":"mix"},{"weight":54.0,"label":"trace"},{"weight":50.0,"label":"carbon"},{"weight":43.0,"label":"deplete"},{"weight":42.0,"label":"radiogenic"},{"weight":42.0,"label":"mantle"},{"weight":39.0,"label":"process"},{"weight":38.0,"label":"bulk"},{"weight":38.0,"label":"variation"},{"weight":37.0,"label":"concentration"},{"weight":37.0,"label":"estimate"}]},{"conceptId":-1,"clusterId":-1,"hexCoordinates":{"x":6.06217782649107,"y":3.0},"labels":[{"weight":2500,"label":"Unclassified"},{"weight":0,"label":""},{"weight":0,"label":""},{"weight":0,"label":""},{"weight":0,"label":""},{"weight":0,"label":""},{"weight":0,"label":""},{"weight":0,"label":""},{"weight":0,"label":""},{"weight":0,"label":""},{"weight":0,"label":""}]},{"conceptId":7,"clusterId":0,"hexCoordinates":{"x":0.0,"y":3.0},"labels":[{"weight":556.0,"label":"impact"},{"weight":126.0,"label":"crater"},{"weight":94.0,"label":"target"},{"weight":85.0,"label":"rock"},{"weight":61.0,"label":"peak"},{"weight":57.0,"label":"shock"},{"weight":54.0,"label":"ring"},{"weight":49.0,"label":"structure"},{"weight":39.0,"label":"expedition"},{"weight":34.0,"label":"fragment"},{"weight":34.0,"label":"formation"},{"weight":32.0,"label":"chicxulub"},{"weight":32.0,"label":"boulder"},{"weight":32.0,"label":"asteroid"},{"weight":31.0,"label":"body"},{"weight":30.0,"label":"experiment"},{"weight":29.0,"label":"deformation"},{"weight":29.0,"label":"event"},{"weight":25.0,"label":"surface"},{"weight":24.0,"label":"large"},{"weight":22.0,"label":"shocked"},{"weight":22.0,"label":"diameter"},{"weight":20.0,"label":"rim"},{"weight":20.0,"label":"shape"},{"weight":20.0,"label":"density"}]}]}