{"linkageTable":[{"node2":3,"distance":0.43466632082354,"node1":2},{"node2":8,"distance":0.44204213581316,"node1":7},{"node2":10,"distance":0.4872304593486275,"node1":15},{"node2":12,"distance":0.48759935616145,"node1":6},{"node2":13,"distance":0.489446895140225,"node1":0},{"node2":16,"distance":0.49126387218057255,"node1":4},{"node2":11,"distance":0.49176006420987833,"node1":17},{"node2":18,"distance":0.4942457870482316,"node1":20},{"node2":9,"distance":0.49502627053296,"node1":19},{"node2":22,"distance":0.49792982397502333,"node1":23},{"node2":21,"distance":0.4985116181062075,"node1":1},{"node2":25,"distance":0.49973383221572404,"node1":24},{"node2":5,"distance":0.49989119841534885,"node1":26},{"node2":14,"distance":0.5,"node1":27}],"conceptsData":[{"conceptId":0,"clusterId":0,"hexCoordinates":{"x":2.598076211353316,"y":-1.5},"labels":[{"weight":218.0,"label":"campaign"},{"weight":111.0,"label":"media"},{"weight":84.0,"label":"transport"},{"weight":79.0,"label":"evidence"},{"weight":76.0,"label":"mass"},{"weight":67.0,"label":"tcp"},{"weight":57.0,"label":"protocol"},{"weight":53.0,"label":"impact"},{"weight":51.0,"label":"rtp"},{"weight":44.0,"label":"soc"},{"weight":41.0,"label":"arc"},{"weight":38.0,"label":"health"},{"weight":38.0,"label":"effective"},{"weight":37.0,"label":"udp"},{"weight":34.0,"label":"control"},{"weight":32.0,"label":"tobacco"},{"weight":32.0,"label":"message"},{"weight":31.0,"label":"review"},{"weight":30.0,"label":"behaviour"},{"weight":29.0,"label":"equity"},{"weight":29.0,"label":"effectiveness"},{"weight":29.0,"label":"study"},{"weight":27.0,"label":"real"},{"weight":27.0,"label":"target"},{"weight":27.0,"label":"reduce"}]},{"conceptId":7,"clusterId":0,"hexCoordinates":{"x":0.0,"y":0.0},"labels":[{"weight":356.0,"label":"tobacco"},{"weight":255.0,"label":"product"},{"weight":237.0,"label":"sale"},{"weight":197.0,"label":"outlet"},{"weight":187.0,"label":"display"},{"weight":180.0,"label":"retailer"},{"weight":173.0,"label":"retail"},{"weight":171.0,"label":"purchase"},{"weight":168.0,"label":"store"},{"weight":167.0,"label":"shop"},{"weight":110.0,"label":"density"},{"weight":94.0,"label":"ban"},{"weight":82.0,"label":"visibility"},{"weight":74.0,"label":"study"},{"weight":72.0,"label":"supermarket"},{"weight":68.0,"label":"small"},{"weight":66.0,"label":"brand"},{"weight":65.0,"label":"point"},{"weight":61.0,"label":"scotland"},{"weight":61.0,"label":"method"},{"weight":58.0,"label":"legislation"},{"weight":58.0,"label":"price"},{"weight":54.0,"label":"exposure"},{"weight":54.0,"label":"reduce"},{"weight":53.0,"label":"sell"}]},{"conceptId":3,"clusterId":0,"hexCoordinates":{"x":5.196152422706632,"y":3.0},"labels":[{"weight":125.0,"label":"las"},{"weight":101.0,"label":"los"},{"weight":82.0,"label":"para"},{"weight":80.0,"label":"del"},{"weight":71.0,"label":"como"},{"weight":66.0,"label":"por"},{"weight":65.0,"label":"una"},{"weight":55.0,"label":"con"},{"weight":34.0,"label":"este"},{"weight":33.0,"label":"sobre"},{"weight":32.0,"label":"entre"},{"weight":30.0,"label":"tica"},{"weight":23.0,"label":"sus"},{"weight":22.0,"label":"pol"},{"weight":18.0,"label":"uma"},{"weight":17.0,"label":"art"},{"weight":16.0,"label":"iacute"},{"weight":16.0,"label":"culo"},{"weight":16.0,"label":"tico"},{"weight":15.0,"label":"tanto"},{"weight":15.0,"label":"spanish"},{"weight":14.0,"label":"stica"},{"weight":14.0,"label":"oacute"},{"weight":14.0,"label":"fue"},{"weight":14.0,"label":"desde"}]},{"conceptId":8,"clusterId":0,"hexCoordinates":{"x":1.7320508075688772,"y":0.0},"labels":[{"weight":1075.0,"label":"smoking"},{"weight":1020.0,"label":"cigarette"},{"weight":692.0,"label":"tobacco"},{"weight":441.0,"label":"smoker"},{"weight":327.0,"label":"smoke"},{"weight":291.0,"label":"pack"},{"weight":195.0,"label":"health"},{"weight":189.0,"label":"packaging"},{"weight":119.0,"label":"warning"},{"weight":107.0,"label":"product"},{"weight":106.0,"label":"plain"},{"weight":100.0,"label":"cessation"},{"weight":100.0,"label":"standardised"},{"weight":96.0,"label":"free"},{"weight":94.0,"label":"conclusion"},{"weight":91.0,"label":"ban"},{"weight":87.0,"label":"quit"},{"weight":83.0,"label":"current"},{"weight":81.0,"label":"year"},{"weight":81.0,"label":"explore"},{"weight":80.0,"label":"survey"},{"weight":77.0,"label":"regular"},{"weight":77.0,"label":"perception"},{"weight":75.0,"label":"reduce"},{"weight":72.0,"label":"control"}]},{"conceptId":9,"clusterId":0,"hexCoordinates":{"x":4.330127018922193,"y":-1.5},"labels":[{"weight":411.0,"label":"intervention"},{"weight":281.0,"label":"man"},{"weight":236.0,"label":"message"},{"weight":223.0,"label":"text"},{"weight":206.0,"label":"study"},{"weight":185.0,"label":"alcohol"},{"weight":149.0,"label":"trial"},{"weight":144.0,"label":"high"},{"weight":140.0,"label":"group"},{"weight":133.0,"label":"unit"},{"weight":122.0,"label":"participant"},{"weight":120.0,"label":"method"},{"weight":113.0,"label":"reduce"},{"weight":103.0,"label":"drinking"},{"weight":100.0,"label":"recruit"},{"weight":100.0,"label":"outcome"},{"weight":100.0,"label":"deliver"},{"weight":97.0,"label":"disadvantaged"},{"weight":88.0,"label":"binge"},{"weight":82.0,"label":"risk"},{"weight":82.0,"label":"health"},{"weight":79.0,"label":"control"},{"weight":77.0,"label":"recruitment"},{"weight":77.0,"label":"follow"},{"weight":73.0,"label":"consumption"}]},{"conceptId":2,"clusterId":0,"hexCoordinates":{"x":3.4641016151377544,"y":3.0},"labels":[{"weight":46.0,"label":"rbf"},{"weight":41.0,"label":"hmgb"},{"weight":41.0,"label":"shoulder"},{"weight":33.0,"label":"omp"},{"weight":23.0,"label":"frozen"},{"weight":19.0,"label":"lego"},{"weight":18.0,"label":"ski"},{"weight":14.0,"label":"cotton"},{"weight":13.0,"label":"puppet"},{"weight":12.0,"label":"opn"},{"weight":11.0,"label":"wipe"},{"weight":11.0,"label":"sdq"},{"weight":11.0,"label":"resort"},{"weight":10.0,"label":"millisecond"},{"weight":9.0,"label":"danger"},{"weight":9.0,"label":"capsule"},{"weight":8.0,"label":"bama"},{"weight":8.0,"label":"legoland"},{"weight":8.0,"label":"park"},{"weight":7.0,"label":"glove"},{"weight":7.0,"label":"barrel"},{"weight":6.0,"label":"ambergris"},{"weight":6.0,"label":"lqt"},{"weight":6.0,"label":"alarmin"},{"weight":6.0,"label":"png"}]},{"conceptId":12,"clusterId":0,"hexCoordinates":{"x":2.598076211353316,"y":1.5},"labels":[{"weight":130.0,"label":"herbal"},{"weight":101.0,"label":"medicine"},{"weight":93.0,"label":"article"},{"weight":69.0,"label":"newspaper"},{"weight":66.0,"label":"child"},{"weight":48.0,"label":"health"},{"weight":47.0,"label":"report"},{"weight":46.0,"label":"public"},{"weight":43.0,"label":"vehicle"},{"weight":38.0,"label":"smoke"},{"weight":35.0,"label":"legislation"},{"weight":34.0,"label":"herb"},{"weight":34.0,"label":"hand"},{"weight":31.0,"label":"media"},{"weight":30.0,"label":"advocate"},{"weight":30.0,"label":"harm"},{"weight":30.0,"label":"present"},{"weight":28.0,"label":"publish"},{"weight":28.0,"label":"issue"},{"weight":27.0,"label":"policy"},{"weight":25.0,"label":"content"},{"weight":25.0,"label":"debate"},{"weight":24.0,"label":"smoking"},{"weight":24.0,"label":"exposure"},{"weight":23.0,"label":"frequently"}]},{"conceptId":-1,"clusterId":-1,"hexCoordinates":{"x":9.526279441628825,"y":3.0},"labels":[{"weight":2500,"label":"Unclassified"},{"weight":0,"label":""},{"weight":0,"label":""},{"weight":0,"label":""},{"weight":0,"label":""},{"weight":0,"label":""},{"weight":0,"label":""},{"weight":0,"label":""},{"weight":0,"label":""},{"weight":0,"label":""},{"weight":0,"label":""}]},{"conceptId":14,"clusterId":0,"hexCoordinates":{"x":2.598076211353316,"y":-4.5},"labels":[{"weight":82.0,"label":"patent"},{"weight":62.0,"label":"van"},{"weight":62.0,"label":"der"},{"weight":36.0,"label":"nut"},{"weight":32.0,"label":"mpi"},{"weight":30.0,"label":"readability"},{"weight":27.0,"label":"aup"},{"weight":25.0,"label":"chew"},{"weight":19.0,"label":"cmd"},{"weight":17.0,"label":"library"},{"weight":16.0,"label":"glossinidius"},{"weight":16.0,"label":"waals"},{"weight":14.0,"label":"lgals"},{"weight":14.0,"label":"swl"},{"weight":14.0,"label":"galectin"},{"weight":10.0,"label":"areca"},{"weight":10.0,"label":"lankesteria"},{"weight":10.0,"label":"camel"},{"weight":10.0,"label":"waal"},{"weight":10.0,"label":"tube"},{"weight":10.0,"label":"dependency"},{"weight":10.0,"label":"session"},{"weight":9.0,"label":"bfi"},{"weight":9.0,"label":"park"},{"weight":9.0,"label":"phy"}]},{"conceptId":10,"clusterId":0,"hexCoordinates":{"x":4.330127018922193,"y":1.5},"labels":[{"weight":82.0,"label":"fiber"},{"weight":43.0,"label":"ppm"},{"weight":21.0,"label":"pasireotide"},{"weight":21.0,"label":"core"},{"weight":19.0,"label":"clc"},{"weight":19.0,"label":"lar"},{"weight":18.0,"label":"loop"},{"weight":15.0,"label":"dim"},{"weight":10.0,"label":"octreotide"},{"weight":10.0,"label":"spherulite"},{"weight":9.0,"label":"inventory"},{"weight":8.0,"label":"isf"},{"weight":8.0,"label":"ddao"},{"weight":8.0,"label":"bound"},{"weight":7.0,"label":"phytobentho"},{"weight":7.0,"label":"eri"},{"weight":7.0,"label":"aur"},{"weight":7.0,"label":"somatostatin"},{"weight":7.0,"label":"opa"},{"weight":7.0,"label":"lie"},{"weight":7.0,"label":"revise"},{"weight":7.0,"label":"meet"},{"weight":6.0,"label":"igf"},{"weight":6.0,"label":"itf"},{"weight":6.0,"label":"opaque"}]},{"conceptId":11,"clusterId":0,"hexCoordinates":{"x":6.06217782649107,"y":1.5},"labels":[{"weight":43.0,"label":"del"},{"weight":26.0,"label":"nell"},{"weight":23.0,"label":"backbone"},{"weight":17.0,"label":"pdm"},{"weight":17.0,"label":"video"},{"weight":16.0,"label":"della"},{"weight":15.0,"label":"cvv"},{"weight":13.0,"label":"yield"},{"weight":12.0,"label":"dinucleotide"},{"weight":11.0,"label":"shemilt"},{"weight":10.0,"label":"lukpq"},{"weight":9.0,"label":"dpm"},{"weight":9.0,"label":"scozia"},{"weight":9.0,"label":"isola"},{"weight":8.0,"label":"leukocidin"},{"weight":8.0,"label":"egg"},{"weight":7.0,"label":"dei"},{"weight":6.0,"label":"uncoat"},{"weight":6.0,"label":"anni"},{"weight":6.0,"label":"che"},{"weight":6.0,"label":"nel"},{"weight":6.0,"label":"delle"},{"weight":6.0,"label":"reverse"},{"weight":5.0,"label":"uncoating"},{"weight":5.0,"label":"kriv"}]},{"conceptId":1,"clusterId":0,"hexCoordinates":{"x":1.7320508075688772,"y":3.0},"labels":[{"weight":876.0,"label":"exposure"},{"weight":223.0,"label":"smoke"},{"weight":127.0,"label":"rubber"},{"weight":120.0,"label":"free"},{"weight":120.0,"label":"expose"},{"weight":112.0,"label":"tobacco"},{"weight":110.0,"label":"smoking"},{"weight":92.0,"label":"outdoor"},{"weight":89.0,"label":"environmental"},{"weight":72.0,"label":"dust"},{"weight":62.0,"label":"insulator"},{"weight":58.0,"label":"level"},{"weight":55.0,"label":"legislation"},{"weight":53.0,"label":"health"},{"weight":52.0,"label":"reduce"},{"weight":51.0,"label":"risk"},{"weight":50.0,"label":"control"},{"weight":49.0,"label":"indoor"},{"weight":48.0,"label":"home"},{"weight":46.0,"label":"comprehensive"},{"weight":45.0,"label":"occupational"},{"weight":45.0,"label":"hand"},{"weight":44.0,"label":"respiratory"},{"weight":42.0,"label":"dry"},{"weight":42.0,"label":"assess"}]},{"conceptId":4,"clusterId":0,"hexCoordinates":{"x":0.8660254037844386,"y":-1.5},"labels":[{"weight":1316.0,"label":"smoking"},{"weight":541.0,"label":"smoker"},{"weight":502.0,"label":"cessation"},{"weight":310.0,"label":"quit"},{"weight":228.0,"label":"smoke"},{"weight":202.0,"label":"support"},{"weight":193.0,"label":"incentive"},{"weight":189.0,"label":"stop"},{"weight":183.0,"label":"woman"},{"weight":165.0,"label":"pregnant"},{"weight":162.0,"label":"pregnancy"},{"weight":139.0,"label":"cigarette"},{"weight":132.0,"label":"nicotine"},{"weight":111.0,"label":"abstinence"},{"weight":104.0,"label":"week"},{"weight":101.0,"label":"nrt"},{"weight":100.0,"label":"service"},{"weight":94.0,"label":"health"},{"weight":91.0,"label":"current"},{"weight":84.0,"label":"group"},{"weight":69.0,"label":"report"},{"weight":67.0,"label":"financial"},{"weight":66.0,"label":"sss"},{"weight":58.0,"label":"intervention"},{"weight":58.0,"label":"provide"}]},{"conceptId":5,"clusterId":0,"hexCoordinates":{"x":1.7320508075688772,"y":-3.0},"labels":[{"weight":68.0,"label":"indonesia"},{"weight":44.0,"label":"indonesian"},{"weight":42.0,"label":"cfa"},{"weight":27.0,"label":"dan"},{"weight":14.0,"label":"phloem"},{"weight":13.0,"label":"polyomavirus"},{"weight":12.0,"label":"besar"},{"weight":11.0,"label":"kera"},{"weight":11.0,"label":"yang"},{"weight":9.0,"label":"facility"},{"weight":8.0,"label":"madurese"},{"weight":8.0,"label":"penyakit"},{"weight":8.0,"label":"cinnamon"},{"weight":8.0,"label":"java"},{"weight":8.0,"label":"opal"},{"weight":8.0,"label":"max"},{"weight":8.0,"label":"lng"},{"weight":7.0,"label":"phytomona"},{"weight":7.0,"label":"fls"},{"weight":7.0,"label":"subadult"},{"weight":7.0,"label":"manusia"},{"weight":7.0,"label":"unload"},{"weight":6.0,"label":"hivst"},{"weight":6.0,"label":"malayo"},{"weight":6.0,"label":"maraviroc"}]},{"conceptId":13,"clusterId":0,"hexCoordinates":{"x":3.4641016151377544,"y":0.0},"labels":[{"weight":1403.0,"label":"alcohol"},{"weight":880.0,"label":"consumption"},{"weight":520.0,"label":"drinking"},{"weight":233.0,"label":"drink"},{"weight":143.0,"label":"health"},{"weight":142.0,"label":"drinker"},{"weight":105.0,"label":"ethanol"},{"weight":102.0,"label":"level"},{"weight":100.0,"label":"beer"},{"weight":100.0,"label":"associate"},{"weight":99.0,"label":"heavy"},{"weight":91.0,"label":"consume"},{"weight":90.0,"label":"behaviour"},{"weight":75.0,"label":"risk"},{"weight":70.0,"label":"harm"},{"weight":67.0,"label":"beverage"},{"weight":67.0,"label":"related"},{"weight":65.0,"label":"weekly"},{"weight":65.0,"label":"unit"},{"weight":61.0,"label":"week"},{"weight":53.0,"label":"limit"},{"weight":46.0,"label":"alcoholic"},{"weight":43.0,"label":"binge"},{"weight":42.0,"label":"adh"},{"weight":42.0,"label":"pattern"}]},{"conceptId":6,"clusterId":0,"hexCoordinates":{"x":0.8660254037844386,"y":1.5},"labels":[{"weight":1171.0,"label":"alcohol"},{"weight":283.0,"label":"consumption"},{"weight":159.0,"label":"substance"},{"weight":132.0,"label":"related"},{"weight":122.0,"label":"health"},{"weight":106.0,"label":"dependence"},{"weight":97.0,"label":"harm"},{"weight":90.0,"label":"drinker"},{"weight":88.0,"label":"mup"},{"weight":87.0,"label":"abi"},{"weight":84.0,"label":"misuse"},{"weight":83.0,"label":"drug"},{"weight":83.0,"label":"reduce"},{"weight":75.0,"label":"drinking"},{"weight":75.0,"label":"problem"},{"weight":65.0,"label":"public"},{"weight":64.0,"label":"minimum"},{"weight":61.0,"label":"associate"},{"weight":60.0,"label":"harmful"},{"weight":57.0,"label":"group"},{"weight":56.0,"label":"risk"},{"weight":56.0,"label":"policy"},{"weight":55.0,"label":"tobacco"},{"weight":53.0,"label":"unit"},{"weight":51.0,"label":"individual"}]}]}