[{"topicData":[{"numberOfDocuments":0.0,"label":"Robert Gordon University"},{"numberOfDocuments":0.0,"label":"Heriot-Watt University"},{"numberOfDocuments":0.0,"label":"Glasgow Caledonian University"},{"numberOfDocuments":0.0,"label":"Queen Margaret University"},{"numberOfDocuments":0.0,"label":"University of the Highlands and Islands"},{"numberOfDocuments":0.0,"label":"University of Dundee"},{"numberOfDocuments":0.0,"label":"Edinburgh Napier University"},{"numberOfDocuments":0.0,"label":"University of Stirling"},{"numberOfDocuments":0.0,"label":"Abertay University"},{"numberOfDocuments":0.0,"label":"University of Aberdeen"},{"numberOfDocuments":0.0,"label":"University of Edinburgh"},{"numberOfDocuments":0.0,"label":"University of the West of Scotland"},{"numberOfDocuments":0.0,"label":"University of St Andrews"},{"numberOfDocuments":0.0,"label":"University of Glasgow"},{"numberOfDocuments":0.0,"label":"University of Strathclyde"}],"conceptId":-1},{"topicData":[{"numberOfDocuments":15.379665696049331,"label":"Robert Gordon University"},{"numberOfDocuments":2.7434771696955145,"label":"Heriot-Watt University"},{"numberOfDocuments":0.8383679015052729,"label":"Glasgow Caledonian University"},{"numberOfDocuments":18.39142681002111,"label":"Queen Margaret University"},{"numberOfDocuments":9.355189393075014,"label":"University of the Highlands and Islands"},{"numberOfDocuments":7.393798518100625,"label":"University of Dundee"},{"numberOfDocuments":10.243063800349672,"label":"Edinburgh Napier University"},{"numberOfDocuments":11.37785779435808,"label":"University of Stirling"},{"numberOfDocuments":4.023047440483512,"label":"Abertay University"},{"numberOfDocuments":5.383322637291036,"label":"University of Aberdeen"},{"numberOfDocuments":38.11551308192809,"label":"University of Edinburgh"},{"numberOfDocuments":4.345370169924819,"label":"University of the West of Scotland"},{"numberOfDocuments":5.776573455852383,"label":"University of St Andrews"},{"numberOfDocuments":18.44269748347758,"label":"University of Glasgow"},{"numberOfDocuments":13.041937758222405,"label":"University of Strathclyde"}],"conceptId":0},{"topicData":[{"numberOfDocuments":5.243247534990473,"label":"Robert Gordon University"},{"numberOfDocuments":1.4817095825100999,"label":"Heriot-Watt University"},{"numberOfDocuments":1.7498542218673783,"label":"Glasgow Caledonian University"},{"numberOfDocuments":7.866803316848787,"label":"Queen Margaret University"},{"numberOfDocuments":4.789681014956535,"label":"University of the Highlands and Islands"},{"numberOfDocuments":9.729034202948602,"label":"University of Dundee"},{"numberOfDocuments":11.650778622434546,"label":"Edinburgh Napier University"},{"numberOfDocuments":42.42208630326953,"label":"University of Stirling"},{"numberOfDocuments":2.5692530719216227,"label":"Abertay University"},{"numberOfDocuments":10.082680777864654,"label":"University of Aberdeen"},{"numberOfDocuments":33.29804745678107,"label":"University of Edinburgh"},{"numberOfDocuments":2.9865135129954363,"label":"University of the West of Scotland"},{"numberOfDocuments":19.182745259847305,"label":"University of St Andrews"},{"numberOfDocuments":28.08098194032862,"label":"University of Glasgow"},{"numberOfDocuments":15.426970094270215,"label":"University of Strathclyde"}],"conceptId":1},{"topicData":[{"numberOfDocuments":0.16880821088616604,"label":"Robert Gordon University"},{"numberOfDocuments":0.9127866694418226,"label":"Heriot-Watt University"},{"numberOfDocuments":0.037384259259259256,"label":"Glasgow Caledonian University"},{"numberOfDocuments":14.062975806367882,"label":"Queen Margaret University"},{"numberOfDocuments":0.17922008547008547,"label":"University of the Highlands and Islands"},{"numberOfDocuments":1.0060537309784512,"label":"University of Dundee"},{"numberOfDocuments":3.1520059886245435,"label":"Edinburgh Napier University"},{"numberOfDocuments":0.4675175734067155,"label":"University of Stirling"},{"numberOfDocuments":0.14098670620029372,"label":"Abertay University"},{"numberOfDocuments":0.46172745801083503,"label":"University of Aberdeen"},{"numberOfDocuments":6.463597382644804,"label":"University of Edinburgh"},{"numberOfDocuments":0.9934934739620497,"label":"University of the West of Scotland"},{"numberOfDocuments":1.7393368421251372,"label":"University of St Andrews"},{"numberOfDocuments":4.679803909366045,"label":"University of Glasgow"},{"numberOfDocuments":0.4664398790671586,"label":"University of Strathclyde"}],"conceptId":2},{"topicData":[{"numberOfDocuments":4.7192937877663335,"label":"Robert Gordon University"},{"numberOfDocuments":1.213729458470599,"label":"Heriot-Watt University"},{"numberOfDocuments":0.5444733090341269,"label":"Glasgow Caledonian University"},{"numberOfDocuments":4.18662913890409,"label":"Queen Margaret University"},{"numberOfDocuments":3.1460437137414305,"label":"University of the Highlands and Islands"},{"numberOfDocuments":4.831377116052884,"label":"University of Dundee"},{"numberOfDocuments":3.684589523721667,"label":"Edinburgh Napier University"},{"numberOfDocuments":11.144142944613153,"label":"University of Stirling"},{"numberOfDocuments":0.7407730171591694,"label":"Abertay University"},{"numberOfDocuments":3.494118527915082,"label":"University of Aberdeen"},{"numberOfDocuments":23.16355817926135,"label":"University of Edinburgh"},{"numberOfDocuments":2.7956825764211546,"label":"University of the West of Scotland"},{"numberOfDocuments":6.167439924415484,"label":"University of St Andrews"},{"numberOfDocuments":18.372134809749426,"label":"University of Glasgow"},{"numberOfDocuments":8.656935824198916,"label":"University of Strathclyde"}],"conceptId":3},{"topicData":[{"numberOfDocuments":2.7727076819233596,"label":"Robert Gordon University"},{"numberOfDocuments":1.5868339015531043,"label":"Heriot-Watt University"},{"numberOfDocuments":0.821434472870448,"label":"Glasgow Caledonian University"},{"numberOfDocuments":2.5722085278215214,"label":"Queen Margaret University"},{"numberOfDocuments":0.9922538450433901,"label":"University of the Highlands and Islands"},{"numberOfDocuments":4.128057998228252,"label":"University of Dundee"},{"numberOfDocuments":4.886795099065114,"label":"Edinburgh Napier University"},{"numberOfDocuments":9.37810988463134,"label":"University of Stirling"},{"numberOfDocuments":0.4400832016101164,"label":"Abertay University"},{"numberOfDocuments":4.414874117415511,"label":"University of Aberdeen"},{"numberOfDocuments":15.54171420889672,"label":"University of Edinburgh"},{"numberOfDocuments":1.2282901013275398,"label":"University of the West of Scotland"},{"numberOfDocuments":6.302267951555905,"label":"University of St Andrews"},{"numberOfDocuments":10.611362928957654,"label":"University of Glasgow"},{"numberOfDocuments":15.216934041028058,"label":"University of Strathclyde"}],"conceptId":4},{"topicData":[{"numberOfDocuments":0.07838813151563753,"label":"Robert Gordon University"},{"numberOfDocuments":0.1,"label":"Heriot-Watt University"},{"numberOfDocuments":0.0,"label":"Glasgow Caledonian University"},{"numberOfDocuments":0.07555628806502208,"label":"Queen Margaret University"},{"numberOfDocuments":0.10377358490566037,"label":"University of the Highlands and Islands"},{"numberOfDocuments":0.2163674002795367,"label":"University of Dundee"},{"numberOfDocuments":0.976698450062563,"label":"Edinburgh Napier University"},{"numberOfDocuments":30.080561003211585,"label":"University of Stirling"},{"numberOfDocuments":0.007936507936507936,"label":"Abertay University"},{"numberOfDocuments":0.02040816326530612,"label":"University of Aberdeen"},{"numberOfDocuments":0.41429100926157625,"label":"University of Edinburgh"},{"numberOfDocuments":0.01764705882352941,"label":"University of the West of Scotland"},{"numberOfDocuments":0.049950300934600886,"label":"University of St Andrews"},{"numberOfDocuments":0.5183956215190922,"label":"University of Glasgow"},{"numberOfDocuments":0.30010771830013466,"label":"University of Strathclyde"}],"conceptId":5},{"topicData":[{"numberOfDocuments":2.474389985909049,"label":"Robert Gordon University"},{"numberOfDocuments":0.4928957873282495,"label":"Heriot-Watt University"},{"numberOfDocuments":1.420251259658236,"label":"Glasgow Caledonian University"},{"numberOfDocuments":4.065931995538376,"label":"Queen Margaret University"},{"numberOfDocuments":1.724943701425872,"label":"University of the Highlands and Islands"},{"numberOfDocuments":3.1805445129437917,"label":"University of Dundee"},{"numberOfDocuments":2.5215513327236256,"label":"Edinburgh Napier University"},{"numberOfDocuments":8.617017847136184,"label":"University of Stirling"},{"numberOfDocuments":0.7533804024292328,"label":"Abertay University"},{"numberOfDocuments":2.1154110595007616,"label":"University of Aberdeen"},{"numberOfDocuments":13.244952480145898,"label":"University of Edinburgh"},{"numberOfDocuments":1.9939085411097064,"label":"University of the West of Scotland"},{"numberOfDocuments":2.561300614960957,"label":"University of St Andrews"},{"numberOfDocuments":14.500258459900769,"label":"University of Glasgow"},{"numberOfDocuments":8.556252908774898,"label":"University of Strathclyde"}],"conceptId":6},{"topicData":[{"numberOfDocuments":0.10954000357973868,"label":"Robert Gordon University"},{"numberOfDocuments":0.00909090909090909,"label":"Heriot-Watt University"},{"numberOfDocuments":0.031315240083507306,"label":"Glasgow Caledonian University"},{"numberOfDocuments":0.043478260869565216,"label":"Queen Margaret University"},{"numberOfDocuments":0.14285714285714285,"label":"University of the Highlands and Islands"},{"numberOfDocuments":0.21064488876372855,"label":"University of Dundee"},{"numberOfDocuments":0.7118179510610214,"label":"Edinburgh Napier University"},{"numberOfDocuments":0.7658280314232153,"label":"University of Stirling"},{"numberOfDocuments":0.0,"label":"Abertay University"},{"numberOfDocuments":0.396098304368981,"label":"University of Aberdeen"},{"numberOfDocuments":1.7124514540591471,"label":"University of Edinburgh"},{"numberOfDocuments":0.06403688524590165,"label":"University of the West of Scotland"},{"numberOfDocuments":0.6200884297176434,"label":"University of St Andrews"},{"numberOfDocuments":1.9012782368035968,"label":"University of Glasgow"},{"numberOfDocuments":2.658861749659905,"label":"University of Strathclyde"}],"conceptId":7},{"topicData":[{"numberOfDocuments":1.2403306700919288,"label":"Robert Gordon University"},{"numberOfDocuments":0.5643787561986802,"label":"Heriot-Watt University"},{"numberOfDocuments":1.498010424396827,"label":"Glasgow Caledonian University"},{"numberOfDocuments":6.5604153951031074,"label":"Queen Margaret University"},{"numberOfDocuments":2.8235111115460696,"label":"University of the Highlands and Islands"},{"numberOfDocuments":0.9888919196781156,"label":"University of Dundee"},{"numberOfDocuments":6.191539949420006,"label":"Edinburgh Napier University"},{"numberOfDocuments":4.0185276457097086,"label":"University of Stirling"},{"numberOfDocuments":3.9379984877471417,"label":"Abertay University"},{"numberOfDocuments":3.3475660159730407,"label":"University of Aberdeen"},{"numberOfDocuments":19.34950438243455,"label":"University of Edinburgh"},{"numberOfDocuments":2.1625155677870866,"label":"University of the West of Scotland"},{"numberOfDocuments":2.933294073287591,"label":"University of St Andrews"},{"numberOfDocuments":12.290666096016631,"label":"University of Glasgow"},{"numberOfDocuments":3.2996951037795554,"label":"University of Strathclyde"}],"conceptId":8},{"topicData":[{"numberOfDocuments":4.230378054602839,"label":"Robert Gordon University"},{"numberOfDocuments":3.589937205456019,"label":"Heriot-Watt University"},{"numberOfDocuments":0.5512212058575646,"label":"Glasgow Caledonian University"},{"numberOfDocuments":1.1552501788561653,"label":"Queen Margaret University"},{"numberOfDocuments":1.7651480965493807,"label":"University of the Highlands and Islands"},{"numberOfDocuments":2.6287083285754465,"label":"University of Dundee"},{"numberOfDocuments":4.298941770006929,"label":"Edinburgh Napier University"},{"numberOfDocuments":8.329295107659417,"label":"University of Stirling"},{"numberOfDocuments":1.526762706289838,"label":"Abertay University"},{"numberOfDocuments":3.104069550433374,"label":"University of Aberdeen"},{"numberOfDocuments":10.817590312104532,"label":"University of Edinburgh"},{"numberOfDocuments":2.2290769612662378,"label":"University of the West of Scotland"},{"numberOfDocuments":7.976316243152696,"label":"University of St Andrews"},{"numberOfDocuments":17.47147979902186,"label":"University of Glasgow"},{"numberOfDocuments":7.778772052504936,"label":"University of Strathclyde"}],"conceptId":9},{"topicData":[{"numberOfDocuments":0.9730072213566286,"label":"Robert Gordon University"},{"numberOfDocuments":1.050413063474558,"label":"Heriot-Watt University"},{"numberOfDocuments":0.72955817773168,"label":"Glasgow Caledonian University"},{"numberOfDocuments":17.945119976598257,"label":"Queen Margaret University"},{"numberOfDocuments":0.6913446028163658,"label":"University of the Highlands and Islands"},{"numberOfDocuments":2.2639906175287994,"label":"University of Dundee"},{"numberOfDocuments":3.1726838326207782,"label":"Edinburgh Napier University"},{"numberOfDocuments":16.847665653024578,"label":"University of Stirling"},{"numberOfDocuments":1.5154454233543462,"label":"Abertay University"},{"numberOfDocuments":0.9694005807263323,"label":"University of Aberdeen"},{"numberOfDocuments":11.79519229448828,"label":"University of Edinburgh"},{"numberOfDocuments":2.0795140836760377,"label":"University of the West of Scotland"},{"numberOfDocuments":6.8766666391273725,"label":"University of St Andrews"},{"numberOfDocuments":13.307429084621438,"label":"University of Glasgow"},{"numberOfDocuments":5.21217417551506,"label":"University of Strathclyde"}],"conceptId":10},{"topicData":[{"numberOfDocuments":4.328630431132697,"label":"Robert Gordon University"},{"numberOfDocuments":1.0653962284843006,"label":"Heriot-Watt University"},{"numberOfDocuments":0.6995839852544832,"label":"Glasgow Caledonian University"},{"numberOfDocuments":6.800606625566551,"label":"Queen Margaret University"},{"numberOfDocuments":8.954946293579892,"label":"University of the Highlands and Islands"},{"numberOfDocuments":5.315271325574918,"label":"University of Dundee"},{"numberOfDocuments":11.241940236926743,"label":"Edinburgh Napier University"},{"numberOfDocuments":33.676037082005905,"label":"University of Stirling"},{"numberOfDocuments":0.8514113347252098,"label":"Abertay University"},{"numberOfDocuments":10.002730850679065,"label":"University of Aberdeen"},{"numberOfDocuments":45.0637235414791,"label":"University of Edinburgh"},{"numberOfDocuments":1.7896751641482191,"label":"University of the West of Scotland"},{"numberOfDocuments":29.299992442542152,"label":"University of St Andrews"},{"numberOfDocuments":48.83817083154028,"label":"University of Glasgow"},{"numberOfDocuments":16.163177641257622,"label":"University of Strathclyde"}],"conceptId":11},{"topicData":[{"numberOfDocuments":0.33500025039996634,"label":"Robert Gordon University"},{"numberOfDocuments":0.9708560574437709,"label":"Heriot-Watt University"},{"numberOfDocuments":0.24671135316296605,"label":"Glasgow Caledonian University"},{"numberOfDocuments":0.05888441006645603,"label":"Queen Margaret University"},{"numberOfDocuments":0.06907659269863994,"label":"University of the Highlands and Islands"},{"numberOfDocuments":1.3902325760289616,"label":"University of Dundee"},{"numberOfDocuments":0.30774547272923136,"label":"Edinburgh Napier University"},{"numberOfDocuments":0.8903111125180427,"label":"University of Stirling"},{"numberOfDocuments":0.10580645161290322,"label":"Abertay University"},{"numberOfDocuments":1.1939800149000006,"label":"University of Aberdeen"},{"numberOfDocuments":3.378749043393157,"label":"University of Edinburgh"},{"numberOfDocuments":0.03172552397358599,"label":"University of the West of Scotland"},{"numberOfDocuments":0.9333881521017662,"label":"University of St Andrews"},{"numberOfDocuments":2.6055232683632648,"label":"University of Glasgow"},{"numberOfDocuments":2.2903838859631276,"label":"University of Strathclyde"}],"conceptId":12},{"topicData":[{"numberOfDocuments":10.889368845730226,"label":"Robert Gordon University"},{"numberOfDocuments":6.269975269519419,"label":"Heriot-Watt University"},{"numberOfDocuments":2.0178544401377088,"label":"Glasgow Caledonian University"},{"numberOfDocuments":27.145192235368512,"label":"Queen Margaret University"},{"numberOfDocuments":12.109385030139546,"label":"University of the Highlands and Islands"},{"numberOfDocuments":19.038340342492017,"label":"University of Dundee"},{"numberOfDocuments":22.42480295020757,"label":"Edinburgh Napier University"},{"numberOfDocuments":55.29638945128693,"label":"University of Stirling"},{"numberOfDocuments":8.881999516618263,"label":"Abertay University"},{"numberOfDocuments":21.163047358378183,"label":"University of Aberdeen"},{"numberOfDocuments":106.95011615311027,"label":"University of Edinburgh"},{"numberOfDocuments":12.20812312530249,"label":"University of the West of Scotland"},{"numberOfDocuments":48.38154228513989,"label":"University of St Andrews"},{"numberOfDocuments":91.25323108353756,"label":"University of Glasgow"},{"numberOfDocuments":36.77990426297019,"label":"University of Strathclyde"}],"conceptId":13},{"topicData":[{"numberOfDocuments":1.4553658357317625,"label":"Robert Gordon University"},{"numberOfDocuments":1.427502250984706,"label":"Heriot-Watt University"},{"numberOfDocuments":0.2957259519450445,"label":"Glasgow Caledonian University"},{"numberOfDocuments":2.431121664112991,"label":"Queen Margaret University"},{"numberOfDocuments":0.3364632237871675,"label":"University of the Highlands and Islands"},{"numberOfDocuments":0.9441640021888283,"label":"University of Dundee"},{"numberOfDocuments":0.42084843399338656,"label":"Edinburgh Napier University"},{"numberOfDocuments":2.938556690093566,"label":"University of Stirling"},{"numberOfDocuments":0.3685379745208445,"label":"Abertay University"},{"numberOfDocuments":0.6979052127231445,"label":"University of Aberdeen"},{"numberOfDocuments":3.526606089504716,"label":"University of Edinburgh"},{"numberOfDocuments":0.1363776763776764,"label":"University of the West of Scotland"},{"numberOfDocuments":0.42897544050109426,"label":"University of St Andrews"},{"numberOfDocuments":4.792832327350845,"label":"University of Glasgow"},{"numberOfDocuments":0.42485309665932214,"label":"University of Strathclyde"}],"conceptId":14},{"topicData":[{"numberOfDocuments":0.011904761904761904,"label":"Robert Gordon University"},{"numberOfDocuments":0.32482991608917,"label":"Heriot-Watt University"},{"numberOfDocuments":0.0,"label":"Glasgow Caledonian University"},{"numberOfDocuments":0.34962406015037595,"label":"Queen Margaret University"},{"numberOfDocuments":0.01,"label":"University of the Highlands and Islands"},{"numberOfDocuments":0.5991261310293126,"label":"University of Dundee"},{"numberOfDocuments":0.5938565466301597,"label":"Edinburgh Napier University"},{"numberOfDocuments":1.7572094906101816,"label":"University of Stirling"},{"numberOfDocuments":0.0,"label":"Abertay University"},{"numberOfDocuments":0.551969778737183,"label":"University of Aberdeen"},{"numberOfDocuments":5.536669715142329,"label":"University of Edinburgh"},{"numberOfDocuments":0.49483665263551846,"label":"University of the West of Scotland"},{"numberOfDocuments":2.8811247493173924,"label":"University of St Andrews"},{"numberOfDocuments":2.2165248340686072,"label":"University of Glasgow"},{"numberOfDocuments":1.2782297062725723,"label":"University of Strathclyde"}],"conceptId":15},{"topicData":[{"numberOfDocuments":0.9940883935136808,"label":"Robert Gordon University"},{"numberOfDocuments":0.45164991461369364,"label":"Heriot-Watt University"},{"numberOfDocuments":0.0577639751552795,"label":"Glasgow Caledonian University"},{"numberOfDocuments":0.11214953271028036,"label":"Queen Margaret University"},{"numberOfDocuments":0.07270207423387738,"label":"University of the Highlands and Islands"},{"numberOfDocuments":1.6277568575484485,"label":"University of Dundee"},{"numberOfDocuments":0.22987356333963624,"label":"Edinburgh Napier University"},{"numberOfDocuments":0.6542603328508125,"label":"University of Stirling"},{"numberOfDocuments":1.0186656123420685,"label":"Abertay University"},{"numberOfDocuments":1.295181673273908,"label":"University of Aberdeen"},{"numberOfDocuments":3.787944332788484,"label":"University of Edinburgh"},{"numberOfDocuments":0.4898184193224679,"label":"University of the West of Scotland"},{"numberOfDocuments":1.2844439420888398,"label":"University of St Andrews"},{"numberOfDocuments":1.2868377173686008,"label":"University of Glasgow"},{"numberOfDocuments":1.7030274654527262,"label":"University of Strathclyde"}],"conceptId":16},{"topicData":[{"numberOfDocuments":0.29916486379603136,"label":"Robert Gordon University"},{"numberOfDocuments":0.32448338866615967,"label":"Heriot-Watt University"},{"numberOfDocuments":0.016825733474726053,"label":"Glasgow Caledonian University"},{"numberOfDocuments":4.422142260414265,"label":"Queen Margaret University"},{"numberOfDocuments":1.5099604544774325,"label":"University of the Highlands and Islands"},{"numberOfDocuments":1.5221562534861313,"label":"University of Dundee"},{"numberOfDocuments":1.6854631576146997,"label":"Edinburgh Napier University"},{"numberOfDocuments":2.462058172297665,"label":"University of Stirling"},{"numberOfDocuments":0.0,"label":"Abertay University"},{"numberOfDocuments":0.569937509887676,"label":"University of Aberdeen"},{"numberOfDocuments":2.32259360657844,"label":"University of Edinburgh"},{"numberOfDocuments":0.14583333333333331,"label":"University of the West of Scotland"},{"numberOfDocuments":3.0775489564185015,"label":"University of St Andrews"},{"numberOfDocuments":2.1235733493992943,"label":"University of Glasgow"},{"numberOfDocuments":2.409449663682426,"label":"University of Strathclyde"}],"conceptId":17},{"topicData":[{"numberOfDocuments":0.3656379694639487,"label":"Robert Gordon University"},{"numberOfDocuments":0.14216408927999225,"label":"Heriot-Watt University"},{"numberOfDocuments":0.0859375,"label":"Glasgow Caledonian University"},{"numberOfDocuments":0.9077591468048133,"label":"Queen Margaret University"},{"numberOfDocuments":0.5262344553757381,"label":"University of the Highlands and Islands"},{"numberOfDocuments":0.8928917898216144,"label":"University of Dundee"},{"numberOfDocuments":1.2836966165701296,"label":"Edinburgh Napier University"},{"numberOfDocuments":3.210527302168689,"label":"University of Stirling"},{"numberOfDocuments":0.4723865610073817,"label":"Abertay University"},{"numberOfDocuments":0.9027920331865856,"label":"University of Aberdeen"},{"numberOfDocuments":4.312063964161997,"label":"University of Edinburgh"},{"numberOfDocuments":0.09837573777213061,"label":"University of the West of Scotland"},{"numberOfDocuments":2.312089975468959,"label":"University of St Andrews"},{"numberOfDocuments":2.6565091744642797,"label":"University of Glasgow"},{"numberOfDocuments":2.6506525036747037,"label":"University of Strathclyde"}],"conceptId":18},{"topicData":[{"numberOfDocuments":0.5470741515416773,"label":"Robert Gordon University"},{"numberOfDocuments":0.36204128875359315,"label":"Heriot-Watt University"},{"numberOfDocuments":0.009174311926605505,"label":"Glasgow Caledonian University"},{"numberOfDocuments":0.5422595036202938,"label":"Queen Margaret University"},{"numberOfDocuments":0.08070653023298108,"label":"University of the Highlands and Islands"},{"numberOfDocuments":1.001594776157037,"label":"University of Dundee"},{"numberOfDocuments":1.1579388573659708,"label":"Edinburgh Napier University"},{"numberOfDocuments":7.470468762570723,"label":"University of Stirling"},{"numberOfDocuments":0.31478791784993204,"label":"Abertay University"},{"numberOfDocuments":1.5421040784734283,"label":"University of Aberdeen"},{"numberOfDocuments":7.169194929144352,"label":"University of Edinburgh"},{"numberOfDocuments":0.8611395677330596,"label":"University of the West of Scotland"},{"numberOfDocuments":5.175520195451656,"label":"University of St Andrews"},{"numberOfDocuments":9.772799331787105,"label":"University of Glasgow"},{"numberOfDocuments":1.9649025552023067,"label":"University of Strathclyde"}],"conceptId":19},{"topicData":[{"numberOfDocuments":0.09259259259259259,"label":"Robert Gordon University"},{"numberOfDocuments":0.021739130434782608,"label":"Heriot-Watt University"},{"numberOfDocuments":0.20168067226890757,"label":"Glasgow Caledonian University"},{"numberOfDocuments":0.08210828523328523,"label":"Queen Margaret University"},{"numberOfDocuments":0.45148591650517195,"label":"University of the Highlands and Islands"},{"numberOfDocuments":0.19763644699962313,"label":"University of Dundee"},{"numberOfDocuments":0.0,"label":"Edinburgh Napier University"},{"numberOfDocuments":0.638571301163959,"label":"University of Stirling"},{"numberOfDocuments":0.041666666666666664,"label":"Abertay University"},{"numberOfDocuments":0.8166928116407602,"label":"University of Aberdeen"},{"numberOfDocuments":1.121625516415911,"label":"University of Edinburgh"},{"numberOfDocuments":0.30236270753512134,"label":"University of the West of Scotland"},{"numberOfDocuments":0.946563550559273,"label":"University of St Andrews"},{"numberOfDocuments":2.2107278639969854,"label":"University of Glasgow"},{"numberOfDocuments":10.963812269961915,"label":"University of Strathclyde"}],"conceptId":20},{"topicData":[{"numberOfDocuments":0.11142658419653725,"label":"Robert Gordon University"},{"numberOfDocuments":0.46588479226811225,"label":"Heriot-Watt University"},{"numberOfDocuments":0.10530090824208471,"label":"Glasgow Caledonian University"},{"numberOfDocuments":0.3135934338736005,"label":"Queen Margaret University"},{"numberOfDocuments":0.08928571428571427,"label":"University of the Highlands and Islands"},{"numberOfDocuments":0.28187493584071976,"label":"University of Dundee"},{"numberOfDocuments":2.182127123778216,"label":"Edinburgh Napier University"},{"numberOfDocuments":42.53366147355743,"label":"University of Stirling"},{"numberOfDocuments":0.06565656565656565,"label":"Abertay University"},{"numberOfDocuments":0.25859475562698114,"label":"University of Aberdeen"},{"numberOfDocuments":1.5712770802408593,"label":"University of Edinburgh"},{"numberOfDocuments":0.03488372093023256,"label":"University of the West of Scotland"},{"numberOfDocuments":0.7427857823761179,"label":"University of St Andrews"},{"numberOfDocuments":0.6366753629887522,"label":"University of Glasgow"},{"numberOfDocuments":0.8636888631165343,"label":"University of Strathclyde"}],"conceptId":21}]