[{"topicData":[{"numberOfDocuments":0.0,"label":"Heriot-Watt University"},{"numberOfDocuments":0.0,"label":"Robert Gordon University"},{"numberOfDocuments":0.0,"label":"Glasgow Caledonian University"},{"numberOfDocuments":0.0,"label":"Queen Margaret University"},{"numberOfDocuments":0.0,"label":"University of Dundee"},{"numberOfDocuments":0.0,"label":"University of the Highlands and Islands"},{"numberOfDocuments":0.0,"label":"Edinburgh Napier University"},{"numberOfDocuments":0.0,"label":"University of Stirling"},{"numberOfDocuments":0.0,"label":"Abertay University"},{"numberOfDocuments":0.0,"label":"University of Aberdeen"},{"numberOfDocuments":0.0,"label":"University of Edinburgh"},{"numberOfDocuments":0.0,"label":"University of the West of Scotland"},{"numberOfDocuments":0.0,"label":"University of St Andrews"},{"numberOfDocuments":0.0,"label":"University of Glasgow"},{"numberOfDocuments":0.0,"label":"University of Strathclyde"}],"conceptId":-1},{"topicData":[{"numberOfDocuments":2.298555145824947,"label":"Heriot-Watt University"},{"numberOfDocuments":0.0,"label":"Robert Gordon University"},{"numberOfDocuments":0.00558659217877095,"label":"Glasgow Caledonian University"},{"numberOfDocuments":0.07157988170094058,"label":"Queen Margaret University"},{"numberOfDocuments":0.34474489756044546,"label":"University of Dundee"},{"numberOfDocuments":0.006622516556291391,"label":"University of the Highlands and Islands"},{"numberOfDocuments":0.19634798937337639,"label":"Edinburgh Napier University"},{"numberOfDocuments":0.8177614162713644,"label":"University of Stirling"},{"numberOfDocuments":0.017542698265589834,"label":"Abertay University"},{"numberOfDocuments":2.087623132969518,"label":"University of Aberdeen"},{"numberOfDocuments":8.413901892301844,"label":"University of Edinburgh"},{"numberOfDocuments":0.05782712979706651,"label":"University of the West of Scotland"},{"numberOfDocuments":19.60448626263592,"label":"University of St Andrews"},{"numberOfDocuments":5.608631096786121,"label":"University of Glasgow"},{"numberOfDocuments":3.835692768172172,"label":"University of Strathclyde"}],"conceptId":0},{"topicData":[{"numberOfDocuments":0.9530209822949878,"label":"Heriot-Watt University"},{"numberOfDocuments":0.0,"label":"Robert Gordon University"},{"numberOfDocuments":0.01834862385321101,"label":"Glasgow Caledonian University"},{"numberOfDocuments":0.02666666666666667,"label":"Queen Margaret University"},{"numberOfDocuments":0.6072154519705094,"label":"University of Dundee"},{"numberOfDocuments":0.24083333333333334,"label":"University of the Highlands and Islands"},{"numberOfDocuments":0.05615064808021521,"label":"Edinburgh Napier University"},{"numberOfDocuments":0.26897839063247436,"label":"University of Stirling"},{"numberOfDocuments":0.0,"label":"Abertay University"},{"numberOfDocuments":0.39608418821549934,"label":"University of Aberdeen"},{"numberOfDocuments":0.9705596274930067,"label":"University of Edinburgh"},{"numberOfDocuments":0.11764705882352941,"label":"University of the West of Scotland"},{"numberOfDocuments":0.9366157336888619,"label":"University of St Andrews"},{"numberOfDocuments":1.8051597903882295,"label":"University of Glasgow"},{"numberOfDocuments":4.941427416688562,"label":"University of Strathclyde"}],"conceptId":1},{"topicData":[{"numberOfDocuments":11.891204958739765,"label":"Heriot-Watt University"},{"numberOfDocuments":0.07443784979709195,"label":"Robert Gordon University"},{"numberOfDocuments":0.01282051282051282,"label":"Glasgow Caledonian University"},{"numberOfDocuments":0.032379436344560614,"label":"Queen Margaret University"},{"numberOfDocuments":2.53882474912734,"label":"University of Dundee"},{"numberOfDocuments":0.08691706122839887,"label":"University of the Highlands and Islands"},{"numberOfDocuments":0.11226697012026479,"label":"Edinburgh Napier University"},{"numberOfDocuments":0.39904286674680334,"label":"University of Stirling"},{"numberOfDocuments":0.2760895321633602,"label":"Abertay University"},{"numberOfDocuments":9.291496352676706,"label":"University of Aberdeen"},{"numberOfDocuments":23.492819720300933,"label":"University of Edinburgh"},{"numberOfDocuments":0.0673202614379085,"label":"University of the West of Scotland"},{"numberOfDocuments":47.89301220013834,"label":"University of St Andrews"},{"numberOfDocuments":14.347599970758525,"label":"University of Glasgow"},{"numberOfDocuments":13.265365577784378,"label":"University of Strathclyde"}],"conceptId":2},{"topicData":[{"numberOfDocuments":1.6071578551951295,"label":"Heriot-Watt University"},{"numberOfDocuments":0.02197802197802198,"label":"Robert Gordon University"},{"numberOfDocuments":0.3622032679166788,"label":"Glasgow Caledonian University"},{"numberOfDocuments":1.3293519235532438,"label":"Queen Margaret University"},{"numberOfDocuments":0.6181241622646177,"label":"University of Dundee"},{"numberOfDocuments":0.012658227848101266,"label":"University of the Highlands and Islands"},{"numberOfDocuments":0.05637423679015746,"label":"Edinburgh Napier University"},{"numberOfDocuments":1.1936986953714763,"label":"University of Stirling"},{"numberOfDocuments":0.20207817832212688,"label":"Abertay University"},{"numberOfDocuments":0.7982565124525044,"label":"University of Aberdeen"},{"numberOfDocuments":2.734648821412339,"label":"University of Edinburgh"},{"numberOfDocuments":1.9264445885130048,"label":"University of the West of Scotland"},{"numberOfDocuments":1.9439006221429898,"label":"University of St Andrews"},{"numberOfDocuments":1.761495575370832,"label":"University of Glasgow"},{"numberOfDocuments":2.9263932113577695,"label":"University of Strathclyde"}],"conceptId":3},{"topicData":[{"numberOfDocuments":18.5330645048837,"label":"Heriot-Watt University"},{"numberOfDocuments":0.3115409590754065,"label":"Robert Gordon University"},{"numberOfDocuments":0.06068289384719405,"label":"Glasgow Caledonian University"},{"numberOfDocuments":0.04899119560964281,"label":"Queen Margaret University"},{"numberOfDocuments":1.4153273739739958,"label":"University of Dundee"},{"numberOfDocuments":0.12800334101459823,"label":"University of the Highlands and Islands"},{"numberOfDocuments":0.07142737722048068,"label":"Edinburgh Napier University"},{"numberOfDocuments":0.37093270517087823,"label":"University of Stirling"},{"numberOfDocuments":0.06301961926961927,"label":"Abertay University"},{"numberOfDocuments":1.0844169953417475,"label":"University of Aberdeen"},{"numberOfDocuments":17.716462311265502,"label":"University of Edinburgh"},{"numberOfDocuments":0.15783060026141704,"label":"University of the West of Scotland"},{"numberOfDocuments":43.762113115316254,"label":"University of St Andrews"},{"numberOfDocuments":11.60545039943234,"label":"University of Glasgow"},{"numberOfDocuments":21.063885212300356,"label":"University of Strathclyde"}],"conceptId":4},{"topicData":[{"numberOfDocuments":4.681533403810404,"label":"Heriot-Watt University"},{"numberOfDocuments":0.17544473551845727,"label":"Robert Gordon University"},{"numberOfDocuments":0.02821939586645469,"label":"Glasgow Caledonian University"},{"numberOfDocuments":0.027477532183628854,"label":"Queen Margaret University"},{"numberOfDocuments":2.2419288001435382,"label":"University of Dundee"},{"numberOfDocuments":0.05379067073228273,"label":"University of the Highlands and Islands"},{"numberOfDocuments":0.044459065001510006,"label":"Edinburgh Napier University"},{"numberOfDocuments":0.3314915133843141,"label":"University of Stirling"},{"numberOfDocuments":0.0750262814569326,"label":"Abertay University"},{"numberOfDocuments":87.93663425267007,"label":"University of Aberdeen"},{"numberOfDocuments":8.04003297190405,"label":"University of Edinburgh"},{"numberOfDocuments":0.17486651411136536,"label":"University of the West of Scotland"},{"numberOfDocuments":40.97575277029042,"label":"University of St Andrews"},{"numberOfDocuments":6.932054767431053,"label":"University of Glasgow"},{"numberOfDocuments":21.51751572761758,"label":"University of Strathclyde"}],"conceptId":5},{"topicData":[{"numberOfDocuments":5.066887434861948,"label":"Heriot-Watt University"},{"numberOfDocuments":1.6516740426278902,"label":"Robert Gordon University"},{"numberOfDocuments":0.5495417309108205,"label":"Glasgow Caledonian University"},{"numberOfDocuments":0.13739945379095977,"label":"Queen Margaret University"},{"numberOfDocuments":1.4868278299157487,"label":"University of Dundee"},{"numberOfDocuments":1.1532646284581625,"label":"University of the Highlands and Islands"},{"numberOfDocuments":0.1886185515419258,"label":"Edinburgh Napier University"},{"numberOfDocuments":0.6675789403678769,"label":"University of Stirling"},{"numberOfDocuments":0.09,"label":"Abertay University"},{"numberOfDocuments":8.685767488253727,"label":"University of Aberdeen"},{"numberOfDocuments":7.198386556210488,"label":"University of Edinburgh"},{"numberOfDocuments":0.256685061803172,"label":"University of the West of Scotland"},{"numberOfDocuments":9.675919582577714,"label":"University of St Andrews"},{"numberOfDocuments":25.13411622397488,"label":"University of Glasgow"},{"numberOfDocuments":5.764961849407696,"label":"University of Strathclyde"}],"conceptId":6},{"topicData":[{"numberOfDocuments":25.995958260992182,"label":"Heriot-Watt University"},{"numberOfDocuments":1.349763753551145,"label":"Robert Gordon University"},{"numberOfDocuments":0.13224621281682522,"label":"Glasgow Caledonian University"},{"numberOfDocuments":0.358696755206173,"label":"Queen Margaret University"},{"numberOfDocuments":8.49542820459795,"label":"University of Dundee"},{"numberOfDocuments":1.6219741434610093,"label":"University of the Highlands and Islands"},{"numberOfDocuments":0.4482814394642138,"label":"Edinburgh Napier University"},{"numberOfDocuments":1.178215762172811,"label":"University of Stirling"},{"numberOfDocuments":1.0462728830309258,"label":"Abertay University"},{"numberOfDocuments":11.982616033964337,"label":"University of Aberdeen"},{"numberOfDocuments":67.5439199440931,"label":"University of Edinburgh"},{"numberOfDocuments":0.3503535930446411,"label":"University of the West of Scotland"},{"numberOfDocuments":141.26929867700457,"label":"University of St Andrews"},{"numberOfDocuments":78.57967528913649,"label":"University of Glasgow"},{"numberOfDocuments":109.58224047901547,"label":"University of Strathclyde"}],"conceptId":7},{"topicData":[{"numberOfDocuments":10.660847878350532,"label":"Heriot-Watt University"},{"numberOfDocuments":0.46275427129718755,"label":"Robert Gordon University"},{"numberOfDocuments":0.025177015250544662,"label":"Glasgow Caledonian University"},{"numberOfDocuments":0.07469213380380761,"label":"Queen Margaret University"},{"numberOfDocuments":1.5429084992103712,"label":"University of Dundee"},{"numberOfDocuments":0.21098682773010308,"label":"University of the Highlands and Islands"},{"numberOfDocuments":0.22678800407805966,"label":"Edinburgh Napier University"},{"numberOfDocuments":0.3554552803235031,"label":"University of Stirling"},{"numberOfDocuments":0.057169811320754715,"label":"Abertay University"},{"numberOfDocuments":3.1620838203988213,"label":"University of Aberdeen"},{"numberOfDocuments":26.850906849088958,"label":"University of Edinburgh"},{"numberOfDocuments":0.015434782608695652,"label":"University of the West of Scotland"},{"numberOfDocuments":25.38965563256088,"label":"University of St Andrews"},{"numberOfDocuments":21.709216876258765,"label":"University of Glasgow"},{"numberOfDocuments":11.457852398349576,"label":"University of Strathclyde"}],"conceptId":8},{"topicData":[{"numberOfDocuments":0.5877281185791824,"label":"Heriot-Watt University"},{"numberOfDocuments":0.11461461461461461,"label":"Robert Gordon University"},{"numberOfDocuments":0.02084085167809455,"label":"Glasgow Caledonian University"},{"numberOfDocuments":0.1103896103896104,"label":"Queen Margaret University"},{"numberOfDocuments":0.6714260308329728,"label":"University of Dundee"},{"numberOfDocuments":0.03816793893129771,"label":"University of the Highlands and Islands"},{"numberOfDocuments":0.005555555555555556,"label":"Edinburgh Napier University"},{"numberOfDocuments":0.16263057929724595,"label":"University of Stirling"},{"numberOfDocuments":0.0,"label":"Abertay University"},{"numberOfDocuments":0.4335123029851055,"label":"University of Aberdeen"},{"numberOfDocuments":2.0749050542837493,"label":"University of Edinburgh"},{"numberOfDocuments":0.47945845004668536,"label":"University of the West of Scotland"},{"numberOfDocuments":17.419041960073773,"label":"University of St Andrews"},{"numberOfDocuments":3.4441334811213458,"label":"University of Glasgow"},{"numberOfDocuments":1.0900069560184917,"label":"University of Strathclyde"}],"conceptId":9},{"topicData":[{"numberOfDocuments":5.6782833128044565,"label":"Heriot-Watt University"},{"numberOfDocuments":0.2673588732024319,"label":"Robert Gordon University"},{"numberOfDocuments":0.01777010170792554,"label":"Glasgow Caledonian University"},{"numberOfDocuments":0.02623004235907462,"label":"Queen Margaret University"},{"numberOfDocuments":0.7275766406064378,"label":"University of Dundee"},{"numberOfDocuments":0.1687301423914908,"label":"University of the Highlands and Islands"},{"numberOfDocuments":0.17745263165058564,"label":"Edinburgh Napier University"},{"numberOfDocuments":0.5700587737246074,"label":"University of Stirling"},{"numberOfDocuments":0.031746031746031744,"label":"Abertay University"},{"numberOfDocuments":5.243664417990485,"label":"University of Aberdeen"},{"numberOfDocuments":32.9820829473787,"label":"University of Edinburgh"},{"numberOfDocuments":0.1519469004088848,"label":"University of the West of Scotland"},{"numberOfDocuments":29.51211132145781,"label":"University of St Andrews"},{"numberOfDocuments":30.92999647739591,"label":"University of Glasgow"},{"numberOfDocuments":38.24957241090283,"label":"University of Strathclyde"}],"conceptId":10},{"topicData":[{"numberOfDocuments":2.235337595577737,"label":"Heriot-Watt University"},{"numberOfDocuments":0.22199550228466802,"label":"Robert Gordon University"},{"numberOfDocuments":0.16012759895738618,"label":"Glasgow Caledonian University"},{"numberOfDocuments":0.09953879022446983,"label":"Queen Margaret University"},{"numberOfDocuments":4.1453568630720055,"label":"University of Dundee"},{"numberOfDocuments":0.24128810903578704,"label":"University of the Highlands and Islands"},{"numberOfDocuments":0.024001072673639046,"label":"Edinburgh Napier University"},{"numberOfDocuments":0.2888771323019005,"label":"University of Stirling"},{"numberOfDocuments":0.24259468644474863,"label":"Abertay University"},{"numberOfDocuments":2.55800112230122,"label":"University of Aberdeen"},{"numberOfDocuments":13.528732365934186,"label":"University of Edinburgh"},{"numberOfDocuments":1.7532553582062471,"label":"University of the West of Scotland"},{"numberOfDocuments":10.686544604155516,"label":"University of St Andrews"},{"numberOfDocuments":16.99583241613728,"label":"University of Glasgow"},{"numberOfDocuments":7.543558784732695,"label":"University of Strathclyde"}],"conceptId":11},{"topicData":[{"numberOfDocuments":6.721568203540466,"label":"Heriot-Watt University"},{"numberOfDocuments":1.0958600583410136,"label":"Robert Gordon University"},{"numberOfDocuments":0.0125,"label":"Glasgow Caledonian University"},{"numberOfDocuments":0.21465887793163224,"label":"Queen Margaret University"},{"numberOfDocuments":3.529069833802079,"label":"University of Dundee"},{"numberOfDocuments":0.6873863493062269,"label":"University of the Highlands and Islands"},{"numberOfDocuments":0.329194265865981,"label":"Edinburgh Napier University"},{"numberOfDocuments":0.7907331292404017,"label":"University of Stirling"},{"numberOfDocuments":0.23079863330232975,"label":"Abertay University"},{"numberOfDocuments":5.074441142394134,"label":"University of Aberdeen"},{"numberOfDocuments":37.809191120362065,"label":"University of Edinburgh"},{"numberOfDocuments":0.5694933806433727,"label":"University of the West of Scotland"},{"numberOfDocuments":22.81913326086295,"label":"University of St Andrews"},{"numberOfDocuments":37.343678020236794,"label":"University of Glasgow"},{"numberOfDocuments":18.72353624413842,"label":"University of Strathclyde"}],"conceptId":12},{"topicData":[{"numberOfDocuments":0.8279435654966918,"label":"Heriot-Watt University"},{"numberOfDocuments":0.2634636305646864,"label":"Robert Gordon University"},{"numberOfDocuments":0.021834061135371178,"label":"Glasgow Caledonian University"},{"numberOfDocuments":0.10687880081083964,"label":"Queen Margaret University"},{"numberOfDocuments":2.095733421337258,"label":"University of Dundee"},{"numberOfDocuments":0.2902745995423341,"label":"University of the Highlands and Islands"},{"numberOfDocuments":0.319498028416003,"label":"Edinburgh Napier University"},{"numberOfDocuments":1.388034118238402,"label":"University of Stirling"},{"numberOfDocuments":0.15097731685978277,"label":"Abertay University"},{"numberOfDocuments":0.501338325858866,"label":"University of Aberdeen"},{"numberOfDocuments":2.353165672064525,"label":"University of Edinburgh"},{"numberOfDocuments":0.052561654032242264,"label":"University of the West of Scotland"},{"numberOfDocuments":8.48739999277094,"label":"University of St Andrews"},{"numberOfDocuments":2.6783331652941613,"label":"University of Glasgow"},{"numberOfDocuments":0.9264075381591722,"label":"University of Strathclyde"}],"conceptId":13}]