[{"topicData":[{"numberOfDocuments":0.0,"label":"Heriot-Watt University"},{"numberOfDocuments":0.0,"label":"Robert Gordon University"},{"numberOfDocuments":0.0,"label":"Glasgow Caledonian University"},{"numberOfDocuments":0.0,"label":"Queen Margaret University"},{"numberOfDocuments":0.0,"label":"University of the Highlands and Islands"},{"numberOfDocuments":0.0,"label":"University of Dundee"},{"numberOfDocuments":0.0,"label":"Edinburgh Napier University"},{"numberOfDocuments":0.0,"label":"University of Stirling"},{"numberOfDocuments":0.0,"label":"Abertay University"},{"numberOfDocuments":0.0,"label":"University of Aberdeen"},{"numberOfDocuments":0.0,"label":"University of Edinburgh"},{"numberOfDocuments":0.0,"label":"University of the West of Scotland"},{"numberOfDocuments":0.0,"label":"University of St Andrews"},{"numberOfDocuments":0.0,"label":"University of Glasgow"},{"numberOfDocuments":0.0,"label":"University of Strathclyde"}],"conceptId":-1},{"topicData":[{"numberOfDocuments":1.0045823615156646,"label":"Heriot-Watt University"},{"numberOfDocuments":0.1343323240367713,"label":"Robert Gordon University"},{"numberOfDocuments":0.27300932084349155,"label":"Glasgow Caledonian University"},{"numberOfDocuments":0.4063262129136217,"label":"Queen Margaret University"},{"numberOfDocuments":0.053815126050420166,"label":"University of the Highlands and Islands"},{"numberOfDocuments":0.580227454684549,"label":"University of Dundee"},{"numberOfDocuments":0.6092886618230896,"label":"Edinburgh Napier University"},{"numberOfDocuments":6.0433773922143255,"label":"University of Stirling"},{"numberOfDocuments":0.3368690664728178,"label":"Abertay University"},{"numberOfDocuments":2.688465061681911,"label":"University of Aberdeen"},{"numberOfDocuments":5.124222041810303,"label":"University of Edinburgh"},{"numberOfDocuments":0.2719518302129991,"label":"University of the West of Scotland"},{"numberOfDocuments":7.3099484361279545,"label":"University of St Andrews"},{"numberOfDocuments":2.8499509721387253,"label":"University of Glasgow"},{"numberOfDocuments":3.3225772017509847,"label":"University of Strathclyde"}],"conceptId":0},{"topicData":[{"numberOfDocuments":0.07958120531154239,"label":"Heriot-Watt University"},{"numberOfDocuments":0.04336843711843712,"label":"Robert Gordon University"},{"numberOfDocuments":0.014388489208633094,"label":"Glasgow Caledonian University"},{"numberOfDocuments":0.0,"label":"Queen Margaret University"},{"numberOfDocuments":1.5677304018286964,"label":"University of the Highlands and Islands"},{"numberOfDocuments":0.3148518030097359,"label":"University of Dundee"},{"numberOfDocuments":0.6688123515588493,"label":"Edinburgh Napier University"},{"numberOfDocuments":2.473848856392106,"label":"University of Stirling"},{"numberOfDocuments":0.1169990723562152,"label":"Abertay University"},{"numberOfDocuments":1.4460901495123917,"label":"University of Aberdeen"},{"numberOfDocuments":8.024532200244188,"label":"University of Edinburgh"},{"numberOfDocuments":0.014561050513607964,"label":"University of the West of Scotland"},{"numberOfDocuments":10.073725083407592,"label":"University of St Andrews"},{"numberOfDocuments":7.339143531367174,"label":"University of Glasgow"},{"numberOfDocuments":0.46309827964867184,"label":"University of Strathclyde"}],"conceptId":1},{"topicData":[{"numberOfDocuments":2.0221708283652107,"label":"Heriot-Watt University"},{"numberOfDocuments":0.0,"label":"Robert Gordon University"},{"numberOfDocuments":0.018518518518518517,"label":"Glasgow Caledonian University"},{"numberOfDocuments":0.03040648671716633,"label":"Queen Margaret University"},{"numberOfDocuments":0.7762906847534745,"label":"University of the Highlands and Islands"},{"numberOfDocuments":0.34283243373871586,"label":"University of Dundee"},{"numberOfDocuments":0.5420299920466494,"label":"Edinburgh Napier University"},{"numberOfDocuments":2.667226997289293,"label":"University of Stirling"},{"numberOfDocuments":0.009174311926605505,"label":"Abertay University"},{"numberOfDocuments":0.5345211674712275,"label":"University of Aberdeen"},{"numberOfDocuments":5.592392815965352,"label":"University of Edinburgh"},{"numberOfDocuments":0.0,"label":"University of the West of Scotland"},{"numberOfDocuments":2.4848674713773122,"label":"University of St Andrews"},{"numberOfDocuments":1.5354907843071786,"label":"University of Glasgow"},{"numberOfDocuments":0.358657339032044,"label":"University of Strathclyde"}],"conceptId":2},{"topicData":[{"numberOfDocuments":0.04597902097902098,"label":"Heriot-Watt University"},{"numberOfDocuments":0.012658227848101264,"label":"Robert Gordon University"},{"numberOfDocuments":0.0,"label":"Glasgow Caledonian University"},{"numberOfDocuments":0.0,"label":"Queen Margaret University"},{"numberOfDocuments":0.5500671115526534,"label":"University of the Highlands and Islands"},{"numberOfDocuments":0.11183031812097205,"label":"University of Dundee"},{"numberOfDocuments":0.03101503759398496,"label":"Edinburgh Napier University"},{"numberOfDocuments":1.3898258965111465,"label":"University of Stirling"},{"numberOfDocuments":0.0,"label":"Abertay University"},{"numberOfDocuments":0.7233685743500414,"label":"University of Aberdeen"},{"numberOfDocuments":14.736683657540233,"label":"University of Edinburgh"},{"numberOfDocuments":0.011904761904761904,"label":"University of the West of Scotland"},{"numberOfDocuments":2.356260636982753,"label":"University of St Andrews"},{"numberOfDocuments":2.65648013672264,"label":"University of Glasgow"},{"numberOfDocuments":0.11480181334952023,"label":"University of Strathclyde"}],"conceptId":3},{"topicData":[{"numberOfDocuments":0.13338582805644242,"label":"Heriot-Watt University"},{"numberOfDocuments":0.0,"label":"Robert Gordon University"},{"numberOfDocuments":0.2558183183183183,"label":"Glasgow Caledonian University"},{"numberOfDocuments":0.24671052631578946,"label":"Queen Margaret University"},{"numberOfDocuments":0.167601683029453,"label":"University of the Highlands and Islands"},{"numberOfDocuments":4.122400097244937,"label":"University of Dundee"},{"numberOfDocuments":0.46644503369192847,"label":"Edinburgh Napier University"},{"numberOfDocuments":0.8226170175472721,"label":"University of Stirling"},{"numberOfDocuments":0.13033961662855348,"label":"Abertay University"},{"numberOfDocuments":1.6763860217102078,"label":"University of Aberdeen"},{"numberOfDocuments":5.1296129510718105,"label":"University of Edinburgh"},{"numberOfDocuments":0.16455696202531644,"label":"University of the West of Scotland"},{"numberOfDocuments":0.9153595048530829,"label":"University of St Andrews"},{"numberOfDocuments":5.174660578521043,"label":"University of Glasgow"},{"numberOfDocuments":0.8484290339559871,"label":"University of Strathclyde"}],"conceptId":4},{"topicData":[{"numberOfDocuments":1.3061581722695135,"label":"Heriot-Watt University"},{"numberOfDocuments":0.19317208612983264,"label":"Robert Gordon University"},{"numberOfDocuments":0.6469612391770859,"label":"Glasgow Caledonian University"},{"numberOfDocuments":0.07518796992481203,"label":"Queen Margaret University"},{"numberOfDocuments":0.4757002280202023,"label":"University of the Highlands and Islands"},{"numberOfDocuments":1.2043678324840852,"label":"University of Dundee"},{"numberOfDocuments":0.3483229685340004,"label":"Edinburgh Napier University"},{"numberOfDocuments":2.2755430146363462,"label":"University of Stirling"},{"numberOfDocuments":0.02763429752066116,"label":"Abertay University"},{"numberOfDocuments":3.3874703403262574,"label":"University of Aberdeen"},{"numberOfDocuments":18.903425719720577,"label":"University of Edinburgh"},{"numberOfDocuments":0.7020363651204392,"label":"University of the West of Scotland"},{"numberOfDocuments":0.8683061949217786,"label":"University of St Andrews"},{"numberOfDocuments":18.24597189732954,"label":"University of Glasgow"},{"numberOfDocuments":1.4242273393580227,"label":"University of Strathclyde"}],"conceptId":5},{"topicData":[{"numberOfDocuments":1.1107181117584741,"label":"Heriot-Watt University"},{"numberOfDocuments":0.6482958427912225,"label":"Robert Gordon University"},{"numberOfDocuments":0.15341022161917683,"label":"Glasgow Caledonian University"},{"numberOfDocuments":0.24358364392013043,"label":"Queen Margaret University"},{"numberOfDocuments":2.7666714142511077,"label":"University of the Highlands and Islands"},{"numberOfDocuments":1.1010645985502472,"label":"University of Dundee"},{"numberOfDocuments":0.594707928901975,"label":"Edinburgh Napier University"},{"numberOfDocuments":2.8993707167844334,"label":"University of Stirling"},{"numberOfDocuments":1.1701465845620058,"label":"Abertay University"},{"numberOfDocuments":12.116290715624027,"label":"University of Aberdeen"},{"numberOfDocuments":5.368192324612513,"label":"University of Edinburgh"},{"numberOfDocuments":1.5329770075376299,"label":"University of the West of Scotland"},{"numberOfDocuments":22.225561471017336,"label":"University of St Andrews"},{"numberOfDocuments":23.60444597193433,"label":"University of Glasgow"},{"numberOfDocuments":3.36473644669718,"label":"University of Strathclyde"}],"conceptId":6},{"topicData":[{"numberOfDocuments":1.00193790451355,"label":"Heriot-Watt University"},{"numberOfDocuments":0.14761904761904762,"label":"Robert Gordon University"},{"numberOfDocuments":0.18082675529705028,"label":"Glasgow Caledonian University"},{"numberOfDocuments":0.021516164994425865,"label":"Queen Margaret University"},{"numberOfDocuments":0.46878015557750624,"label":"University of the Highlands and Islands"},{"numberOfDocuments":2.0815024901420203,"label":"University of Dundee"},{"numberOfDocuments":0.2000775150079574,"label":"Edinburgh Napier University"},{"numberOfDocuments":0.17413991463174913,"label":"University of Stirling"},{"numberOfDocuments":0.03529411764705882,"label":"Abertay University"},{"numberOfDocuments":0.16339431801279192,"label":"University of Aberdeen"},{"numberOfDocuments":2.6062517128745246,"label":"University of Edinburgh"},{"numberOfDocuments":0.06003898635477582,"label":"University of the West of Scotland"},{"numberOfDocuments":4.698150335037995,"label":"University of St Andrews"},{"numberOfDocuments":1.651302162787073,"label":"University of Glasgow"},{"numberOfDocuments":1.2870311860014105,"label":"University of Strathclyde"}],"conceptId":7},{"topicData":[{"numberOfDocuments":0.603906361592712,"label":"Heriot-Watt University"},{"numberOfDocuments":0.8362496816908581,"label":"Robert Gordon University"},{"numberOfDocuments":0.14968039794465454,"label":"Glasgow Caledonian University"},{"numberOfDocuments":0.21670662271652308,"label":"Queen Margaret University"},{"numberOfDocuments":0.15915773302296324,"label":"University of the Highlands and Islands"},{"numberOfDocuments":0.7884174608293755,"label":"University of Dundee"},{"numberOfDocuments":2.8116098212606566,"label":"Edinburgh Napier University"},{"numberOfDocuments":12.603137825045293,"label":"University of Stirling"},{"numberOfDocuments":0.4497295427119989,"label":"Abertay University"},{"numberOfDocuments":15.321950449809561,"label":"University of Aberdeen"},{"numberOfDocuments":13.54045988586476,"label":"University of Edinburgh"},{"numberOfDocuments":0.375969713121416,"label":"University of the West of Scotland"},{"numberOfDocuments":17.96282959283102,"label":"University of St Andrews"},{"numberOfDocuments":5.53254917001407,"label":"University of Glasgow"},{"numberOfDocuments":1.683202555314345,"label":"University of Strathclyde"}],"conceptId":8},{"topicData":[{"numberOfDocuments":0.0,"label":"Heriot-Watt University"},{"numberOfDocuments":0.0,"label":"Robert Gordon University"},{"numberOfDocuments":0.021505376344086023,"label":"Glasgow Caledonian University"},{"numberOfDocuments":0.0173992673992674,"label":"Queen Margaret University"},{"numberOfDocuments":0.5058991700865686,"label":"University of the Highlands and Islands"},{"numberOfDocuments":0.5294356192986053,"label":"University of Dundee"},{"numberOfDocuments":0.09553967966231176,"label":"Edinburgh Napier University"},{"numberOfDocuments":2.0113356986667617,"label":"University of Stirling"},{"numberOfDocuments":0.25510204081632654,"label":"Abertay University"},{"numberOfDocuments":1.3378592508434106,"label":"University of Aberdeen"},{"numberOfDocuments":6.954987006950452,"label":"University of Edinburgh"},{"numberOfDocuments":0.05084745762711865,"label":"University of the West of Scotland"},{"numberOfDocuments":1.342987767590061,"label":"University of St Andrews"},{"numberOfDocuments":3.9855473954562357,"label":"University of Glasgow"},{"numberOfDocuments":0.23546455836203303,"label":"University of Strathclyde"}],"conceptId":9},{"topicData":[{"numberOfDocuments":3.8080599741137893,"label":"Heriot-Watt University"},{"numberOfDocuments":0.9445643160135497,"label":"Robert Gordon University"},{"numberOfDocuments":0.6608777488584162,"label":"Glasgow Caledonian University"},{"numberOfDocuments":0.7193681423073792,"label":"Queen Margaret University"},{"numberOfDocuments":2.4657972146368223,"label":"University of the Highlands and Islands"},{"numberOfDocuments":3.2629686249719354,"label":"University of Dundee"},{"numberOfDocuments":3.1272544478502886,"label":"Edinburgh Napier University"},{"numberOfDocuments":17.372608908227335,"label":"University of Stirling"},{"numberOfDocuments":1.9427648231546972,"label":"Abertay University"},{"numberOfDocuments":19.824515064983245,"label":"University of Aberdeen"},{"numberOfDocuments":55.89210613278009,"label":"University of Edinburgh"},{"numberOfDocuments":0.8092761868911633,"label":"University of the West of Scotland"},{"numberOfDocuments":25.488049000746415,"label":"University of St Andrews"},{"numberOfDocuments":29.229381220817704,"label":"University of Glasgow"},{"numberOfDocuments":7.053540089224056,"label":"University of Strathclyde"}],"conceptId":10},{"topicData":[{"numberOfDocuments":0.4955069823009052,"label":"Heriot-Watt University"},{"numberOfDocuments":0.007352941176470588,"label":"Robert Gordon University"},{"numberOfDocuments":0.0,"label":"Glasgow Caledonian University"},{"numberOfDocuments":0.057959442172061476,"label":"Queen Margaret University"},{"numberOfDocuments":0.931501686097617,"label":"University of the Highlands and Islands"},{"numberOfDocuments":0.4675647353160627,"label":"University of Dundee"},{"numberOfDocuments":0.5752993525278964,"label":"Edinburgh Napier University"},{"numberOfDocuments":7.433776223150782,"label":"University of Stirling"},{"numberOfDocuments":0.10732860520094563,"label":"Abertay University"},{"numberOfDocuments":2.22169896338897,"label":"University of Aberdeen"},{"numberOfDocuments":5.641437718800091,"label":"University of Edinburgh"},{"numberOfDocuments":0.18226794850171474,"label":"University of the West of Scotland"},{"numberOfDocuments":2.974238315095954,"label":"University of St Andrews"},{"numberOfDocuments":5.456068579510363,"label":"University of Glasgow"},{"numberOfDocuments":0.4006897174803345,"label":"University of Strathclyde"}],"conceptId":11},{"topicData":[{"numberOfDocuments":0.3841330445090257,"label":"Heriot-Watt University"},{"numberOfDocuments":0.13935185185185187,"label":"Robert Gordon University"},{"numberOfDocuments":0.25,"label":"Glasgow Caledonian University"},{"numberOfDocuments":0.33606464283757853,"label":"Queen Margaret University"},{"numberOfDocuments":1.0077326389937373,"label":"University of the Highlands and Islands"},{"numberOfDocuments":0.7477721099540374,"label":"University of Dundee"},{"numberOfDocuments":0.07434875066454014,"label":"Edinburgh Napier University"},{"numberOfDocuments":11.515749308544363,"label":"University of Stirling"},{"numberOfDocuments":0.4266240209501327,"label":"Abertay University"},{"numberOfDocuments":4.609069577080836,"label":"University of Aberdeen"},{"numberOfDocuments":18.782970451137636,"label":"University of Edinburgh"},{"numberOfDocuments":0.1411094352270823,"label":"University of the West of Scotland"},{"numberOfDocuments":40.78525503578815,"label":"University of St Andrews"},{"numberOfDocuments":8.461854845519964,"label":"University of Glasgow"},{"numberOfDocuments":2.532794153930171,"label":"University of Strathclyde"}],"conceptId":12},{"topicData":[{"numberOfDocuments":0.2575478808056918,"label":"Heriot-Watt University"},{"numberOfDocuments":0.12962962962962965,"label":"Robert Gordon University"},{"numberOfDocuments":0.0725236319684375,"label":"Glasgow Caledonian University"},{"numberOfDocuments":0.3662458865247451,"label":"Queen Margaret University"},{"numberOfDocuments":0.14765034543515554,"label":"University of the Highlands and Islands"},{"numberOfDocuments":6.350471672488796,"label":"University of Dundee"},{"numberOfDocuments":0.0,"label":"Edinburgh Napier University"},{"numberOfDocuments":4.643951695258694,"label":"University of Stirling"},{"numberOfDocuments":0.43146078918250175,"label":"Abertay University"},{"numberOfDocuments":0.8124546452086764,"label":"University of Aberdeen"},{"numberOfDocuments":7.057257256637241,"label":"University of Edinburgh"},{"numberOfDocuments":0.45616281338406006,"label":"University of the West of Scotland"},{"numberOfDocuments":22.748580712930764,"label":"University of St Andrews"},{"numberOfDocuments":2.3830450485541546,"label":"University of Glasgow"},{"numberOfDocuments":0.9215765416061952,"label":"University of Strathclyde"}],"conceptId":13},{"topicData":[{"numberOfDocuments":0.8254441791539152,"label":"Heriot-Watt University"},{"numberOfDocuments":0.6155131501503434,"label":"Robert Gordon University"},{"numberOfDocuments":0.03773584905660377,"label":"Glasgow Caledonian University"},{"numberOfDocuments":0.31620309273583447,"label":"Queen Margaret University"},{"numberOfDocuments":0.22677444197052038,"label":"University of the Highlands and Islands"},{"numberOfDocuments":0.24591304213058354,"label":"University of Dundee"},{"numberOfDocuments":0.14935493174507442,"label":"Edinburgh Napier University"},{"numberOfDocuments":0.5332183821538786,"label":"University of Stirling"},{"numberOfDocuments":3.34938492381667,"label":"Abertay University"},{"numberOfDocuments":0.4980818402425875,"label":"University of Aberdeen"},{"numberOfDocuments":2.6401407714570198,"label":"University of Edinburgh"},{"numberOfDocuments":0.0898060678762433,"label":"University of the West of Scotland"},{"numberOfDocuments":3.8861777713783314,"label":"University of St Andrews"},{"numberOfDocuments":1.0271364577160333,"label":"University of Glasgow"},{"numberOfDocuments":0.9094398531720209,"label":"University of Strathclyde"}],"conceptId":14},{"topicData":[{"numberOfDocuments":0.12633622839803957,"label":"Heriot-Watt University"},{"numberOfDocuments":0.28646395094347904,"label":"Robert Gordon University"},{"numberOfDocuments":0.0078125,"label":"Glasgow Caledonian University"},{"numberOfDocuments":0.5264284849148994,"label":"Queen Margaret University"},{"numberOfDocuments":0.3906156991394475,"label":"University of the Highlands and Islands"},{"numberOfDocuments":0.9604283258619231,"label":"University of Dundee"},{"numberOfDocuments":0.7561621527094673,"label":"Edinburgh Napier University"},{"numberOfDocuments":1.8372451902520937,"label":"University of Stirling"},{"numberOfDocuments":0.46589325107003804,"label":"Abertay University"},{"numberOfDocuments":1.4624166114293724,"label":"University of Aberdeen"},{"numberOfDocuments":8.20755174338515,"label":"University of Edinburgh"},{"numberOfDocuments":0.27163637644984767,"label":"University of the West of Scotland"},{"numberOfDocuments":2.2919497050684314,"label":"University of St Andrews"},{"numberOfDocuments":3.9993574507636103,"label":"University of Glasgow"},{"numberOfDocuments":0.6872106113156252,"label":"University of Strathclyde"}],"conceptId":15},{"topicData":[{"numberOfDocuments":1.0861669050441338,"label":"Heriot-Watt University"},{"numberOfDocuments":0.7120922158247213,"label":"Robert Gordon University"},{"numberOfDocuments":0.12416910176391215,"label":"Glasgow Caledonian University"},{"numberOfDocuments":0.5025209232430135,"label":"Queen Margaret University"},{"numberOfDocuments":5.137481552334794,"label":"University of the Highlands and Islands"},{"numberOfDocuments":2.961485086212564,"label":"University of Dundee"},{"numberOfDocuments":2.245196615914905,"label":"Edinburgh Napier University"},{"numberOfDocuments":16.14657824549749,"label":"University of Stirling"},{"numberOfDocuments":0.758750166165058,"label":"Abertay University"},{"numberOfDocuments":12.168759098265722,"label":"University of Aberdeen"},{"numberOfDocuments":30.927207709004875,"label":"University of Edinburgh"},{"numberOfDocuments":0.5543641850904549,"label":"University of the West of Scotland"},{"numberOfDocuments":18.774706571186957,"label":"University of St Andrews"},{"numberOfDocuments":42.34786912290424,"label":"University of Glasgow"},{"numberOfDocuments":4.965083751513732,"label":"University of Strathclyde"}],"conceptId":16},{"topicData":[{"numberOfDocuments":1.1457423561769224,"label":"Heriot-Watt University"},{"numberOfDocuments":0.37358937600610026,"label":"Robert Gordon University"},{"numberOfDocuments":0.37447409024940453,"label":"Glasgow Caledonian University"},{"numberOfDocuments":0.5139773600474676,"label":"Queen Margaret University"},{"numberOfDocuments":0.7359610525274756,"label":"University of the Highlands and Islands"},{"numberOfDocuments":1.410839940798993,"label":"University of Dundee"},{"numberOfDocuments":1.4762756362625513,"label":"Edinburgh Napier University"},{"numberOfDocuments":12.838011195223388,"label":"University of Stirling"},{"numberOfDocuments":1.5742214322295032,"label":"Abertay University"},{"numberOfDocuments":3.920722637338922,"label":"University of Aberdeen"},{"numberOfDocuments":20.412742819402112,"label":"University of Edinburgh"},{"numberOfDocuments":2.3259946878117126,"label":"University of the West of Scotland"},{"numberOfDocuments":31.80339407992276,"label":"University of St Andrews"},{"numberOfDocuments":10.306942139302278,"label":"University of Glasgow"},{"numberOfDocuments":2.809787005497554,"label":"University of Strathclyde"}],"conceptId":17},{"topicData":[{"numberOfDocuments":0.8226534799562267,"label":"Heriot-Watt University"},{"numberOfDocuments":1.3114126722077486,"label":"Robert Gordon University"},{"numberOfDocuments":0.760644893418644,"label":"Glasgow Caledonian University"},{"numberOfDocuments":1.358039408271208,"label":"Queen Margaret University"},{"numberOfDocuments":0.6140001578070508,"label":"University of the Highlands and Islands"},{"numberOfDocuments":2.1792664852218753,"label":"University of Dundee"},{"numberOfDocuments":0.9983414896842858,"label":"Edinburgh Napier University"},{"numberOfDocuments":5.3554909057368745,"label":"University of Stirling"},{"numberOfDocuments":0.3992932907674877,"label":"Abertay University"},{"numberOfDocuments":3.300753968845312,"label":"University of Aberdeen"},{"numberOfDocuments":20.179477055546204,"label":"University of Edinburgh"},{"numberOfDocuments":0.8709516786635451,"label":"University of the West of Scotland"},{"numberOfDocuments":4.495973948507961,"label":"University of St Andrews"},{"numberOfDocuments":10.186087696066306,"label":"University of Glasgow"},{"numberOfDocuments":4.665852847525123,"label":"University of Strathclyde"}],"conceptId":18},{"topicData":[{"numberOfDocuments":0.02247191011235955,"label":"Heriot-Watt University"},{"numberOfDocuments":0.0,"label":"Robert Gordon University"},{"numberOfDocuments":0.0,"label":"Glasgow Caledonian University"},{"numberOfDocuments":0.1183321509458605,"label":"Queen Margaret University"},{"numberOfDocuments":0.0930582419944122,"label":"University of the Highlands and Islands"},{"numberOfDocuments":0.14478084230193933,"label":"University of Dundee"},{"numberOfDocuments":0.03461538461538462,"label":"Edinburgh Napier University"},{"numberOfDocuments":0.5275992197816901,"label":"University of Stirling"},{"numberOfDocuments":0.0,"label":"Abertay University"},{"numberOfDocuments":0.7042245156237992,"label":"University of Aberdeen"},{"numberOfDocuments":2.7344395335070892,"label":"University of Edinburgh"},{"numberOfDocuments":0.09795134443021768,"label":"University of the West of Scotland"},{"numberOfDocuments":0.28663681468938207,"label":"University of St Andrews"},{"numberOfDocuments":4.766963818112252,"label":"University of Glasgow"},{"numberOfDocuments":0.3903507026436076,"label":"University of Strathclyde"}],"conceptId":19},{"topicData":[{"numberOfDocuments":0.004830917874396135,"label":"Heriot-Watt University"},{"numberOfDocuments":0.10028716342209294,"label":"Robert Gordon University"},{"numberOfDocuments":0.0913978494623656,"label":"Glasgow Caledonian University"},{"numberOfDocuments":0.0051813471502590676,"label":"Queen Margaret University"},{"numberOfDocuments":0.0,"label":"University of the Highlands and Islands"},{"numberOfDocuments":0.7599336706322096,"label":"University of Dundee"},{"numberOfDocuments":0.020011169024571854,"label":"Edinburgh Napier University"},{"numberOfDocuments":0.4112667786585222,"label":"University of Stirling"},{"numberOfDocuments":0.0,"label":"Abertay University"},{"numberOfDocuments":0.1629063928420049,"label":"University of Aberdeen"},{"numberOfDocuments":3.0154879291354573,"label":"University of Edinburgh"},{"numberOfDocuments":0.06802721088435373,"label":"University of the West of Scotland"},{"numberOfDocuments":4.069940940827359,"label":"University of St Andrews"},{"numberOfDocuments":2.501767982569093,"label":"University of Glasgow"},{"numberOfDocuments":1.3087615200384637,"label":"University of Strathclyde"}],"conceptId":20}]