{"linkageTable":[{"node2":11,"distance":0.435587200214805,"node1":9},{"node2":14,"distance":0.435838531258445,"node1":3},{"node2":15,"distance":0.448133926269925,"node1":7},{"node2":17,"distance":0.45570356947951,"node1":5},{"node2":6,"distance":0.475503318856495,"node1":4},{"node2":13,"distance":0.47679465245485,"node1":22},{"node2":8,"distance":0.47842215555321,"node1":1},{"node2":10,"distance":0.48211326391513,"node1":18},{"node2":23,"distance":0.48662610386270244,"node1":19},{"node2":16,"distance":0.490389384427645,"node1":2},{"node2":20,"distance":0.4916543889505739,"node1":26},{"node2":28,"distance":0.4923093538333746,"node1":24},{"node2":25,"distance":0.494073205808509,"node1":29},{"node2":12,"distance":0.49499860647365,"node1":21},{"node2":31,"distance":0.4970749660785292,"node1":27},{"node2":30,"distance":0.4973804696001621,"node1":0},{"node2":32,"distance":0.49782131963416715,"node1":33}],"conceptsData":[{"conceptId":16,"clusterId":0,"hexCoordinates":{"x":-3.4641016151377544,"y":0.0},"labels":[{"weight":408.0,"label":"hpv"},{"weight":188.0,"label":"lesion"},{"weight":108.0,"label":"oral"},{"weight":82.0,"label":"infection"},{"weight":74.0,"label":"cancer"},{"weight":56.0,"label":"dwi"},{"weight":51.0,"label":"oropharyngeal"},{"weight":49.0,"label":"positive"},{"weight":43.0,"label":"dental"},{"weight":43.0,"label":"cervical"},{"weight":39.0,"label":"papillomavirus"},{"weight":37.0,"label":"negative"},{"weight":35.0,"label":"prevalence"},{"weight":34.0,"label":"human"},{"weight":32.0,"label":"high"},{"weight":30.0,"label":"scc"},{"weight":29.0,"label":"diagnose"},{"weight":28.0,"label":"status"},{"weight":28.0,"label":"detection"},{"weight":26.0,"label":"squamous"},{"weight":26.0,"label":"sample"},{"weight":24.0,"label":"hnscc"},{"weight":23.0,"label":"specimen"},{"weight":22.0,"label":"provide"},{"weight":21.0,"label":"opscc"}]},{"conceptId":3,"clusterId":0,"hexCoordinates":{"x":-1.7320508075688772,"y":0.0},"labels":[{"weight":237.0,"label":"dose"},{"weight":83.0,"label":"schedule"},{"weight":79.0,"label":"phase"},{"weight":66.0,"label":"toxicity"},{"weight":62.0,"label":"patient"},{"weight":57.0,"label":"cycle"},{"weight":54.0,"label":"clinical"},{"weight":53.0,"label":"escalation"},{"weight":51.0,"label":"carboplatin"},{"weight":50.0,"label":"chemotherapy"},{"weight":48.0,"label":"hockey"},{"weight":47.0,"label":"day"},{"weight":44.0,"label":"cancer"},{"weight":39.0,"label":"pharmacokinetic"},{"weight":36.0,"label":"tolerate"},{"weight":34.0,"label":"daily"},{"weight":34.0,"label":"symptom"},{"weight":32.0,"label":"trastuzumab"},{"weight":32.0,"label":"fit"},{"weight":27.0,"label":"week"},{"weight":27.0,"label":"safety"},{"weight":26.0,"label":"weekly"},{"weight":26.0,"label":"observe"},{"weight":24.0,"label":"myeloma"},{"weight":24.0,"label":"dosing"}]},{"conceptId":4,"clusterId":0,"hexCoordinates":{"x":0.0,"y":0.0},"labels":[{"weight":2977.0,"label":"cancer"},{"weight":604.0,"label":"lung"},{"weight":494.0,"label":"patient"},{"weight":286.0,"label":"breast"},{"weight":196.0,"label":"ovarian"},{"weight":191.0,"label":"diagnosis"},{"weight":160.0,"label":"treatment"},{"weight":139.0,"label":"colorectal"},{"weight":125.0,"label":"survival"},{"weight":120.0,"label":"stage"},{"weight":110.0,"label":"brca"},{"weight":110.0,"label":"chemotherapy"},{"weight":99.0,"label":"type"},{"weight":90.0,"label":"early"},{"weight":88.0,"label":"risk"},{"weight":67.0,"label":"uadt"},{"weight":63.0,"label":"carcinoma"},{"weight":63.0,"label":"prostate"},{"weight":61.0,"label":"diagnose"},{"weight":59.0,"label":"disease"},{"weight":56.0,"label":"survivor"},{"weight":55.0,"label":"background"},{"weight":54.0,"label":"platinum"},{"weight":53.0,"label":"study"},{"weight":51.0,"label":"increase"}]},{"conceptId":6,"clusterId":0,"hexCoordinates":{"x":1.7320508075688772,"y":0.0},"labels":[{"weight":378.0,"label":"cancer"},{"weight":368.0,"label":"tumour"},{"weight":323.0,"label":"tumor"},{"weight":215.0,"label":"mutation"},{"weight":208.0,"label":"cell"},{"weight":181.0,"label":"pancreatic"},{"weight":162.0,"label":"pdac"},{"weight":151.0,"label":"lymphoma"},{"weight":144.0,"label":"carcinoma"},{"weight":124.0,"label":"adenocarcinoma"},{"weight":106.0,"label":"genomic"},{"weight":97.0,"label":"patient"},{"weight":94.0,"label":"progression"},{"weight":93.0,"label":"normal"},{"weight":91.0,"label":"sequencing"},{"weight":80.0,"label":"molecular"},{"weight":80.0,"label":"associate"},{"weight":79.0,"label":"gene"},{"weight":79.0,"label":"high"},{"weight":76.0,"label":"cscc"},{"weight":75.0,"label":"alteration"},{"weight":74.0,"label":"signature"},{"weight":74.0,"label":"analysis"},{"weight":72.0,"label":"mutational"},{"weight":72.0,"label":"reveal"}]},{"conceptId":2,"clusterId":0,"hexCoordinates":{"x":-2.598076211353316,"y":-1.5},"labels":[{"weight":368.0,"label":"hpv"},{"weight":212.0,"label":"cervical"},{"weight":183.0,"label":"woman"},{"weight":133.0,"label":"cin"},{"weight":98.0,"label":"vaccine"},{"weight":78.0,"label":"type"},{"weight":70.0,"label":"screening"},{"weight":66.0,"label":"high"},{"weight":60.0,"label":"vaccination"},{"weight":58.0,"label":"disease"},{"weight":58.0,"label":"grade"},{"weight":56.0,"label":"programme"},{"weight":55.0,"label":"risk"},{"weight":53.0,"label":"vaccinate"},{"weight":48.0,"label":"colposcopy"},{"weight":48.0,"label":"infection"},{"weight":43.0,"label":"cytology"},{"weight":38.0,"label":"papillomavirus"},{"weight":37.0,"label":"tbp"},{"weight":36.0,"label":"prevalence"},{"weight":35.0,"label":"cancer"},{"weight":35.0,"label":"human"},{"weight":34.0,"label":"bear"},{"weight":31.0,"label":"neoplasia"},{"weight":30.0,"label":"unvaccinated"}]},{"conceptId":5,"clusterId":0,"hexCoordinates":{"x":-3.4641016151377544,"y":-3.0},"labels":[{"weight":1129.0,"label":"screening"},{"weight":531.0,"label":"screen"},{"weight":282.0,"label":"attendance"},{"weight":252.0,"label":"woman"},{"weight":237.0,"label":"uptake"},{"weight":190.0,"label":"breast"},{"weight":152.0,"label":"attend"},{"weight":151.0,"label":"cancer"},{"weight":128.0,"label":"test"},{"weight":120.0,"label":"appointment"},{"weight":119.0,"label":"increase"},{"weight":114.0,"label":"programme"},{"weight":107.0,"label":"invitation"},{"weight":104.0,"label":"bowel"},{"weight":102.0,"label":"result"},{"weight":99.0,"label":"practice"},{"weight":97.0,"label":"invite"},{"weight":80.0,"label":"mammography"},{"weight":73.0,"label":"reminder"},{"weight":73.0,"label":"participation"},{"weight":71.0,"label":"participate"},{"weight":70.0,"label":"year"},{"weight":67.0,"label":"health"},{"weight":64.0,"label":"method"},{"weight":63.0,"label":"barrier"}]},{"conceptId":9,"clusterId":0,"hexCoordinates":{"x":-0.8660254037844386,"y":1.5},"labels":[{"weight":943.0,"label":"cell"},{"weight":406.0,"label":"cancer"},{"weight":225.0,"label":"treatment"},{"weight":223.0,"label":"drug"},{"weight":193.0,"label":"inhibitor"},{"weight":171.0,"label":"induce"},{"weight":168.0,"label":"line"},{"weight":160.0,"label":"effect"},{"weight":114.0,"label":"activity"},{"weight":106.0,"label":"apoptosis"},{"weight":102.0,"label":"target"},{"weight":100.0,"label":"death"},{"weight":98.0,"label":"cisplatin"},{"weight":94.0,"label":"agent"},{"weight":91.0,"label":"dna"},{"weight":83.0,"label":"tumor"},{"weight":83.0,"label":"increase"},{"weight":81.0,"label":"breast"},{"weight":73.0,"label":"resistance"},{"weight":73.0,"label":"combination"},{"weight":71.0,"label":"therapeutic"},{"weight":70.0,"label":"cytotoxic"},{"weight":70.0,"label":"kinase"},{"weight":69.0,"label":"chemotherapy"},{"weight":68.0,"label":"study"}]},{"conceptId":10,"clusterId":0,"hexCoordinates":{"x":0.8660254037844386,"y":1.5},"labels":[{"weight":1267.0,"label":"cancer"},{"weight":1034.0,"label":"cell"},{"weight":991.0,"label":"tumor"},{"weight":711.0,"label":"tumour"},{"weight":319.0,"label":"growth"},{"weight":188.0,"label":"metastasis"},{"weight":182.0,"label":"therapeutic"},{"weight":176.0,"label":"target"},{"weight":159.0,"label":"model"},{"weight":157.0,"label":"therapy"},{"weight":156.0,"label":"human"},{"weight":155.0,"label":"anti"},{"weight":153.0,"label":"breast"},{"weight":150.0,"label":"metastatic"},{"weight":149.0,"label":"progression"},{"weight":149.0,"label":"microenvironment"},{"weight":118.0,"label":"potential"},{"weight":108.0,"label":"treatment"},{"weight":105.0,"label":"promote"},{"weight":104.0,"label":"show"},{"weight":103.0,"label":"mouse"},{"weight":91.0,"label":"tissue"},{"weight":89.0,"label":"glioma"},{"weight":89.0,"label":"strategy"},{"weight":88.0,"label":"proliferation"}]},{"conceptId":11,"clusterId":0,"hexCoordinates":{"x":0.0,"y":3.0},"labels":[{"weight":147.0,"label":"vole"},{"weight":119.0,"label":"radiation"},{"weight":114.0,"label":"myc"},{"weight":70.0,"label":"damage"},{"weight":55.0,"label":"pro"},{"weight":54.0,"label":"lightning"},{"weight":51.0,"label":"agnp"},{"weight":48.0,"label":"dna"},{"weight":39.0,"label":"ionize"},{"weight":37.0,"label":"gsc"},{"weight":34.0,"label":"parp"},{"weight":29.0,"label":"cycle"},{"weight":28.0,"label":"dsf"},{"weight":28.0,"label":"drive"},{"weight":27.0,"label":"pda"},{"weight":27.0,"label":"strike"},{"weight":25.0,"label":"induce"},{"weight":25.0,"label":"common"},{"weight":24.0,"label":"spheroid"},{"weight":23.0,"label":"cip"},{"weight":23.0,"label":"protection"},{"weight":21.0,"label":"radiotherapy"},{"weight":21.0,"label":"delay"},{"weight":20.0,"label":"microtus"},{"weight":20.0,"label":"agent"}]},{"conceptId":12,"clusterId":0,"hexCoordinates":{"x":-4.330127018922193,"y":-1.5},"labels":[{"weight":1166.0,"label":"cancer"},{"weight":689.0,"label":"breast"},{"weight":384.0,"label":"risk"},{"weight":219.0,"label":"woman"},{"weight":193.0,"label":"brca"},{"weight":128.0,"label":"head"},{"weight":122.0,"label":"neck"},{"weight":103.0,"label":"hnc"},{"weight":83.0,"label":"case"},{"weight":79.0,"label":"family"},{"weight":77.0,"label":"control"},{"weight":72.0,"label":"brd"},{"weight":69.0,"label":"carrier"},{"weight":62.0,"label":"mutation"},{"weight":53.0,"label":"bet"},{"weight":51.0,"label":"bromodomain"},{"weight":51.0,"label":"ovarian"},{"weight":48.0,"label":"increase"},{"weight":47.0,"label":"history"},{"weight":40.0,"label":"alcohol"},{"weight":38.0,"label":"screening"},{"weight":35.0,"label":"association"},{"weight":33.0,"label":"genetics"},{"weight":33.0,"label":"disease"},{"weight":31.0,"label":"larynx"}]},{"conceptId":13,"clusterId":0,"hexCoordinates":{"x":0.8660254037844386,"y":-1.5},"labels":[{"weight":264.0,"label":"melanoma"},{"weight":172.0,"label":"cancer"},{"weight":135.0,"label":"mutation"},{"weight":131.0,"label":"braf"},{"weight":111.0,"label":"patient"},{"weight":79.0,"label":"kra"},{"weight":76.0,"label":"pathway"},{"weight":63.0,"label":"molecular"},{"weight":61.0,"label":"crc"},{"weight":60.0,"label":"tumour"},{"weight":56.0,"label":"colorectal"},{"weight":45.0,"label":"ras"},{"weight":44.0,"label":"type"},{"weight":42.0,"label":"kras"},{"weight":38.0,"label":"raf"},{"weight":38.0,"label":"inhibitor"},{"weight":37.0,"label":"signature"},{"weight":37.0,"label":"tumor"},{"weight":34.0,"label":"mutate"},{"weight":32.0,"label":"pancreatic"},{"weight":31.0,"label":"mutant"},{"weight":30.0,"label":"vemurafenib"},{"weight":30.0,"label":"cohort"},{"weight":30.0,"label":"clinical"},{"weight":29.0,"label":"gfr"}]},{"conceptId":17,"clusterId":0,"hexCoordinates":{"x":-5.196152422706632,"y":-3.0},"labels":[{"weight":235.0,"label":"crc"},{"weight":221.0,"label":"cancer"},{"weight":176.0,"label":"colorectal"},{"weight":153.0,"label":"screening"},{"weight":114.0,"label":"faecal"},{"weight":106.0,"label":"test"},{"weight":76.0,"label":"result"},{"weight":74.0,"label":"fobt"},{"weight":73.0,"label":"colonoscopy"},{"weight":65.0,"label":"gastric"},{"weight":65.0,"label":"fit"},{"weight":64.0,"label":"bowel"},{"weight":63.0,"label":"pylori"},{"weight":53.0,"label":"negative"},{"weight":49.0,"label":"intention"},{"weight":45.0,"label":"uptake"},{"weight":43.0,"label":"symptom"},{"weight":40.0,"label":"occult"},{"weight":40.0,"label":"blood"},{"weight":38.0,"label":"haemoglobin"},{"weight":38.0,"label":"colon"},{"weight":37.0,"label":"participant"},{"weight":34.0,"label":"positive"},{"weight":34.0,"label":"programme"},{"weight":32.0,"label":"detection"}]},{"conceptId":14,"clusterId":0,"hexCoordinates":{"x":-0.8660254037844386,"y":-1.5},"labels":[{"weight":958.0,"label":"patient"},{"weight":402.0,"label":"survival"},{"weight":377.0,"label":"treatment"},{"weight":305.0,"label":"chemotherapy"},{"weight":294.0,"label":"cancer"},{"weight":204.0,"label":"therapy"},{"weight":196.0,"label":"response"},{"weight":184.0,"label":"free"},{"weight":167.0,"label":"disease"},{"weight":165.0,"label":"month"},{"weight":154.0,"label":"grade"},{"weight":132.0,"label":"receive"},{"weight":131.0,"label":"progression"},{"weight":128.0,"label":"analysis"},{"weight":127.0,"label":"treat"},{"weight":125.0,"label":"study"},{"weight":110.0,"label":"rate"},{"weight":107.0,"label":"neoadjuvant"},{"weight":106.0,"label":"median"},{"weight":106.0,"label":"follow"},{"weight":103.0,"label":"trial"},{"weight":99.0,"label":"advanced"},{"weight":98.0,"label":"cohort"},{"weight":97.0,"label":"pancreatic"},{"weight":97.0,"label":"phase"}]},{"conceptId":15,"clusterId":0,"hexCoordinates":{"x":-1.7320508075688772,"y":-3.0},"labels":[{"weight":443.0,"label":"concentration"},{"weight":395.0,"label":"crp"},{"weight":353.0,"label":"serum"},{"weight":224.0,"label":"protein"},{"weight":203.0,"label":"inflammation"},{"weight":203.0,"label":"systemic"},{"weight":187.0,"label":"inflammatory"},{"weight":185.0,"label":"patient"},{"weight":160.0,"label":"associate"},{"weight":159.0,"label":"reactive"},{"weight":150.0,"label":"plasma"},{"weight":148.0,"label":"level"},{"weight":130.0,"label":"study"},{"weight":127.0,"label":"response"},{"weight":126.0,"label":"marker"},{"weight":123.0,"label":"measure"},{"weight":123.0,"label":"ratio"},{"weight":115.0,"label":"albumin"},{"weight":103.0,"label":"median"},{"weight":94.0,"label":"biomarker"},{"weight":91.0,"label":"elevated"},{"weight":90.0,"label":"sir"},{"weight":88.0,"label":"relationship"},{"weight":84.0,"label":"higher"},{"weight":83.0,"label":"blood"}]},{"conceptId":1,"clusterId":0,"hexCoordinates":{"x":1.7320508075688772,"y":-3.0},"labels":[{"weight":736.0,"label":"cancer"},{"weight":689.0,"label":"prostate"},{"weight":243.0,"label":"man"},{"weight":171.0,"label":"pca"},{"weight":154.0,"label":"biopsy"},{"weight":134.0,"label":"androgen"},{"weight":115.0,"label":"patient"},{"weight":93.0,"label":"treatment"},{"weight":83.0,"label":"disease"},{"weight":79.0,"label":"therapy"},{"weight":70.0,"label":"progression"},{"weight":68.0,"label":"tumour"},{"weight":62.0,"label":"psa"},{"weight":56.0,"label":"soc"},{"weight":53.0,"label":"metastatic"},{"weight":49.0,"label":"adt"},{"weight":49.0,"label":"radical"},{"weight":47.0,"label":"follow"},{"weight":45.0,"label":"castration"},{"weight":45.0,"label":"specific"},{"weight":41.0,"label":"gleason"},{"weight":41.0,"label":"hormone"},{"weight":41.0,"label":"grade"},{"weight":41.0,"label":"high"},{"weight":39.0,"label":"prostatectomy"}]},{"conceptId":8,"clusterId":0,"hexCoordinates":{"x":2.598076211353316,"y":-1.5},"labels":[{"weight":988.0,"label":"expression"},{"weight":681.0,"label":"gene"},{"weight":249.0,"label":"mir"},{"weight":189.0,"label":"tissue"},{"weight":160.0,"label":"pcr"},{"weight":160.0,"label":"level"},{"weight":153.0,"label":"analysis"},{"weight":135.0,"label":"significantly"},{"weight":133.0,"label":"cell"},{"weight":132.0,"label":"study"},{"weight":130.0,"label":"express"},{"weight":125.0,"label":"compare"},{"weight":124.0,"label":"show"},{"weight":123.0,"label":"fold"},{"weight":114.0,"label":"rna"},{"weight":112.0,"label":"sample"},{"weight":111.0,"label":"control"},{"weight":107.0,"label":"change"},{"weight":103.0,"label":"microarray"},{"weight":102.0,"label":"mrna"},{"weight":100.0,"label":"identify"},{"weight":91.0,"label":"quantitative"},{"weight":89.0,"label":"qpcr"},{"weight":79.0,"label":"protein"},{"weight":79.0,"label":"regulate"}]},{"conceptId":-1,"clusterId":-1,"hexCoordinates":{"x":6.06217782649107,"y":3.0},"labels":[{"weight":2500,"label":"Unclassified"},{"weight":0,"label":""},{"weight":0,"label":""},{"weight":0,"label":""},{"weight":0,"label":""},{"weight":0,"label":""},{"weight":0,"label":""},{"weight":0,"label":""},{"weight":0,"label":""},{"weight":0,"label":""},{"weight":0,"label":""}]},{"conceptId":0,"clusterId":0,"hexCoordinates":{"x":0.8660254037844386,"y":-4.5},"labels":[{"weight":305.0,"label":"dose"},{"weight":230.0,"label":"patient"},{"weight":216.0,"label":"radiotherapy"},{"weight":193.0,"label":"treatment"},{"weight":130.0,"label":"pdt"},{"weight":108.0,"label":"fcr"},{"weight":90.0,"label":"cancer"},{"weight":68.0,"label":"tumour"},{"weight":66.0,"label":"therapy"},{"weight":63.0,"label":"radiation"},{"weight":59.0,"label":"recurrence"},{"weight":58.0,"label":"ppix"},{"weight":58.0,"label":"result"},{"weight":54.0,"label":"effective"},{"weight":50.0,"label":"bcc"},{"weight":50.0,"label":"lesion"},{"weight":49.0,"label":"light"},{"weight":48.0,"label":"photodynamic"},{"weight":44.0,"label":"ssri"},{"weight":43.0,"label":"skin"},{"weight":42.0,"label":"treat"},{"weight":41.0,"label":"conclusion"},{"weight":38.0,"label":"irradiation"},{"weight":36.0,"label":"ebrt"},{"weight":36.0,"label":"oxygen"}]},{"conceptId":7,"clusterId":0,"hexCoordinates":{"x":0.0,"y":-3.0},"labels":[{"weight":1215.0,"label":"cancer"},{"weight":605.0,"label":"breast"},{"weight":566.0,"label":"patient"},{"weight":481.0,"label":"survival"},{"weight":428.0,"label":"tumour"},{"weight":257.0,"label":"associate"},{"weight":244.0,"label":"stage"},{"weight":233.0,"label":"prognostic"},{"weight":178.0,"label":"positive"},{"weight":162.0,"label":"specific"},{"weight":156.0,"label":"colorectal"},{"weight":153.0,"label":"crc"},{"weight":151.0,"label":"disease"},{"weight":151.0,"label":"analysis"},{"weight":145.0,"label":"expression"},{"weight":144.0,"label":"tumor"},{"weight":137.0,"label":"negative"},{"weight":133.0,"label":"node"},{"weight":126.0,"label":"high"},{"weight":108.0,"label":"cohort"},{"weight":107.0,"label":"recurrence"},{"weight":102.0,"label":"grade"},{"weight":98.0,"label":"factor"},{"weight":96.0,"label":"score"},{"weight":94.0,"label":"invasion"}]}]}