[{"topicData":[{"numberOfDocuments":0.0,"label":"Heriot-Watt University"},{"numberOfDocuments":0.0,"label":"Robert Gordon University"},{"numberOfDocuments":0.0,"label":"Glasgow Caledonian University"},{"numberOfDocuments":0.0,"label":"Queen Margaret University"},{"numberOfDocuments":0.0,"label":"University of the Highlands and Islands"},{"numberOfDocuments":0.0,"label":"University of Dundee"},{"numberOfDocuments":0.0,"label":"Edinburgh Napier University"},{"numberOfDocuments":0.0,"label":"University of Stirling"},{"numberOfDocuments":0.0,"label":"Abertay University"},{"numberOfDocuments":0.0,"label":"University of Aberdeen"},{"numberOfDocuments":0.0,"label":"University of Edinburgh"},{"numberOfDocuments":0.0,"label":"University of the West of Scotland"},{"numberOfDocuments":0.0,"label":"University of Glasgow"},{"numberOfDocuments":0.0,"label":"University of St Andrews"},{"numberOfDocuments":0.0,"label":"University of Strathclyde"}],"conceptId":-1},{"topicData":[{"numberOfDocuments":6.024440684028961,"label":"Heriot-Watt University"},{"numberOfDocuments":3.7446934103774425,"label":"Robert Gordon University"},{"numberOfDocuments":5.1699521091213025,"label":"Glasgow Caledonian University"},{"numberOfDocuments":2.1375490367539633,"label":"Queen Margaret University"},{"numberOfDocuments":1.6744027543382798,"label":"University of the Highlands and Islands"},{"numberOfDocuments":8.017075492467194,"label":"University of Dundee"},{"numberOfDocuments":6.3782599537998825,"label":"Edinburgh Napier University"},{"numberOfDocuments":15.258638542623851,"label":"University of Stirling"},{"numberOfDocuments":1.3341562889587932,"label":"Abertay University"},{"numberOfDocuments":7.265238976567243,"label":"University of Aberdeen"},{"numberOfDocuments":24.570643672762657,"label":"University of Edinburgh"},{"numberOfDocuments":3.3098205947281127,"label":"University of the West of Scotland"},{"numberOfDocuments":32.97245194507942,"label":"University of Glasgow"},{"numberOfDocuments":14.266927851864347,"label":"University of St Andrews"},{"numberOfDocuments":43.58622181776068,"label":"University of Strathclyde"}],"conceptId":0},{"topicData":[{"numberOfDocuments":7.603724018018553,"label":"Heriot-Watt University"},{"numberOfDocuments":5.218826020504613,"label":"Robert Gordon University"},{"numberOfDocuments":2.8693664117513746,"label":"Glasgow Caledonian University"},{"numberOfDocuments":10.232891009403053,"label":"Queen Margaret University"},{"numberOfDocuments":1.4342801040602446,"label":"University of the Highlands and Islands"},{"numberOfDocuments":3.422638074959749,"label":"University of Dundee"},{"numberOfDocuments":11.743453537718976,"label":"Edinburgh Napier University"},{"numberOfDocuments":25.38587124697272,"label":"University of Stirling"},{"numberOfDocuments":1.6835803230028967,"label":"Abertay University"},{"numberOfDocuments":7.305371181016498,"label":"University of Aberdeen"},{"numberOfDocuments":28.06667456993439,"label":"University of Edinburgh"},{"numberOfDocuments":3.759326661498551,"label":"University of the West of Scotland"},{"numberOfDocuments":25.581051468166358,"label":"University of Glasgow"},{"numberOfDocuments":6.436474038470947,"label":"University of St Andrews"},{"numberOfDocuments":35.81005534889967,"label":"University of Strathclyde"}],"conceptId":1},{"topicData":[{"numberOfDocuments":22.847354294205754,"label":"Heriot-Watt University"},{"numberOfDocuments":5.867906103530685,"label":"Robert Gordon University"},{"numberOfDocuments":5.113961316043679,"label":"Glasgow Caledonian University"},{"numberOfDocuments":8.996472956336452,"label":"Queen Margaret University"},{"numberOfDocuments":6.091756583052043,"label":"University of the Highlands and Islands"},{"numberOfDocuments":19.977215598627286,"label":"University of Dundee"},{"numberOfDocuments":10.596178108971213,"label":"Edinburgh Napier University"},{"numberOfDocuments":31.155079173773835,"label":"University of Stirling"},{"numberOfDocuments":3.529688892515717,"label":"Abertay University"},{"numberOfDocuments":26.759834747217628,"label":"University of Aberdeen"},{"numberOfDocuments":99.7430151394585,"label":"University of Edinburgh"},{"numberOfDocuments":6.0884119971535045,"label":"University of the West of Scotland"},{"numberOfDocuments":80.96834236544076,"label":"University of Glasgow"},{"numberOfDocuments":40.95538470292199,"label":"University of St Andrews"},{"numberOfDocuments":50.7802857429876,"label":"University of Strathclyde"}],"conceptId":2},{"topicData":[{"numberOfDocuments":7.620061169470747,"label":"Heriot-Watt University"},{"numberOfDocuments":1.5304918172147808,"label":"Robert Gordon University"},{"numberOfDocuments":1.006826492935226,"label":"Glasgow Caledonian University"},{"numberOfDocuments":0.7881731896033515,"label":"Queen Margaret University"},{"numberOfDocuments":0.3883543547862475,"label":"University of the Highlands and Islands"},{"numberOfDocuments":2.9631626585301274,"label":"University of Dundee"},{"numberOfDocuments":1.8491303952509492,"label":"Edinburgh Napier University"},{"numberOfDocuments":14.252633929552971,"label":"University of Stirling"},{"numberOfDocuments":1.8821954525150153,"label":"Abertay University"},{"numberOfDocuments":4.4823301535218345,"label":"University of Aberdeen"},{"numberOfDocuments":14.420790998228405,"label":"University of Edinburgh"},{"numberOfDocuments":1.5908740027221224,"label":"University of the West of Scotland"},{"numberOfDocuments":26.026491339253713,"label":"University of Glasgow"},{"numberOfDocuments":11.408172931273416,"label":"University of St Andrews"},{"numberOfDocuments":11.626861057615189,"label":"University of Strathclyde"}],"conceptId":3},{"topicData":[{"numberOfDocuments":3.5047224434541393,"label":"Heriot-Watt University"},{"numberOfDocuments":2.6572786275224365,"label":"Robert Gordon University"},{"numberOfDocuments":2.651522630968972,"label":"Glasgow Caledonian University"},{"numberOfDocuments":2.9308543083138745,"label":"Queen Margaret University"},{"numberOfDocuments":1.5007477416606647,"label":"University of the Highlands and Islands"},{"numberOfDocuments":4.884623523125998,"label":"University of Dundee"},{"numberOfDocuments":3.233024623520401,"label":"Edinburgh Napier University"},{"numberOfDocuments":16.918124082529246,"label":"University of Stirling"},{"numberOfDocuments":0.44175888189025586,"label":"Abertay University"},{"numberOfDocuments":3.801146033975719,"label":"University of Aberdeen"},{"numberOfDocuments":18.018430004913196,"label":"University of Edinburgh"},{"numberOfDocuments":1.7513225872226128,"label":"University of the West of Scotland"},{"numberOfDocuments":18.80722271292561,"label":"University of Glasgow"},{"numberOfDocuments":7.758065469813207,"label":"University of St Andrews"},{"numberOfDocuments":79.23392979956087,"label":"University of Strathclyde"}],"conceptId":4},{"topicData":[{"numberOfDocuments":15.58406377227069,"label":"Heriot-Watt University"},{"numberOfDocuments":6.356493630067382,"label":"Robert Gordon University"},{"numberOfDocuments":5.780310387573035,"label":"Glasgow Caledonian University"},{"numberOfDocuments":2.794172856404726,"label":"Queen Margaret University"},{"numberOfDocuments":0.23513232980542237,"label":"University of the Highlands and Islands"},{"numberOfDocuments":2.920753497962299,"label":"University of Dundee"},{"numberOfDocuments":8.172836308364081,"label":"Edinburgh Napier University"},{"numberOfDocuments":16.844339136931623,"label":"University of Stirling"},{"numberOfDocuments":3.8880746073503576,"label":"Abertay University"},{"numberOfDocuments":8.815166683183355,"label":"University of Aberdeen"},{"numberOfDocuments":45.20824510293993,"label":"University of Edinburgh"},{"numberOfDocuments":3.8909578737374186,"label":"University of the West of Scotland"},{"numberOfDocuments":37.483526524967964,"label":"University of Glasgow"},{"numberOfDocuments":16.54849826863126,"label":"University of St Andrews"},{"numberOfDocuments":32.129019232352576,"label":"University of Strathclyde"}],"conceptId":5},{"topicData":[{"numberOfDocuments":3.8746525468215154,"label":"Heriot-Watt University"},{"numberOfDocuments":1.3409441460751064,"label":"Robert Gordon University"},{"numberOfDocuments":0.8674850908509979,"label":"Glasgow Caledonian University"},{"numberOfDocuments":0.9161312490595092,"label":"Queen Margaret University"},{"numberOfDocuments":0.1591328195912441,"label":"University of the Highlands and Islands"},{"numberOfDocuments":2.5087728492785226,"label":"University of Dundee"},{"numberOfDocuments":0.8689151189310145,"label":"Edinburgh Napier University"},{"numberOfDocuments":17.339817529833226,"label":"University of Stirling"},{"numberOfDocuments":0.021666666666666667,"label":"Abertay University"},{"numberOfDocuments":1.5720506111674417,"label":"University of Aberdeen"},{"numberOfDocuments":3.949214417047595,"label":"University of Edinburgh"},{"numberOfDocuments":0.322714371061325,"label":"University of the West of Scotland"},{"numberOfDocuments":13.000989704915579,"label":"University of Glasgow"},{"numberOfDocuments":12.566008261492172,"label":"University of St Andrews"},{"numberOfDocuments":4.2722697828260925,"label":"University of Strathclyde"}],"conceptId":6},{"topicData":[{"numberOfDocuments":4.76385894925815,"label":"Heriot-Watt University"},{"numberOfDocuments":0.5932450309567915,"label":"Robert Gordon University"},{"numberOfDocuments":1.1622513695493777,"label":"Glasgow Caledonian University"},{"numberOfDocuments":3.5269179467189424,"label":"Queen Margaret University"},{"numberOfDocuments":0.19173154862728606,"label":"University of the Highlands and Islands"},{"numberOfDocuments":6.1991320568706145,"label":"University of Dundee"},{"numberOfDocuments":1.5251474946726293,"label":"Edinburgh Napier University"},{"numberOfDocuments":13.861523102183794,"label":"University of Stirling"},{"numberOfDocuments":0.2931023269506783,"label":"Abertay University"},{"numberOfDocuments":13.569148249625925,"label":"University of Aberdeen"},{"numberOfDocuments":26.173799200807878,"label":"University of Edinburgh"},{"numberOfDocuments":0.799115157129097,"label":"University of the West of Scotland"},{"numberOfDocuments":21.90337658047185,"label":"University of Glasgow"},{"numberOfDocuments":14.648729445995926,"label":"University of St Andrews"},{"numberOfDocuments":23.05753181051859,"label":"University of Strathclyde"}],"conceptId":7},{"topicData":[{"numberOfDocuments":6.702971536694681,"label":"Heriot-Watt University"},{"numberOfDocuments":2.1749761820933466,"label":"Robert Gordon University"},{"numberOfDocuments":1.515344845821624,"label":"Glasgow Caledonian University"},{"numberOfDocuments":0.25183179072692197,"label":"Queen Margaret University"},{"numberOfDocuments":0.19558721411267085,"label":"University of the Highlands and Islands"},{"numberOfDocuments":4.373102861485897,"label":"University of Dundee"},{"numberOfDocuments":1.8221684957255395,"label":"Edinburgh Napier University"},{"numberOfDocuments":13.641218162500078,"label":"University of Stirling"},{"numberOfDocuments":0.5387644158600311,"label":"Abertay University"},{"numberOfDocuments":10.519254348383477,"label":"University of Aberdeen"},{"numberOfDocuments":35.102893393005274,"label":"University of Edinburgh"},{"numberOfDocuments":0.8663467281467818,"label":"University of the West of Scotland"},{"numberOfDocuments":32.30471398388322,"label":"University of Glasgow"},{"numberOfDocuments":16.025389516676707,"label":"University of St Andrews"},{"numberOfDocuments":22.90206922480616,"label":"University of Strathclyde"}],"conceptId":8},{"topicData":[{"numberOfDocuments":4.211248038520839,"label":"Heriot-Watt University"},{"numberOfDocuments":1.2045471148582074,"label":"Robert Gordon University"},{"numberOfDocuments":6.070590951804776,"label":"Glasgow Caledonian University"},{"numberOfDocuments":2.966747519173544,"label":"Queen Margaret University"},{"numberOfDocuments":2.2815394489440917,"label":"University of the Highlands and Islands"},{"numberOfDocuments":6.183757275141463,"label":"University of Dundee"},{"numberOfDocuments":3.8793016749893217,"label":"Edinburgh Napier University"},{"numberOfDocuments":27.43010392711935,"label":"University of Stirling"},{"numberOfDocuments":2.88879737735753,"label":"Abertay University"},{"numberOfDocuments":16.189128977567357,"label":"University of Aberdeen"},{"numberOfDocuments":30.12545664387791,"label":"University of Edinburgh"},{"numberOfDocuments":1.683223752378463,"label":"University of the West of Scotland"},{"numberOfDocuments":33.622778738753084,"label":"University of Glasgow"},{"numberOfDocuments":36.02723979026739,"label":"University of St Andrews"},{"numberOfDocuments":12.32577623416036,"label":"University of Strathclyde"}],"conceptId":9},{"topicData":[{"numberOfDocuments":3.853746596354215,"label":"Heriot-Watt University"},{"numberOfDocuments":0.7995193515047299,"label":"Robert Gordon University"},{"numberOfDocuments":1.6704049577132623,"label":"Glasgow Caledonian University"},{"numberOfDocuments":0.4299330540073656,"label":"Queen Margaret University"},{"numberOfDocuments":0.3765403007585805,"label":"University of the Highlands and Islands"},{"numberOfDocuments":2.5193241515173117,"label":"University of Dundee"},{"numberOfDocuments":1.5368554653727775,"label":"Edinburgh Napier University"},{"numberOfDocuments":8.40771724069009,"label":"University of Stirling"},{"numberOfDocuments":0.18503350707371558,"label":"Abertay University"},{"numberOfDocuments":3.1047848428678035,"label":"University of Aberdeen"},{"numberOfDocuments":11.913360884459815,"label":"University of Edinburgh"},{"numberOfDocuments":0.1844740427368111,"label":"University of the West of Scotland"},{"numberOfDocuments":18.1701468776341,"label":"University of Glasgow"},{"numberOfDocuments":3.2037657110579185,"label":"University of St Andrews"},{"numberOfDocuments":13.927891132573139,"label":"University of Strathclyde"}],"conceptId":10}]