[{"topicData":[{"numberOfDocuments":0.0,"label":"Robert Gordon University"},{"numberOfDocuments":0.0,"label":"Heriot-Watt University"},{"numberOfDocuments":0.0,"label":"Glasgow Caledonian University"},{"numberOfDocuments":0.0,"label":"Queen Margaret University"},{"numberOfDocuments":0.0,"label":"University of the Highlands and Islands"},{"numberOfDocuments":0.0,"label":"University of Dundee"},{"numberOfDocuments":0.0,"label":"Edinburgh Napier University"},{"numberOfDocuments":0.0,"label":"University of Stirling"},{"numberOfDocuments":0.0,"label":"Abertay University"},{"numberOfDocuments":0.0,"label":"University of Aberdeen"},{"numberOfDocuments":0.0,"label":"University of Edinburgh"},{"numberOfDocuments":0.0,"label":"University of the West of Scotland"},{"numberOfDocuments":0.0,"label":"University of Glasgow"},{"numberOfDocuments":0.0,"label":"University of St Andrews"},{"numberOfDocuments":0.0,"label":"University of Strathclyde"}],"conceptId":-1},{"topicData":[{"numberOfDocuments":0.6874473059079133,"label":"Robert Gordon University"},{"numberOfDocuments":1.691059729547152,"label":"Heriot-Watt University"},{"numberOfDocuments":0.549706610700754,"label":"Glasgow Caledonian University"},{"numberOfDocuments":0.5428679504261485,"label":"Queen Margaret University"},{"numberOfDocuments":0.4562102967275381,"label":"University of the Highlands and Islands"},{"numberOfDocuments":4.698202046277172,"label":"University of Dundee"},{"numberOfDocuments":0.7439696472679964,"label":"Edinburgh Napier University"},{"numberOfDocuments":1.59617675763283,"label":"University of Stirling"},{"numberOfDocuments":0.44519691906521197,"label":"Abertay University"},{"numberOfDocuments":3.09760917218975,"label":"University of Aberdeen"},{"numberOfDocuments":33.791724995623056,"label":"University of Edinburgh"},{"numberOfDocuments":0.3669436739335508,"label":"University of the West of Scotland"},{"numberOfDocuments":11.522521446997144,"label":"University of Glasgow"},{"numberOfDocuments":0.6731125139195387,"label":"University of St Andrews"},{"numberOfDocuments":1.7091474204946306,"label":"University of Strathclyde"}],"conceptId":0},{"topicData":[{"numberOfDocuments":0.18709508881922676,"label":"Robert Gordon University"},{"numberOfDocuments":0.8290153369786681,"label":"Heriot-Watt University"},{"numberOfDocuments":0.2809378685356164,"label":"Glasgow Caledonian University"},{"numberOfDocuments":0.0,"label":"Queen Margaret University"},{"numberOfDocuments":0.6439525400706146,"label":"University of the Highlands and Islands"},{"numberOfDocuments":6.209205362121636,"label":"University of Dundee"},{"numberOfDocuments":2.4563303972914956,"label":"Edinburgh Napier University"},{"numberOfDocuments":1.4884225811424616,"label":"University of Stirling"},{"numberOfDocuments":0.018518518518518517,"label":"Abertay University"},{"numberOfDocuments":4.186807011111792,"label":"University of Aberdeen"},{"numberOfDocuments":13.472187634042669,"label":"University of Edinburgh"},{"numberOfDocuments":0.7991511770200503,"label":"University of the West of Scotland"},{"numberOfDocuments":5.755041970995507,"label":"University of Glasgow"},{"numberOfDocuments":0.9958577047489185,"label":"University of St Andrews"},{"numberOfDocuments":0.5801488295428346,"label":"University of Strathclyde"}],"conceptId":1},{"topicData":[{"numberOfDocuments":0.04071342564720048,"label":"Robert Gordon University"},{"numberOfDocuments":0.00980392156862745,"label":"Heriot-Watt University"},{"numberOfDocuments":0.14102564102564102,"label":"Glasgow Caledonian University"},{"numberOfDocuments":0.07167754044150505,"label":"Queen Margaret University"},{"numberOfDocuments":0.03076923076923077,"label":"University of the Highlands and Islands"},{"numberOfDocuments":0.2925280112044818,"label":"University of Dundee"},{"numberOfDocuments":0.11550142475701627,"label":"Edinburgh Napier University"},{"numberOfDocuments":0.4181638112877502,"label":"University of Stirling"},{"numberOfDocuments":0.0,"label":"Abertay University"},{"numberOfDocuments":0.44645339401257467,"label":"University of Aberdeen"},{"numberOfDocuments":8.764970006493833,"label":"University of Edinburgh"},{"numberOfDocuments":0.0,"label":"University of the West of Scotland"},{"numberOfDocuments":2.8225256387209776,"label":"University of Glasgow"},{"numberOfDocuments":0.07656596109070579,"label":"University of St Andrews"},{"numberOfDocuments":0.4903903267436605,"label":"University of Strathclyde"}],"conceptId":2},{"topicData":[{"numberOfDocuments":0.03610898905016552,"label":"Robert Gordon University"},{"numberOfDocuments":2.2732157506294492,"label":"Heriot-Watt University"},{"numberOfDocuments":0.06971548787818072,"label":"Glasgow Caledonian University"},{"numberOfDocuments":0.11703276032174809,"label":"Queen Margaret University"},{"numberOfDocuments":1.3845386699406184,"label":"University of the Highlands and Islands"},{"numberOfDocuments":8.26190704958973,"label":"University of Dundee"},{"numberOfDocuments":4.699540772353972,"label":"Edinburgh Napier University"},{"numberOfDocuments":3.9056754095313506,"label":"University of Stirling"},{"numberOfDocuments":0.013793103448275862,"label":"Abertay University"},{"numberOfDocuments":16.440273469976088,"label":"University of Aberdeen"},{"numberOfDocuments":50.91622527752763,"label":"University of Edinburgh"},{"numberOfDocuments":1.2929459431352588,"label":"University of the West of Scotland"},{"numberOfDocuments":31.428357816504793,"label":"University of Glasgow"},{"numberOfDocuments":4.08781985918724,"label":"University of St Andrews"},{"numberOfDocuments":5.051071099324691,"label":"University of Strathclyde"}],"conceptId":3},{"topicData":[{"numberOfDocuments":0.06809788135437661,"label":"Robert Gordon University"},{"numberOfDocuments":1.9828414523977806,"label":"Heriot-Watt University"},{"numberOfDocuments":0.049127620556191985,"label":"Glasgow Caledonian University"},{"numberOfDocuments":0.027982553753230822,"label":"Queen Margaret University"},{"numberOfDocuments":0.2782525120139799,"label":"University of the Highlands and Islands"},{"numberOfDocuments":8.01679124259702,"label":"University of Dundee"},{"numberOfDocuments":0.2523832403931624,"label":"Edinburgh Napier University"},{"numberOfDocuments":0.3130553107368792,"label":"University of Stirling"},{"numberOfDocuments":0.030286138981791156,"label":"Abertay University"},{"numberOfDocuments":3.138434404446179,"label":"University of Aberdeen"},{"numberOfDocuments":29.934878323245606,"label":"University of Edinburgh"},{"numberOfDocuments":0.04843669457331271,"label":"University of the West of Scotland"},{"numberOfDocuments":3.8807426249635935,"label":"University of Glasgow"},{"numberOfDocuments":5.796811545525975,"label":"University of St Andrews"},{"numberOfDocuments":0.37786720716198013,"label":"University of Strathclyde"}],"conceptId":4},{"topicData":[{"numberOfDocuments":0.014609367976265396,"label":"Robert Gordon University"},{"numberOfDocuments":0.10243279895988036,"label":"Heriot-Watt University"},{"numberOfDocuments":0.0,"label":"Glasgow Caledonian University"},{"numberOfDocuments":0.11015943012211668,"label":"Queen Margaret University"},{"numberOfDocuments":0.0,"label":"University of the Highlands and Islands"},{"numberOfDocuments":1.8496126457336226,"label":"University of Dundee"},{"numberOfDocuments":0.04779342723004695,"label":"Edinburgh Napier University"},{"numberOfDocuments":0.28305611899932387,"label":"University of Stirling"},{"numberOfDocuments":0.0,"label":"Abertay University"},{"numberOfDocuments":0.7760119616622906,"label":"University of Aberdeen"},{"numberOfDocuments":2.742933969327747,"label":"University of Edinburgh"},{"numberOfDocuments":0.043795620437956206,"label":"University of the West of Scotland"},{"numberOfDocuments":11.809948110373833,"label":"University of Glasgow"},{"numberOfDocuments":0.03746144502674965,"label":"University of St Andrews"},{"numberOfDocuments":11.030227098419171,"label":"University of Strathclyde"}],"conceptId":5},{"topicData":[{"numberOfDocuments":0.24508305924542884,"label":"Robert Gordon University"},{"numberOfDocuments":1.9500268560657719,"label":"Heriot-Watt University"},{"numberOfDocuments":0.061855670103092786,"label":"Glasgow Caledonian University"},{"numberOfDocuments":0.07034454470877768,"label":"Queen Margaret University"},{"numberOfDocuments":0.3356427352935758,"label":"University of the Highlands and Islands"},{"numberOfDocuments":3.4325230652933505,"label":"University of Dundee"},{"numberOfDocuments":0.2814376332876631,"label":"Edinburgh Napier University"},{"numberOfDocuments":0.4440419662042725,"label":"University of Stirling"},{"numberOfDocuments":0.4387755102040816,"label":"Abertay University"},{"numberOfDocuments":0.79487895368484,"label":"University of Aberdeen"},{"numberOfDocuments":9.928274732811207,"label":"University of Edinburgh"},{"numberOfDocuments":0.7727342409736483,"label":"University of the West of Scotland"},{"numberOfDocuments":9.017727358477687,"label":"University of Glasgow"},{"numberOfDocuments":1.1320147373320035,"label":"University of St Andrews"},{"numberOfDocuments":2.375248608797991,"label":"University of Strathclyde"}],"conceptId":6},{"topicData":[{"numberOfDocuments":0.1952126438439478,"label":"Robert Gordon University"},{"numberOfDocuments":0.43711302014497977,"label":"Heriot-Watt University"},{"numberOfDocuments":0.006369426751592357,"label":"Glasgow Caledonian University"},{"numberOfDocuments":0.01,"label":"Queen Margaret University"},{"numberOfDocuments":0.4059794296400187,"label":"University of the Highlands and Islands"},{"numberOfDocuments":8.025172138248447,"label":"University of Dundee"},{"numberOfDocuments":0.03813582251082251,"label":"Edinburgh Napier University"},{"numberOfDocuments":0.7540863711411654,"label":"University of Stirling"},{"numberOfDocuments":0.3093820999332077,"label":"Abertay University"},{"numberOfDocuments":4.814188887676487,"label":"University of Aberdeen"},{"numberOfDocuments":13.219910042513817,"label":"University of Edinburgh"},{"numberOfDocuments":0.06060606060606061,"label":"University of the West of Scotland"},{"numberOfDocuments":35.39671939690486,"label":"University of Glasgow"},{"numberOfDocuments":3.2074969948930123,"label":"University of St Andrews"},{"numberOfDocuments":2.666746292116356,"label":"University of Strathclyde"}],"conceptId":7},{"topicData":[{"numberOfDocuments":0.6077209727347648,"label":"Robert Gordon University"},{"numberOfDocuments":0.773828690400423,"label":"Heriot-Watt University"},{"numberOfDocuments":0.1694010831474992,"label":"Glasgow Caledonian University"},{"numberOfDocuments":0.0668642874159053,"label":"Queen Margaret University"},{"numberOfDocuments":0.19125662196988483,"label":"University of the Highlands and Islands"},{"numberOfDocuments":6.032690476951546,"label":"University of Dundee"},{"numberOfDocuments":1.103486684722732,"label":"Edinburgh Napier University"},{"numberOfDocuments":0.6149946809333768,"label":"University of Stirling"},{"numberOfDocuments":0.11164991129509166,"label":"Abertay University"},{"numberOfDocuments":4.786355087622541,"label":"University of Aberdeen"},{"numberOfDocuments":39.59366067126115,"label":"University of Edinburgh"},{"numberOfDocuments":0.14337464860720675,"label":"University of the West of Scotland"},{"numberOfDocuments":15.10558845821378,"label":"University of Glasgow"},{"numberOfDocuments":0.8991307805357809,"label":"University of St Andrews"},{"numberOfDocuments":2.041126154271709,"label":"University of Strathclyde"}],"conceptId":8},{"topicData":[{"numberOfDocuments":0.0745484949832776,"label":"Robert Gordon University"},{"numberOfDocuments":0.20213282635883256,"label":"Heriot-Watt University"},{"numberOfDocuments":0.043478260869565216,"label":"Glasgow Caledonian University"},{"numberOfDocuments":0.025614754098360656,"label":"Queen Margaret University"},{"numberOfDocuments":0.1798218065926908,"label":"University of the Highlands and Islands"},{"numberOfDocuments":4.845595058191432,"label":"University of Dundee"},{"numberOfDocuments":0.3423178523395597,"label":"Edinburgh Napier University"},{"numberOfDocuments":0.2137244637910074,"label":"University of Stirling"},{"numberOfDocuments":0.207097542702851,"label":"Abertay University"},{"numberOfDocuments":3.3764514034740376,"label":"University of Aberdeen"},{"numberOfDocuments":30.463463343798857,"label":"University of Edinburgh"},{"numberOfDocuments":0.2498504247935862,"label":"University of the West of Scotland"},{"numberOfDocuments":19.5394596438344,"label":"University of Glasgow"},{"numberOfDocuments":0.6935321563120257,"label":"University of St Andrews"},{"numberOfDocuments":0.9443126779211368,"label":"University of Strathclyde"}],"conceptId":9},{"topicData":[{"numberOfDocuments":0.09085213032581453,"label":"Robert Gordon University"},{"numberOfDocuments":0.21957268344230896,"label":"Heriot-Watt University"},{"numberOfDocuments":0.2801089765194922,"label":"Glasgow Caledonian University"},{"numberOfDocuments":0.11393425976238901,"label":"Queen Margaret University"},{"numberOfDocuments":0.12409523963051924,"label":"University of the Highlands and Islands"},{"numberOfDocuments":2.2438384873142154,"label":"University of Dundee"},{"numberOfDocuments":0.40648274235395865,"label":"Edinburgh Napier University"},{"numberOfDocuments":0.1513575577204131,"label":"University of Stirling"},{"numberOfDocuments":0.0,"label":"Abertay University"},{"numberOfDocuments":1.8503286969513635,"label":"University of Aberdeen"},{"numberOfDocuments":9.254715544538923,"label":"University of Edinburgh"},{"numberOfDocuments":0.2111038961038961,"label":"University of the West of Scotland"},{"numberOfDocuments":13.857772086749266,"label":"University of Glasgow"},{"numberOfDocuments":0.8043885666644703,"label":"University of St Andrews"},{"numberOfDocuments":1.5475430002949575,"label":"University of Strathclyde"}],"conceptId":10},{"topicData":[{"numberOfDocuments":0.4442329108872194,"label":"Robert Gordon University"},{"numberOfDocuments":2.858117838535132,"label":"Heriot-Watt University"},{"numberOfDocuments":1.072200905258075,"label":"Glasgow Caledonian University"},{"numberOfDocuments":0.63892478158003,"label":"Queen Margaret University"},{"numberOfDocuments":1.830378104650861,"label":"University of the Highlands and Islands"},{"numberOfDocuments":11.112347685368427,"label":"University of Dundee"},{"numberOfDocuments":0.7631808721074232,"label":"Edinburgh Napier University"},{"numberOfDocuments":4.4325852725879535,"label":"University of Stirling"},{"numberOfDocuments":0.09620786516853932,"label":"Abertay University"},{"numberOfDocuments":11.737812392660498,"label":"University of Aberdeen"},{"numberOfDocuments":73.14756607118493,"label":"University of Edinburgh"},{"numberOfDocuments":2.086194080527584,"label":"University of the West of Scotland"},{"numberOfDocuments":43.13758837250657,"label":"University of Glasgow"},{"numberOfDocuments":2.947741089056093,"label":"University of St Andrews"},{"numberOfDocuments":10.784468133724104,"label":"University of Strathclyde"}],"conceptId":11},{"topicData":[{"numberOfDocuments":0.009708737864077669,"label":"Robert Gordon University"},{"numberOfDocuments":0.09009343638571829,"label":"Heriot-Watt University"},{"numberOfDocuments":0.04761904761904762,"label":"Glasgow Caledonian University"},{"numberOfDocuments":0.14791372064769265,"label":"Queen Margaret University"},{"numberOfDocuments":0.0,"label":"University of the Highlands and Islands"},{"numberOfDocuments":1.6152617169427546,"label":"University of Dundee"},{"numberOfDocuments":1.2600101036261149,"label":"Edinburgh Napier University"},{"numberOfDocuments":0.37732192254216,"label":"University of Stirling"},{"numberOfDocuments":0.0,"label":"Abertay University"},{"numberOfDocuments":2.4327149695999735,"label":"University of Aberdeen"},{"numberOfDocuments":17.235341355053013,"label":"University of Edinburgh"},{"numberOfDocuments":0.5032956092738701,"label":"University of the West of Scotland"},{"numberOfDocuments":7.8170512177778875,"label":"University of Glasgow"},{"numberOfDocuments":0.21031421092400313,"label":"University of St Andrews"},{"numberOfDocuments":0.1568873701004763,"label":"University of Strathclyde"}],"conceptId":12},{"topicData":[{"numberOfDocuments":0.10542440580200757,"label":"Robert Gordon University"},{"numberOfDocuments":1.6692842155043754,"label":"Heriot-Watt University"},{"numberOfDocuments":0.057789810484863396,"label":"Glasgow Caledonian University"},{"numberOfDocuments":0.23183790014571296,"label":"Queen Margaret University"},{"numberOfDocuments":0.08653641510237094,"label":"University of the Highlands and Islands"},{"numberOfDocuments":11.69386474095012,"label":"University of Dundee"},{"numberOfDocuments":0.46127080862140757,"label":"Edinburgh Napier University"},{"numberOfDocuments":2.730216619734952,"label":"University of Stirling"},{"numberOfDocuments":0.4352876051151914,"label":"Abertay University"},{"numberOfDocuments":13.444169414997502,"label":"University of Aberdeen"},{"numberOfDocuments":48.509306687935066,"label":"University of Edinburgh"},{"numberOfDocuments":0.781882681060726,"label":"University of the West of Scotland"},{"numberOfDocuments":37.26005587164025,"label":"University of Glasgow"},{"numberOfDocuments":2.490597760329596,"label":"University of St Andrews"},{"numberOfDocuments":5.666618393548396,"label":"University of Strathclyde"}],"conceptId":13},{"topicData":[{"numberOfDocuments":0.1253997827026633,"label":"Robert Gordon University"},{"numberOfDocuments":2.8865783477172697,"label":"Heriot-Watt University"},{"numberOfDocuments":0.41294512491362734,"label":"Glasgow Caledonian University"},{"numberOfDocuments":0.33035981795481206,"label":"Queen Margaret University"},{"numberOfDocuments":0.6740721380589716,"label":"University of the Highlands and Islands"},{"numberOfDocuments":4.888586900940486,"label":"University of Dundee"},{"numberOfDocuments":0.4364556893961013,"label":"Edinburgh Napier University"},{"numberOfDocuments":2.077675714486678,"label":"University of Stirling"},{"numberOfDocuments":0.458323504541262,"label":"Abertay University"},{"numberOfDocuments":6.104807119998255,"label":"University of Aberdeen"},{"numberOfDocuments":48.04895508652648,"label":"University of Edinburgh"},{"numberOfDocuments":1.7268399150521887,"label":"University of the West of Scotland"},{"numberOfDocuments":30.106482767899156,"label":"University of Glasgow"},{"numberOfDocuments":1.8821449273304496,"label":"University of St Andrews"},{"numberOfDocuments":5.264708022540163,"label":"University of Strathclyde"}],"conceptId":14},{"topicData":[{"numberOfDocuments":1.114455387778461,"label":"Robert Gordon University"},{"numberOfDocuments":3.9701535130154326,"label":"Heriot-Watt University"},{"numberOfDocuments":0.5409287607716105,"label":"Glasgow Caledonian University"},{"numberOfDocuments":0.6735284056423526,"label":"Queen Margaret University"},{"numberOfDocuments":1.2723125278148626,"label":"University of the Highlands and Islands"},{"numberOfDocuments":4.448956415766013,"label":"University of Dundee"},{"numberOfDocuments":1.5572121203731535,"label":"Edinburgh Napier University"},{"numberOfDocuments":1.4375771452920103,"label":"University of Stirling"},{"numberOfDocuments":0.11905455144756359,"label":"Abertay University"},{"numberOfDocuments":4.017771391103587,"label":"University of Aberdeen"},{"numberOfDocuments":49.29184294003303,"label":"University of Edinburgh"},{"numberOfDocuments":1.254255868878696,"label":"University of the West of Scotland"},{"numberOfDocuments":18.231925254071992,"label":"University of Glasgow"},{"numberOfDocuments":3.6179677977340816,"label":"University of St Andrews"},{"numberOfDocuments":9.615111315077929,"label":"University of Strathclyde"}],"conceptId":15},{"topicData":[{"numberOfDocuments":0.05641840641479448,"label":"Robert Gordon University"},{"numberOfDocuments":0.0,"label":"Heriot-Watt University"},{"numberOfDocuments":0.3301832917505486,"label":"Glasgow Caledonian University"},{"numberOfDocuments":0.05714285714285715,"label":"Queen Margaret University"},{"numberOfDocuments":0.0,"label":"University of the Highlands and Islands"},{"numberOfDocuments":0.09200173371058802,"label":"University of Dundee"},{"numberOfDocuments":0.0,"label":"Edinburgh Napier University"},{"numberOfDocuments":1.1752366680647506,"label":"University of Stirling"},{"numberOfDocuments":0.0,"label":"Abertay University"},{"numberOfDocuments":1.1514856165559697,"label":"University of Aberdeen"},{"numberOfDocuments":1.916649643012194,"label":"University of Edinburgh"},{"numberOfDocuments":0.02002926650813975,"label":"University of the West of Scotland"},{"numberOfDocuments":2.081809292512136,"label":"University of Glasgow"},{"numberOfDocuments":0.5046761465999215,"label":"University of St Andrews"},{"numberOfDocuments":1.2541176788056219,"label":"University of Strathclyde"}],"conceptId":16},{"topicData":[{"numberOfDocuments":0.3748789969720202,"label":"Robert Gordon University"},{"numberOfDocuments":1.1029537036503891,"label":"Heriot-Watt University"},{"numberOfDocuments":0.05,"label":"Glasgow Caledonian University"},{"numberOfDocuments":0.003278688524590164,"label":"Queen Margaret University"},{"numberOfDocuments":0.6308723271588791,"label":"University of the Highlands and Islands"},{"numberOfDocuments":8.212272990311028,"label":"University of Dundee"},{"numberOfDocuments":0.10254736907731166,"label":"Edinburgh Napier University"},{"numberOfDocuments":0.23401764234711236,"label":"University of Stirling"},{"numberOfDocuments":0.2217164674191322,"label":"Abertay University"},{"numberOfDocuments":4.569667677504324,"label":"University of Aberdeen"},{"numberOfDocuments":11.43959872271589,"label":"University of Edinburgh"},{"numberOfDocuments":0.17455106157828087,"label":"University of the West of Scotland"},{"numberOfDocuments":12.75449118201467,"label":"University of Glasgow"},{"numberOfDocuments":5.149405955617186,"label":"University of St Andrews"},{"numberOfDocuments":2.567910022654107,"label":"University of Strathclyde"}],"conceptId":17},{"topicData":[{"numberOfDocuments":1.3523969327456151,"label":"Robert Gordon University"},{"numberOfDocuments":9.50318306955893,"label":"Heriot-Watt University"},{"numberOfDocuments":1.584315422522481,"label":"Glasgow Caledonian University"},{"numberOfDocuments":0.07606026256110113,"label":"Queen Margaret University"},{"numberOfDocuments":1.980143266616947,"label":"University of the Highlands and Islands"},{"numberOfDocuments":14.069777569834782,"label":"University of Dundee"},{"numberOfDocuments":0.9423608041247051,"label":"Edinburgh Napier University"},{"numberOfDocuments":2.948065697481648,"label":"University of Stirling"},{"numberOfDocuments":1.3174156228405316,"label":"Abertay University"},{"numberOfDocuments":8.534721564617238,"label":"University of Aberdeen"},{"numberOfDocuments":48.593184220102586,"label":"University of Edinburgh"},{"numberOfDocuments":1.263254905408429,"label":"University of the West of Scotland"},{"numberOfDocuments":36.0159781474403,"label":"University of Glasgow"},{"numberOfDocuments":12.519374269172197,"label":"University of St Andrews"},{"numberOfDocuments":13.397811906127174,"label":"University of Strathclyde"}],"conceptId":18},{"topicData":[{"numberOfDocuments":1.9858005727628558,"label":"Robert Gordon University"},{"numberOfDocuments":0.056954668733049205,"label":"Heriot-Watt University"},{"numberOfDocuments":0.0,"label":"Glasgow Caledonian University"},{"numberOfDocuments":0.015464480874316941,"label":"Queen Margaret University"},{"numberOfDocuments":0.06293706293706294,"label":"University of the Highlands and Islands"},{"numberOfDocuments":1.0812896852524418,"label":"University of Dundee"},{"numberOfDocuments":0.18014706846154854,"label":"Edinburgh Napier University"},{"numberOfDocuments":0.3981973637054633,"label":"University of Stirling"},{"numberOfDocuments":0.0696969696969697,"label":"Abertay University"},{"numberOfDocuments":0.081747552149851,"label":"University of Aberdeen"},{"numberOfDocuments":7.64868093887258,"label":"University of Edinburgh"},{"numberOfDocuments":0.6591779883433326,"label":"University of the West of Scotland"},{"numberOfDocuments":1.2716287306138248,"label":"University of Glasgow"},{"numberOfDocuments":0.2555557827998773,"label":"University of St Andrews"},{"numberOfDocuments":0.5547386133940756,"label":"University of Strathclyde"}],"conceptId":19},{"topicData":[{"numberOfDocuments":0.5175886860218901,"label":"Robert Gordon University"},{"numberOfDocuments":1.912348325905478,"label":"Heriot-Watt University"},{"numberOfDocuments":0.22536174322907002,"label":"Glasgow Caledonian University"},{"numberOfDocuments":0.6190526127902478,"label":"Queen Margaret University"},{"numberOfDocuments":0.4156133762458113,"label":"University of the Highlands and Islands"},{"numberOfDocuments":7.740777049885986,"label":"University of Dundee"},{"numberOfDocuments":0.14899552242243763,"label":"Edinburgh Napier University"},{"numberOfDocuments":2.2119538942058616,"label":"University of Stirling"},{"numberOfDocuments":0.11078332042036673,"label":"Abertay University"},{"numberOfDocuments":1.2479005226560334,"label":"University of Aberdeen"},{"numberOfDocuments":10.195024900824786,"label":"University of Edinburgh"},{"numberOfDocuments":0.30034770669052946,"label":"University of the West of Scotland"},{"numberOfDocuments":8.747467329311844,"label":"University of Glasgow"},{"numberOfDocuments":2.507475231379982,"label":"University of St Andrews"},{"numberOfDocuments":1.5001625119759212,"label":"University of Strathclyde"}],"conceptId":20},{"topicData":[{"numberOfDocuments":0.008771929824561403,"label":"Robert Gordon University"},{"numberOfDocuments":0.0,"label":"Heriot-Watt University"},{"numberOfDocuments":0.0,"label":"Glasgow Caledonian University"},{"numberOfDocuments":0.018018018018018018,"label":"Queen Margaret University"},{"numberOfDocuments":0.030750354168409127,"label":"University of the Highlands and Islands"},{"numberOfDocuments":2.058449668473007,"label":"University of Dundee"},{"numberOfDocuments":0.0,"label":"Edinburgh Napier University"},{"numberOfDocuments":0.0,"label":"University of Stirling"},{"numberOfDocuments":0.06190476190476191,"label":"Abertay University"},{"numberOfDocuments":0.30366110786069783,"label":"University of Aberdeen"},{"numberOfDocuments":21.19026323878855,"label":"University of Edinburgh"},{"numberOfDocuments":0.0,"label":"University of the West of Scotland"},{"numberOfDocuments":4.566212493580473,"label":"University of Glasgow"},{"numberOfDocuments":0.3003718378556139,"label":"University of St Andrews"},{"numberOfDocuments":0.3721603793525131,"label":"University of Strathclyde"}],"conceptId":21},{"topicData":[{"numberOfDocuments":0.7350224284304977,"label":"Robert Gordon University"},{"numberOfDocuments":3.8479112175444534,"label":"Heriot-Watt University"},{"numberOfDocuments":0.3737269763219408,"label":"Glasgow Caledonian University"},{"numberOfDocuments":0.6006653882714678,"label":"Queen Margaret University"},{"numberOfDocuments":2.1997242183751653,"label":"University of the Highlands and Islands"},{"numberOfDocuments":9.220354449711353,"label":"University of Dundee"},{"numberOfDocuments":2.7591908184783636,"label":"Edinburgh Napier University"},{"numberOfDocuments":9.494241662144285,"label":"University of Stirling"},{"numberOfDocuments":0.2948402252595462,"label":"Abertay University"},{"numberOfDocuments":19.769825386046772,"label":"University of Aberdeen"},{"numberOfDocuments":54.47364905519538,"label":"University of Edinburgh"},{"numberOfDocuments":0.9974207786824517,"label":"University of the West of Scotland"},{"numberOfDocuments":45.37936626125051,"label":"University of Glasgow"},{"numberOfDocuments":6.663118316170879,"label":"University of St Andrews"},{"numberOfDocuments":5.969908608027165,"label":"University of Strathclyde"}],"conceptId":22}]