[{"topicData":[{"numberOfDocuments":0.0,"label":"Robert Gordon University"},{"numberOfDocuments":0.0,"label":"Heriot-Watt University"},{"numberOfDocuments":0.0,"label":"Glasgow Caledonian University"},{"numberOfDocuments":0.0,"label":"Queen Margaret University"},{"numberOfDocuments":0.0,"label":"University of the Highlands and Islands"},{"numberOfDocuments":0.0,"label":"University of Dundee"},{"numberOfDocuments":0.0,"label":"Edinburgh Napier University"},{"numberOfDocuments":0.0,"label":"University of Stirling"},{"numberOfDocuments":0.0,"label":"Abertay University"},{"numberOfDocuments":0.0,"label":"University of Aberdeen"},{"numberOfDocuments":0.0,"label":"University of Edinburgh"},{"numberOfDocuments":0.0,"label":"University of the West of Scotland"},{"numberOfDocuments":0.0,"label":"University of Glasgow"},{"numberOfDocuments":0.0,"label":"University of St Andrews"},{"numberOfDocuments":0.0,"label":"University of Strathclyde"}],"conceptId":-1},{"topicData":[{"numberOfDocuments":0.09730360842909767,"label":"Robert Gordon University"},{"numberOfDocuments":0.01967297706969394,"label":"Heriot-Watt University"},{"numberOfDocuments":0.16629901960784313,"label":"Glasgow Caledonian University"},{"numberOfDocuments":0.037782485875706213,"label":"Queen Margaret University"},{"numberOfDocuments":0.0,"label":"University of the Highlands and Islands"},{"numberOfDocuments":1.08659490827391,"label":"University of Dundee"},{"numberOfDocuments":0.6835078734188196,"label":"Edinburgh Napier University"},{"numberOfDocuments":1.3711219332709705,"label":"University of Stirling"},{"numberOfDocuments":0.8345835593296693,"label":"Abertay University"},{"numberOfDocuments":1.735985459208053,"label":"University of Aberdeen"},{"numberOfDocuments":3.575747414109783,"label":"University of Edinburgh"},{"numberOfDocuments":0.02924383790558418,"label":"University of the West of Scotland"},{"numberOfDocuments":2.026798986415923,"label":"University of Glasgow"},{"numberOfDocuments":1.727914485896682,"label":"University of St Andrews"},{"numberOfDocuments":2.471157278202691,"label":"University of Strathclyde"}],"conceptId":0},{"topicData":[{"numberOfDocuments":0.38783549783549787,"label":"Robert Gordon University"},{"numberOfDocuments":0.19319064042174947,"label":"Heriot-Watt University"},{"numberOfDocuments":0.22619047619047616,"label":"Glasgow Caledonian University"},{"numberOfDocuments":0.07996282149223326,"label":"Queen Margaret University"},{"numberOfDocuments":0.8552586038496326,"label":"University of the Highlands and Islands"},{"numberOfDocuments":0.860147143767204,"label":"University of Dundee"},{"numberOfDocuments":0.19810809793647322,"label":"Edinburgh Napier University"},{"numberOfDocuments":6.234759160055061,"label":"University of Stirling"},{"numberOfDocuments":0.07423302628213084,"label":"Abertay University"},{"numberOfDocuments":1.68573478030039,"label":"University of Aberdeen"},{"numberOfDocuments":4.107382670752907,"label":"University of Edinburgh"},{"numberOfDocuments":0.16501590271395952,"label":"University of the West of Scotland"},{"numberOfDocuments":2.256691915768658,"label":"University of Glasgow"},{"numberOfDocuments":2.8919271127927764,"label":"University of St Andrews"},{"numberOfDocuments":2.397211193859518,"label":"University of Strathclyde"}],"conceptId":1},{"topicData":[{"numberOfDocuments":0.016483145308383435,"label":"Robert Gordon University"},{"numberOfDocuments":0.572438436562799,"label":"Heriot-Watt University"},{"numberOfDocuments":0.0,"label":"Glasgow Caledonian University"},{"numberOfDocuments":0.0,"label":"Queen Margaret University"},{"numberOfDocuments":0.1777788640140776,"label":"University of the Highlands and Islands"},{"numberOfDocuments":2.7164441188979964,"label":"University of Dundee"},{"numberOfDocuments":0.27301587301587305,"label":"Edinburgh Napier University"},{"numberOfDocuments":3.139572743002841,"label":"University of Stirling"},{"numberOfDocuments":0.06941176470588235,"label":"Abertay University"},{"numberOfDocuments":0.18981924508240297,"label":"University of Aberdeen"},{"numberOfDocuments":2.3413838275230354,"label":"University of Edinburgh"},{"numberOfDocuments":0.41058308215406464,"label":"University of the West of Scotland"},{"numberOfDocuments":2.059128987687809,"label":"University of Glasgow"},{"numberOfDocuments":5.343283609697002,"label":"University of St Andrews"},{"numberOfDocuments":0.16063843079437312,"label":"University of Strathclyde"}],"conceptId":2},{"topicData":[{"numberOfDocuments":1.3496671126669,"label":"Robert Gordon University"},{"numberOfDocuments":3.926872421637853,"label":"Heriot-Watt University"},{"numberOfDocuments":0.6550858932309989,"label":"Glasgow Caledonian University"},{"numberOfDocuments":0.32285047119286636,"label":"Queen Margaret University"},{"numberOfDocuments":12.318800425112377,"label":"University of the Highlands and Islands"},{"numberOfDocuments":5.082432931716201,"label":"University of Dundee"},{"numberOfDocuments":3.472618976504994,"label":"Edinburgh Napier University"},{"numberOfDocuments":11.385095374979278,"label":"University of Stirling"},{"numberOfDocuments":1.0893264291908902,"label":"Abertay University"},{"numberOfDocuments":12.403849243019845,"label":"University of Aberdeen"},{"numberOfDocuments":18.83592072031743,"label":"University of Edinburgh"},{"numberOfDocuments":1.092959378622299,"label":"University of the West of Scotland"},{"numberOfDocuments":17.218932822875573,"label":"University of Glasgow"},{"numberOfDocuments":13.73312758253235,"label":"University of St Andrews"},{"numberOfDocuments":6.909228911876161,"label":"University of Strathclyde"}],"conceptId":3},{"topicData":[{"numberOfDocuments":0.06832710668327106,"label":"Robert Gordon University"},{"numberOfDocuments":1.262991398125298,"label":"Heriot-Watt University"},{"numberOfDocuments":0.38812188319463214,"label":"Glasgow Caledonian University"},{"numberOfDocuments":0.14506219204422544,"label":"Queen Margaret University"},{"numberOfDocuments":0.16077470404694988,"label":"University of the Highlands and Islands"},{"numberOfDocuments":0.5642110544739743,"label":"University of Dundee"},{"numberOfDocuments":0.2747050425415637,"label":"Edinburgh Napier University"},{"numberOfDocuments":1.391157430104587,"label":"University of Stirling"},{"numberOfDocuments":0.0,"label":"Abertay University"},{"numberOfDocuments":0.5052729643952703,"label":"University of Aberdeen"},{"numberOfDocuments":1.999779697871106,"label":"University of Edinburgh"},{"numberOfDocuments":0.38338994709176916,"label":"University of the West of Scotland"},{"numberOfDocuments":3.840620837448734,"label":"University of Glasgow"},{"numberOfDocuments":2.120019198206565,"label":"University of St Andrews"},{"numberOfDocuments":2.3467704404534926,"label":"University of Strathclyde"}],"conceptId":4},{"topicData":[{"numberOfDocuments":0.3897053399448871,"label":"Robert Gordon University"},{"numberOfDocuments":2.796578052584942,"label":"Heriot-Watt University"},{"numberOfDocuments":0.17679683115122558,"label":"Glasgow Caledonian University"},{"numberOfDocuments":0.27258070783410693,"label":"Queen Margaret University"},{"numberOfDocuments":8.469336331028462,"label":"University of the Highlands and Islands"},{"numberOfDocuments":2.49214292952135,"label":"University of Dundee"},{"numberOfDocuments":1.540144702335007,"label":"Edinburgh Napier University"},{"numberOfDocuments":15.329562460066196,"label":"University of Stirling"},{"numberOfDocuments":0.3297118411428741,"label":"Abertay University"},{"numberOfDocuments":7.123471503667791,"label":"University of Aberdeen"},{"numberOfDocuments":7.615530754730761,"label":"University of Edinburgh"},{"numberOfDocuments":3.531012054169975,"label":"University of the West of Scotland"},{"numberOfDocuments":9.615691165456399,"label":"University of Glasgow"},{"numberOfDocuments":9.061623356958703,"label":"University of St Andrews"},{"numberOfDocuments":1.7684077772314972,"label":"University of Strathclyde"}],"conceptId":5},{"topicData":[{"numberOfDocuments":0.34870273756618064,"label":"Robert Gordon University"},{"numberOfDocuments":0.16970106448976147,"label":"Heriot-Watt University"},{"numberOfDocuments":0.2705881807715902,"label":"Glasgow Caledonian University"},{"numberOfDocuments":0.07900432900432902,"label":"Queen Margaret University"},{"numberOfDocuments":0.1929971587089604,"label":"University of the Highlands and Islands"},{"numberOfDocuments":3.5629408491045123,"label":"University of Dundee"},{"numberOfDocuments":0.24267399267399264,"label":"Edinburgh Napier University"},{"numberOfDocuments":5.2406050425542245,"label":"University of Stirling"},{"numberOfDocuments":0.0,"label":"Abertay University"},{"numberOfDocuments":0.8977988218742667,"label":"University of Aberdeen"},{"numberOfDocuments":6.667032525546548,"label":"University of Edinburgh"},{"numberOfDocuments":0.14021495011697713,"label":"University of the West of Scotland"},{"numberOfDocuments":2.576299157854666,"label":"University of Glasgow"},{"numberOfDocuments":2.9906545365681594,"label":"University of St Andrews"},{"numberOfDocuments":1.2384496299134602,"label":"University of Strathclyde"}],"conceptId":6},{"topicData":[{"numberOfDocuments":0.44610017048804795,"label":"Robert Gordon University"},{"numberOfDocuments":6.255780982630557,"label":"Heriot-Watt University"},{"numberOfDocuments":0.20997815550386212,"label":"Glasgow Caledonian University"},{"numberOfDocuments":0.6102530187157892,"label":"Queen Margaret University"},{"numberOfDocuments":26.359525776754904,"label":"University of the Highlands and Islands"},{"numberOfDocuments":1.7842004159542386,"label":"University of Dundee"},{"numberOfDocuments":2.1535097877980376,"label":"Edinburgh Napier University"},{"numberOfDocuments":8.480628319204113,"label":"University of Stirling"},{"numberOfDocuments":1.1050912071622114,"label":"Abertay University"},{"numberOfDocuments":16.896469166414136,"label":"University of Aberdeen"},{"numberOfDocuments":14.64415265072402,"label":"University of Edinburgh"},{"numberOfDocuments":1.5098802734960397,"label":"University of the West of Scotland"},{"numberOfDocuments":22.408474579312863,"label":"University of Glasgow"},{"numberOfDocuments":52.57391807334646,"label":"University of St Andrews"},{"numberOfDocuments":5.7307377208579595,"label":"University of Strathclyde"}],"conceptId":7},{"topicData":[{"numberOfDocuments":0.07521705618010209,"label":"Robert Gordon University"},{"numberOfDocuments":0.9874626748160296,"label":"Heriot-Watt University"},{"numberOfDocuments":0.61709923082036,"label":"Glasgow Caledonian University"},{"numberOfDocuments":0.0806341431804864,"label":"Queen Margaret University"},{"numberOfDocuments":4.270990075034488,"label":"University of the Highlands and Islands"},{"numberOfDocuments":0.7898543594099323,"label":"University of Dundee"},{"numberOfDocuments":1.585685703428065,"label":"Edinburgh Napier University"},{"numberOfDocuments":4.391242444852659,"label":"University of Stirling"},{"numberOfDocuments":0.05316901408450704,"label":"Abertay University"},{"numberOfDocuments":8.572113713426278,"label":"University of Aberdeen"},{"numberOfDocuments":6.376444626664345,"label":"University of Edinburgh"},{"numberOfDocuments":0.20543733427910355,"label":"University of the West of Scotland"},{"numberOfDocuments":7.483863676382222,"label":"University of Glasgow"},{"numberOfDocuments":38.55136983396287,"label":"University of St Andrews"},{"numberOfDocuments":1.3716962860533464,"label":"University of Strathclyde"}],"conceptId":8},{"topicData":[{"numberOfDocuments":0.005434782608695652,"label":"Robert Gordon University"},{"numberOfDocuments":0.06411403535149354,"label":"Heriot-Watt University"},{"numberOfDocuments":0.0,"label":"Glasgow Caledonian University"},{"numberOfDocuments":0.1496333147964341,"label":"Queen Margaret University"},{"numberOfDocuments":3.108529851790718,"label":"University of the Highlands and Islands"},{"numberOfDocuments":0.07784521007761123,"label":"University of Dundee"},{"numberOfDocuments":0.010638297872340425,"label":"Edinburgh Napier University"},{"numberOfDocuments":0.7372749663121373,"label":"University of Stirling"},{"numberOfDocuments":0.38895341334365724,"label":"Abertay University"},{"numberOfDocuments":2.8401384613562066,"label":"University of Aberdeen"},{"numberOfDocuments":3.5137526390640383,"label":"University of Edinburgh"},{"numberOfDocuments":0.0,"label":"University of the West of Scotland"},{"numberOfDocuments":12.10650947975599,"label":"University of Glasgow"},{"numberOfDocuments":7.3030810220604705,"label":"University of St Andrews"},{"numberOfDocuments":0.7911861838081902,"label":"University of Strathclyde"}],"conceptId":9},{"topicData":[{"numberOfDocuments":0.05208333333333333,"label":"Robert Gordon University"},{"numberOfDocuments":0.20503963730471997,"label":"Heriot-Watt University"},{"numberOfDocuments":0.24004723668917735,"label":"Glasgow Caledonian University"},{"numberOfDocuments":0.21029872094292412,"label":"Queen Margaret University"},{"numberOfDocuments":0.012195121951219513,"label":"University of the Highlands and Islands"},{"numberOfDocuments":0.39037941252604325,"label":"University of Dundee"},{"numberOfDocuments":1.842930865235374,"label":"Edinburgh Napier University"},{"numberOfDocuments":8.557754878011181,"label":"University of Stirling"},{"numberOfDocuments":0.04464285714285714,"label":"Abertay University"},{"numberOfDocuments":1.9196153930383364,"label":"University of Aberdeen"},{"numberOfDocuments":5.326142174090455,"label":"University of Edinburgh"},{"numberOfDocuments":0.30342990342990345,"label":"University of the West of Scotland"},{"numberOfDocuments":1.7605813693033308,"label":"University of Glasgow"},{"numberOfDocuments":9.23075337678351,"label":"University of St Andrews"},{"numberOfDocuments":2.2880751917398974,"label":"University of Strathclyde"}],"conceptId":10},{"topicData":[{"numberOfDocuments":0.620121908101555,"label":"Robert Gordon University"},{"numberOfDocuments":3.106197058796988,"label":"Heriot-Watt University"},{"numberOfDocuments":0.13713316247980298,"label":"Glasgow Caledonian University"},{"numberOfDocuments":0.7780248615613355,"label":"Queen Margaret University"},{"numberOfDocuments":8.29712001910241,"label":"University of the Highlands and Islands"},{"numberOfDocuments":2.8717904240082515,"label":"University of Dundee"},{"numberOfDocuments":3.397095274082709,"label":"Edinburgh Napier University"},{"numberOfDocuments":30.82927367554243,"label":"University of Stirling"},{"numberOfDocuments":0.568614758201843,"label":"Abertay University"},{"numberOfDocuments":21.07906349458017,"label":"University of Aberdeen"},{"numberOfDocuments":28.028441905528883,"label":"University of Edinburgh"},{"numberOfDocuments":2.647700045630823,"label":"University of the West of Scotland"},{"numberOfDocuments":34.11406236685892,"label":"University of Glasgow"},{"numberOfDocuments":27.773420760365248,"label":"University of St Andrews"},{"numberOfDocuments":5.046794811799585,"label":"University of Strathclyde"}],"conceptId":11},{"topicData":[{"numberOfDocuments":2.4918113258081367,"label":"Robert Gordon University"},{"numberOfDocuments":7.052639632437888,"label":"Heriot-Watt University"},{"numberOfDocuments":2.1866164524639276,"label":"Glasgow Caledonian University"},{"numberOfDocuments":2.206260493857218,"label":"Queen Margaret University"},{"numberOfDocuments":9.992341527856047,"label":"University of the Highlands and Islands"},{"numberOfDocuments":7.372397904706152,"label":"University of Dundee"},{"numberOfDocuments":2.725669730124103,"label":"Edinburgh Napier University"},{"numberOfDocuments":13.09610083348322,"label":"University of Stirling"},{"numberOfDocuments":1.1490556082772092,"label":"Abertay University"},{"numberOfDocuments":12.304570336008245,"label":"University of Aberdeen"},{"numberOfDocuments":40.86621487215044,"label":"University of Edinburgh"},{"numberOfDocuments":2.2259002761404236,"label":"University of the West of Scotland"},{"numberOfDocuments":31.503884428867206,"label":"University of Glasgow"},{"numberOfDocuments":15.062665669584181,"label":"University of St Andrews"},{"numberOfDocuments":17.64580194728167,"label":"University of Strathclyde"}],"conceptId":12},{"topicData":[{"numberOfDocuments":0.009009009009009009,"label":"Robert Gordon University"},{"numberOfDocuments":0.38020042514424535,"label":"Heriot-Watt University"},{"numberOfDocuments":0.0,"label":"Glasgow Caledonian University"},{"numberOfDocuments":0.0,"label":"Queen Margaret University"},{"numberOfDocuments":0.9258852165726097,"label":"University of the Highlands and Islands"},{"numberOfDocuments":0.0,"label":"University of Dundee"},{"numberOfDocuments":0.0,"label":"Edinburgh Napier University"},{"numberOfDocuments":0.9166294742481389,"label":"University of Stirling"},{"numberOfDocuments":0.018518518518518517,"label":"Abertay University"},{"numberOfDocuments":1.4396524507142403,"label":"University of Aberdeen"},{"numberOfDocuments":2.490803212958904,"label":"University of Edinburgh"},{"numberOfDocuments":0.7065825168401714,"label":"University of the West of Scotland"},{"numberOfDocuments":2.8481852026837418,"label":"University of Glasgow"},{"numberOfDocuments":4.515192859631682,"label":"University of St Andrews"},{"numberOfDocuments":1.0298968034243732,"label":"University of Strathclyde"}],"conceptId":13},{"topicData":[{"numberOfDocuments":0.03742732159759097,"label":"Robert Gordon University"},{"numberOfDocuments":0.4190415986168032,"label":"Heriot-Watt University"},{"numberOfDocuments":0.05063291139240506,"label":"Glasgow Caledonian University"},{"numberOfDocuments":0.09015896304816291,"label":"Queen Margaret University"},{"numberOfDocuments":0.4077432926608007,"label":"University of the Highlands and Islands"},{"numberOfDocuments":0.5451322923702895,"label":"University of Dundee"},{"numberOfDocuments":0.7409174585334344,"label":"Edinburgh Napier University"},{"numberOfDocuments":6.604227756593607,"label":"University of Stirling"},{"numberOfDocuments":1.9619291762684594,"label":"Abertay University"},{"numberOfDocuments":0.6279167124041383,"label":"University of Aberdeen"},{"numberOfDocuments":2.1187739911665693,"label":"University of Edinburgh"},{"numberOfDocuments":0.0699866345896819,"label":"University of the West of Scotland"},{"numberOfDocuments":1.9595597849913606,"label":"University of Glasgow"},{"numberOfDocuments":2.201514103790033,"label":"University of St Andrews"},{"numberOfDocuments":1.6170892354342359,"label":"University of Strathclyde"}],"conceptId":14},{"topicData":[{"numberOfDocuments":0.46273232244893736,"label":"Robert Gordon University"},{"numberOfDocuments":1.4773869478178032,"label":"Heriot-Watt University"},{"numberOfDocuments":0.3303019074470501,"label":"Glasgow Caledonian University"},{"numberOfDocuments":0.24070130361161174,"label":"Queen Margaret University"},{"numberOfDocuments":2.68277974818424,"label":"University of the Highlands and Islands"},{"numberOfDocuments":1.5830910045631124,"label":"University of Dundee"},{"numberOfDocuments":2.2649554532754848,"label":"Edinburgh Napier University"},{"numberOfDocuments":50.646075008223576,"label":"University of Stirling"},{"numberOfDocuments":0.24780041940934666,"label":"Abertay University"},{"numberOfDocuments":11.065484204541352,"label":"University of Aberdeen"},{"numberOfDocuments":18.261458492362202,"label":"University of Edinburgh"},{"numberOfDocuments":0.4911588276862539,"label":"University of the West of Scotland"},{"numberOfDocuments":22.16371865293992,"label":"University of Glasgow"},{"numberOfDocuments":13.662037741425273,"label":"University of St Andrews"},{"numberOfDocuments":2.9763514316029207,"label":"University of Strathclyde"}],"conceptId":15}]