{"linkageTable":[{"node2":9,"distance":0.433031273190965,"node1":8},{"node2":13,"distance":0.44482537493658,"node1":10},{"node2":16,"distance":0.4665940855216975,"node1":6},{"node2":5,"distance":0.468268286151055,"node1":0},{"node2":17,"distance":0.47418603078038,"node1":1},{"node2":3,"distance":0.477210314597485,"node1":18},{"node2":19,"distance":0.48086271456039675,"node1":20},{"node2":4,"distance":0.4854045739347571,"node1":21},{"node2":15,"distance":0.4875760267806375,"node1":2},{"node2":11,"distance":0.48771901249211375,"node1":22},{"node2":12,"distance":0.4918849960251344,"node1":24},{"node2":23,"distance":0.4937985536111062,"node1":25},{"node2":14,"distance":0.49629785362307194,"node1":26},{"node2":7,"distance":0.49785993689598634,"node1":27}],"conceptsData":[{"conceptId":0,"clusterId":0,"hexCoordinates":{"x":2.598076211353316,"y":-1.5},"labels":[{"weight":843.0,"label":"discourse"},{"weight":801.0,"label":"practice"},{"weight":500.0,"label":"argue"},{"weight":483.0,"label":"paper"},{"weight":481.0,"label":"article"},{"weight":476.0,"label":"critical"},{"weight":431.0,"label":"social"},{"weight":346.0,"label":"work"},{"weight":334.0,"label":"political"},{"weight":309.0,"label":"context"},{"weight":299.0,"label":"draw"},{"weight":283.0,"label":"analysis"},{"weight":260.0,"label":"examine"},{"weight":256.0,"label":"focus"},{"weight":255.0,"label":"explore"},{"weight":249.0,"label":"policy"},{"weight":236.0,"label":"space"},{"weight":225.0,"label":"debate"},{"weight":225.0,"label":"relation"},{"weight":208.0,"label":"approach"},{"weight":208.0,"label":"global"},{"weight":197.0,"label":"contemporary"},{"weight":190.0,"label":"concept"},{"weight":180.0,"label":"form"},{"weight":177.0,"label":"critique"}]},{"conceptId":12,"clusterId":0,"hexCoordinates":{"x":3.4641016151377544,"y":-3.0},"labels":[{"weight":242.0,"label":"chapter"},{"weight":165.0,"label":"thesis"},{"weight":113.0,"label":"cod"},{"weight":75.0,"label":"humour"},{"weight":51.0,"label":"faroe"},{"weight":45.0,"label":"marxist"},{"weight":42.0,"label":"mexico"},{"weight":32.0,"label":"romance"},{"weight":31.0,"label":"marx"},{"weight":27.0,"label":"plateau"},{"weight":27.0,"label":"theory"},{"weight":25.0,"label":"mexican"},{"weight":25.0,"label":"capitalism"},{"weight":23.0,"label":"roma"},{"weight":22.0,"label":"capital"},{"weight":20.0,"label":"writing"},{"weight":20.0,"label":"critique"},{"weight":19.0,"label":"virginity"},{"weight":19.0,"label":"attempt"},{"weight":19.0,"label":"link"},{"weight":17.0,"label":"paulo"},{"weight":15.0,"label":"materialist"},{"weight":14.0,"label":"marxism"},{"weight":14.0,"label":"comedy"},{"weight":14.0,"label":"capitalist"}]},{"conceptId":8,"clusterId":0,"hexCoordinates":{"x":5.196152422706632,"y":0.0},"labels":[{"weight":333.0,"label":"knowledge"},{"weight":109.0,"label":"epistemic"},{"weight":69.0,"label":"virtue"},{"weight":66.0,"label":"cognitive"},{"weight":57.0,"label":"kind"},{"weight":54.0,"label":"intellectual"},{"weight":47.0,"label":"mind"},{"weight":40.0,"label":"epistemology"},{"weight":38.0,"label":"extended"},{"weight":36.0,"label":"philosophy"},{"weight":35.0,"label":"stanley"},{"weight":34.0,"label":"active"},{"weight":31.0,"label":"thesis"},{"weight":27.0,"label":"externalism"},{"weight":27.0,"label":"aim"},{"weight":26.0,"label":"intellectualist"},{"weight":26.0,"label":"reductive"},{"weight":26.0,"label":"clark"},{"weight":26.0,"label":"cognition"},{"weight":25.0,"label":"agent"},{"weight":24.0,"label":"anti"},{"weight":22.0,"label":"nwfet"},{"weight":22.0,"label":"accord"},{"weight":21.0,"label":"ability"},{"weight":21.0,"label":"science"}]},{"conceptId":9,"clusterId":0,"hexCoordinates":{"x":4.330127018922193,"y":1.5},"labels":[{"weight":585.0,"label":"argue"},{"weight":454.0,"label":"view"},{"weight":453.0,"label":"argument"},{"weight":427.0,"label":"knowledge"},{"weight":426.0,"label":"account"},{"weight":412.0,"label":"belief"},{"weight":381.0,"label":"epistemic"},{"weight":373.0,"label":"theory"},{"weight":363.0,"label":"claim"},{"weight":339.0,"label":"paper"},{"weight":258.0,"label":"problem"},{"weight":256.0,"label":"case"},{"weight":247.0,"label":"reason"},{"weight":217.0,"label":"truth"},{"weight":197.0,"label":"show"},{"weight":185.0,"label":"justification"},{"weight":177.0,"label":"proposition"},{"weight":177.0,"label":"kind"},{"weight":163.0,"label":"epistemology"},{"weight":159.0,"label":"accord"},{"weight":149.0,"label":"principle"},{"weight":146.0,"label":"alternative"},{"weight":143.0,"label":"fact"},{"weight":140.0,"label":"give"},{"weight":138.0,"label":"defend"}]},{"conceptId":10,"clusterId":0,"hexCoordinates":{"x":0.0,"y":0.0},"labels":[{"weight":256.0,"label":"christian"},{"weight":235.0,"label":"church"},{"weight":186.0,"label":"religion"},{"weight":177.0,"label":"god"},{"weight":175.0,"label":"theology"},{"weight":174.0,"label":"religious"},{"weight":127.0,"label":"theological"},{"weight":118.0,"label":"catholic"},{"weight":105.0,"label":"article"},{"weight":94.0,"label":"islamic"},{"weight":84.0,"label":"divine"},{"weight":79.0,"label":"argue"},{"weight":68.0,"label":"tradition"},{"weight":66.0,"label":"doctrine"},{"weight":62.0,"label":"christ"},{"weight":61.0,"label":"faith"},{"weight":50.0,"label":"christianity"},{"weight":50.0,"label":"reform"},{"weight":49.0,"label":"offer"},{"weight":46.0,"label":"contemporary"},{"weight":44.0,"label":"biblical"},{"weight":43.0,"label":"century"},{"weight":41.0,"label":"roman"},{"weight":41.0,"label":"protestant"},{"weight":41.0,"label":"islam"}]},{"conceptId":13,"clusterId":0,"hexCoordinates":{"x":1.7320508075688772,"y":0.0},"labels":[{"weight":537.0,"label":"human"},{"weight":535.0,"label":"argue"},{"weight":483.0,"label":"world"},{"weight":473.0,"label":"make"},{"weight":425.0,"label":"paper"},{"weight":404.0,"label":"moral"},{"weight":376.0,"label":"question"},{"weight":375.0,"label":"concept"},{"weight":359.0,"label":"view"},{"weight":300.0,"label":"idea"},{"weight":287.0,"label":"experience"},{"weight":277.0,"label":"philosophy"},{"weight":276.0,"label":"sense"},{"weight":269.0,"label":"form"},{"weight":265.0,"label":"notion"},{"weight":261.0,"label":"account"},{"weight":255.0,"label":"theory"},{"weight":252.0,"label":"life"},{"weight":250.0,"label":"nature"},{"weight":249.0,"label":"thing"},{"weight":232.0,"label":"science"},{"weight":224.0,"label":"suggest"},{"weight":222.0,"label":"good"},{"weight":221.0,"label":"understand"},{"weight":218.0,"label":"mind"}]},{"conceptId":3,"clusterId":0,"hexCoordinates":{"x":4.330127018922193,"y":-1.5},"labels":[{"weight":699.0,"label":"practice"},{"weight":579.0,"label":"role"},{"weight":566.0,"label":"process"},{"weight":563.0,"label":"article"},{"weight":534.0,"label":"theory"},{"weight":531.0,"label":"explore"},{"weight":507.0,"label":"relation"},{"weight":504.0,"label":"paper"},{"weight":504.0,"label":"context"},{"weight":500.0,"label":"actor"},{"weight":456.0,"label":"draw"},{"weight":454.0,"label":"framework"},{"weight":440.0,"label":"social"},{"weight":437.0,"label":"analysis"},{"weight":411.0,"label":"study"},{"weight":401.0,"label":"argue"},{"weight":381.0,"label":"examine"},{"weight":345.0,"label":"research"},{"weight":344.0,"label":"theoretical"},{"weight":342.0,"label":"organization"},{"weight":334.0,"label":"relationship"},{"weight":332.0,"label":"institutional"},{"weight":319.0,"label":"shape"},{"weight":317.0,"label":"agency"},{"weight":313.0,"label":"form"}]},{"conceptId":-1,"clusterId":-1,"hexCoordinates":{"x":9.526279441628825,"y":3.0},"labels":[{"weight":2500,"label":"Unclassified"},{"weight":0,"label":""},{"weight":0,"label":""},{"weight":0,"label":""},{"weight":0,"label":""},{"weight":0,"label":""},{"weight":0,"label":""},{"weight":0,"label":""},{"weight":0,"label":""},{"weight":0,"label":""},{"weight":0,"label":""}]},{"conceptId":2,"clusterId":0,"hexCoordinates":{"x":6.06217782649107,"y":1.5},"labels":[{"weight":178.0,"label":"implicit"},{"weight":139.0,"label":"explicit"},{"weight":97.0,"label":"belief"},{"weight":74.0,"label":"valuation"},{"weight":74.0,"label":"theory"},{"weight":65.0,"label":"attribution"},{"weight":52.0,"label":"motive"},{"weight":51.0,"label":"crowdsource"},{"weight":38.0,"label":"individual"},{"weight":31.0,"label":"happy"},{"weight":30.0,"label":"share"},{"weight":30.0,"label":"attitude"},{"weight":30.0,"label":"show"},{"weight":29.0,"label":"perspective"},{"weight":27.0,"label":"explicitly"},{"weight":24.0,"label":"mind"},{"weight":24.0,"label":"suggest"},{"weight":22.0,"label":"question"},{"weight":21.0,"label":"crowdsourcing"},{"weight":21.0,"label":"ally"},{"weight":21.0,"label":"proposition"},{"weight":21.0,"label":"false"},{"weight":21.0,"label":"relation"},{"weight":21.0,"label":"reveal"},{"weight":21.0,"label":"important"}]},{"conceptId":11,"clusterId":0,"hexCoordinates":{"x":1.7320508075688772,"y":-3.0},"labels":[{"weight":1053.0,"label":"social"},{"weight":435.0,"label":"research"},{"weight":344.0,"label":"theory"},{"weight":336.0,"label":"science"},{"weight":313.0,"label":"practice"},{"weight":243.0,"label":"paper"},{"weight":221.0,"label":"change"},{"weight":191.0,"label":"enterprise"},{"weight":171.0,"label":"concept"},{"weight":167.0,"label":"transformation"},{"weight":162.0,"label":"engagement"},{"weight":162.0,"label":"perspective"},{"weight":149.0,"label":"theoretical"},{"weight":142.0,"label":"approach"},{"weight":138.0,"label":"provide"},{"weight":129.0,"label":"develop"},{"weight":124.0,"label":"draw"},{"weight":110.0,"label":"conceptual"},{"weight":110.0,"label":"understand"},{"weight":108.0,"label":"understanding"},{"weight":108.0,"label":"critical"},{"weight":101.0,"label":"empirical"},{"weight":100.0,"label":"scholar"},{"weight":96.0,"label":"opportunity"},{"weight":94.0,"label":"human"}]},{"conceptId":5,"clusterId":0,"hexCoordinates":{"x":3.4641016151377544,"y":0.0},"labels":[{"weight":922.0,"label":"social"},{"weight":391.0,"label":"article"},{"weight":334.0,"label":"work"},{"weight":285.0,"label":"argue"},{"weight":280.0,"label":"political"},{"weight":273.0,"label":"explore"},{"weight":267.0,"label":"context"},{"weight":262.0,"label":"paper"},{"weight":234.0,"label":"power"},{"weight":231.0,"label":"practice"},{"weight":217.0,"label":"identity"},{"weight":213.0,"label":"discourse"},{"weight":213.0,"label":"relation"},{"weight":213.0,"label":"cultural"},{"weight":211.0,"label":"draw"},{"weight":208.0,"label":"class"},{"weight":206.0,"label":"movement"},{"weight":198.0,"label":"analysis"},{"weight":186.0,"label":"form"},{"weight":179.0,"label":"study"},{"weight":176.0,"label":"politics"},{"weight":161.0,"label":"challenge"},{"weight":153.0,"label":"contemporary"},{"weight":147.0,"label":"narrative"},{"weight":145.0,"label":"history"}]},{"conceptId":14,"clusterId":0,"hexCoordinates":{"x":-0.8660254037844386,"y":-1.5},"labels":[{"weight":129.0,"label":"complaint"},{"weight":111.0,"label":"wiley"},{"weight":101.0,"label":"son"},{"weight":98.0,"label":"john"},{"weight":81.0,"label":"moral"},{"weight":49.0,"label":"author"},{"weight":48.0,"label":"handle"},{"weight":44.0,"label":"periodical"},{"weight":44.0,"label":"model"},{"weight":40.0,"label":"bad"},{"weight":40.0,"label":"ethical"},{"weight":34.0,"label":"publish"},{"weight":32.0,"label":"handling"},{"weight":32.0,"label":"copyright"},{"weight":30.0,"label":"good"},{"weight":30.0,"label":"experience"},{"weight":27.0,"label":"complain"},{"weight":25.0,"label":"ombudsman"},{"weight":25.0,"label":"american"},{"weight":24.0,"label":"intentional"},{"weight":24.0,"label":"vulnerability"},{"weight":22.0,"label":"involve"},{"weight":20.0,"label":"asi"},{"weight":18.0,"label":"imagine"},{"weight":17.0,"label":"vta"}]},{"conceptId":4,"clusterId":0,"hexCoordinates":{"x":2.598076211353316,"y":1.5},"labels":[{"weight":169.0,"label":"human"},{"weight":152.0,"label":"theory"},{"weight":151.0,"label":"science"},{"weight":113.0,"label":"psychology"},{"weight":107.0,"label":"social"},{"weight":99.0,"label":"realism"},{"weight":92.0,"label":"approach"},{"weight":86.0,"label":"philosophy"},{"weight":74.0,"label":"world"},{"weight":69.0,"label":"realist"},{"weight":67.0,"label":"paradigm"},{"weight":63.0,"label":"deleuze"},{"weight":58.0,"label":"argue"},{"weight":56.0,"label":"psychological"},{"weight":55.0,"label":"philosophical"},{"weight":50.0,"label":"theoretical"},{"weight":42.0,"label":"body"},{"weight":37.0,"label":"concept"},{"weight":36.0,"label":"suggest"},{"weight":35.0,"label":"notion"},{"weight":33.0,"label":"contemporary"},{"weight":33.0,"label":"view"},{"weight":32.0,"label":"tradition"},{"weight":32.0,"label":"conception"},{"weight":32.0,"label":"alternative"}]},{"conceptId":1,"clusterId":0,"hexCoordinates":{"x":0.8660254037844386,"y":1.5},"labels":[{"weight":614.0,"label":"article"},{"weight":508.0,"label":"concept"},{"weight":393.0,"label":"practice"},{"weight":393.0,"label":"argue"},{"weight":334.0,"label":"approach"},{"weight":331.0,"label":"research"},{"weight":296.0,"label":"human"},{"weight":286.0,"label":"paper"},{"weight":282.0,"label":"perspective"},{"weight":279.0,"label":"draw"},{"weight":260.0,"label":"work"},{"weight":257.0,"label":"interpret"},{"weight":255.0,"label":"explore"},{"weight":249.0,"label":"attention"},{"weight":249.0,"label":"process"},{"weight":246.0,"label":"focus"},{"weight":223.0,"label":"theory"},{"weight":220.0,"label":"term"},{"weight":218.0,"label":"discuss"},{"weight":217.0,"label":"understand"},{"weight":212.0,"label":"make"},{"weight":210.0,"label":"context"},{"weight":204.0,"label":"nature"},{"weight":188.0,"label":"experience"},{"weight":186.0,"label":"describe"}]},{"conceptId":6,"clusterId":0,"hexCoordinates":{"x":0.8660254037844386,"y":-1.5},"labels":[{"weight":1099.0,"label":"issue"},{"weight":1037.0,"label":"recent"},{"weight":1008.0,"label":"question"},{"weight":934.0,"label":"year"},{"weight":893.0,"label":"make"},{"weight":818.0,"label":"chapter"},{"weight":804.0,"label":"focus"},{"weight":763.0,"label":"change"},{"weight":718.0,"label":"work"},{"weight":704.0,"label":"concern"},{"weight":691.0,"label":"give"},{"weight":638.0,"label":"attention"},{"weight":559.0,"label":"term"},{"weight":557.0,"label":"present"},{"weight":553.0,"label":"remain"},{"weight":553.0,"label":"time"},{"weight":538.0,"label":"paper"},{"weight":537.0,"label":"part"},{"weight":537.0,"label":"place"},{"weight":525.0,"label":"current"},{"weight":521.0,"label":"past"},{"weight":513.0,"label":"point"},{"weight":507.0,"label":"lead"},{"weight":505.0,"label":"address"},{"weight":503.0,"label":"debate"}]},{"conceptId":7,"clusterId":0,"hexCoordinates":{"x":1.7320508075688772,"y":3.0},"labels":[{"weight":75.0,"label":"gift"},{"weight":46.0,"label":"vortex"},{"weight":46.0,"label":"give"},{"weight":43.0,"label":"edge"},{"weight":41.0,"label":"rdf"},{"weight":29.0,"label":"hie"},{"weight":25.0,"label":"owl"},{"weight":22.0,"label":"discrete"},{"weight":21.0,"label":"agamben"},{"weight":21.0,"label":"poster"},{"weight":20.0,"label":"lev"},{"weight":20.0,"label":"lead"},{"weight":19.0,"label":"elt"},{"weight":18.0,"label":"suction"},{"weight":17.0,"label":"airfoil"},{"weight":17.0,"label":"critical"},{"weight":16.0,"label":"lesp"},{"weight":15.0,"label":"ontology"},{"weight":14.0,"label":"shed"},{"weight":13.0,"label":"reed"},{"weight":12.0,"label":"fairey"},{"weight":12.0,"label":"research"},{"weight":11.0,"label":"giorgio"},{"weight":11.0,"label":"method"},{"weight":10.0,"label":"obama"}]}]}