{"linkageTable":[{"node2":11,"distance":0.44219549765788,"node1":5},{"node2":10,"distance":0.451645766601325,"node1":2},{"node2":19,"distance":0.45322319279,"node1":17},{"node2":12,"distance":0.45468815368154003,"node1":3},{"node2":25,"distance":0.4667378672074125,"node1":15},{"node2":20,"distance":0.47043992506296,"node1":14},{"node2":21,"distance":0.47127477843555754,"node1":24},{"node2":7,"distance":0.4737996924766025,"node1":26},{"node2":22,"distance":0.4787557647727034,"node1":30},{"node2":13,"distance":0.483089508323595,"node1":6},{"node2":31,"distance":0.4857460172592454,"node1":29},{"node2":28,"distance":0.48583538648775,"node1":9},{"node2":8,"distance":0.488379758584695,"node1":1},{"node2":34,"distance":0.4901454988069769,"node1":33},{"node2":16,"distance":0.491323320861465,"node1":4},{"node2":27,"distance":0.49179481165740996,"node1":32},{"node2":38,"distance":0.4927402155325563,"node1":36},{"node2":37,"distance":0.4943406818980421,"node1":39},{"node2":18,"distance":0.4956683958920274,"node1":40},{"node2":41,"distance":0.49675184778728276,"node1":35},{"node2":23,"distance":0.4982598202243057,"node1":42},{"node2":43,"distance":0.49867068604022663,"node1":0}],"conceptsData":[{"conceptId":3,"clusterId":0,"hexCoordinates":{"x":0.0,"y":0.0},"labels":[{"weight":129.0,"label":"valsartan"},{"weight":126.0,"label":"sacubitril"},{"weight":113.0,"label":"angiotensin"},{"weight":78.0,"label":"dislocation"},{"weight":76.0,"label":"enalapril"},{"weight":72.0,"label":"method"},{"weight":68.0,"label":"inhibitor"},{"weight":61.0,"label":"kill"},{"weight":60.0,"label":"bird"},{"weight":59.0,"label":"paradigm"},{"weight":59.0,"label":"receptor"},{"weight":55.0,"label":"blocker"},{"weight":52.0,"label":"cervical"},{"weight":52.0,"label":"device"},{"weight":41.0,"label":"mechanical"},{"weight":41.0,"label":"convert"},{"weight":41.0,"label":"enzyme"},{"weight":38.0,"label":"killing"},{"weight":37.0,"label":"neprilysin"},{"weight":37.0,"label":"modify"},{"weight":33.0,"label":"arb"},{"weight":32.0,"label":"lcz"},{"weight":32.0,"label":"acei"},{"weight":29.0,"label":"compare"},{"weight":29.0,"label":"antagonist"}]},{"conceptId":0,"clusterId":0,"hexCoordinates":{"x":5.196152422706632,"y":3.0},"labels":[{"weight":185.0,"label":"thyroid"},{"weight":81.0,"label":"tsh"},{"weight":57.0,"label":"subclinical"},{"weight":49.0,"label":"hypothyroidism"},{"weight":49.0,"label":"hormone"},{"weight":47.0,"label":"level"},{"weight":45.0,"label":"sli"},{"weight":35.0,"label":"miu"},{"weight":32.0,"label":"ipl"},{"weight":31.0,"label":"thyroxine"},{"weight":31.0,"label":"levothyroxine"},{"weight":28.0,"label":"function"},{"weight":24.0,"label":"bir"},{"weight":21.0,"label":"bgm"},{"weight":21.0,"label":"grave"},{"weight":19.0,"label":"free"},{"weight":18.0,"label":"amiodarone"},{"weight":17.0,"label":"dysfunction"},{"weight":16.0,"label":"stimulating"},{"weight":16.0,"label":"laboratory"},{"weight":15.0,"label":"adult"},{"weight":14.0,"label":"tpoab"},{"weight":14.0,"label":"hyperthyroidism"},{"weight":14.0,"label":"infant"},{"weight":13.0,"label":"serpinb"}]},{"conceptId":2,"clusterId":0,"hexCoordinates":{"x":2.598076211353316,"y":-1.5},"labels":[{"weight":387.0,"label":"patient"},{"weight":271.0,"label":"egfr"},{"weight":236.0,"label":"biomarker"},{"weight":228.0,"label":"renal"},{"weight":216.0,"label":"probnp"},{"weight":206.0,"label":"ckd"},{"weight":198.0,"label":"heart"},{"weight":173.0,"label":"associate"},{"weight":170.0,"label":"failure"},{"weight":167.0,"label":"kidney"},{"weight":159.0,"label":"baseline"},{"weight":149.0,"label":"troponin"},{"weight":147.0,"label":"plasma"},{"weight":139.0,"label":"concentration"},{"weight":136.0,"label":"disease"},{"weight":131.0,"label":"function"},{"weight":122.0,"label":"serum"},{"weight":121.0,"label":"peptide"},{"weight":121.0,"label":"min"},{"weight":120.0,"label":"natriuretic"},{"weight":117.0,"label":"clinical"},{"weight":114.0,"label":"outcome"},{"weight":110.0,"label":"pro"},{"weight":109.0,"label":"association"},{"weight":106.0,"label":"chronic"}]},{"conceptId":9,"clusterId":0,"hexCoordinates":{"x":4.330127018922193,"y":1.5},"labels":[{"weight":1586.0,"label":"pressure"},{"weight":1312.0,"label":"blood"},{"weight":356.0,"label":"systolic"},{"weight":283.0,"label":"cardiovascular"},{"weight":259.0,"label":"mmhg"},{"weight":240.0,"label":"hypertension"},{"weight":212.0,"label":"diastolic"},{"weight":212.0,"label":"study"},{"weight":209.0,"label":"sbp"},{"weight":172.0,"label":"significant"},{"weight":171.0,"label":"pulse"},{"weight":169.0,"label":"pwv"},{"weight":162.0,"label":"effect"},{"weight":152.0,"label":"heart"},{"weight":151.0,"label":"arterial"},{"weight":130.0,"label":"velocity"},{"weight":129.0,"label":"wave"},{"weight":127.0,"label":"lower"},{"weight":118.0,"label":"stiffness"},{"weight":118.0,"label":"index"},{"weight":107.0,"label":"measure"},{"weight":107.0,"label":"change"},{"weight":106.0,"label":"rate"},{"weight":100.0,"label":"participant"},{"weight":99.0,"label":"healthy"}]},{"conceptId":18,"clusterId":0,"hexCoordinates":{"x":0.0,"y":-3.0},"labels":[{"weight":330.0,"label":"diabetes"},{"weight":299.0,"label":"hba"},{"weight":224.0,"label":"insulin"},{"weight":202.0,"label":"metformin"},{"weight":156.0,"label":"type"},{"weight":136.0,"label":"mmol"},{"weight":124.0,"label":"control"},{"weight":118.0,"label":"therapy"},{"weight":117.0,"label":"hypoglycaemia"},{"weight":109.0,"label":"mol"},{"weight":104.0,"label":"glucose"},{"weight":89.0,"label":"glycaemic"},{"weight":87.0,"label":"response"},{"weight":82.0,"label":"treatment"},{"weight":79.0,"label":"pump"},{"weight":69.0,"label":"participant"},{"weight":65.0,"label":"clinical"},{"weight":56.0,"label":"year"},{"weight":55.0,"label":"reduce"},{"weight":53.0,"label":"inhibitor"},{"weight":53.0,"label":"patient"},{"weight":51.0,"label":"reduction"},{"weight":51.0,"label":"effect"},{"weight":46.0,"label":"glp"},{"weight":46.0,"label":"month"}]},{"conceptId":12,"clusterId":0,"hexCoordinates":{"x":1.7320508075688772,"y":0.0},"labels":[{"weight":515.0,"label":"patient"},{"weight":379.0,"label":"event"},{"weight":350.0,"label":"outcome"},{"weight":300.0,"label":"cardiovascular"},{"weight":235.0,"label":"risk"},{"weight":228.0,"label":"hospitalization"},{"weight":209.0,"label":"primary"},{"weight":208.0,"label":"death"},{"weight":205.0,"label":"heart"},{"weight":201.0,"label":"endpoint"},{"weight":158.0,"label":"failure"},{"weight":147.0,"label":"trial"},{"weight":143.0,"label":"ratio"},{"weight":138.0,"label":"adverse"},{"weight":131.0,"label":"year"},{"weight":130.0,"label":"composite"},{"weight":123.0,"label":"mortality"},{"weight":111.0,"label":"treatment"},{"weight":105.0,"label":"reduce"},{"weight":102.0,"label":"rate"},{"weight":99.0,"label":"hazard"},{"weight":94.0,"label":"baseline"},{"weight":90.0,"label":"disease"},{"weight":89.0,"label":"confidence"},{"weight":87.0,"label":"conclusion"}]},{"conceptId":16,"clusterId":0,"hexCoordinates":{"x":5.196152422706632,"y":0.0},"labels":[{"weight":679.0,"label":"coronary"},{"weight":503.0,"label":"patient"},{"weight":454.0,"label":"myocardial"},{"weight":320.0,"label":"infarction"},{"weight":252.0,"label":"troponin"},{"weight":251.0,"label":"cardiac"},{"weight":205.0,"label":"cad"},{"weight":202.0,"label":"disease"},{"weight":183.0,"label":"angiography"},{"weight":183.0,"label":"angina"},{"weight":176.0,"label":"heart"},{"weight":168.0,"label":"artery"},{"weight":151.0,"label":"high"},{"weight":139.0,"label":"acute"},{"weight":132.0,"label":"risk"},{"weight":120.0,"label":"suspect"},{"weight":113.0,"label":"stable"},{"weight":112.0,"label":"syndrome"},{"weight":107.0,"label":"concentration"},{"weight":102.0,"label":"sensitivity"},{"weight":101.0,"label":"ffr"},{"weight":96.0,"label":"invasive"},{"weight":94.0,"label":"cardiovascular"},{"weight":94.0,"label":"result"},{"weight":93.0,"label":"diagnostic"}]},{"conceptId":5,"clusterId":0,"hexCoordinates":{"x":1.7320508075688772,"y":-6.0},"labels":[{"weight":214.0,"label":"volume"},{"weight":153.0,"label":"ich"},{"weight":88.0,"label":"haemorrhage"},{"weight":77.0,"label":"center"},{"weight":56.0,"label":"intracerebral"},{"weight":42.0,"label":"tenecteplase"},{"weight":32.0,"label":"rvo"},{"weight":29.0,"label":"ctp"},{"weight":27.0,"label":"brain"},{"weight":25.0,"label":"vol"},{"weight":25.0,"label":"drain"},{"weight":24.0,"label":"alteplase"},{"weight":24.0,"label":"ais"},{"weight":24.0,"label":"tpa"},{"weight":24.0,"label":"intracranial"},{"weight":23.0,"label":"modify"},{"weight":22.0,"label":"plasminogen"},{"weight":21.0,"label":"growth"},{"weight":20.0,"label":"angiography"},{"weight":20.0,"label":"platelet"},{"weight":18.0,"label":"oedema"},{"weight":18.0,"label":"perfusion"},{"weight":18.0,"label":"extension"},{"weight":16.0,"label":"transfusion"},{"weight":16.0,"label":"activator"}]},{"conceptId":1,"clusterId":0,"hexCoordinates":{"x":6.06217782649107,"y":-1.5},"labels":[{"weight":439.0,"label":"patient"},{"weight":319.0,"label":"renal"},{"weight":190.0,"label":"dialysis"},{"weight":173.0,"label":"kidney"},{"weight":131.0,"label":"ckd"},{"weight":103.0,"label":"transplant"},{"weight":73.0,"label":"function"},{"weight":70.0,"label":"esrd"},{"weight":66.0,"label":"failure"},{"weight":62.0,"label":"require"},{"weight":58.0,"label":"gout"},{"weight":56.0,"label":"blood"},{"weight":54.0,"label":"chronic"},{"weight":51.0,"label":"sua"},{"weight":51.0,"label":"serum"},{"weight":51.0,"label":"vascular"},{"weight":50.0,"label":"haemodialysis"},{"weight":49.0,"label":"rrt"},{"weight":48.0,"label":"end"},{"weight":47.0,"label":"allopurinol"},{"weight":47.0,"label":"transplantation"},{"weight":47.0,"label":"outcome"},{"weight":43.0,"label":"stage"},{"weight":41.0,"label":"hemodialysis"},{"weight":41.0,"label":"fistula"}]},{"conceptId":22,"clusterId":0,"hexCoordinates":{"x":0.8660254037844386,"y":1.5},"labels":[{"weight":720.0,"label":"heart"},{"weight":525.0,"label":"failure"},{"weight":349.0,"label":"patient"},{"weight":288.0,"label":"cardiac"},{"weight":120.0,"label":"trial"},{"weight":119.0,"label":"fraction"},{"weight":111.0,"label":"reduce"},{"weight":103.0,"label":"crt"},{"weight":101.0,"label":"ejection"},{"weight":74.0,"label":"exercise"},{"weight":72.0,"label":"mortality"},{"weight":71.0,"label":"cardiovascular"},{"weight":59.0,"label":"clinical"},{"weight":58.0,"label":"ventricular"},{"weight":57.0,"label":"rate"},{"weight":56.0,"label":"left"},{"weight":56.0,"label":"death"},{"weight":56.0,"label":"therapy"},{"weight":53.0,"label":"hospitalization"},{"weight":51.0,"label":"duration"},{"weight":50.0,"label":"reach"},{"weight":46.0,"label":"hospitalisation"},{"weight":45.0,"label":"ischaemic"},{"weight":45.0,"label":"device"},{"weight":42.0,"label":"class"}]},{"conceptId":-1,"clusterId":-1,"hexCoordinates":{"x":9.526279441628825,"y":3.0},"labels":[{"weight":2500,"label":"Unclassified"},{"weight":0,"label":""},{"weight":0,"label":""},{"weight":0,"label":""},{"weight":0,"label":""},{"weight":0,"label":""},{"weight":0,"label":""},{"weight":0,"label":""},{"weight":0,"label":""},{"weight":0,"label":""},{"weight":0,"label":""}]},{"conceptId":14,"clusterId":0,"hexCoordinates":{"x":2.598076211353316,"y":1.5},"labels":[{"weight":611.0,"label":"cardiac"},{"weight":422.0,"label":"ventricular"},{"weight":351.0,"label":"heart"},{"weight":318.0,"label":"patient"},{"weight":231.0,"label":"left"},{"weight":190.0,"label":"aortic"},{"weight":171.0,"label":"myocardial"},{"weight":166.0,"label":"volume"},{"weight":163.0,"label":"fibrosis"},{"weight":158.0,"label":"strain"},{"weight":147.0,"label":"ecg"},{"weight":146.0,"label":"function"},{"weight":145.0,"label":"cmr"},{"weight":132.0,"label":"valve"},{"weight":120.0,"label":"diastolic"},{"weight":120.0,"label":"leave"},{"weight":118.0,"label":"resonance"},{"weight":116.0,"label":"magnetic"},{"weight":115.0,"label":"mass"},{"weight":109.0,"label":"increase"},{"weight":103.0,"label":"imaging"},{"weight":101.0,"label":"echocardiography"},{"weight":99.0,"label":"systolic"},{"weight":98.0,"label":"lge"},{"weight":96.0,"label":"dysfunction"}]},{"conceptId":11,"clusterId":0,"hexCoordinates":{"x":3.4641016151377544,"y":-6.0},"labels":[{"weight":614.0,"label":"stroke"},{"weight":400.0,"label":"patient"},{"weight":338.0,"label":"outcome"},{"weight":170.0,"label":"imaging"},{"weight":165.0,"label":"functional"},{"weight":159.0,"label":"acute"},{"weight":141.0,"label":"cerebral"},{"weight":140.0,"label":"ischaemic"},{"weight":138.0,"label":"treatment"},{"weight":135.0,"label":"ischemic"},{"weight":134.0,"label":"time"},{"weight":133.0,"label":"alteplase"},{"weight":117.0,"label":"hour"},{"weight":115.0,"label":"occlusion"},{"weight":112.0,"label":"thrombolysis"},{"weight":111.0,"label":"score"},{"weight":110.0,"label":"day"},{"weight":102.0,"label":"onset"},{"weight":100.0,"label":"haemorrhage"},{"weight":97.0,"label":"trial"},{"weight":94.0,"label":"scale"},{"weight":93.0,"label":"clinical"},{"weight":89.0,"label":"intracranial"},{"weight":86.0,"label":"intravenous"},{"weight":79.0,"label":"infarct"}]},{"conceptId":4,"clusterId":0,"hexCoordinates":{"x":6.06217782649107,"y":1.5},"labels":[{"weight":495.0,"label":"injury"},{"weight":400.0,"label":"myocardial"},{"weight":229.0,"label":"tbi"},{"weight":229.0,"label":"patient"},{"weight":228.0,"label":"infarction"},{"weight":160.0,"label":"acute"},{"weight":157.0,"label":"post"},{"weight":156.0,"label":"infarct"},{"weight":150.0,"label":"traumatic"},{"weight":137.0,"label":"stemi"},{"weight":137.0,"label":"day"},{"weight":130.0,"label":"elevation"},{"weight":122.0,"label":"associate"},{"weight":117.0,"label":"month"},{"weight":110.0,"label":"segment"},{"weight":110.0,"label":"follow"},{"weight":99.0,"label":"reperfusion"},{"weight":95.0,"label":"heart"},{"weight":87.0,"label":"cardiac"},{"weight":85.0,"label":"brain"},{"weight":82.0,"label":"microvascular"},{"weight":78.0,"label":"remote"},{"weight":73.0,"label":"coronary"},{"weight":73.0,"label":"outcome"},{"weight":65.0,"label":"hemorrhage"}]},{"conceptId":15,"clusterId":0,"hexCoordinates":{"x":2.598076211353316,"y":-4.5},"labels":[{"weight":331.0,"label":"patient"},{"weight":246.0,"label":"trial"},{"weight":238.0,"label":"dose"},{"weight":208.0,"label":"event"},{"weight":165.0,"label":"placebo"},{"weight":160.0,"label":"treatment"},{"weight":144.0,"label":"primary"},{"weight":139.0,"label":"therapy"},{"weight":114.0,"label":"end"},{"weight":107.0,"label":"year"},{"weight":105.0,"label":"adverse"},{"weight":100.0,"label":"point"},{"weight":88.0,"label":"receive"},{"weight":87.0,"label":"phase"},{"weight":86.0,"label":"outcome"},{"weight":79.0,"label":"safety"},{"weight":76.0,"label":"allopurinol"},{"weight":76.0,"label":"daily"},{"weight":76.0,"label":"standard"},{"weight":76.0,"label":"participant"},{"weight":75.0,"label":"analysis"},{"weight":74.0,"label":"study"},{"weight":72.0,"label":"rate"},{"weight":69.0,"label":"week"},{"weight":69.0,"label":"ratio"}]},{"conceptId":13,"clusterId":0,"hexCoordinates":{"x":1.7320508075688772,"y":-3.0},"labels":[{"weight":409.0,"label":"patient"},{"weight":334.0,"label":"adherence"},{"weight":314.0,"label":"treatment"},{"weight":291.0,"label":"therapy"},{"weight":173.0,"label":"medication"},{"weight":140.0,"label":"aspirin"},{"weight":99.0,"label":"antihypertensive"},{"weight":99.0,"label":"duration"},{"weight":95.0,"label":"effect"},{"weight":77.0,"label":"moderate"},{"weight":75.0,"label":"follow"},{"weight":74.0,"label":"month"},{"weight":70.0,"label":"drug"},{"weight":67.0,"label":"compare"},{"weight":65.0,"label":"benefit"},{"weight":64.0,"label":"receive"},{"weight":63.0,"label":"severe"},{"weight":62.0,"label":"discontinuation"},{"weight":62.0,"label":"event"},{"weight":60.0,"label":"trial"},{"weight":59.0,"label":"prescribe"},{"weight":56.0,"label":"dosing"},{"weight":55.0,"label":"versus"},{"weight":55.0,"label":"year"},{"weight":54.0,"label":"mild"}]},{"conceptId":19,"clusterId":0,"hexCoordinates":{"x":4.330127018922193,"y":-4.5},"labels":[{"weight":533.0,"label":"patient"},{"weight":224.0,"label":"outcome"},{"weight":170.0,"label":"cardiovascular"},{"weight":165.0,"label":"bleeding"},{"weight":165.0,"label":"risk"},{"weight":153.0,"label":"coronary"},{"weight":153.0,"label":"major"},{"weight":148.0,"label":"mortality"},{"weight":143.0,"label":"atrial"},{"weight":137.0,"label":"fibrillation"},{"weight":137.0,"label":"heart"},{"weight":135.0,"label":"trial"},{"weight":134.0,"label":"event"},{"weight":121.0,"label":"compare"},{"weight":119.0,"label":"rivaroxaban"},{"weight":117.0,"label":"death"},{"weight":114.0,"label":"aspirin"},{"weight":109.0,"label":"disease"},{"weight":105.0,"label":"failure"},{"weight":93.0,"label":"infarction"},{"weight":93.0,"label":"artery"},{"weight":86.0,"label":"hazard"},{"weight":86.0,"label":"stroke"},{"weight":79.0,"label":"versus"},{"weight":77.0,"label":"myocardial"}]},{"conceptId":6,"clusterId":0,"hexCoordinates":{"x":0.8660254037844386,"y":-4.5},"labels":[{"weight":495.0,"label":"cholesterol"},{"weight":316.0,"label":"ldl"},{"weight":242.0,"label":"lipid"},{"weight":232.0,"label":"lipoprotein"},{"weight":216.0,"label":"hdl"},{"weight":216.0,"label":"statin"},{"weight":193.0,"label":"density"},{"weight":156.0,"label":"disease"},{"weight":119.0,"label":"low"},{"weight":116.0,"label":"alirocumab"},{"weight":115.0,"label":"risk"},{"weight":112.0,"label":"high"},{"weight":109.0,"label":"lower"},{"weight":100.0,"label":"level"},{"weight":99.0,"label":"increase"},{"weight":96.0,"label":"pcsk"},{"weight":88.0,"label":"cardiovascular"},{"weight":82.0,"label":"therapy"},{"weight":75.0,"label":"coronary"},{"weight":73.0,"label":"reduction"},{"weight":72.0,"label":"effect"},{"weight":71.0,"label":"individual"},{"weight":66.0,"label":"mmol"},{"weight":65.0,"label":"lowering"},{"weight":64.0,"label":"triglyceride"}]},{"conceptId":17,"clusterId":0,"hexCoordinates":{"x":3.4641016151377544,"y":-3.0},"labels":[{"weight":2323.0,"label":"stroke"},{"weight":528.0,"label":"patient"},{"weight":194.0,"label":"acute"},{"weight":190.0,"label":"ischemic"},{"weight":171.0,"label":"ischaemic"},{"weight":171.0,"label":"risk"},{"weight":128.0,"label":"atrial"},{"weight":118.0,"label":"fibrillation"},{"weight":118.0,"label":"early"},{"weight":117.0,"label":"tia"},{"weight":103.0,"label":"anticoagulant"},{"weight":96.0,"label":"associate"},{"weight":86.0,"label":"day"},{"weight":84.0,"label":"outcome"},{"weight":79.0,"label":"haemorrhage"},{"weight":79.0,"label":"recurrent"},{"weight":78.0,"label":"antiplatelet"},{"weight":73.0,"label":"anticoagulation"},{"weight":71.0,"label":"recurrence"},{"weight":69.0,"label":"method"},{"weight":64.0,"label":"death"},{"weight":64.0,"label":"scale"},{"weight":63.0,"label":"transient"},{"weight":62.0,"label":"attack"},{"weight":62.0,"label":"background"}]},{"conceptId":10,"clusterId":0,"hexCoordinates":{"x":3.4641016151377544,"y":0.0},"labels":[{"weight":2793.0,"label":"risk"},{"weight":895.0,"label":"disease"},{"weight":855.0,"label":"cardiovascular"},{"weight":793.0,"label":"cvd"},{"weight":580.0,"label":"factor"},{"weight":573.0,"label":"association"},{"weight":481.0,"label":"associate"},{"weight":412.0,"label":"high"},{"weight":401.0,"label":"year"},{"weight":351.0,"label":"mortality"},{"weight":340.0,"label":"study"},{"weight":292.0,"label":"participant"},{"weight":275.0,"label":"increase"},{"weight":267.0,"label":"event"},{"weight":222.0,"label":"incident"},{"weight":205.0,"label":"conclusion"},{"weight":200.0,"label":"hazard"},{"weight":200.0,"label":"ratio"},{"weight":194.0,"label":"follow"},{"weight":191.0,"label":"man"},{"weight":187.0,"label":"population"},{"weight":186.0,"label":"result"},{"weight":185.0,"label":"baseline"},{"weight":167.0,"label":"low"},{"weight":165.0,"label":"method"}]},{"conceptId":8,"clusterId":0,"hexCoordinates":{"x":5.196152422706632,"y":-3.0},"labels":[{"weight":320.0,"label":"aki"},{"weight":91.0,"label":"injury"},{"weight":77.0,"label":"kidney"},{"weight":77.0,"label":"day"},{"weight":47.0,"label":"acute"},{"weight":43.0,"label":"woman"},{"weight":37.0,"label":"endometrial"},{"weight":36.0,"label":"implantation"},{"weight":32.0,"label":"effect"},{"weight":30.0,"label":"bundle"},{"weight":28.0,"label":"cleaning"},{"weight":24.0,"label":"renal"},{"weight":23.0,"label":"endometrium"},{"weight":23.0,"label":"acidosis"},{"weight":22.0,"label":"ckd"},{"weight":22.0,"label":"sod"},{"weight":22.0,"label":"alert"},{"weight":22.0,"label":"hospital"},{"weight":22.0,"label":"pre"},{"weight":21.0,"label":"post"},{"weight":21.0,"label":"improve"},{"weight":20.0,"label":"side"},{"weight":20.0,"label":"stage"},{"weight":19.0,"label":"evacuation"},{"weight":18.0,"label":"sepsis"}]},{"conceptId":20,"clusterId":0,"hexCoordinates":{"x":3.4641016151377544,"y":3.0},"labels":[{"weight":294.0,"label":"pet"},{"weight":243.0,"label":"disease"},{"weight":202.0,"label":"carotid"},{"weight":201.0,"label":"artery"},{"weight":163.0,"label":"plaque"},{"weight":146.0,"label":"aortic"},{"weight":128.0,"label":"atherosclerosis"},{"weight":124.0,"label":"aneurysm"},{"weight":120.0,"label":"arterial"},{"weight":113.0,"label":"vascular"},{"weight":100.0,"label":"tomography"},{"weight":80.0,"label":"aaa"},{"weight":80.0,"label":"imaging"},{"weight":78.0,"label":"atherosclerotic"},{"weight":78.0,"label":"positron"},{"weight":77.0,"label":"uptake"},{"weight":76.0,"label":"progression"},{"weight":76.0,"label":"patient"},{"weight":74.0,"label":"cimt"},{"weight":73.0,"label":"pad"},{"weight":69.0,"label":"cad"},{"weight":69.0,"label":"stenosis"},{"weight":68.0,"label":"emission"},{"weight":67.0,"label":"clinical"},{"weight":66.0,"label":"cardiovascular"}]},{"conceptId":21,"clusterId":0,"hexCoordinates":{"x":4.330127018922193,"y":-1.5},"labels":[{"weight":2797.0,"label":"diabetes"},{"weight":1946.0,"label":"type"},{"weight":331.0,"label":"people"},{"weight":318.0,"label":"hba"},{"weight":264.0,"label":"diabetic"},{"weight":244.0,"label":"mellitus"},{"weight":210.0,"label":"control"},{"weight":122.0,"label":"complication"},{"weight":114.0,"label":"aim"},{"weight":109.0,"label":"patient"},{"weight":104.0,"label":"glycaemic"},{"weight":92.0,"label":"management"},{"weight":86.0,"label":"diagnosis"},{"weight":78.0,"label":"higher"},{"weight":77.0,"label":"associate"},{"weight":77.0,"label":"population"},{"weight":75.0,"label":"individual"},{"weight":71.0,"label":"glucose"},{"weight":69.0,"label":"duration"},{"weight":69.0,"label":"conclusion"},{"weight":67.0,"label":"disease"},{"weight":63.0,"label":"compare"},{"weight":63.0,"label":"risk"},{"weight":62.0,"label":"variability"},{"weight":61.0,"label":"level"}]},{"conceptId":7,"clusterId":0,"hexCoordinates":{"x":0.8660254037844386,"y":-1.5},"labels":[{"weight":588.0,"label":"patient"},{"weight":375.0,"label":"heart"},{"weight":264.0,"label":"failure"},{"weight":216.0,"label":"blocker"},{"weight":182.0,"label":"hfref"},{"weight":158.0,"label":"hfpef"},{"weight":147.0,"label":"beta"},{"weight":143.0,"label":"ejection"},{"weight":143.0,"label":"fraction"},{"weight":126.0,"label":"inhibitor"},{"weight":110.0,"label":"mortality"},{"weight":109.0,"label":"ace"},{"weight":106.0,"label":"arb"},{"weight":102.0,"label":"reduce"},{"weight":87.0,"label":"treatment"},{"weight":82.0,"label":"chf"},{"weight":82.0,"label":"dose"},{"weight":81.0,"label":"angiotensin"},{"weight":76.0,"label":"outcome"},{"weight":73.0,"label":"rate"},{"weight":71.0,"label":"receptor"},{"weight":69.0,"label":"conclusion"},{"weight":68.0,"label":"hospitalization"},{"weight":59.0,"label":"method"},{"weight":56.0,"label":"baseline"}]}]}