[{"topicData":[{"numberOfDocuments":0.0,"label":"Heriot-Watt University"},{"numberOfDocuments":0.0,"label":"Robert Gordon University"},{"numberOfDocuments":0.0,"label":"Glasgow Caledonian University"},{"numberOfDocuments":0.0,"label":"Queen Margaret University"},{"numberOfDocuments":0.0,"label":"University of the Highlands and Islands"},{"numberOfDocuments":0.0,"label":"University of Dundee"},{"numberOfDocuments":0.0,"label":"Edinburgh Napier University"},{"numberOfDocuments":0.0,"label":"University of Stirling"},{"numberOfDocuments":0.0,"label":"Abertay University"},{"numberOfDocuments":0.0,"label":"University of Aberdeen"},{"numberOfDocuments":0.0,"label":"University of Edinburgh"},{"numberOfDocuments":0.0,"label":"University of the West of Scotland"},{"numberOfDocuments":0.0,"label":"University of Glasgow"},{"numberOfDocuments":0.0,"label":"University of St Andrews"},{"numberOfDocuments":0.0,"label":"University of Strathclyde"}],"conceptId":-1},{"topicData":[{"numberOfDocuments":0.14225788371281176,"label":"Heriot-Watt University"},{"numberOfDocuments":0.035647716682199446,"label":"Robert Gordon University"},{"numberOfDocuments":0.0,"label":"Glasgow Caledonian University"},{"numberOfDocuments":0.33091491064283807,"label":"Queen Margaret University"},{"numberOfDocuments":2.962420282473566,"label":"University of the Highlands and Islands"},{"numberOfDocuments":0.5653242917884239,"label":"University of Dundee"},{"numberOfDocuments":0.08589449659716412,"label":"Edinburgh Napier University"},{"numberOfDocuments":3.1527882368635645,"label":"University of Stirling"},{"numberOfDocuments":0.37209302325581395,"label":"Abertay University"},{"numberOfDocuments":0.13655644971705816,"label":"University of Aberdeen"},{"numberOfDocuments":2.3654660311092335,"label":"University of Edinburgh"},{"numberOfDocuments":0.10256410256410257,"label":"University of the West of Scotland"},{"numberOfDocuments":2.582510515760433,"label":"University of Glasgow"},{"numberOfDocuments":2.3102336393346077,"label":"University of St Andrews"},{"numberOfDocuments":0.35159500469038507,"label":"University of Strathclyde"}],"conceptId":0},{"topicData":[{"numberOfDocuments":0.5441994589321397,"label":"Heriot-Watt University"},{"numberOfDocuments":1.370635056441278,"label":"Robert Gordon University"},{"numberOfDocuments":3.8187792092332162,"label":"Glasgow Caledonian University"},{"numberOfDocuments":5.764418085802115,"label":"Queen Margaret University"},{"numberOfDocuments":0.08900720399680115,"label":"University of the Highlands and Islands"},{"numberOfDocuments":3.1641339453514576,"label":"University of Dundee"},{"numberOfDocuments":2.168179831609595,"label":"Edinburgh Napier University"},{"numberOfDocuments":7.016038212304841,"label":"University of Stirling"},{"numberOfDocuments":1.7480163546257572,"label":"Abertay University"},{"numberOfDocuments":1.4086844485518528,"label":"University of Aberdeen"},{"numberOfDocuments":11.322697556540854,"label":"University of Edinburgh"},{"numberOfDocuments":5.013606073107698,"label":"University of the West of Scotland"},{"numberOfDocuments":13.387583068261598,"label":"University of Glasgow"},{"numberOfDocuments":4.4083843477301246,"label":"University of St Andrews"},{"numberOfDocuments":8.595515749134409,"label":"University of Strathclyde"}],"conceptId":1},{"topicData":[{"numberOfDocuments":1.8504033018954416,"label":"Heriot-Watt University"},{"numberOfDocuments":1.541761343258552,"label":"Robert Gordon University"},{"numberOfDocuments":2.2820912986607094,"label":"Glasgow Caledonian University"},{"numberOfDocuments":6.375828398905977,"label":"Queen Margaret University"},{"numberOfDocuments":0.4436362039855906,"label":"University of the Highlands and Islands"},{"numberOfDocuments":0.49480597730725406,"label":"University of Dundee"},{"numberOfDocuments":1.4510990155694035,"label":"Edinburgh Napier University"},{"numberOfDocuments":7.806227099802562,"label":"University of Stirling"},{"numberOfDocuments":0.9813902079676836,"label":"Abertay University"},{"numberOfDocuments":1.5227296919431996,"label":"University of Aberdeen"},{"numberOfDocuments":5.511479520765925,"label":"University of Edinburgh"},{"numberOfDocuments":0.17233890676852368,"label":"University of the West of Scotland"},{"numberOfDocuments":7.807192717994631,"label":"University of Glasgow"},{"numberOfDocuments":4.127827495233244,"label":"University of St Andrews"},{"numberOfDocuments":5.021941391487233,"label":"University of Strathclyde"}],"conceptId":2},{"topicData":[{"numberOfDocuments":1.045227930277552,"label":"Heriot-Watt University"},{"numberOfDocuments":2.042242725740133,"label":"Robert Gordon University"},{"numberOfDocuments":2.6810648550081204,"label":"Glasgow Caledonian University"},{"numberOfDocuments":7.276357144484101,"label":"Queen Margaret University"},{"numberOfDocuments":0.6605705707543086,"label":"University of the Highlands and Islands"},{"numberOfDocuments":2.8177007508120746,"label":"University of Dundee"},{"numberOfDocuments":1.578017606404368,"label":"Edinburgh Napier University"},{"numberOfDocuments":11.90724133070216,"label":"University of Stirling"},{"numberOfDocuments":2.5651167241154127,"label":"Abertay University"},{"numberOfDocuments":3.8914857474570343,"label":"University of Aberdeen"},{"numberOfDocuments":17.31705220516186,"label":"University of Edinburgh"},{"numberOfDocuments":1.4645962846639873,"label":"University of the West of Scotland"},{"numberOfDocuments":26.641897143910402,"label":"University of Glasgow"},{"numberOfDocuments":4.919840025947945,"label":"University of St Andrews"},{"numberOfDocuments":5.047454856157041,"label":"University of Strathclyde"}],"conceptId":3},{"topicData":[{"numberOfDocuments":0.02618181818181818,"label":"Heriot-Watt University"},{"numberOfDocuments":2.097070294696057,"label":"Robert Gordon University"},{"numberOfDocuments":0.4212292808936205,"label":"Glasgow Caledonian University"},{"numberOfDocuments":1.7830731592241458,"label":"Queen Margaret University"},{"numberOfDocuments":0.17794109018365312,"label":"University of the Highlands and Islands"},{"numberOfDocuments":2.0162746204717736,"label":"University of Dundee"},{"numberOfDocuments":2.633099347110633,"label":"Edinburgh Napier University"},{"numberOfDocuments":5.711033500564133,"label":"University of Stirling"},{"numberOfDocuments":0.25885040591465364,"label":"Abertay University"},{"numberOfDocuments":4.558889628335123,"label":"University of Aberdeen"},{"numberOfDocuments":8.752202641297831,"label":"University of Edinburgh"},{"numberOfDocuments":0.6719443869205868,"label":"University of the West of Scotland"},{"numberOfDocuments":7.111665603010701,"label":"University of Glasgow"},{"numberOfDocuments":2.1842607186936465,"label":"University of St Andrews"},{"numberOfDocuments":2.331119548573358,"label":"University of Strathclyde"}],"conceptId":4},{"topicData":[{"numberOfDocuments":0.8506884691493247,"label":"Heriot-Watt University"},{"numberOfDocuments":0.7098710199854725,"label":"Robert Gordon University"},{"numberOfDocuments":0.3149811523238877,"label":"Glasgow Caledonian University"},{"numberOfDocuments":4.781431831784719,"label":"Queen Margaret University"},{"numberOfDocuments":1.3229923111934603,"label":"University of the Highlands and Islands"},{"numberOfDocuments":3.948739712861131,"label":"University of Dundee"},{"numberOfDocuments":1.1593344401954606,"label":"Edinburgh Napier University"},{"numberOfDocuments":6.9313691718464545,"label":"University of Stirling"},{"numberOfDocuments":0.7462323415918086,"label":"Abertay University"},{"numberOfDocuments":5.181025883059623,"label":"University of Aberdeen"},{"numberOfDocuments":18.467488484993744,"label":"University of Edinburgh"},{"numberOfDocuments":1.1178459486053494,"label":"University of the West of Scotland"},{"numberOfDocuments":9.519146631182041,"label":"University of Glasgow"},{"numberOfDocuments":6.516401742118631,"label":"University of St Andrews"},{"numberOfDocuments":2.4896052016995567,"label":"University of Strathclyde"}],"conceptId":5},{"topicData":[{"numberOfDocuments":0.2818295739348371,"label":"Heriot-Watt University"},{"numberOfDocuments":0.29808880718912933,"label":"Robert Gordon University"},{"numberOfDocuments":0.1870894235427264,"label":"Glasgow Caledonian University"},{"numberOfDocuments":0.8740777224075104,"label":"Queen Margaret University"},{"numberOfDocuments":0.08354720120909105,"label":"University of the Highlands and Islands"},{"numberOfDocuments":1.5062356286059575,"label":"University of Dundee"},{"numberOfDocuments":0.8924288310115083,"label":"Edinburgh Napier University"},{"numberOfDocuments":5.1379172266440944,"label":"University of Stirling"},{"numberOfDocuments":0.2938332501845818,"label":"Abertay University"},{"numberOfDocuments":3.6814779175303003,"label":"University of Aberdeen"},{"numberOfDocuments":15.770869367292288,"label":"University of Edinburgh"},{"numberOfDocuments":2.317171192771607,"label":"University of the West of Scotland"},{"numberOfDocuments":12.887157835988686,"label":"University of Glasgow"},{"numberOfDocuments":2.1154334532048527,"label":"University of St Andrews"},{"numberOfDocuments":1.222346216960847,"label":"University of Strathclyde"}],"conceptId":6},{"topicData":[{"numberOfDocuments":0.012048192771084338,"label":"Heriot-Watt University"},{"numberOfDocuments":0.06523297491039427,"label":"Robert Gordon University"},{"numberOfDocuments":0.0,"label":"Glasgow Caledonian University"},{"numberOfDocuments":0.5124930866934797,"label":"Queen Margaret University"},{"numberOfDocuments":0.11436090012301003,"label":"University of the Highlands and Islands"},{"numberOfDocuments":0.6930182291302058,"label":"University of Dundee"},{"numberOfDocuments":0.44191023430671905,"label":"Edinburgh Napier University"},{"numberOfDocuments":0.01823607427055703,"label":"University of Stirling"},{"numberOfDocuments":0.21495327102803738,"label":"Abertay University"},{"numberOfDocuments":4.858083742236888,"label":"University of Aberdeen"},{"numberOfDocuments":7.598735711658805,"label":"University of Edinburgh"},{"numberOfDocuments":0.3067420798778584,"label":"University of the West of Scotland"},{"numberOfDocuments":4.393554301764037,"label":"University of Glasgow"},{"numberOfDocuments":0.05203936322790704,"label":"University of St Andrews"},{"numberOfDocuments":0.45257743442144177,"label":"University of Strathclyde"}],"conceptId":7},{"topicData":[{"numberOfDocuments":0.8356324003082404,"label":"Heriot-Watt University"},{"numberOfDocuments":0.46412141906604465,"label":"Robert Gordon University"},{"numberOfDocuments":0.6688539545451296,"label":"Glasgow Caledonian University"},{"numberOfDocuments":2.576779173386222,"label":"Queen Margaret University"},{"numberOfDocuments":0.2985496759550773,"label":"University of the Highlands and Islands"},{"numberOfDocuments":2.1623805969056313,"label":"University of Dundee"},{"numberOfDocuments":0.9200162441485945,"label":"Edinburgh Napier University"},{"numberOfDocuments":32.368220464179004,"label":"University of Stirling"},{"numberOfDocuments":4.805993308214252,"label":"Abertay University"},{"numberOfDocuments":6.9028688740050335,"label":"University of Aberdeen"},{"numberOfDocuments":8.515580832656122,"label":"University of Edinburgh"},{"numberOfDocuments":0.8086373579207867,"label":"University of the West of Scotland"},{"numberOfDocuments":30.58199393538165,"label":"University of Glasgow"},{"numberOfDocuments":20.170678210183766,"label":"University of St Andrews"},{"numberOfDocuments":1.9043282791488618,"label":"University of Strathclyde"}],"conceptId":8},{"topicData":[{"numberOfDocuments":0.19278431563006718,"label":"Heriot-Watt University"},{"numberOfDocuments":1.071448141070112,"label":"Robert Gordon University"},{"numberOfDocuments":0.31616648875254416,"label":"Glasgow Caledonian University"},{"numberOfDocuments":0.6854885166844753,"label":"Queen Margaret University"},{"numberOfDocuments":0.4874913163656828,"label":"University of the Highlands and Islands"},{"numberOfDocuments":0.6235494933308862,"label":"University of Dundee"},{"numberOfDocuments":0.12004662004662005,"label":"Edinburgh Napier University"},{"numberOfDocuments":1.3807801133763467,"label":"University of Stirling"},{"numberOfDocuments":0.0,"label":"Abertay University"},{"numberOfDocuments":1.4185752022721687,"label":"University of Aberdeen"},{"numberOfDocuments":5.340497959640025,"label":"University of Edinburgh"},{"numberOfDocuments":0.4155079883181995,"label":"University of the West of Scotland"},{"numberOfDocuments":2.6957112282939732,"label":"University of Glasgow"},{"numberOfDocuments":3.012340689662575,"label":"University of St Andrews"},{"numberOfDocuments":2.561592615764725,"label":"University of Strathclyde"}],"conceptId":9},{"topicData":[{"numberOfDocuments":0.19081196581196583,"label":"Heriot-Watt University"},{"numberOfDocuments":0.043010752688172046,"label":"Robert Gordon University"},{"numberOfDocuments":0.005291005291005291,"label":"Glasgow Caledonian University"},{"numberOfDocuments":0.09058336575104953,"label":"Queen Margaret University"},{"numberOfDocuments":0.5862230243666606,"label":"University of the Highlands and Islands"},{"numberOfDocuments":2.4732113842756127,"label":"University of Dundee"},{"numberOfDocuments":0.08410815611144953,"label":"Edinburgh Napier University"},{"numberOfDocuments":1.538329809587184,"label":"University of Stirling"},{"numberOfDocuments":0.13793103448275862,"label":"Abertay University"},{"numberOfDocuments":2.704200875589919,"label":"University of Aberdeen"},{"numberOfDocuments":31.197770386266832,"label":"University of Edinburgh"},{"numberOfDocuments":0.47258634516110337,"label":"University of the West of Scotland"},{"numberOfDocuments":2.2301712908739173,"label":"University of Glasgow"},{"numberOfDocuments":5.278526980979973,"label":"University of St Andrews"},{"numberOfDocuments":0.6476465864066431,"label":"University of Strathclyde"}],"conceptId":10},{"topicData":[{"numberOfDocuments":0.5180733825898305,"label":"Heriot-Watt University"},{"numberOfDocuments":0.9107905982905982,"label":"Robert Gordon University"},{"numberOfDocuments":0.012195121951219513,"label":"Glasgow Caledonian University"},{"numberOfDocuments":0.18856910127613358,"label":"Queen Margaret University"},{"numberOfDocuments":0.0,"label":"University of the Highlands and Islands"},{"numberOfDocuments":1.4051739629077975,"label":"University of Dundee"},{"numberOfDocuments":0.23903240315566068,"label":"Edinburgh Napier University"},{"numberOfDocuments":0.3608790561809685,"label":"University of Stirling"},{"numberOfDocuments":0.04553881636334067,"label":"Abertay University"},{"numberOfDocuments":3.531497053867397,"label":"University of Aberdeen"},{"numberOfDocuments":4.027144751822182,"label":"University of Edinburgh"},{"numberOfDocuments":0.03508771929824561,"label":"University of the West of Scotland"},{"numberOfDocuments":7.328456668672299,"label":"University of Glasgow"},{"numberOfDocuments":2.6798610343000497,"label":"University of St Andrews"},{"numberOfDocuments":0.2207873246696872,"label":"University of Strathclyde"}],"conceptId":11},{"topicData":[{"numberOfDocuments":0.0,"label":"Heriot-Watt University"},{"numberOfDocuments":0.08542713567839195,"label":"Robert Gordon University"},{"numberOfDocuments":0.0,"label":"Glasgow Caledonian University"},{"numberOfDocuments":0.22086037010334053,"label":"Queen Margaret University"},{"numberOfDocuments":2.1509685348200414,"label":"University of the Highlands and Islands"},{"numberOfDocuments":0.17019400352733685,"label":"University of Dundee"},{"numberOfDocuments":0.0,"label":"Edinburgh Napier University"},{"numberOfDocuments":0.5580448934148742,"label":"University of Stirling"},{"numberOfDocuments":0.06363636363636363,"label":"Abertay University"},{"numberOfDocuments":0.33725645596836173,"label":"University of Aberdeen"},{"numberOfDocuments":1.5987223148895324,"label":"University of Edinburgh"},{"numberOfDocuments":0.061224489795918366,"label":"University of the West of Scotland"},{"numberOfDocuments":1.0544713592373811,"label":"University of Glasgow"},{"numberOfDocuments":0.03409090909090909,"label":"University of St Andrews"},{"numberOfDocuments":0.02564102564102564,"label":"University of Strathclyde"}],"conceptId":12},{"topicData":[{"numberOfDocuments":0.07373758502565496,"label":"Heriot-Watt University"},{"numberOfDocuments":0.6320728645371394,"label":"Robert Gordon University"},{"numberOfDocuments":6.974641466959907,"label":"Glasgow Caledonian University"},{"numberOfDocuments":10.53703201543588,"label":"Queen Margaret University"},{"numberOfDocuments":0.673332389232292,"label":"University of the Highlands and Islands"},{"numberOfDocuments":0.8219511163753155,"label":"University of Dundee"},{"numberOfDocuments":1.0018256828223793,"label":"Edinburgh Napier University"},{"numberOfDocuments":1.5976815198614884,"label":"University of Stirling"},{"numberOfDocuments":0.1409971607340028,"label":"Abertay University"},{"numberOfDocuments":3.7604621408694894,"label":"University of Aberdeen"},{"numberOfDocuments":13.730713660290371,"label":"University of Edinburgh"},{"numberOfDocuments":0.27636092660365585,"label":"University of the West of Scotland"},{"numberOfDocuments":26.987883112653524,"label":"University of Glasgow"},{"numberOfDocuments":2.3412382767205013,"label":"University of St Andrews"},{"numberOfDocuments":3.7823945444807316,"label":"University of Strathclyde"}],"conceptId":13}]