[{"topicData":[{"numberOfDocuments":0.0,"label":"Heriot-Watt University"},{"numberOfDocuments":0.0,"label":"Robert Gordon University"},{"numberOfDocuments":0.0,"label":"Glasgow Caledonian University"},{"numberOfDocuments":0.0,"label":"Queen Margaret University"},{"numberOfDocuments":0.0,"label":"University of Dundee"},{"numberOfDocuments":0.0,"label":"University of the Highlands and Islands"},{"numberOfDocuments":0.0,"label":"Edinburgh Napier University"},{"numberOfDocuments":0.0,"label":"University of Stirling"},{"numberOfDocuments":0.0,"label":"Abertay University"},{"numberOfDocuments":0.0,"label":"University of Aberdeen"},{"numberOfDocuments":0.0,"label":"University of Edinburgh"},{"numberOfDocuments":0.0,"label":"University of the West of Scotland"},{"numberOfDocuments":0.0,"label":"University of Glasgow"},{"numberOfDocuments":0.0,"label":"University of St Andrews"},{"numberOfDocuments":0.0,"label":"University of Strathclyde"}],"conceptId":-1},{"topicData":[{"numberOfDocuments":1.0699851096705488,"label":"Heriot-Watt University"},{"numberOfDocuments":0.05847953216374269,"label":"Robert Gordon University"},{"numberOfDocuments":0.05670103092783505,"label":"Glasgow Caledonian University"},{"numberOfDocuments":2.2002588137528134,"label":"Queen Margaret University"},{"numberOfDocuments":11.793806121717987,"label":"University of Dundee"},{"numberOfDocuments":0.025641025641025644,"label":"University of the Highlands and Islands"},{"numberOfDocuments":0.6722006377259085,"label":"Edinburgh Napier University"},{"numberOfDocuments":0.7617563764032869,"label":"University of Stirling"},{"numberOfDocuments":0.1792452830188679,"label":"Abertay University"},{"numberOfDocuments":1.7357699335627803,"label":"University of Aberdeen"},{"numberOfDocuments":5.867725036298743,"label":"University of Edinburgh"},{"numberOfDocuments":0.0,"label":"University of the West of Scotland"},{"numberOfDocuments":8.754586960665252,"label":"University of Glasgow"},{"numberOfDocuments":6.679201917873061,"label":"University of St Andrews"},{"numberOfDocuments":3.8694835380185864,"label":"University of Strathclyde"}],"conceptId":0},{"topicData":[{"numberOfDocuments":1.1697148602272855,"label":"Heriot-Watt University"},{"numberOfDocuments":1.8110554431077794,"label":"Robert Gordon University"},{"numberOfDocuments":0.012552301255230124,"label":"Glasgow Caledonian University"},{"numberOfDocuments":0.47439626049241646,"label":"Queen Margaret University"},{"numberOfDocuments":6.8069655483930775,"label":"University of Dundee"},{"numberOfDocuments":0.24107142857142855,"label":"University of the Highlands and Islands"},{"numberOfDocuments":0.39179236566959064,"label":"Edinburgh Napier University"},{"numberOfDocuments":1.0039473787079227,"label":"University of Stirling"},{"numberOfDocuments":0.0,"label":"Abertay University"},{"numberOfDocuments":3.323729620656528,"label":"University of Aberdeen"},{"numberOfDocuments":5.7334618832336535,"label":"University of Edinburgh"},{"numberOfDocuments":0.0472683066361556,"label":"University of the West of Scotland"},{"numberOfDocuments":11.0741945167602,"label":"University of Glasgow"},{"numberOfDocuments":3.4229492682970517,"label":"University of St Andrews"},{"numberOfDocuments":2.6594050384742642,"label":"University of Strathclyde"}],"conceptId":1},{"topicData":[{"numberOfDocuments":0.0,"label":"Heriot-Watt University"},{"numberOfDocuments":0.08115942028985508,"label":"Robert Gordon University"},{"numberOfDocuments":0.0,"label":"Glasgow Caledonian University"},{"numberOfDocuments":0.0,"label":"Queen Margaret University"},{"numberOfDocuments":1.2736019104940048,"label":"University of Dundee"},{"numberOfDocuments":0.29568056941540266,"label":"University of the Highlands and Islands"},{"numberOfDocuments":0.5360130950549136,"label":"Edinburgh Napier University"},{"numberOfDocuments":0.27869761208577,"label":"University of Stirling"},{"numberOfDocuments":0.0,"label":"Abertay University"},{"numberOfDocuments":3.9583381088291647,"label":"University of Aberdeen"},{"numberOfDocuments":8.849850393318908,"label":"University of Edinburgh"},{"numberOfDocuments":0.04697986577181208,"label":"University of the West of Scotland"},{"numberOfDocuments":2.8526553851854652,"label":"University of Glasgow"},{"numberOfDocuments":0.4708956022689111,"label":"University of St Andrews"},{"numberOfDocuments":8.910426234147298,"label":"University of Strathclyde"}],"conceptId":2},{"topicData":[{"numberOfDocuments":0.2667327973269291,"label":"Heriot-Watt University"},{"numberOfDocuments":0.5145555212051376,"label":"Robert Gordon University"},{"numberOfDocuments":0.0,"label":"Glasgow Caledonian University"},{"numberOfDocuments":0.2906281022156458,"label":"Queen Margaret University"},{"numberOfDocuments":1.518117683009362,"label":"University of Dundee"},{"numberOfDocuments":0.1074431465492918,"label":"University of the Highlands and Islands"},{"numberOfDocuments":0.08040277817584286,"label":"Edinburgh Napier University"},{"numberOfDocuments":0.8782038806073077,"label":"University of Stirling"},{"numberOfDocuments":0.16981132075471697,"label":"Abertay University"},{"numberOfDocuments":0.48500933393969103,"label":"University of Aberdeen"},{"numberOfDocuments":3.842689881036747,"label":"University of Edinburgh"},{"numberOfDocuments":0.34404671530890435,"label":"University of the West of Scotland"},{"numberOfDocuments":7.892301185925274,"label":"University of Glasgow"},{"numberOfDocuments":1.4581801558650855,"label":"University of St Andrews"},{"numberOfDocuments":1.8600388580869551,"label":"University of Strathclyde"}],"conceptId":3},{"topicData":[{"numberOfDocuments":1.317099656029699,"label":"Heriot-Watt University"},{"numberOfDocuments":0.8861598247636007,"label":"Robert Gordon University"},{"numberOfDocuments":0.2521643075711755,"label":"Glasgow Caledonian University"},{"numberOfDocuments":2.56390992499474,"label":"Queen Margaret University"},{"numberOfDocuments":7.28908370445526,"label":"University of Dundee"},{"numberOfDocuments":1.5034393491517846,"label":"University of the Highlands and Islands"},{"numberOfDocuments":2.0175552795759826,"label":"Edinburgh Napier University"},{"numberOfDocuments":4.112241791746374,"label":"University of Stirling"},{"numberOfDocuments":0.24066586891395303,"label":"Abertay University"},{"numberOfDocuments":7.000521312757098,"label":"University of Aberdeen"},{"numberOfDocuments":18.06124680045878,"label":"University of Edinburgh"},{"numberOfDocuments":0.3827248297837412,"label":"University of the West of Scotland"},{"numberOfDocuments":17.341890253294068,"label":"University of Glasgow"},{"numberOfDocuments":5.000413328068429,"label":"University of St Andrews"},{"numberOfDocuments":6.46944826656965,"label":"University of Strathclyde"}],"conceptId":4},{"topicData":[{"numberOfDocuments":0.46781618608262343,"label":"Heriot-Watt University"},{"numberOfDocuments":0.21910987317722364,"label":"Robert Gordon University"},{"numberOfDocuments":1.1016606607627226,"label":"Glasgow Caledonian University"},{"numberOfDocuments":1.613024591899161,"label":"Queen Margaret University"},{"numberOfDocuments":9.642773625925807,"label":"University of Dundee"},{"numberOfDocuments":1.5417569730091758,"label":"University of the Highlands and Islands"},{"numberOfDocuments":2.1912335326280683,"label":"Edinburgh Napier University"},{"numberOfDocuments":16.118460877012648,"label":"University of Stirling"},{"numberOfDocuments":0.3473430071763919,"label":"Abertay University"},{"numberOfDocuments":2.4198639824671226,"label":"University of Aberdeen"},{"numberOfDocuments":8.582859431626115,"label":"University of Edinburgh"},{"numberOfDocuments":0.4855063615933181,"label":"University of the West of Scotland"},{"numberOfDocuments":11.847281930601111,"label":"University of Glasgow"},{"numberOfDocuments":4.61181702706182,"label":"University of St Andrews"},{"numberOfDocuments":3.7806138122020925,"label":"University of Strathclyde"}],"conceptId":5},{"topicData":[{"numberOfDocuments":0.45151478707409964,"label":"Heriot-Watt University"},{"numberOfDocuments":0.46058369456506926,"label":"Robert Gordon University"},{"numberOfDocuments":0.05238970588235294,"label":"Glasgow Caledonian University"},{"numberOfDocuments":0.03321805659146,"label":"Queen Margaret University"},{"numberOfDocuments":11.758548613732081,"label":"University of Dundee"},{"numberOfDocuments":1.4219170431454962,"label":"University of the Highlands and Islands"},{"numberOfDocuments":0.3452627389526911,"label":"Edinburgh Napier University"},{"numberOfDocuments":0.8691051466662486,"label":"University of Stirling"},{"numberOfDocuments":0.1998568799836434,"label":"Abertay University"},{"numberOfDocuments":3.96882813440642,"label":"University of Aberdeen"},{"numberOfDocuments":25.024484471241205,"label":"University of Edinburgh"},{"numberOfDocuments":0.02002926650813975,"label":"University of the West of Scotland"},{"numberOfDocuments":34.136721182994414,"label":"University of Glasgow"},{"numberOfDocuments":7.9390320799451315,"label":"University of St Andrews"},{"numberOfDocuments":1.2160192025374532,"label":"University of Strathclyde"}],"conceptId":6},{"topicData":[{"numberOfDocuments":0.5224799092602819,"label":"Heriot-Watt University"},{"numberOfDocuments":0.6608381246824785,"label":"Robert Gordon University"},{"numberOfDocuments":0.09023200105765034,"label":"Glasgow Caledonian University"},{"numberOfDocuments":0.6940087324758852,"label":"Queen Margaret University"},{"numberOfDocuments":13.762146325219744,"label":"University of Dundee"},{"numberOfDocuments":0.6772653425669206,"label":"University of the Highlands and Islands"},{"numberOfDocuments":0.36268461557549075,"label":"Edinburgh Napier University"},{"numberOfDocuments":1.6085730139174714,"label":"University of Stirling"},{"numberOfDocuments":0.0136986301369863,"label":"Abertay University"},{"numberOfDocuments":15.09152534187354,"label":"University of Aberdeen"},{"numberOfDocuments":24.108300982190755,"label":"University of Edinburgh"},{"numberOfDocuments":0.4389772698757217,"label":"University of the West of Scotland"},{"numberOfDocuments":40.24968709069821,"label":"University of Glasgow"},{"numberOfDocuments":6.44641514502621,"label":"University of St Andrews"},{"numberOfDocuments":4.4419965831117585,"label":"University of Strathclyde"}],"conceptId":7},{"topicData":[{"numberOfDocuments":0.5316839911941196,"label":"Heriot-Watt University"},{"numberOfDocuments":0.07125268925098022,"label":"Robert Gordon University"},{"numberOfDocuments":1.2103236805564588,"label":"Glasgow Caledonian University"},{"numberOfDocuments":0.08240526575527055,"label":"Queen Margaret University"},{"numberOfDocuments":6.666430306654344,"label":"University of Dundee"},{"numberOfDocuments":1.0565678256388022,"label":"University of the Highlands and Islands"},{"numberOfDocuments":0.9593841824379449,"label":"Edinburgh Napier University"},{"numberOfDocuments":2.7851300797807506,"label":"University of Stirling"},{"numberOfDocuments":0.10678361684234525,"label":"Abertay University"},{"numberOfDocuments":4.854530919913452,"label":"University of Aberdeen"},{"numberOfDocuments":31.23440647297401,"label":"University of Edinburgh"},{"numberOfDocuments":0.46973299912450284,"label":"University of the West of Scotland"},{"numberOfDocuments":18.7329095030942,"label":"University of Glasgow"},{"numberOfDocuments":4.2643969170629905,"label":"University of St Andrews"},{"numberOfDocuments":1.3720187914356508,"label":"University of Strathclyde"}],"conceptId":8},{"topicData":[{"numberOfDocuments":1.2058409830047374,"label":"Heriot-Watt University"},{"numberOfDocuments":4.001832284746926,"label":"Robert Gordon University"},{"numberOfDocuments":0.2858215411175963,"label":"Glasgow Caledonian University"},{"numberOfDocuments":0.11846194056388318,"label":"Queen Margaret University"},{"numberOfDocuments":8.746497819467686,"label":"University of Dundee"},{"numberOfDocuments":1.188083346406173,"label":"University of the Highlands and Islands"},{"numberOfDocuments":0.2281015037593985,"label":"Edinburgh Napier University"},{"numberOfDocuments":1.3418890579786356,"label":"University of Stirling"},{"numberOfDocuments":2.0489307734957687,"label":"Abertay University"},{"numberOfDocuments":6.19484003149233,"label":"University of Aberdeen"},{"numberOfDocuments":16.362804463624983,"label":"University of Edinburgh"},{"numberOfDocuments":0.5090866842271335,"label":"University of the West of Scotland"},{"numberOfDocuments":18.776954838255904,"label":"University of Glasgow"},{"numberOfDocuments":4.985133787911931,"label":"University of St Andrews"},{"numberOfDocuments":9.62501074228625,"label":"University of Strathclyde"}],"conceptId":9},{"topicData":[{"numberOfDocuments":2.9061751682953414,"label":"Heriot-Watt University"},{"numberOfDocuments":0.5780948675311607,"label":"Robert Gordon University"},{"numberOfDocuments":0.04482881251152944,"label":"Glasgow Caledonian University"},{"numberOfDocuments":0.1527911009173657,"label":"Queen Margaret University"},{"numberOfDocuments":14.271877814855545,"label":"University of Dundee"},{"numberOfDocuments":1.1946538557937878,"label":"University of the Highlands and Islands"},{"numberOfDocuments":0.5146436356627568,"label":"Edinburgh Napier University"},{"numberOfDocuments":1.6778171226793237,"label":"University of Stirling"},{"numberOfDocuments":0.3670253153903448,"label":"Abertay University"},{"numberOfDocuments":9.639532940380542,"label":"University of Aberdeen"},{"numberOfDocuments":41.19561861307784,"label":"University of Edinburgh"},{"numberOfDocuments":0.26094717781365884,"label":"University of the West of Scotland"},{"numberOfDocuments":49.10892850139364,"label":"University of Glasgow"},{"numberOfDocuments":5.846949137039526,"label":"University of St Andrews"},{"numberOfDocuments":9.674993445358258,"label":"University of Strathclyde"}],"conceptId":10},{"topicData":[{"numberOfDocuments":0.9400090345326508,"label":"Heriot-Watt University"},{"numberOfDocuments":0.05232558139534883,"label":"Robert Gordon University"},{"numberOfDocuments":0.0,"label":"Glasgow Caledonian University"},{"numberOfDocuments":0.11347448382290336,"label":"Queen Margaret University"},{"numberOfDocuments":1.4176904924162208,"label":"University of Dundee"},{"numberOfDocuments":0.06557377049180328,"label":"University of the Highlands and Islands"},{"numberOfDocuments":0.2018037275276266,"label":"Edinburgh Napier University"},{"numberOfDocuments":0.6514036280171728,"label":"University of Stirling"},{"numberOfDocuments":0.17543859649122806,"label":"Abertay University"},{"numberOfDocuments":3.204322297980422,"label":"University of Aberdeen"},{"numberOfDocuments":1.665609373318962,"label":"University of Edinburgh"},{"numberOfDocuments":0.16503729086877647,"label":"University of the West of Scotland"},{"numberOfDocuments":6.813315727876019,"label":"University of Glasgow"},{"numberOfDocuments":0.8676584785543642,"label":"University of St Andrews"},{"numberOfDocuments":2.250489090298093,"label":"University of Strathclyde"}],"conceptId":11},{"topicData":[{"numberOfDocuments":0.37950208483469033,"label":"Heriot-Watt University"},{"numberOfDocuments":0.7138842836071884,"label":"Robert Gordon University"},{"numberOfDocuments":0.21125541125541125,"label":"Glasgow Caledonian University"},{"numberOfDocuments":0.11881464402862923,"label":"Queen Margaret University"},{"numberOfDocuments":9.0430120724136,"label":"University of Dundee"},{"numberOfDocuments":1.7191659274615576,"label":"University of the Highlands and Islands"},{"numberOfDocuments":0.8318038124567114,"label":"Edinburgh Napier University"},{"numberOfDocuments":3.4887700028606186,"label":"University of Stirling"},{"numberOfDocuments":0.019569288389513106,"label":"Abertay University"},{"numberOfDocuments":4.389525432798156,"label":"University of Aberdeen"},{"numberOfDocuments":11.741816301665041,"label":"University of Edinburgh"},{"numberOfDocuments":0.03908531659727832,"label":"University of the West of Scotland"},{"numberOfDocuments":7.844133628051069,"label":"University of Glasgow"},{"numberOfDocuments":1.2833583735627863,"label":"University of St Andrews"},{"numberOfDocuments":4.091745512628815,"label":"University of Strathclyde"}],"conceptId":12},{"topicData":[{"numberOfDocuments":0.31515957446808507,"label":"Heriot-Watt University"},{"numberOfDocuments":0.19230769230769232,"label":"Robert Gordon University"},{"numberOfDocuments":0.0,"label":"Glasgow Caledonian University"},{"numberOfDocuments":0.24808143790063958,"label":"Queen Margaret University"},{"numberOfDocuments":2.869834223778738,"label":"University of Dundee"},{"numberOfDocuments":2.6900846337006064,"label":"University of the Highlands and Islands"},{"numberOfDocuments":0.008333333333333333,"label":"Edinburgh Napier University"},{"numberOfDocuments":0.1457234889662766,"label":"University of Stirling"},{"numberOfDocuments":0.2923076923076923,"label":"Abertay University"},{"numberOfDocuments":2.106889138712699,"label":"University of Aberdeen"},{"numberOfDocuments":8.046219149863946,"label":"University of Edinburgh"},{"numberOfDocuments":0.1449491525423729,"label":"University of the West of Scotland"},{"numberOfDocuments":10.759398114545686,"label":"University of Glasgow"},{"numberOfDocuments":1.9283253014436321,"label":"University of St Andrews"},{"numberOfDocuments":0.976466925449912,"label":"University of Strathclyde"}],"conceptId":13},{"topicData":[{"numberOfDocuments":0.13712816369110373,"label":"Heriot-Watt University"},{"numberOfDocuments":0.15255723545719108,"label":"Robert Gordon University"},{"numberOfDocuments":0.7500038192701313,"label":"Glasgow Caledonian University"},{"numberOfDocuments":0.34794392927858686,"label":"Queen Margaret University"},{"numberOfDocuments":7.975343043743943,"label":"University of Dundee"},{"numberOfDocuments":0.20735523695373462,"label":"University of the Highlands and Islands"},{"numberOfDocuments":0.08909752621979025,"label":"Edinburgh Napier University"},{"numberOfDocuments":1.6533782947827367,"label":"University of Stirling"},{"numberOfDocuments":0.08936854651710573,"label":"Abertay University"},{"numberOfDocuments":7.882473525997332,"label":"University of Aberdeen"},{"numberOfDocuments":18.597480935080128,"label":"University of Edinburgh"},{"numberOfDocuments":0.034482758620689655,"label":"University of the West of Scotland"},{"numberOfDocuments":41.047704133395015,"label":"University of Glasgow"},{"numberOfDocuments":3.672319051376478,"label":"University of St Andrews"},{"numberOfDocuments":5.8683254071890225,"label":"University of Strathclyde"}],"conceptId":14},{"topicData":[{"numberOfDocuments":0.3256985267079163,"label":"Heriot-Watt University"},{"numberOfDocuments":0.06724903224744846,"label":"Robert Gordon University"},{"numberOfDocuments":0.16524088753698982,"label":"Glasgow Caledonian University"},{"numberOfDocuments":0.6737417571844294,"label":"Queen Margaret University"},{"numberOfDocuments":2.8899415799617887,"label":"University of Dundee"},{"numberOfDocuments":1.4216199703629921,"label":"University of the Highlands and Islands"},{"numberOfDocuments":0.6724994120888671,"label":"Edinburgh Napier University"},{"numberOfDocuments":1.6770137419716107,"label":"University of Stirling"},{"numberOfDocuments":0.19642857142857142,"label":"Abertay University"},{"numberOfDocuments":4.887413273838687,"label":"University of Aberdeen"},{"numberOfDocuments":15.529203416840708,"label":"University of Edinburgh"},{"numberOfDocuments":0.8929631680505227,"label":"University of the West of Scotland"},{"numberOfDocuments":26.466916165401308,"label":"University of Glasgow"},{"numberOfDocuments":1.6514320349576108,"label":"University of St Andrews"},{"numberOfDocuments":2.271727385507281,"label":"University of Strathclyde"}],"conceptId":15},{"topicData":[{"numberOfDocuments":0.11333333333333334,"label":"Heriot-Watt University"},{"numberOfDocuments":0.644305750686075,"label":"Robert Gordon University"},{"numberOfDocuments":0.3008105369807498,"label":"Glasgow Caledonian University"},{"numberOfDocuments":0.11872516109117569,"label":"Queen Margaret University"},{"numberOfDocuments":2.8338419811221534,"label":"University of Dundee"},{"numberOfDocuments":0.08383869011522135,"label":"University of the Highlands and Islands"},{"numberOfDocuments":0.37627288111387414,"label":"Edinburgh Napier University"},{"numberOfDocuments":0.5942768550087232,"label":"University of Stirling"},{"numberOfDocuments":0.0,"label":"Abertay University"},{"numberOfDocuments":3.0622603565480535,"label":"University of Aberdeen"},{"numberOfDocuments":6.72674480435542,"label":"University of Edinburgh"},{"numberOfDocuments":0.09660511613369537,"label":"University of the West of Scotland"},{"numberOfDocuments":6.883725585614067,"label":"University of Glasgow"},{"numberOfDocuments":0.40530870737444225,"label":"University of St Andrews"},{"numberOfDocuments":1.479567367922034,"label":"University of Strathclyde"}],"conceptId":16},{"topicData":[{"numberOfDocuments":0.20208448117539027,"label":"Heriot-Watt University"},{"numberOfDocuments":0.16810042431838035,"label":"Robert Gordon University"},{"numberOfDocuments":0.09302325581395349,"label":"Glasgow Caledonian University"},{"numberOfDocuments":0.09635866049659153,"label":"Queen Margaret University"},{"numberOfDocuments":12.742181932437019,"label":"University of Dundee"},{"numberOfDocuments":0.10041666666666667,"label":"University of the Highlands and Islands"},{"numberOfDocuments":0.30359771032987226,"label":"Edinburgh Napier University"},{"numberOfDocuments":4.122451291478407,"label":"University of Stirling"},{"numberOfDocuments":0.041880341880341884,"label":"Abertay University"},{"numberOfDocuments":1.4156377956449244,"label":"University of Aberdeen"},{"numberOfDocuments":4.267502431028133,"label":"University of Edinburgh"},{"numberOfDocuments":0.023622375611159045,"label":"University of the West of Scotland"},{"numberOfDocuments":4.228296420773128,"label":"University of Glasgow"},{"numberOfDocuments":0.44178642782580135,"label":"University of St Andrews"},{"numberOfDocuments":0.5839114790824134,"label":"University of Strathclyde"}],"conceptId":17}]