[{"topicData":[{"numberOfDocuments":0.0,"label":"Heriot-Watt University"},{"numberOfDocuments":0.0,"label":"Robert Gordon University"},{"numberOfDocuments":0.0,"label":"Glasgow Caledonian University"},{"numberOfDocuments":0.0,"label":"Queen Margaret University"},{"numberOfDocuments":0.0,"label":"University of Dundee"},{"numberOfDocuments":0.0,"label":"University of the Highlands and Islands"},{"numberOfDocuments":0.0,"label":"Edinburgh Napier University"},{"numberOfDocuments":0.0,"label":"University of Stirling"},{"numberOfDocuments":0.0,"label":"Abertay University"},{"numberOfDocuments":0.0,"label":"University of Aberdeen"},{"numberOfDocuments":0.0,"label":"University of Edinburgh"},{"numberOfDocuments":0.0,"label":"University of the West of Scotland"},{"numberOfDocuments":0.0,"label":"University of Glasgow"},{"numberOfDocuments":0.0,"label":"University of St Andrews"},{"numberOfDocuments":0.0,"label":"University of Strathclyde"}],"conceptId":-1},{"topicData":[{"numberOfDocuments":0.13411116303741258,"label":"Heriot-Watt University"},{"numberOfDocuments":0.04912797838368951,"label":"Robert Gordon University"},{"numberOfDocuments":0.012345679012345678,"label":"Glasgow Caledonian University"},{"numberOfDocuments":0.046242774566473986,"label":"Queen Margaret University"},{"numberOfDocuments":2.3551377910935356,"label":"University of Dundee"},{"numberOfDocuments":0.0792273773006135,"label":"University of the Highlands and Islands"},{"numberOfDocuments":0.10256410256410256,"label":"Edinburgh Napier University"},{"numberOfDocuments":0.521718345197277,"label":"University of Stirling"},{"numberOfDocuments":0.045454545454545456,"label":"Abertay University"},{"numberOfDocuments":0.6739276664523518,"label":"University of Aberdeen"},{"numberOfDocuments":2.3363517645591676,"label":"University of Edinburgh"},{"numberOfDocuments":0.026086956521739132,"label":"University of the West of Scotland"},{"numberOfDocuments":5.842546276475053,"label":"University of Glasgow"},{"numberOfDocuments":0.010526315789473684,"label":"University of St Andrews"},{"numberOfDocuments":0.19067474771721302,"label":"University of Strathclyde"}],"conceptId":0},{"topicData":[{"numberOfDocuments":0.02127659574468085,"label":"Heriot-Watt University"},{"numberOfDocuments":0.25589543188249564,"label":"Robert Gordon University"},{"numberOfDocuments":0.012345679012345678,"label":"Glasgow Caledonian University"},{"numberOfDocuments":2.975048363381478,"label":"Queen Margaret University"},{"numberOfDocuments":3.0726374006468964,"label":"University of Dundee"},{"numberOfDocuments":0.11867018147121852,"label":"University of the Highlands and Islands"},{"numberOfDocuments":0.5745439639270342,"label":"Edinburgh Napier University"},{"numberOfDocuments":0.8432933612464175,"label":"University of Stirling"},{"numberOfDocuments":0.0,"label":"Abertay University"},{"numberOfDocuments":1.585862158194212,"label":"University of Aberdeen"},{"numberOfDocuments":6.491876172307601,"label":"University of Edinburgh"},{"numberOfDocuments":0.29047619047619044,"label":"University of the West of Scotland"},{"numberOfDocuments":13.99703067921394,"label":"University of Glasgow"},{"numberOfDocuments":0.890859267573364,"label":"University of St Andrews"},{"numberOfDocuments":2.612916811018015,"label":"University of Strathclyde"}],"conceptId":1},{"topicData":[{"numberOfDocuments":0.09275125911220775,"label":"Heriot-Watt University"},{"numberOfDocuments":0.1189505201503628,"label":"Robert Gordon University"},{"numberOfDocuments":0.03224137038762097,"label":"Glasgow Caledonian University"},{"numberOfDocuments":0.7451489096914738,"label":"Queen Margaret University"},{"numberOfDocuments":7.292908134892717,"label":"University of Dundee"},{"numberOfDocuments":0.6370762770420807,"label":"University of the Highlands and Islands"},{"numberOfDocuments":1.0148217565385564,"label":"Edinburgh Napier University"},{"numberOfDocuments":0.8093048597410168,"label":"University of Stirling"},{"numberOfDocuments":0.0,"label":"Abertay University"},{"numberOfDocuments":4.421832921525466,"label":"University of Aberdeen"},{"numberOfDocuments":10.323647090589219,"label":"University of Edinburgh"},{"numberOfDocuments":0.8253658628565883,"label":"University of the West of Scotland"},{"numberOfDocuments":52.001646116585746,"label":"University of Glasgow"},{"numberOfDocuments":1.3736763051057304,"label":"University of St Andrews"},{"numberOfDocuments":0.8689708832879677,"label":"University of Strathclyde"}],"conceptId":2},{"topicData":[{"numberOfDocuments":0.02982485128883014,"label":"Heriot-Watt University"},{"numberOfDocuments":0.0,"label":"Robert Gordon University"},{"numberOfDocuments":0.046875,"label":"Glasgow Caledonian University"},{"numberOfDocuments":0.0,"label":"Queen Margaret University"},{"numberOfDocuments":2.1656810980457686,"label":"University of Dundee"},{"numberOfDocuments":0.08440274820836578,"label":"University of the Highlands and Islands"},{"numberOfDocuments":0.02239819004524887,"label":"Edinburgh Napier University"},{"numberOfDocuments":0.12360700608113939,"label":"University of Stirling"},{"numberOfDocuments":0.0,"label":"Abertay University"},{"numberOfDocuments":0.17792207792207793,"label":"University of Aberdeen"},{"numberOfDocuments":4.702622963439005,"label":"University of Edinburgh"},{"numberOfDocuments":0.056503353747448234,"label":"University of the West of Scotland"},{"numberOfDocuments":13.827663368342952,"label":"University of Glasgow"},{"numberOfDocuments":0.2995230188738226,"label":"University of St Andrews"},{"numberOfDocuments":0.5032988027614297,"label":"University of Strathclyde"}],"conceptId":3},{"topicData":[{"numberOfDocuments":0.12024730012534889,"label":"Heriot-Watt University"},{"numberOfDocuments":1.4962001798284157,"label":"Robert Gordon University"},{"numberOfDocuments":0.1875356350966107,"label":"Glasgow Caledonian University"},{"numberOfDocuments":0.5161840330064082,"label":"Queen Margaret University"},{"numberOfDocuments":10.343502174966176,"label":"University of Dundee"},{"numberOfDocuments":0.7360653776067945,"label":"University of the Highlands and Islands"},{"numberOfDocuments":0.8816114520143596,"label":"Edinburgh Napier University"},{"numberOfDocuments":2.9889795203461125,"label":"University of Stirling"},{"numberOfDocuments":0.044444444444444446,"label":"Abertay University"},{"numberOfDocuments":3.198916077167636,"label":"University of Aberdeen"},{"numberOfDocuments":10.33951339259321,"label":"University of Edinburgh"},{"numberOfDocuments":0.689685284808113,"label":"University of the West of Scotland"},{"numberOfDocuments":30.56162717453032,"label":"University of Glasgow"},{"numberOfDocuments":0.6228643073471773,"label":"University of St Andrews"},{"numberOfDocuments":1.378250514027617,"label":"University of Strathclyde"}],"conceptId":4},{"topicData":[{"numberOfDocuments":0.02127659574468085,"label":"Heriot-Watt University"},{"numberOfDocuments":0.0,"label":"Robert Gordon University"},{"numberOfDocuments":0.025641025641025644,"label":"Glasgow Caledonian University"},{"numberOfDocuments":0.06201671891327064,"label":"Queen Margaret University"},{"numberOfDocuments":0.5804305928349583,"label":"University of Dundee"},{"numberOfDocuments":0.3962481316276886,"label":"University of the Highlands and Islands"},{"numberOfDocuments":0.045454545454545456,"label":"Edinburgh Napier University"},{"numberOfDocuments":0.9679161331486223,"label":"University of Stirling"},{"numberOfDocuments":0.07427404718693284,"label":"Abertay University"},{"numberOfDocuments":0.4051720215096187,"label":"University of Aberdeen"},{"numberOfDocuments":5.563493910887954,"label":"University of Edinburgh"},{"numberOfDocuments":0.010526315789473684,"label":"University of the West of Scotland"},{"numberOfDocuments":4.1713469911612115,"label":"University of Glasgow"},{"numberOfDocuments":0.27786537647168597,"label":"University of St Andrews"},{"numberOfDocuments":0.7136663409674108,"label":"University of Strathclyde"}],"conceptId":5},{"topicData":[{"numberOfDocuments":0.24769706674468847,"label":"Heriot-Watt University"},{"numberOfDocuments":0.1645682001614205,"label":"Robert Gordon University"},{"numberOfDocuments":0.6648410231743566,"label":"Glasgow Caledonian University"},{"numberOfDocuments":0.2971567018276932,"label":"Queen Margaret University"},{"numberOfDocuments":4.380163540493577,"label":"University of Dundee"},{"numberOfDocuments":0.3166701094962669,"label":"University of the Highlands and Islands"},{"numberOfDocuments":0.10585323138486524,"label":"Edinburgh Napier University"},{"numberOfDocuments":0.3647817880536934,"label":"University of Stirling"},{"numberOfDocuments":0.266528884846332,"label":"Abertay University"},{"numberOfDocuments":1.7843735692406753,"label":"University of Aberdeen"},{"numberOfDocuments":13.002858791196601,"label":"University of Edinburgh"},{"numberOfDocuments":0.15577619843924193,"label":"University of the West of Scotland"},{"numberOfDocuments":18.61511664446903,"label":"University of Glasgow"},{"numberOfDocuments":0.49829442191806794,"label":"University of St Andrews"},{"numberOfDocuments":0.837305028025494,"label":"University of Strathclyde"}],"conceptId":6},{"topicData":[{"numberOfDocuments":0.04041392337117892,"label":"Heriot-Watt University"},{"numberOfDocuments":0.0,"label":"Robert Gordon University"},{"numberOfDocuments":0.01597676107480029,"label":"Glasgow Caledonian University"},{"numberOfDocuments":0.006622516556291391,"label":"Queen Margaret University"},{"numberOfDocuments":9.057254806337838,"label":"University of Dundee"},{"numberOfDocuments":0.030534351145038167,"label":"University of the Highlands and Islands"},{"numberOfDocuments":0.04052892561983471,"label":"Edinburgh Napier University"},{"numberOfDocuments":0.5434736013366499,"label":"University of Stirling"},{"numberOfDocuments":0.12425074925074926,"label":"Abertay University"},{"numberOfDocuments":0.9618324996310187,"label":"University of Aberdeen"},{"numberOfDocuments":1.7190853667424666,"label":"University of Edinburgh"},{"numberOfDocuments":0.09411764705882353,"label":"University of the West of Scotland"},{"numberOfDocuments":37.15043081112046,"label":"University of Glasgow"},{"numberOfDocuments":0.5728112951525428,"label":"University of St Andrews"},{"numberOfDocuments":1.1038201386427555,"label":"University of Strathclyde"}],"conceptId":7},{"topicData":[{"numberOfDocuments":0.024489795918367346,"label":"Heriot-Watt University"},{"numberOfDocuments":0.1525635579373897,"label":"Robert Gordon University"},{"numberOfDocuments":0.00684931506849315,"label":"Glasgow Caledonian University"},{"numberOfDocuments":0.03422956532010395,"label":"Queen Margaret University"},{"numberOfDocuments":3.606048723099295,"label":"University of Dundee"},{"numberOfDocuments":0.6289100352694397,"label":"University of the Highlands and Islands"},{"numberOfDocuments":0.24356280392580082,"label":"Edinburgh Napier University"},{"numberOfDocuments":1.283045936774752,"label":"University of Stirling"},{"numberOfDocuments":0.32158256175922634,"label":"Abertay University"},{"numberOfDocuments":4.259957656995143,"label":"University of Aberdeen"},{"numberOfDocuments":2.5782486720476374,"label":"University of Edinburgh"},{"numberOfDocuments":0.08045977011494253,"label":"University of the West of Scotland"},{"numberOfDocuments":3.3809555890925798,"label":"University of Glasgow"},{"numberOfDocuments":1.053404519423952,"label":"University of St Andrews"},{"numberOfDocuments":0.3129600585126486,"label":"University of Strathclyde"}],"conceptId":8},{"topicData":[{"numberOfDocuments":1.445620719325766,"label":"Heriot-Watt University"},{"numberOfDocuments":0.43545344372047556,"label":"Robert Gordon University"},{"numberOfDocuments":1.1471453763249302,"label":"Glasgow Caledonian University"},{"numberOfDocuments":12.8750978885407,"label":"Queen Margaret University"},{"numberOfDocuments":7.715824636205223,"label":"University of Dundee"},{"numberOfDocuments":0.8824930213718244,"label":"University of the Highlands and Islands"},{"numberOfDocuments":1.3012293369659877,"label":"Edinburgh Napier University"},{"numberOfDocuments":2.9413202558886122,"label":"University of Stirling"},{"numberOfDocuments":0.6424264077036862,"label":"Abertay University"},{"numberOfDocuments":2.998215786048527,"label":"University of Aberdeen"},{"numberOfDocuments":14.14975011668016,"label":"University of Edinburgh"},{"numberOfDocuments":1.4276305789335553,"label":"University of the West of Scotland"},{"numberOfDocuments":22.567970003262378,"label":"University of Glasgow"},{"numberOfDocuments":2.600525154181694,"label":"University of St Andrews"},{"numberOfDocuments":3.5603120350872643,"label":"University of Strathclyde"}],"conceptId":9},{"topicData":[{"numberOfDocuments":1.726208099219524,"label":"Heriot-Watt University"},{"numberOfDocuments":0.8258228413463553,"label":"Robert Gordon University"},{"numberOfDocuments":1.6150297148977162,"label":"Glasgow Caledonian University"},{"numberOfDocuments":3.1403956263617667,"label":"Queen Margaret University"},{"numberOfDocuments":11.730474177706084,"label":"University of Dundee"},{"numberOfDocuments":1.0883043448923326,"label":"University of the Highlands and Islands"},{"numberOfDocuments":3.0014965974201213,"label":"Edinburgh Napier University"},{"numberOfDocuments":4.992167267866247,"label":"University of Stirling"},{"numberOfDocuments":0.42239693835242637,"label":"Abertay University"},{"numberOfDocuments":9.70655457165115,"label":"University of Aberdeen"},{"numberOfDocuments":42.90755272599131,"label":"University of Edinburgh"},{"numberOfDocuments":0.5945734252848239,"label":"University of the West of Scotland"},{"numberOfDocuments":62.29283536200957,"label":"University of Glasgow"},{"numberOfDocuments":4.557130219886418,"label":"University of St Andrews"},{"numberOfDocuments":6.9972191076680454,"label":"University of Strathclyde"}],"conceptId":10},{"topicData":[{"numberOfDocuments":0.4056221642367782,"label":"Heriot-Watt University"},{"numberOfDocuments":0.0,"label":"Robert Gordon University"},{"numberOfDocuments":0.1584915659298443,"label":"Glasgow Caledonian University"},{"numberOfDocuments":0.5074650434967194,"label":"Queen Margaret University"},{"numberOfDocuments":1.3355860903562502,"label":"University of Dundee"},{"numberOfDocuments":0.043546365914786965,"label":"University of the Highlands and Islands"},{"numberOfDocuments":0.5064911693958862,"label":"Edinburgh Napier University"},{"numberOfDocuments":0.4590774138520509,"label":"University of Stirling"},{"numberOfDocuments":0.0,"label":"Abertay University"},{"numberOfDocuments":4.6393868239883025,"label":"University of Aberdeen"},{"numberOfDocuments":22.53021279319495,"label":"University of Edinburgh"},{"numberOfDocuments":0.0506785411365564,"label":"University of the West of Scotland"},{"numberOfDocuments":34.64837525285578,"label":"University of Glasgow"},{"numberOfDocuments":0.5731681115620189,"label":"University of St Andrews"},{"numberOfDocuments":2.4017844915848197,"label":"University of Strathclyde"}],"conceptId":11},{"topicData":[{"numberOfDocuments":0.24627072863565663,"label":"Heriot-Watt University"},{"numberOfDocuments":0.5968878412059142,"label":"Robert Gordon University"},{"numberOfDocuments":0.39778885659366564,"label":"Glasgow Caledonian University"},{"numberOfDocuments":0.4377342169048166,"label":"Queen Margaret University"},{"numberOfDocuments":6.651321388213515,"label":"University of Dundee"},{"numberOfDocuments":0.21084876216380558,"label":"University of the Highlands and Islands"},{"numberOfDocuments":1.025453772598313,"label":"Edinburgh Napier University"},{"numberOfDocuments":0.931139767533385,"label":"University of Stirling"},{"numberOfDocuments":0.17944799726766303,"label":"Abertay University"},{"numberOfDocuments":3.6944313291444146,"label":"University of Aberdeen"},{"numberOfDocuments":9.736738842454953,"label":"University of Edinburgh"},{"numberOfDocuments":0.23635746270137462,"label":"University of the West of Scotland"},{"numberOfDocuments":38.18575998665837,"label":"University of Glasgow"},{"numberOfDocuments":0.8179160049136618,"label":"University of St Andrews"},{"numberOfDocuments":1.3933083006566909,"label":"University of Strathclyde"}],"conceptId":12},{"topicData":[{"numberOfDocuments":0.14393896190303376,"label":"Heriot-Watt University"},{"numberOfDocuments":0.8035077714455952,"label":"Robert Gordon University"},{"numberOfDocuments":0.6229103992367326,"label":"Glasgow Caledonian University"},{"numberOfDocuments":0.6264309631135618,"label":"Queen Margaret University"},{"numberOfDocuments":6.607222049804441,"label":"University of Dundee"},{"numberOfDocuments":0.13038956982087516,"label":"University of the Highlands and Islands"},{"numberOfDocuments":0.12680071640717652,"label":"Edinburgh Napier University"},{"numberOfDocuments":1.4706876182424042,"label":"University of Stirling"},{"numberOfDocuments":0.0,"label":"Abertay University"},{"numberOfDocuments":4.379067351344535,"label":"University of Aberdeen"},{"numberOfDocuments":8.204504325581976,"label":"University of Edinburgh"},{"numberOfDocuments":0.36218969597602474,"label":"University of the West of Scotland"},{"numberOfDocuments":12.727754849071953,"label":"University of Glasgow"},{"numberOfDocuments":2.293987955695631,"label":"University of St Andrews"},{"numberOfDocuments":6.430655464265375,"label":"University of Strathclyde"}],"conceptId":13},{"topicData":[{"numberOfDocuments":0.9214102024261723,"label":"Heriot-Watt University"},{"numberOfDocuments":0.6137349121710461,"label":"Robert Gordon University"},{"numberOfDocuments":0.023309037124877103,"label":"Glasgow Caledonian University"},{"numberOfDocuments":0.4037073490813648,"label":"Queen Margaret University"},{"numberOfDocuments":13.865305260946002,"label":"University of Dundee"},{"numberOfDocuments":0.027222924568057312,"label":"University of the Highlands and Islands"},{"numberOfDocuments":1.0025358776980984,"label":"Edinburgh Napier University"},{"numberOfDocuments":0.6993083847463397,"label":"University of Stirling"},{"numberOfDocuments":0.03265822784810127,"label":"Abertay University"},{"numberOfDocuments":6.101905595538916,"label":"University of Aberdeen"},{"numberOfDocuments":24.675313669033876,"label":"University of Edinburgh"},{"numberOfDocuments":2.8642548968755657,"label":"University of the West of Scotland"},{"numberOfDocuments":42.49506728459502,"label":"University of Glasgow"},{"numberOfDocuments":2.047074244813995,"label":"University of St Andrews"},{"numberOfDocuments":4.989084913519584,"label":"University of Strathclyde"}],"conceptId":14},{"topicData":[{"numberOfDocuments":0.19778139616849294,"label":"Heriot-Watt University"},{"numberOfDocuments":0.647400747748552,"label":"Robert Gordon University"},{"numberOfDocuments":0.02068386265277457,"label":"Glasgow Caledonian University"},{"numberOfDocuments":0.2256831782611502,"label":"Queen Margaret University"},{"numberOfDocuments":9.719417285434224,"label":"University of Dundee"},{"numberOfDocuments":0.1531499436307872,"label":"University of the Highlands and Islands"},{"numberOfDocuments":0.25151317362223286,"label":"Edinburgh Napier University"},{"numberOfDocuments":0.8951606418145688,"label":"University of Stirling"},{"numberOfDocuments":0.032362715619560056,"label":"Abertay University"},{"numberOfDocuments":4.601798555009762,"label":"University of Aberdeen"},{"numberOfDocuments":14.022470805574473,"label":"University of Edinburgh"},{"numberOfDocuments":0.11580161251455312,"label":"University of the West of Scotland"},{"numberOfDocuments":19.895662748265593,"label":"University of Glasgow"},{"numberOfDocuments":3.5402138023129712,"label":"University of St Andrews"},{"numberOfDocuments":1.6540668512897347,"label":"University of Strathclyde"}],"conceptId":15},{"topicData":[{"numberOfDocuments":0.1520804037638978,"label":"Heriot-Watt University"},{"numberOfDocuments":0.010752688172043012,"label":"Robert Gordon University"},{"numberOfDocuments":0.07462686567164178,"label":"Glasgow Caledonian University"},{"numberOfDocuments":0.05701992753623188,"label":"Queen Margaret University"},{"numberOfDocuments":4.104799144583701,"label":"University of Dundee"},{"numberOfDocuments":0.18007093486157716,"label":"University of the Highlands and Islands"},{"numberOfDocuments":0.9205685809289205,"label":"Edinburgh Napier University"},{"numberOfDocuments":0.7151405728606859,"label":"University of Stirling"},{"numberOfDocuments":0.028846153846153848,"label":"Abertay University"},{"numberOfDocuments":1.8190580005630332,"label":"University of Aberdeen"},{"numberOfDocuments":27.185802437288846,"label":"University of Edinburgh"},{"numberOfDocuments":0.2237428683848121,"label":"University of the West of Scotland"},{"numberOfDocuments":33.54917690951447,"label":"University of Glasgow"},{"numberOfDocuments":0.6046536519178299,"label":"University of St Andrews"},{"numberOfDocuments":0.7462080926468743,"label":"University of Strathclyde"}],"conceptId":16},{"topicData":[{"numberOfDocuments":0.17860042794784975,"label":"Heriot-Watt University"},{"numberOfDocuments":0.6497626315327378,"label":"Robert Gordon University"},{"numberOfDocuments":1.6237837792428627,"label":"Glasgow Caledonian University"},{"numberOfDocuments":1.6358684884433674,"label":"Queen Margaret University"},{"numberOfDocuments":1.3117875561892511,"label":"University of Dundee"},{"numberOfDocuments":0.11177248677248677,"label":"University of the Highlands and Islands"},{"numberOfDocuments":2.432900445727625,"label":"Edinburgh Napier University"},{"numberOfDocuments":1.460619428095956,"label":"University of Stirling"},{"numberOfDocuments":0.17662835249042144,"label":"Abertay University"},{"numberOfDocuments":8.8302944083273,"label":"University of Aberdeen"},{"numberOfDocuments":18.251350848516935,"label":"University of Edinburgh"},{"numberOfDocuments":0.006578947368421052,"label":"University of the West of Scotland"},{"numberOfDocuments":27.00809046081888,"label":"University of Glasgow"},{"numberOfDocuments":1.1526821883745244,"label":"University of St Andrews"},{"numberOfDocuments":3.081840047477244,"label":"University of Strathclyde"}],"conceptId":17},{"topicData":[{"numberOfDocuments":0.025674678041177918,"label":"Heriot-Watt University"},{"numberOfDocuments":0.08296135502017855,"label":"Robert Gordon University"},{"numberOfDocuments":0.28695652173913044,"label":"Glasgow Caledonian University"},{"numberOfDocuments":0.2599490178437547,"label":"Queen Margaret University"},{"numberOfDocuments":13.403306302803314,"label":"University of Dundee"},{"numberOfDocuments":0.9057262908069359,"label":"University of the Highlands and Islands"},{"numberOfDocuments":0.2766494092658967,"label":"Edinburgh Napier University"},{"numberOfDocuments":1.1883482076385932,"label":"University of Stirling"},{"numberOfDocuments":0.0,"label":"Abertay University"},{"numberOfDocuments":1.1272130305097363,"label":"University of Aberdeen"},{"numberOfDocuments":7.779925396707422,"label":"University of Edinburgh"},{"numberOfDocuments":0.34690609998829175,"label":"University of the West of Scotland"},{"numberOfDocuments":11.307586537698002,"label":"University of Glasgow"},{"numberOfDocuments":0.24922368612101536,"label":"University of St Andrews"},{"numberOfDocuments":1.7949363543394696,"label":"University of Strathclyde"}],"conceptId":18},{"topicData":[{"numberOfDocuments":0.12887119498256366,"label":"Heriot-Watt University"},{"numberOfDocuments":0.04034072645451623,"label":"Robert Gordon University"},{"numberOfDocuments":0.026862494678586632,"label":"Glasgow Caledonian University"},{"numberOfDocuments":0.09776967153786861,"label":"Queen Margaret University"},{"numberOfDocuments":2.373877674932734,"label":"University of Dundee"},{"numberOfDocuments":0.3109037790971633,"label":"University of the Highlands and Islands"},{"numberOfDocuments":1.4220815328413585,"label":"Edinburgh Napier University"},{"numberOfDocuments":0.6320107837222428,"label":"University of Stirling"},{"numberOfDocuments":0.014184397163120567,"label":"Abertay University"},{"numberOfDocuments":3.8081611385698024,"label":"University of Aberdeen"},{"numberOfDocuments":14.051501916013597,"label":"University of Edinburgh"},{"numberOfDocuments":0.008403361344537815,"label":"University of the West of Scotland"},{"numberOfDocuments":34.21007216312776,"label":"University of Glasgow"},{"numberOfDocuments":0.3915096502355579,"label":"University of St Andrews"},{"numberOfDocuments":1.521798126161628,"label":"University of Strathclyde"}],"conceptId":19},{"topicData":[{"numberOfDocuments":0.6702455196962017,"label":"Heriot-Watt University"},{"numberOfDocuments":0.22995471208075277,"label":"Robert Gordon University"},{"numberOfDocuments":0.41995425957690113,"label":"Glasgow Caledonian University"},{"numberOfDocuments":0.5686789899636454,"label":"Queen Margaret University"},{"numberOfDocuments":6.178244324001196,"label":"University of Dundee"},{"numberOfDocuments":0.26858713469482004,"label":"University of the Highlands and Islands"},{"numberOfDocuments":0.19794323741353823,"label":"Edinburgh Napier University"},{"numberOfDocuments":1.0297079749134004,"label":"University of Stirling"},{"numberOfDocuments":0.022727272727272728,"label":"Abertay University"},{"numberOfDocuments":2.3977856729828706,"label":"University of Aberdeen"},{"numberOfDocuments":23.213558156469283,"label":"University of Edinburgh"},{"numberOfDocuments":0.18802921430491382,"label":"University of the West of Scotland"},{"numberOfDocuments":12.18180426037646,"label":"University of Glasgow"},{"numberOfDocuments":1.3066364007737556,"label":"University of St Andrews"},{"numberOfDocuments":1.73496683020085,"label":"University of Strathclyde"}],"conceptId":20},{"topicData":[{"numberOfDocuments":0.7534704067161873,"label":"Heriot-Watt University"},{"numberOfDocuments":0.8295896704863559,"label":"Robert Gordon University"},{"numberOfDocuments":1.095464263459198,"label":"Glasgow Caledonian University"},{"numberOfDocuments":2.661550256096495,"label":"Queen Margaret University"},{"numberOfDocuments":12.752383010419114,"label":"University of Dundee"},{"numberOfDocuments":1.2414120898471088,"label":"University of the Highlands and Islands"},{"numberOfDocuments":0.9963380031373972,"label":"Edinburgh Napier University"},{"numberOfDocuments":4.730923777446713,"label":"University of Stirling"},{"numberOfDocuments":0.5300762572359777,"label":"Abertay University"},{"numberOfDocuments":4.686514234709699,"label":"University of Aberdeen"},{"numberOfDocuments":16.464918253728214,"label":"University of Edinburgh"},{"numberOfDocuments":0.6301751736909534,"label":"University of the West of Scotland"},{"numberOfDocuments":22.204101563744928,"label":"University of Glasgow"},{"numberOfDocuments":1.689861953889317,"label":"University of St Andrews"},{"numberOfDocuments":6.356239167251028,"label":"University of Strathclyde"}],"conceptId":21},{"topicData":[{"numberOfDocuments":0.24709610402271953,"label":"Heriot-Watt University"},{"numberOfDocuments":0.22293377120963326,"label":"Robert Gordon University"},{"numberOfDocuments":0.0,"label":"Glasgow Caledonian University"},{"numberOfDocuments":0.26769116444565705,"label":"Queen Margaret University"},{"numberOfDocuments":4.754005022810548,"label":"University of Dundee"},{"numberOfDocuments":0.09907632152793443,"label":"University of the Highlands and Islands"},{"numberOfDocuments":1.254160477336738,"label":"Edinburgh Napier University"},{"numberOfDocuments":1.0560448851122328,"label":"University of Stirling"},{"numberOfDocuments":0.23105032005777254,"label":"Abertay University"},{"numberOfDocuments":2.0600117717307187,"label":"University of Aberdeen"},{"numberOfDocuments":4.162462054990613,"label":"University of Edinburgh"},{"numberOfDocuments":0.06796219602845917,"label":"University of the West of Scotland"},{"numberOfDocuments":29.08886063489131,"label":"University of Glasgow"},{"numberOfDocuments":0.36472387294227476,"label":"University of St Andrews"},{"numberOfDocuments":1.0387317776724128,"label":"University of Strathclyde"}],"conceptId":22}]