{"linkageTable":[{"node2":12,"distance":0.45934295569487,"node1":3},{"node2":5,"distance":0.477739258904075,"node1":2},{"node2":15,"distance":0.482987075999365,"node1":7},{"node2":10,"distance":0.48512336257834,"node1":4},{"node2":8,"distance":0.4858717092454175,"node1":16},{"node2":20,"distance":0.48757886938396333,"node1":17},{"node2":18,"distance":0.49025781604420154,"node1":21},{"node2":6,"distance":0.49165935621753,"node1":0},{"node2":9,"distance":0.492193105728855,"node1":22},{"node2":13,"distance":0.4937995993504994,"node1":24},{"node2":14,"distance":0.4944235149503375,"node1":23},{"node2":25,"distance":0.4945212700261426,"node1":26},{"node2":19,"distance":0.49524683419998,"node1":1},{"node2":28,"distance":0.49751491457776975,"node1":27},{"node2":11,"distance":0.49872703396958495,"node1":29}],"conceptsData":[{"conceptId":3,"clusterId":0,"hexCoordinates":{"x":0.0,"y":0.0},"labels":[{"weight":2303.0,"label":"event"},{"weight":377.0,"label":"volunteer"},{"weight":195.0,"label":"festival"},{"weight":166.0,"label":"motivation"},{"weight":132.0,"label":"legacy"},{"weight":130.0,"label":"impact"},{"weight":99.0,"label":"game"},{"weight":92.0,"label":"attendee"},{"weight":87.0,"label":"host"},{"weight":81.0,"label":"attend"},{"weight":81.0,"label":"mega"},{"weight":79.0,"label":"sport"},{"weight":76.0,"label":"organiser"},{"weight":59.0,"label":"commonwealth"},{"weight":59.0,"label":"suggest"},{"weight":52.0,"label":"industry"},{"weight":51.0,"label":"glasgow"},{"weight":47.0,"label":"experience"},{"weight":44.0,"label":"attendance"},{"weight":44.0,"label":"literature"},{"weight":37.0,"label":"case"},{"weight":36.0,"label":"positive"},{"weight":32.0,"label":"music"},{"weight":31.0,"label":"live"},{"weight":31.0,"label":"year"}]},{"conceptId":1,"clusterId":0,"hexCoordinates":{"x":5.196152422706632,"y":-3.0},"labels":[{"weight":140.0,"label":"roma"},{"weight":100.0,"label":"community"},{"weight":99.0,"label":"traveller"},{"weight":81.0,"label":"norm"},{"weight":77.0,"label":"gypsy"},{"weight":69.0,"label":"barrier"},{"weight":48.0,"label":"study"},{"weight":43.0,"label":"tri"},{"weight":40.0,"label":"immunisation"},{"weight":28.0,"label":"romanian"},{"weight":26.0,"label":"qualify"},{"weight":24.0,"label":"settle"},{"weight":24.0,"label":"identify"},{"weight":23.0,"label":"uptake"},{"weight":19.0,"label":"physiotherapist"},{"weight":19.0,"label":"readiness"},{"weight":19.0,"label":"speak"},{"weight":18.0,"label":"english"},{"weight":16.0,"label":"romania"},{"weight":16.0,"label":"irish"},{"weight":15.0,"label":"pseudo"},{"weight":14.0,"label":"ingroup"},{"weight":14.0,"label":"highly"},{"weight":14.0,"label":"improve"},{"weight":14.0,"label":"discrimination"}]},{"conceptId":2,"clusterId":0,"hexCoordinates":{"x":2.598076211353316,"y":-1.5},"labels":[{"weight":1733.0,"label":"experience"},{"weight":686.0,"label":"narrative"},{"weight":655.0,"label":"explore"},{"weight":640.0,"label":"life"},{"weight":534.0,"label":"live"},{"weight":476.0,"label":"research"},{"weight":464.0,"label":"interview"},{"weight":464.0,"label":"people"},{"weight":408.0,"label":"relationship"},{"weight":395.0,"label":"individual"},{"weight":374.0,"label":"social"},{"weight":339.0,"label":"understand"},{"weight":319.0,"label":"context"},{"weight":314.0,"label":"study"},{"weight":310.0,"label":"place"},{"weight":303.0,"label":"participant"},{"weight":301.0,"label":"sense"},{"weight":299.0,"label":"story"},{"weight":289.0,"label":"paper"},{"weight":280.0,"label":"understanding"},{"weight":272.0,"label":"personal"},{"weight":257.0,"label":"qualitative"},{"weight":250.0,"label":"everyday"},{"weight":239.0,"label":"identity"},{"weight":233.0,"label":"focus"}]},{"conceptId":12,"clusterId":0,"hexCoordinates":{"x":1.7320508075688772,"y":0.0},"labels":[{"weight":3468.0,"label":"research"},{"weight":2468.0,"label":"study"},{"weight":1082.0,"label":"qualitative"},{"weight":1008.0,"label":"method"},{"weight":842.0,"label":"data"},{"weight":686.0,"label":"analysis"},{"weight":674.0,"label":"approach"},{"weight":661.0,"label":"researcher"},{"weight":622.0,"label":"focus"},{"weight":614.0,"label":"finding"},{"weight":613.0,"label":"literature"},{"weight":598.0,"label":"quantitative"},{"weight":525.0,"label":"explore"},{"weight":435.0,"label":"conduct"},{"weight":424.0,"label":"aim"},{"weight":335.0,"label":"participant"},{"weight":323.0,"label":"provide"},{"weight":322.0,"label":"interview"},{"weight":318.0,"label":"mixed"},{"weight":316.0,"label":"discuss"},{"weight":308.0,"label":"understanding"},{"weight":290.0,"label":"present"},{"weight":287.0,"label":"project"},{"weight":277.0,"label":"investigate"},{"weight":250.0,"label":"involve"}]},{"conceptId":4,"clusterId":0,"hexCoordinates":{"x":4.330127018922193,"y":-1.5},"labels":[{"weight":257.0,"label":"migrant"},{"weight":147.0,"label":"country"},{"weight":134.0,"label":"immigrant"},{"weight":125.0,"label":"migration"},{"weight":100.0,"label":"immigration"},{"weight":81.0,"label":"fertility"},{"weight":78.0,"label":"british"},{"weight":76.0,"label":"mobility"},{"weight":67.0,"label":"cultural"},{"weight":52.0,"label":"host"},{"weight":48.0,"label":"resident"},{"weight":44.0,"label":"origin"},{"weight":44.0,"label":"bear"},{"weight":43.0,"label":"generation"},{"weight":42.0,"label":"culture"},{"weight":42.0,"label":"cross"},{"weight":41.0,"label":"acculturation"},{"weight":37.0,"label":"chinese"},{"weight":37.0,"label":"move"},{"weight":36.0,"label":"european"},{"weight":31.0,"label":"childlessness"},{"weight":31.0,"label":"destination"},{"weight":30.0,"label":"international"},{"weight":29.0,"label":"persian"},{"weight":29.0,"label":"migrate"}]},{"conceptId":7,"clusterId":0,"hexCoordinates":{"x":3.4641016151377544,"y":-3.0},"labels":[{"weight":612.0,"label":"migrant"},{"weight":567.0,"label":"migration"},{"weight":398.0,"label":"refugee"},{"weight":259.0,"label":"citizenship"},{"weight":204.0,"label":"integration"},{"weight":178.0,"label":"asylum"},{"weight":160.0,"label":"experience"},{"weight":152.0,"label":"policy"},{"weight":148.0,"label":"article"},{"weight":130.0,"label":"community"},{"weight":123.0,"label":"context"},{"weight":117.0,"label":"inclusion"},{"weight":116.0,"label":"cultural"},{"weight":114.0,"label":"explore"},{"weight":113.0,"label":"immigration"},{"weight":107.0,"label":"seeker"},{"weight":102.0,"label":"polish"},{"weight":97.0,"label":"crisis"},{"weight":95.0,"label":"border"},{"weight":95.0,"label":"social"},{"weight":91.0,"label":"process"},{"weight":88.0,"label":"focus"},{"weight":87.0,"label":"live"},{"weight":85.0,"label":"european"},{"weight":84.0,"label":"issue"}]},{"conceptId":8,"clusterId":0,"hexCoordinates":{"x":0.8660254037844386,"y":-1.5},"labels":[{"weight":3544.0,"label":"community"},{"weight":516.0,"label":"local"},{"weight":296.0,"label":"project"},{"weight":248.0,"label":"development"},{"weight":217.0,"label":"social"},{"weight":201.0,"label":"scotland"},{"weight":173.0,"label":"base"},{"weight":163.0,"label":"place"},{"weight":144.0,"label":"engagement"},{"weight":131.0,"label":"sustainability"},{"weight":130.0,"label":"approach"},{"weight":130.0,"label":"explore"},{"weight":124.0,"label":"rural"},{"weight":121.0,"label":"lead"},{"weight":121.0,"label":"develop"},{"weight":119.0,"label":"organisation"},{"weight":115.0,"label":"initiative"},{"weight":114.0,"label":"case"},{"weight":111.0,"label":"participation"},{"weight":111.0,"label":"activity"},{"weight":102.0,"label":"potential"},{"weight":101.0,"label":"contribute"},{"weight":95.0,"label":"paper"},{"weight":90.0,"label":"build"},{"weight":85.0,"label":"support"}]},{"conceptId":-1,"clusterId":-1,"hexCoordinates":{"x":9.526279441628825,"y":3.0},"labels":[{"weight":2500,"label":"Unclassified"},{"weight":0,"label":""},{"weight":0,"label":""},{"weight":0,"label":""},{"weight":0,"label":""},{"weight":0,"label":""},{"weight":0,"label":""},{"weight":0,"label":""},{"weight":0,"label":""},{"weight":0,"label":""},{"weight":0,"label":""}]},{"conceptId":9,"clusterId":0,"hexCoordinates":{"x":-0.8660254037844386,"y":-1.5},"labels":[{"weight":832.0,"label":"tourism"},{"weight":314.0,"label":"destination"},{"weight":307.0,"label":"tourist"},{"weight":246.0,"label":"visitor"},{"weight":136.0,"label":"experience"},{"weight":120.0,"label":"hospitality"},{"weight":108.0,"label":"visit"},{"weight":101.0,"label":"authenticity"},{"weight":93.0,"label":"heritage"},{"weight":88.0,"label":"attraction"},{"weight":83.0,"label":"host"},{"weight":82.0,"label":"travel"},{"weight":81.0,"label":"paper"},{"weight":73.0,"label":"study"},{"weight":67.0,"label":"site"},{"weight":66.0,"label":"tour"},{"weight":61.0,"label":"iran"},{"weight":59.0,"label":"industry"},{"weight":58.0,"label":"image"},{"weight":57.0,"label":"cultural"},{"weight":54.0,"label":"development"},{"weight":52.0,"label":"dark"},{"weight":50.0,"label":"hotel"},{"weight":48.0,"label":"finding"},{"weight":47.0,"label":"motivation"}]},{"conceptId":14,"clusterId":0,"hexCoordinates":{"x":2.598076211353316,"y":1.5},"labels":[{"weight":887.0,"label":"online"},{"weight":478.0,"label":"social"},{"weight":317.0,"label":"mooc"},{"weight":270.0,"label":"engagement"},{"weight":262.0,"label":"media"},{"weight":158.0,"label":"user"},{"weight":147.0,"label":"content"},{"weight":134.0,"label":"facebook"},{"weight":131.0,"label":"forum"},{"weight":126.0,"label":"site"},{"weight":124.0,"label":"community"},{"weight":121.0,"label":"engage"},{"weight":113.0,"label":"platform"},{"weight":109.0,"label":"participant"},{"weight":99.0,"label":"presence"},{"weight":92.0,"label":"network"},{"weight":90.0,"label":"peer"},{"weight":89.0,"label":"discussion"},{"weight":87.0,"label":"open"},{"weight":84.0,"label":"share"},{"weight":81.0,"label":"participation"},{"weight":77.0,"label":"offline"},{"weight":74.0,"label":"massive"},{"weight":74.0,"label":"interaction"},{"weight":72.0,"label":"paper"}]},{"conceptId":5,"clusterId":0,"hexCoordinates":{"x":3.4641016151377544,"y":0.0},"labels":[{"weight":1194.0,"label":"experience"},{"weight":434.0,"label":"participant"},{"weight":380.0,"label":"interview"},{"weight":334.0,"label":"study"},{"weight":318.0,"label":"stigma"},{"weight":251.0,"label":"people"},{"weight":224.0,"label":"theme"},{"weight":215.0,"label":"explore"},{"weight":194.0,"label":"individual"},{"weight":193.0,"label":"live"},{"weight":173.0,"label":"impact"},{"weight":166.0,"label":"analysis"},{"weight":150.0,"label":"finding"},{"weight":144.0,"label":"phenomenological"},{"weight":144.0,"label":"affect"},{"weight":137.0,"label":"qualitative"},{"weight":136.0,"label":"cope"},{"weight":135.0,"label":"result"},{"weight":130.0,"label":"feeling"},{"weight":130.0,"label":"negative"},{"weight":130.0,"label":"perception"},{"weight":130.0,"label":"aim"},{"weight":122.0,"label":"semi"},{"weight":116.0,"label":"conduct"},{"weight":116.0,"label":"seek"}]},{"conceptId":13,"clusterId":0,"hexCoordinates":{"x":0.0,"y":-3.0},"labels":[{"weight":1410.0,"label":"space"},{"weight":704.0,"label":"interaction"},{"weight":312.0,"label":"place"},{"weight":274.0,"label":"environment"},{"weight":260.0,"label":"people"},{"weight":222.0,"label":"physical"},{"weight":149.0,"label":"experience"},{"weight":148.0,"label":"social"},{"weight":144.0,"label":"human"},{"weight":123.0,"label":"explore"},{"weight":118.0,"label":"spatial"},{"weight":104.0,"label":"setting"},{"weight":85.0,"label":"interact"},{"weight":83.0,"label":"understand"},{"weight":79.0,"label":"focus"},{"weight":79.0,"label":"individual"},{"weight":78.0,"label":"geography"},{"weight":75.0,"label":"body"},{"weight":74.0,"label":"encounter"},{"weight":72.0,"label":"relationship"},{"weight":71.0,"label":"object"},{"weight":69.0,"label":"attention"},{"weight":61.0,"label":"movement"},{"weight":60.0,"label":"miss"},{"weight":59.0,"label":"occur"}]},{"conceptId":15,"clusterId":0,"hexCoordinates":{"x":1.7320508075688772,"y":-3.0},"labels":[{"weight":1184.0,"label":"social"},{"weight":1072.0,"label":"cultural"},{"weight":1004.0,"label":"identity"},{"weight":435.0,"label":"capital"},{"weight":379.0,"label":"culture"},{"weight":309.0,"label":"study"},{"weight":261.0,"label":"relationship"},{"weight":260.0,"label":"influence"},{"weight":218.0,"label":"national"},{"weight":214.0,"label":"context"},{"weight":195.0,"label":"individual"},{"weight":151.0,"label":"socio"},{"weight":140.0,"label":"practice"},{"weight":138.0,"label":"research"},{"weight":135.0,"label":"examine"},{"weight":125.0,"label":"analysis"},{"weight":124.0,"label":"finding"},{"weight":119.0,"label":"relation"},{"weight":109.0,"label":"group"},{"weight":103.0,"label":"explore"},{"weight":101.0,"label":"role"},{"weight":101.0,"label":"community"},{"weight":99.0,"label":"specific"},{"weight":97.0,"label":"belief"},{"weight":96.0,"label":"network"}]},{"conceptId":11,"clusterId":0,"hexCoordinates":{"x":4.330127018922193,"y":1.5},"labels":[{"weight":295.0,"label":"tweet"},{"weight":291.0,"label":"topic"},{"weight":275.0,"label":"twitter"},{"weight":216.0,"label":"social"},{"weight":207.0,"label":"user"},{"weight":167.0,"label":"media"},{"weight":72.0,"label":"hashtag"},{"weight":72.0,"label":"information"},{"weight":70.0,"label":"event"},{"weight":68.0,"label":"content"},{"weight":55.0,"label":"post"},{"weight":54.0,"label":"network"},{"weight":52.0,"label":"news"},{"weight":51.0,"label":"stance"},{"weight":47.0,"label":"online"},{"weight":46.0,"label":"coherence"},{"weight":46.0,"label":"sentiment"},{"weight":43.0,"label":"share"},{"weight":43.0,"label":"rule"},{"weight":40.0,"label":"time"},{"weight":38.0,"label":"metric"},{"weight":36.0,"label":"data"},{"weight":34.0,"label":"generate"},{"weight":34.0,"label":"paper"},{"weight":30.0,"label":"chat"}]},{"conceptId":0,"clusterId":0,"hexCoordinates":{"x":0.8660254037844386,"y":1.5},"labels":[{"weight":2231.0,"label":"social"},{"weight":864.0,"label":"media"},{"weight":109.0,"label":"facebook"},{"weight":82.0,"label":"share"},{"weight":82.0,"label":"study"},{"weight":80.0,"label":"celebrity"},{"weight":73.0,"label":"relationship"},{"weight":72.0,"label":"online"},{"weight":72.0,"label":"research"},{"weight":70.0,"label":"communication"},{"weight":66.0,"label":"influence"},{"weight":65.0,"label":"explore"},{"weight":62.0,"label":"create"},{"weight":61.0,"label":"society"},{"weight":60.0,"label":"user"},{"weight":58.0,"label":"network"},{"weight":56.0,"label":"photo"},{"weight":56.0,"label":"image"},{"weight":53.0,"label":"platform"},{"weight":53.0,"label":"tool"},{"weight":52.0,"label":"marketing"},{"weight":52.0,"label":"interaction"},{"weight":51.0,"label":"individual"},{"weight":49.0,"label":"presence"},{"weight":47.0,"label":"group"}]},{"conceptId":10,"clusterId":0,"hexCoordinates":{"x":6.06217782649107,"y":-1.5},"labels":[{"weight":577.0,"label":"ethnic"},{"weight":432.0,"label":"minority"},{"weight":370.0,"label":"group"},{"weight":155.0,"label":"race"},{"weight":125.0,"label":"white"},{"weight":121.0,"label":"cultural"},{"weight":116.0,"label":"ethnicity"},{"weight":113.0,"label":"immigrant"},{"weight":98.0,"label":"difference"},{"weight":93.0,"label":"people"},{"weight":90.0,"label":"diversity"},{"weight":80.0,"label":"indigenous"},{"weight":77.0,"label":"majority"},{"weight":72.0,"label":"black"},{"weight":62.0,"label":"intergroup"},{"weight":62.0,"label":"native"},{"weight":60.0,"label":"contact"},{"weight":59.0,"label":"community"},{"weight":55.0,"label":"bme"},{"weight":55.0,"label":"member"},{"weight":54.0,"label":"diverse"},{"weight":53.0,"label":"indian"},{"weight":53.0,"label":"explain"},{"weight":53.0,"label":"bear"},{"weight":53.0,"label":"social"}]},{"conceptId":6,"clusterId":0,"hexCoordinates":{"x":1.7320508075688772,"y":3.0},"labels":[{"weight":1015.0,"label":"media"},{"weight":378.0,"label":"social"},{"weight":360.0,"label":"public"},{"weight":260.0,"label":"news"},{"weight":226.0,"label":"citizen"},{"weight":197.0,"label":"content"},{"weight":187.0,"label":"digital"},{"weight":173.0,"label":"platform"},{"weight":160.0,"label":"online"},{"weight":138.0,"label":"communication"},{"weight":120.0,"label":"source"},{"weight":118.0,"label":"audience"},{"weight":108.0,"label":"article"},{"weight":107.0,"label":"television"},{"weight":98.0,"label":"journalist"},{"weight":98.0,"label":"science"},{"weight":90.0,"label":"journalism"},{"weight":88.0,"label":"blog"},{"weight":88.0,"label":"change"},{"weight":86.0,"label":"information"},{"weight":65.0,"label":"scientist"},{"weight":62.0,"label":"internet"},{"weight":53.0,"label":"broadcast"},{"weight":52.0,"label":"story"},{"weight":49.0,"label":"technology"}]}]}