[{"topicData":[{"numberOfDocuments":0.0,"label":"Heriot-Watt University"},{"numberOfDocuments":0.0,"label":"Robert Gordon University"},{"numberOfDocuments":0.0,"label":"Glasgow Caledonian University"},{"numberOfDocuments":0.0,"label":"Queen Margaret University"},{"numberOfDocuments":0.0,"label":"University of the Highlands and Islands"},{"numberOfDocuments":0.0,"label":"University of Dundee"},{"numberOfDocuments":0.0,"label":"Edinburgh Napier University"},{"numberOfDocuments":0.0,"label":"University of Stirling"},{"numberOfDocuments":0.0,"label":"Abertay University"},{"numberOfDocuments":0.0,"label":"University of Aberdeen"},{"numberOfDocuments":0.0,"label":"University of Edinburgh"},{"numberOfDocuments":0.0,"label":"University of the West of Scotland"},{"numberOfDocuments":0.0,"label":"University of St Andrews"},{"numberOfDocuments":0.0,"label":"University of Glasgow"},{"numberOfDocuments":0.0,"label":"University of Strathclyde"}],"conceptId":-1},{"topicData":[{"numberOfDocuments":16.202105113272882,"label":"Heriot-Watt University"},{"numberOfDocuments":8.2808776828914,"label":"Robert Gordon University"},{"numberOfDocuments":6.0070011363069,"label":"Glasgow Caledonian University"},{"numberOfDocuments":4.190296609422055,"label":"Queen Margaret University"},{"numberOfDocuments":3.2969978483672326,"label":"University of the Highlands and Islands"},{"numberOfDocuments":10.39797224417303,"label":"University of Dundee"},{"numberOfDocuments":6.850698842901832,"label":"Edinburgh Napier University"},{"numberOfDocuments":20.964978749420926,"label":"University of Stirling"},{"numberOfDocuments":2.9028097917760416,"label":"Abertay University"},{"numberOfDocuments":17.476103140651393,"label":"University of Aberdeen"},{"numberOfDocuments":55.452697012572365,"label":"University of Edinburgh"},{"numberOfDocuments":3.4506719789669495,"label":"University of the West of Scotland"},{"numberOfDocuments":16.328761049168467,"label":"University of St Andrews"},{"numberOfDocuments":48.75203758290117,"label":"University of Glasgow"},{"numberOfDocuments":60.947779720322124,"label":"University of Strathclyde"}],"conceptId":0},{"topicData":[{"numberOfDocuments":15.071977938304217,"label":"Heriot-Watt University"},{"numberOfDocuments":12.062081032877296,"label":"Robert Gordon University"},{"numberOfDocuments":1.683630426034005,"label":"Glasgow Caledonian University"},{"numberOfDocuments":0.4460541106251464,"label":"Queen Margaret University"},{"numberOfDocuments":1.6895593982739632,"label":"University of the Highlands and Islands"},{"numberOfDocuments":3.297737126124995,"label":"University of Dundee"},{"numberOfDocuments":5.010975210458802,"label":"Edinburgh Napier University"},{"numberOfDocuments":4.9530153966584525,"label":"University of Stirling"},{"numberOfDocuments":1.1578453405620952,"label":"Abertay University"},{"numberOfDocuments":5.534416943144976,"label":"University of Aberdeen"},{"numberOfDocuments":33.68608638024033,"label":"University of Edinburgh"},{"numberOfDocuments":5.232315950300349,"label":"University of the West of Scotland"},{"numberOfDocuments":8.979841037190244,"label":"University of St Andrews"},{"numberOfDocuments":19.244661510173405,"label":"University of Glasgow"},{"numberOfDocuments":50.173317011712314,"label":"University of Strathclyde"}],"conceptId":1},{"topicData":[{"numberOfDocuments":7.369567774737334,"label":"Heriot-Watt University"},{"numberOfDocuments":2.6078459794181397,"label":"Robert Gordon University"},{"numberOfDocuments":1.322598134502027,"label":"Glasgow Caledonian University"},{"numberOfDocuments":0.21442284919879875,"label":"Queen Margaret University"},{"numberOfDocuments":0.5040537439025042,"label":"University of the Highlands and Islands"},{"numberOfDocuments":0.8208369337452845,"label":"University of Dundee"},{"numberOfDocuments":3.266331298187342,"label":"Edinburgh Napier University"},{"numberOfDocuments":2.331444934623345,"label":"University of Stirling"},{"numberOfDocuments":0.33243704970977084,"label":"Abertay University"},{"numberOfDocuments":1.1103195653214137,"label":"University of Aberdeen"},{"numberOfDocuments":5.014173222847172,"label":"University of Edinburgh"},{"numberOfDocuments":2.108738224544343,"label":"University of the West of Scotland"},{"numberOfDocuments":1.7847902212662121,"label":"University of St Andrews"},{"numberOfDocuments":3.1704604845529754,"label":"University of Glasgow"},{"numberOfDocuments":12.432006350318614,"label":"University of Strathclyde"}],"conceptId":2},{"topicData":[{"numberOfDocuments":14.246775318802014,"label":"Heriot-Watt University"},{"numberOfDocuments":9.719459356722465,"label":"Robert Gordon University"},{"numberOfDocuments":5.012824518092398,"label":"Glasgow Caledonian University"},{"numberOfDocuments":0.17917441347291546,"label":"Queen Margaret University"},{"numberOfDocuments":0.27367174600519817,"label":"University of the Highlands and Islands"},{"numberOfDocuments":1.4981829811369274,"label":"University of Dundee"},{"numberOfDocuments":19.428223869645716,"label":"Edinburgh Napier University"},{"numberOfDocuments":2.3872624630796992,"label":"University of Stirling"},{"numberOfDocuments":0.21965646965646965,"label":"Abertay University"},{"numberOfDocuments":1.6076793911850085,"label":"University of Aberdeen"},{"numberOfDocuments":14.219821248944612,"label":"University of Edinburgh"},{"numberOfDocuments":1.8913825722116773,"label":"University of the West of Scotland"},{"numberOfDocuments":2.0496036318123996,"label":"University of St Andrews"},{"numberOfDocuments":8.103475665319127,"label":"University of Glasgow"},{"numberOfDocuments":28.0825647577924,"label":"University of Strathclyde"}],"conceptId":3},{"topicData":[{"numberOfDocuments":2.4251910913908614,"label":"Heriot-Watt University"},{"numberOfDocuments":1.3799610211181639,"label":"Robert Gordon University"},{"numberOfDocuments":0.7696806625526574,"label":"Glasgow Caledonian University"},{"numberOfDocuments":0.42632182289141735,"label":"Queen Margaret University"},{"numberOfDocuments":0.402811099658727,"label":"University of the Highlands and Islands"},{"numberOfDocuments":2.3279148708880726,"label":"University of Dundee"},{"numberOfDocuments":1.5087660277478179,"label":"Edinburgh Napier University"},{"numberOfDocuments":3.4132333446738854,"label":"University of Stirling"},{"numberOfDocuments":0.5224476816569759,"label":"Abertay University"},{"numberOfDocuments":2.3459780855609567,"label":"University of Aberdeen"},{"numberOfDocuments":8.588251329689529,"label":"University of Edinburgh"},{"numberOfDocuments":0.7301121231008767,"label":"University of the West of Scotland"},{"numberOfDocuments":4.014054178620609,"label":"University of St Andrews"},{"numberOfDocuments":8.368303130123868,"label":"University of Glasgow"},{"numberOfDocuments":26.53343914459848,"label":"University of Strathclyde"}],"conceptId":4},{"topicData":[{"numberOfDocuments":6.969869749489257,"label":"Heriot-Watt University"},{"numberOfDocuments":12.82000858560402,"label":"Robert Gordon University"},{"numberOfDocuments":5.94678208779953,"label":"Glasgow Caledonian University"},{"numberOfDocuments":0.24289843434913783,"label":"Queen Margaret University"},{"numberOfDocuments":0.18137045309186345,"label":"University of the Highlands and Islands"},{"numberOfDocuments":1.6099426791375109,"label":"University of Dundee"},{"numberOfDocuments":1.6936467105906736,"label":"Edinburgh Napier University"},{"numberOfDocuments":0.3232528849458438,"label":"University of Stirling"},{"numberOfDocuments":0.047857142857142855,"label":"Abertay University"},{"numberOfDocuments":0.36898340746931785,"label":"University of Aberdeen"},{"numberOfDocuments":2.7875584255646055,"label":"University of Edinburgh"},{"numberOfDocuments":0.33541366041366044,"label":"University of the West of Scotland"},{"numberOfDocuments":1.0481051930714733,"label":"University of St Andrews"},{"numberOfDocuments":14.647995526525055,"label":"University of Glasgow"},{"numberOfDocuments":14.113962776553166,"label":"University of Strathclyde"}],"conceptId":5},{"topicData":[{"numberOfDocuments":14.983509667230802,"label":"Heriot-Watt University"},{"numberOfDocuments":0.4360745980813073,"label":"Robert Gordon University"},{"numberOfDocuments":1.4219748150298974,"label":"Glasgow Caledonian University"},{"numberOfDocuments":0.09888800775296219,"label":"Queen Margaret University"},{"numberOfDocuments":0.6823787400305734,"label":"University of the Highlands and Islands"},{"numberOfDocuments":0.6092902349013367,"label":"University of Dundee"},{"numberOfDocuments":2.5119053392415114,"label":"Edinburgh Napier University"},{"numberOfDocuments":0.9726890780758837,"label":"University of Stirling"},{"numberOfDocuments":0.07171384682905421,"label":"Abertay University"},{"numberOfDocuments":1.7453153471414977,"label":"University of Aberdeen"},{"numberOfDocuments":9.30038397957436,"label":"University of Edinburgh"},{"numberOfDocuments":0.676158961459386,"label":"University of the West of Scotland"},{"numberOfDocuments":2.656742140559563,"label":"University of St Andrews"},{"numberOfDocuments":26.266268677845087,"label":"University of Glasgow"},{"numberOfDocuments":18.806284622887077,"label":"University of Strathclyde"}],"conceptId":6},{"topicData":[{"numberOfDocuments":1.5408306449132643,"label":"Heriot-Watt University"},{"numberOfDocuments":1.2917425322142664,"label":"Robert Gordon University"},{"numberOfDocuments":0.2130615555589767,"label":"Glasgow Caledonian University"},{"numberOfDocuments":0.17596607713679682,"label":"Queen Margaret University"},{"numberOfDocuments":1.9973942663990283,"label":"University of the Highlands and Islands"},{"numberOfDocuments":0.6322725090949303,"label":"University of Dundee"},{"numberOfDocuments":0.07228625596147917,"label":"Edinburgh Napier University"},{"numberOfDocuments":0.3698493981792864,"label":"University of Stirling"},{"numberOfDocuments":0.29384387226859515,"label":"Abertay University"},{"numberOfDocuments":1.2603099784741452,"label":"University of Aberdeen"},{"numberOfDocuments":7.606048630961852,"label":"University of Edinburgh"},{"numberOfDocuments":0.6370352328341826,"label":"University of the West of Scotland"},{"numberOfDocuments":0.6149561457207692,"label":"University of St Andrews"},{"numberOfDocuments":3.723427149462479,"label":"University of Glasgow"},{"numberOfDocuments":20.411464178254434,"label":"University of Strathclyde"}],"conceptId":7},{"topicData":[{"numberOfDocuments":10.488504698829097,"label":"Heriot-Watt University"},{"numberOfDocuments":4.809048905305145,"label":"Robert Gordon University"},{"numberOfDocuments":0.8841431816877722,"label":"Glasgow Caledonian University"},{"numberOfDocuments":0.17558445707525244,"label":"Queen Margaret University"},{"numberOfDocuments":4.70236150534178,"label":"University of the Highlands and Islands"},{"numberOfDocuments":2.656093855155467,"label":"University of Dundee"},{"numberOfDocuments":4.433816712872932,"label":"Edinburgh Napier University"},{"numberOfDocuments":7.5395834445084065,"label":"University of Stirling"},{"numberOfDocuments":1.6156939253456013,"label":"Abertay University"},{"numberOfDocuments":30.454252956654592,"label":"University of Aberdeen"},{"numberOfDocuments":50.08795415459136,"label":"University of Edinburgh"},{"numberOfDocuments":2.1335772237057946,"label":"University of the West of Scotland"},{"numberOfDocuments":6.205590905427971,"label":"University of St Andrews"},{"numberOfDocuments":14.345254930761092,"label":"University of Glasgow"},{"numberOfDocuments":24.491782257299352,"label":"University of Strathclyde"}],"conceptId":8},{"topicData":[{"numberOfDocuments":9.92148714236632,"label":"Heriot-Watt University"},{"numberOfDocuments":0.15696720660729732,"label":"Robert Gordon University"},{"numberOfDocuments":0.26521212121212123,"label":"Glasgow Caledonian University"},{"numberOfDocuments":0.08647592526051025,"label":"Queen Margaret University"},{"numberOfDocuments":1.2156864329947943,"label":"University of the Highlands and Islands"},{"numberOfDocuments":0.4874266174163304,"label":"University of Dundee"},{"numberOfDocuments":0.3100829182316302,"label":"Edinburgh Napier University"},{"numberOfDocuments":0.2446075983391738,"label":"University of Stirling"},{"numberOfDocuments":0.0,"label":"Abertay University"},{"numberOfDocuments":1.7800914560114525,"label":"University of Aberdeen"},{"numberOfDocuments":21.6816323615147,"label":"University of Edinburgh"},{"numberOfDocuments":1.2874161757405327,"label":"University of the West of Scotland"},{"numberOfDocuments":0.9426942092343451,"label":"University of St Andrews"},{"numberOfDocuments":2.4898212725604254,"label":"University of Glasgow"},{"numberOfDocuments":3.4397333411374866,"label":"University of Strathclyde"}],"conceptId":9},{"topicData":[{"numberOfDocuments":4.331627491068502,"label":"Heriot-Watt University"},{"numberOfDocuments":9.621713851083648,"label":"Robert Gordon University"},{"numberOfDocuments":0.29296970174031645,"label":"Glasgow Caledonian University"},{"numberOfDocuments":0.08467532467532468,"label":"Queen Margaret University"},{"numberOfDocuments":13.636333361801967,"label":"University of the Highlands and Islands"},{"numberOfDocuments":1.1476421398670473,"label":"University of Dundee"},{"numberOfDocuments":0.09136035331904752,"label":"Edinburgh Napier University"},{"numberOfDocuments":1.6131985985058508,"label":"University of Stirling"},{"numberOfDocuments":0.04698790411956556,"label":"Abertay University"},{"numberOfDocuments":5.003151569783635,"label":"University of Aberdeen"},{"numberOfDocuments":15.220328684138149,"label":"University of Edinburgh"},{"numberOfDocuments":0.1541748592916657,"label":"University of the West of Scotland"},{"numberOfDocuments":2.6616138900512145,"label":"University of St Andrews"},{"numberOfDocuments":1.753785348245826,"label":"University of Glasgow"},{"numberOfDocuments":10.946352909597659,"label":"University of Strathclyde"}],"conceptId":10},{"topicData":[{"numberOfDocuments":44.98016429277835,"label":"Heriot-Watt University"},{"numberOfDocuments":17.099312024269114,"label":"Robert Gordon University"},{"numberOfDocuments":8.391839190721052,"label":"Glasgow Caledonian University"},{"numberOfDocuments":8.125320637133138,"label":"Queen Margaret University"},{"numberOfDocuments":9.355763155979476,"label":"University of the Highlands and Islands"},{"numberOfDocuments":23.5615147658725,"label":"University of Dundee"},{"numberOfDocuments":22.018659451787475,"label":"Edinburgh Napier University"},{"numberOfDocuments":28.717475104360034,"label":"University of Stirling"},{"numberOfDocuments":7.137844018646289,"label":"Abertay University"},{"numberOfDocuments":29.57124280776877,"label":"University of Aberdeen"},{"numberOfDocuments":114.19921964614954,"label":"University of Edinburgh"},{"numberOfDocuments":11.688645909291742,"label":"University of the West of Scotland"},{"numberOfDocuments":39.60921950074874,"label":"University of St Andrews"},{"numberOfDocuments":104.73491323448573,"label":"University of Glasgow"},{"numberOfDocuments":165.32736317758528,"label":"University of Strathclyde"}],"conceptId":11}]