{"linkageTable":[{"node2":26,"distance":0.448635203363905,"node1":17},{"node2":12,"distance":0.45546453983036,"node1":5},{"node2":6,"distance":0.46299649664444,"node1":2},{"node2":25,"distance":0.469580145388315,"node1":22},{"node2":20,"distance":0.46980480183749,"node1":7},{"node2":23,"distance":0.4759520545276925,"node1":27},{"node2":13,"distance":0.47695147545079,"node1":3},{"node2":4,"distance":0.47970013596151,"node1":1},{"node2":32,"distance":0.482757666428945,"node1":10},{"node2":30,"distance":0.48501367216367874,"node1":29},{"node2":21,"distance":0.485512356245865,"node1":28},{"node2":35,"distance":0.48974372490038437,"node1":36},{"node2":19,"distance":0.490880507197895,"node1":9},{"node2":37,"distance":0.4917700091510451,"node1":34},{"node2":38,"distance":0.4918579944755638,"node1":0},{"node2":31,"distance":0.4926475137592331,"node1":41},{"node2":8,"distance":0.494132218577072,"node1":40},{"node2":43,"distance":0.494796094068997,"node1":42},{"node2":24,"distance":0.49495317961137,"node1":16},{"node2":39,"distance":0.4962548191114192,"node1":44},{"node2":18,"distance":0.49692088002484,"node1":15},{"node2":11,"distance":0.4979776646492811,"node1":46},{"node2":33,"distance":0.49830896870294594,"node1":48},{"node2":47,"distance":0.49891041389117363,"node1":49},{"node2":45,"distance":0.49931415734257484,"node1":50},{"node2":14,"distance":0.49949025343509423,"node1":51}],"conceptsData":[{"conceptId":2,"clusterId":0,"hexCoordinates":{"x":-1.7320508075688772,"y":0.0},"labels":[{"weight":604.0,"label":"virus"},{"weight":398.0,"label":"influenza"},{"weight":240.0,"label":"infection"},{"weight":226.0,"label":"rsv"},{"weight":219.0,"label":"pig"},{"weight":215.0,"label":"respiratory"},{"weight":171.0,"label":"viral"},{"weight":86.0,"label":"porcine"},{"weight":85.0,"label":"prrsv"},{"weight":68.0,"label":"pathogen"},{"weight":63.0,"label":"pandemic"},{"weight":63.0,"label":"pcv"},{"weight":62.0,"label":"human"},{"weight":58.0,"label":"vaccine"},{"weight":54.0,"label":"associate"},{"weight":52.0,"label":"ppv"},{"weight":51.0,"label":"detect"},{"weight":50.0,"label":"swab"},{"weight":50.0,"label":"diarrhea"},{"weight":48.0,"label":"study"},{"weight":47.0,"label":"syncytial"},{"weight":46.0,"label":"reproductive"},{"weight":44.0,"label":"strain"},{"weight":42.0,"label":"season"},{"weight":42.0,"label":"positive"}]},{"conceptId":22,"clusterId":0,"hexCoordinates":{"x":-0.8660254037844386,"y":-1.5},"labels":[{"weight":723.0,"label":"virus"},{"weight":340.0,"label":"transmission"},{"weight":282.0,"label":"human"},{"weight":244.0,"label":"disease"},{"weight":239.0,"label":"viral"},{"weight":208.0,"label":"outbreak"},{"weight":202.0,"label":"host"},{"weight":183.0,"label":"infection"},{"weight":173.0,"label":"pathogen"},{"weight":116.0,"label":"animal"},{"weight":111.0,"label":"population"},{"weight":108.0,"label":"bat"},{"weight":104.0,"label":"sequence"},{"weight":97.0,"label":"influenza"},{"weight":92.0,"label":"epidemic"},{"weight":87.0,"label":"epidemiological"},{"weight":85.0,"label":"spread"},{"weight":76.0,"label":"dynamics"},{"weight":75.0,"label":"infectious"},{"weight":73.0,"label":"zoonotic"},{"weight":70.0,"label":"risk"},{"weight":69.0,"label":"ebola"},{"weight":68.0,"label":"reservoir"},{"weight":65.0,"label":"report"},{"weight":64.0,"label":"circulate"}]},{"conceptId":23,"clusterId":0,"hexCoordinates":{"x":0.8660254037844386,"y":-1.5},"labels":[{"weight":622.0,"label":"infection"},{"weight":330.0,"label":"virus"},{"weight":273.0,"label":"viral"},{"weight":181.0,"label":"pig"},{"weight":167.0,"label":"infected"},{"weight":132.0,"label":"hcmv"},{"weight":93.0,"label":"disease"},{"weight":91.0,"label":"pcv"},{"weight":83.0,"label":"challenge"},{"weight":81.0,"label":"day"},{"weight":77.0,"label":"lymphocyte"},{"weight":74.0,"label":"infect"},{"weight":71.0,"label":"host"},{"weight":71.0,"label":"cell"},{"weight":69.0,"label":"rna"},{"weight":68.0,"label":"associate"},{"weight":67.0,"label":"herpesvirus"},{"weight":64.0,"label":"latent"},{"weight":64.0,"label":"load"},{"weight":63.0,"label":"replication"},{"weight":59.0,"label":"dpi"},{"weight":53.0,"label":"lytic"},{"weight":53.0,"label":"study"},{"weight":50.0,"label":"post"},{"weight":49.0,"label":"clinical"}]},{"conceptId":18,"clusterId":0,"hexCoordinates":{"x":2.598076211353316,"y":-4.5},"labels":[{"weight":302.0,"label":"sheep"},{"weight":295.0,"label":"nematode"},{"weight":235.0,"label":"resistance"},{"weight":223.0,"label":"parasite"},{"weight":136.0,"label":"anthelmintic"},{"weight":116.0,"label":"egg"},{"weight":106.0,"label":"worm"},{"weight":104.0,"label":"lamb"},{"weight":103.0,"label":"animal"},{"weight":103.0,"label":"infection"},{"weight":96.0,"label":"count"},{"weight":92.0,"label":"parasitic"},{"weight":91.0,"label":"faecal"},{"weight":87.0,"label":"population"},{"weight":79.0,"label":"control"},{"weight":78.0,"label":"resistant"},{"weight":74.0,"label":"fec"},{"weight":69.0,"label":"treatment"},{"weight":65.0,"label":"circumcincta"},{"weight":61.0,"label":"contortus"},{"weight":59.0,"label":"calf"},{"weight":58.0,"label":"farm"},{"weight":56.0,"label":"drug"},{"weight":49.0,"label":"host"},{"weight":48.0,"label":"gastrointestinal"}]},{"conceptId":17,"clusterId":0,"hexCoordinates":{"x":0.0,"y":0.0},"labels":[{"weight":880.0,"label":"antibody"},{"weight":762.0,"label":"vaccine"},{"weight":481.0,"label":"antigen"},{"weight":454.0,"label":"anti"},{"weight":451.0,"label":"igg"},{"weight":333.0,"label":"response"},{"weight":266.0,"label":"serum"},{"weight":258.0,"label":"vaccination"},{"weight":245.0,"label":"protection"},{"weight":237.0,"label":"level"},{"weight":198.0,"label":"control"},{"weight":190.0,"label":"specific"},{"weight":165.0,"label":"challenge"},{"weight":152.0,"label":"immune"},{"weight":152.0,"label":"vaccinate"},{"weight":147.0,"label":"immunity"},{"weight":138.0,"label":"protein"},{"weight":134.0,"label":"protective"},{"weight":127.0,"label":"induce"},{"weight":123.0,"label":"infection"},{"weight":123.0,"label":"study"},{"weight":122.0,"label":"pedv"},{"weight":121.0,"label":"test"},{"weight":120.0,"label":"efficacy"},{"weight":112.0,"label":"cross"}]},{"conceptId":12,"clusterId":0,"hexCoordinates":{"x":0.8660254037844386,"y":-4.5},"labels":[{"weight":805.0,"label":"animal"},{"weight":781.0,"label":"cattle"},{"weight":492.0,"label":"livestock"},{"weight":427.0,"label":"disease"},{"weight":352.0,"label":"human"},{"weight":311.0,"label":"risk"},{"weight":306.0,"label":"herd"},{"weight":252.0,"label":"farm"},{"weight":229.0,"label":"sheep"},{"weight":227.0,"label":"study"},{"weight":192.0,"label":"prevalence"},{"weight":182.0,"label":"infection"},{"weight":167.0,"label":"bovine"},{"weight":164.0,"label":"goat"},{"weight":160.0,"label":"control"},{"weight":143.0,"label":"identify"},{"weight":142.0,"label":"species"},{"weight":135.0,"label":"health"},{"weight":131.0,"label":"dairy"},{"weight":118.0,"label":"area"},{"weight":117.0,"label":"important"},{"weight":116.0,"label":"zoonotic"},{"weight":115.0,"label":"production"},{"weight":104.0,"label":"pig"},{"weight":104.0,"label":"report"}]},{"conceptId":14,"clusterId":0,"hexCoordinates":{"x":-2.598076211353316,"y":-4.5},"labels":[{"weight":270.0,"label":"surveillance"},{"weight":88.0,"label":"plague"},{"weight":81.0,"label":"human"},{"weight":75.0,"label":"genocide"},{"weight":74.0,"label":"animal"},{"weight":47.0,"label":"pit"},{"weight":44.0,"label":"outbreak"},{"weight":43.0,"label":"rwandan"},{"weight":40.0,"label":"rwanda"},{"weight":30.0,"label":"post"},{"weight":26.0,"label":"madagascar"},{"weight":25.0,"label":"nonhuman"},{"weight":25.0,"label":"watch"},{"weight":19.0,"label":"pestis"},{"weight":18.0,"label":"describe"},{"weight":17.0,"label":"emergence"},{"weight":15.0,"label":"disease"},{"weight":14.0,"label":"epidemic"},{"weight":13.0,"label":"flea"},{"weight":13.0,"label":"epidemiological"},{"weight":12.0,"label":"holy"},{"weight":12.0,"label":"pneumophila"},{"weight":12.0,"label":"contagion"},{"weight":12.0,"label":"ecological"},{"weight":12.0,"label":"analysis"}]},{"conceptId":7,"clusterId":0,"hexCoordinates":{"x":-3.4641016151377544,"y":0.0},"labels":[{"weight":554.0,"label":"virus"},{"weight":252.0,"label":"vector"},{"weight":241.0,"label":"infection"},{"weight":226.0,"label":"mosquito"},{"weight":216.0,"label":"rna"},{"weight":156.0,"label":"host"},{"weight":153.0,"label":"wolbachia"},{"weight":142.0,"label":"viral"},{"weight":124.0,"label":"dengue"},{"weight":123.0,"label":"btv"},{"weight":107.0,"label":"antiviral"},{"weight":104.0,"label":"bear"},{"weight":103.0,"label":"zikv"},{"weight":101.0,"label":"replication"},{"weight":96.0,"label":"rnai"},{"weight":96.0,"label":"pathogen"},{"weight":88.0,"label":"cell"},{"weight":81.0,"label":"pathway"},{"weight":79.0,"label":"tick"},{"weight":79.0,"label":"arbovirus"},{"weight":79.0,"label":"small"},{"weight":78.0,"label":"show"},{"weight":77.0,"label":"species"},{"weight":72.0,"label":"drosophila"},{"weight":68.0,"label":"arthropod"}]},{"conceptId":1,"clusterId":0,"hexCoordinates":{"x":1.7320508075688772,"y":-3.0},"labels":[{"weight":558.0,"label":"vaccination"},{"weight":373.0,"label":"vaccine"},{"weight":328.0,"label":"rabies"},{"weight":285.0,"label":"dog"},{"weight":151.0,"label":"influenza"},{"weight":139.0,"label":"coverage"},{"weight":111.0,"label":"vaccinate"},{"weight":96.0,"label":"population"},{"weight":92.0,"label":"programme"},{"weight":89.0,"label":"uptake"},{"weight":73.0,"label":"effectiveness"},{"weight":73.0,"label":"campaign"},{"weight":72.0,"label":"rotavirus"},{"weight":60.0,"label":"year"},{"weight":52.0,"label":"dose"},{"weight":49.0,"label":"estimate"},{"weight":48.0,"label":"bite"},{"weight":47.0,"label":"introduction"},{"weight":45.0,"label":"pep"},{"weight":44.0,"label":"reduce"},{"weight":42.0,"label":"hcw"},{"weight":42.0,"label":"free"},{"weight":41.0,"label":"canine"},{"weight":41.0,"label":"elimination"},{"weight":41.0,"label":"death"}]},{"conceptId":11,"clusterId":0,"hexCoordinates":{"x":3.4641016151377544,"y":0.0},"labels":[{"weight":235.0,"label":"serotype"},{"weight":225.0,"label":"pneumococcal"},{"weight":161.0,"label":"pcv"},{"weight":131.0,"label":"vaccine"},{"weight":103.0,"label":"disease"},{"weight":90.0,"label":"invasive"},{"weight":67.0,"label":"pneumoniae"},{"weight":66.0,"label":"carriage"},{"weight":56.0,"label":"pneumonia"},{"weight":47.0,"label":"streptococcus"},{"weight":46.0,"label":"ipd"},{"weight":44.0,"label":"serogroup"},{"weight":41.0,"label":"introduction"},{"weight":41.0,"label":"conjugate"},{"weight":38.0,"label":"pneumococcus"},{"weight":38.0,"label":"meningococcal"},{"weight":31.0,"label":"associate"},{"weight":31.0,"label":"bacterial"},{"weight":30.0,"label":"surveillance"},{"weight":28.0,"label":"background"},{"weight":27.0,"label":"capsule"},{"weight":25.0,"label":"polysaccharide"},{"weight":23.0,"label":"meningitis"},{"weight":23.0,"label":"ratio"},{"weight":22.0,"label":"replacement"}]},{"conceptId":5,"clusterId":0,"hexCoordinates":{"x":-0.8660254037844386,"y":-4.5},"labels":[{"weight":485.0,"label":"infection"},{"weight":215.0,"label":"test"},{"weight":210.0,"label":"tuberculosis"},{"weight":150.0,"label":"infected"},{"weight":137.0,"label":"btb"},{"weight":135.0,"label":"mycobacterium"},{"weight":109.0,"label":"prevalence"},{"weight":105.0,"label":"positive"},{"weight":103.0,"label":"diagnostic"},{"weight":86.0,"label":"bovis"},{"weight":80.0,"label":"schistosome"},{"weight":73.0,"label":"cattle"},{"weight":69.0,"label":"disease"},{"weight":68.0,"label":"bcg"},{"weight":68.0,"label":"population"},{"weight":66.0,"label":"schistosomiasis"},{"weight":64.0,"label":"haematobium"},{"weight":62.0,"label":"case"},{"weight":60.0,"label":"antigen"},{"weight":56.0,"label":"bovi"},{"weight":56.0,"label":"estimate"},{"weight":55.0,"label":"diagnosis"},{"weight":54.0,"label":"culture"},{"weight":53.0,"label":"bovine"},{"weight":50.0,"label":"control"}]},{"conceptId":8,"clusterId":0,"hexCoordinates":{"x":1.7320508075688772,"y":-6.0},"labels":[{"weight":157.0,"label":"angular"},{"weight":141.0,"label":"momentum"},{"weight":102.0,"label":"parasite"},{"weight":92.0,"label":"annulata"},{"weight":92.0,"label":"parva"},{"weight":90.0,"label":"theileria"},{"weight":88.0,"label":"cattle"},{"weight":86.0,"label":"buffalo"},{"weight":80.0,"label":"orbital"},{"weight":79.0,"label":"tick"},{"weight":79.0,"label":"oam"},{"weight":47.0,"label":"cdkl"},{"weight":40.0,"label":"oman"},{"weight":31.0,"label":"bear"},{"weight":30.0,"label":"beam"},{"weight":30.0,"label":"species"},{"weight":28.0,"label":"region"},{"weight":27.0,"label":"observe"},{"weight":27.0,"label":"spin"},{"weight":27.0,"label":"carry"},{"weight":25.0,"label":"mini"},{"weight":24.0,"label":"babesia"},{"weight":24.0,"label":"animal"},{"weight":21.0,"label":"isoform"},{"weight":20.0,"label":"muguga"}]},{"conceptId":24,"clusterId":0,"hexCoordinates":{"x":-1.7320508075688772,"y":3.0},"labels":[{"weight":492.0,"label":"hcv"},{"weight":185.0,"label":"treatment"},{"weight":173.0,"label":"pwid"},{"weight":130.0,"label":"ost"},{"weight":126.0,"label":"hepatitis"},{"weight":102.0,"label":"inject"},{"weight":94.0,"label":"nsp"},{"weight":87.0,"label":"infection"},{"weight":77.0,"label":"genotype"},{"weight":73.0,"label":"virus"},{"weight":72.0,"label":"scale"},{"weight":62.0,"label":"drug"},{"weight":61.0,"label":"prevalence"},{"weight":59.0,"label":"incidence"},{"weight":58.0,"label":"coverage"},{"weight":57.0,"label":"chronic"},{"weight":53.0,"label":"svr"},{"weight":53.0,"label":"high"},{"weight":52.0,"label":"reduce"},{"weight":48.0,"label":"therapy"},{"weight":45.0,"label":"daa"},{"weight":44.0,"label":"people"},{"weight":42.0,"label":"transmission"},{"weight":41.0,"label":"achieve"},{"weight":41.0,"label":"rate"}]},{"conceptId":9,"clusterId":0,"hexCoordinates":{"x":3.4641016151377544,"y":-3.0},"labels":[{"weight":812.0,"label":"parasite"},{"weight":361.0,"label":"host"},{"weight":173.0,"label":"malaria"},{"weight":154.0,"label":"plasmodium"},{"weight":128.0,"label":"stage"},{"weight":107.0,"label":"toxoplasma"},{"weight":107.0,"label":"infection"},{"weight":97.0,"label":"gondii"},{"weight":97.0,"label":"transmission"},{"weight":87.0,"label":"apicomplexan"},{"weight":82.0,"label":"invasion"},{"weight":80.0,"label":"cycle"},{"weight":69.0,"label":"blood"},{"weight":66.0,"label":"falciparum"},{"weight":56.0,"label":"mosquito"},{"weight":56.0,"label":"life"},{"weight":53.0,"label":"cell"},{"weight":50.0,"label":"asexual"},{"weight":47.0,"label":"sexual"},{"weight":42.0,"label":"motility"},{"weight":42.0,"label":"essential"},{"weight":42.0,"label":"role"},{"weight":41.0,"label":"identify"},{"weight":40.0,"label":"gametocyte"},{"weight":40.0,"label":"infect"}]},{"conceptId":25,"clusterId":0,"hexCoordinates":{"x":-1.7320508075688772,"y":-3.0},"labels":[{"weight":76.0,"label":"cleft"},{"weight":61.0,"label":"evd"},{"weight":52.0,"label":"mesothelioma"},{"weight":50.0,"label":"ebola"},{"weight":36.0,"label":"dut"},{"weight":36.0,"label":"asbestos"},{"weight":34.0,"label":"pleural"},{"weight":32.0,"label":"sapi"},{"weight":31.0,"label":"phage"},{"weight":30.0,"label":"lip"},{"weight":30.0,"label":"survivor"},{"weight":29.0,"label":"ebov"},{"weight":27.0,"label":"palate"},{"weight":27.0,"label":"leone"},{"weight":26.0,"label":"sierra"},{"weight":24.0,"label":"ofc"},{"weight":19.0,"label":"arf"},{"weight":18.0,"label":"induce"},{"weight":18.0,"label":"similar"},{"weight":17.0,"label":"orofacial"},{"weight":14.0,"label":"pvrbp"},{"weight":13.0,"label":"nsofc"},{"weight":13.0,"label":"sapis"},{"weight":13.0,"label":"stl"},{"weight":13.0,"label":"cycle"}]},{"conceptId":-1,"clusterId":-1,"hexCoordinates":{"x":6.928203230275509,"y":3.0},"labels":[{"weight":2500,"label":"Unclassified"},{"weight":0,"label":""},{"weight":0,"label":""},{"weight":0,"label":""},{"weight":0,"label":""},{"weight":0,"label":""},{"weight":0,"label":""},{"weight":0,"label":""},{"weight":0,"label":""},{"weight":0,"label":""},{"weight":0,"label":""}]},{"conceptId":16,"clusterId":0,"hexCoordinates":{"x":0.0,"y":3.0},"labels":[{"weight":734.0,"label":"drug"},{"weight":336.0,"label":"hcv"},{"weight":303.0,"label":"hepatitis"},{"weight":193.0,"label":"inject"},{"weight":188.0,"label":"infection"},{"weight":169.0,"label":"treatment"},{"weight":168.0,"label":"pwid"},{"weight":163.0,"label":"methadone"},{"weight":149.0,"label":"opioid"},{"weight":133.0,"label":"user"},{"weight":130.0,"label":"substance"},{"weight":129.0,"label":"risk"},{"weight":126.0,"label":"scotland"},{"weight":117.0,"label":"hev"},{"weight":117.0,"label":"virus"},{"weight":110.0,"label":"related"},{"weight":98.0,"label":"liver"},{"weight":96.0,"label":"chronic"},{"weight":91.0,"label":"therapy"},{"weight":90.0,"label":"drd"},{"weight":87.0,"label":"hcc"},{"weight":85.0,"label":"testing"},{"weight":83.0,"label":"hbv"},{"weight":76.0,"label":"heroin"},{"weight":72.0,"label":"service"}]},{"conceptId":20,"clusterId":0,"hexCoordinates":{"x":-2.598076211353316,"y":1.5},"labels":[{"weight":918.0,"label":"virus"},{"weight":589.0,"label":"ifn"},{"weight":567.0,"label":"viral"},{"weight":320.0,"label":"infection"},{"weight":250.0,"label":"interferon"},{"weight":223.0,"label":"replication"},{"weight":203.0,"label":"antiviral"},{"weight":203.0,"label":"host"},{"weight":183.0,"label":"response"},{"weight":161.0,"label":"cell"},{"weight":156.0,"label":"influenza"},{"weight":153.0,"label":"protein"},{"weight":147.0,"label":"type"},{"weight":127.0,"label":"segment"},{"weight":110.0,"label":"rna"},{"weight":107.0,"label":"hsv"},{"weight":97.0,"label":"cellular"},{"weight":93.0,"label":"immune"},{"weight":90.0,"label":"genome"},{"weight":88.0,"label":"innate"},{"weight":79.0,"label":"iav"},{"weight":76.0,"label":"induction"},{"weight":73.0,"label":"isg"},{"weight":66.0,"label":"icp"},{"weight":66.0,"label":"induce"}]},{"conceptId":3,"clusterId":0,"hexCoordinates":{"x":-3.4641016151377544,"y":-3.0},"labels":[{"weight":292.0,"label":"mosquito"},{"weight":230.0,"label":"vector"},{"weight":147.0,"label":"malaria"},{"weight":111.0,"label":"insecticide"},{"weight":109.0,"label":"anopheles"},{"weight":100.0,"label":"bite"},{"weight":85.0,"label":"human"},{"weight":79.0,"label":"arabiensis"},{"weight":78.0,"label":"gambiae"},{"weight":78.0,"label":"trap"},{"weight":73.0,"label":"control"},{"weight":67.0,"label":"transmission"},{"weight":63.0,"label":"net"},{"weight":52.0,"label":"catch"},{"weight":46.0,"label":"species"},{"weight":45.0,"label":"host"},{"weight":44.0,"label":"method"},{"weight":42.0,"label":"funestus"},{"weight":42.0,"label":"background"},{"weight":42.0,"label":"sampling"},{"weight":41.0,"label":"llin"},{"weight":40.0,"label":"outdoor"},{"weight":39.0,"label":"outdoors"},{"weight":39.0,"label":"blood"},{"weight":39.0,"label":"exposure"}]},{"conceptId":10,"clusterId":0,"hexCoordinates":{"x":0.8660254037844386,"y":1.5},"labels":[{"weight":340.0,"label":"antibody"},{"weight":214.0,"label":"virus"},{"weight":184.0,"label":"binding"},{"weight":177.0,"label":"epitope"},{"weight":164.0,"label":"protein"},{"weight":118.0,"label":"antigen"},{"weight":118.0,"label":"peptide"},{"weight":104.0,"label":"surface"},{"weight":98.0,"label":"cell"},{"weight":96.0,"label":"hcv"},{"weight":96.0,"label":"vaccine"},{"weight":95.0,"label":"mab"},{"weight":81.0,"label":"monoclonal"},{"weight":80.0,"label":"immune"},{"weight":78.0,"label":"bind"},{"weight":75.0,"label":"show"},{"weight":74.0,"label":"antigenic"},{"weight":71.0,"label":"viral"},{"weight":68.0,"label":"variant"},{"weight":68.0,"label":"site"},{"weight":68.0,"label":"target"},{"weight":64.0,"label":"acid"},{"weight":63.0,"label":"neutralize"},{"weight":62.0,"label":"anti"},{"weight":61.0,"label":"domain"}]},{"conceptId":13,"clusterId":0,"hexCoordinates":{"x":-4.330127018922193,"y":-1.5},"labels":[{"weight":36.0,"label":"onchocerciasis"},{"weight":29.0,"label":"ghana"},{"weight":28.0,"label":"nematode"},{"weight":26.0,"label":"volvulus"},{"weight":26.0,"label":"ivm"},{"weight":26.0,"label":"serum"},{"weight":25.0,"label":"ramadan"},{"weight":24.0,"label":"onchocerca"},{"weight":18.0,"label":"nodule"},{"weight":17.0,"label":"fly"},{"weight":17.0,"label":"infect"},{"weight":16.0,"label":"ivermectin"},{"weight":16.0,"label":"filarial"},{"weight":16.0,"label":"total"},{"weight":15.0,"label":"myanmar"},{"weight":15.0,"label":"parasite"},{"weight":14.0,"label":"ghanaian"},{"weight":13.0,"label":"cyd"},{"weight":12.0,"label":"rohingya"},{"weight":12.0,"label":"tdv"},{"weight":12.0,"label":"denv"},{"weight":12.0,"label":"larva"},{"weight":11.0,"label":"infective"},{"weight":11.0,"label":"forest"},{"weight":11.0,"label":"fluid"}]},{"conceptId":15,"clusterId":0,"hexCoordinates":{"x":3.4641016151377544,"y":-6.0},"labels":[{"weight":60.0,"label":"hiv"},{"weight":48.0,"label":"line"},{"weight":43.0,"label":"cart"},{"weight":40.0,"label":"tdf"},{"weight":39.0,"label":"glucan"},{"weight":36.0,"label":"resistance"},{"weight":33.0,"label":"drug"},{"weight":30.0,"label":"subtype"},{"weight":28.0,"label":"vegfr"},{"weight":28.0,"label":"elia"},{"weight":25.0,"label":"tenofovir"},{"weight":25.0,"label":"art"},{"weight":24.0,"label":"therapy"},{"weight":23.0,"label":"antiretroviral"},{"weight":22.0,"label":"tdr"},{"weight":22.0,"label":"inhibitor"},{"weight":21.0,"label":"transporter"},{"weight":21.0,"label":"reverse"},{"weight":20.0,"label":"melittin"},{"weight":20.0,"label":"arv"},{"weight":20.0,"label":"mutation"},{"weight":17.0,"label":"renal"},{"weight":16.0,"label":"ugt"},{"weight":15.0,"label":"negative"},{"weight":14.0,"label":"transcriptase"}]},{"conceptId":19,"clusterId":0,"hexCoordinates":{"x":2.598076211353316,"y":-1.5},"labels":[{"weight":178.0,"label":"tick"},{"weight":64.0,"label":"eimeria"},{"weight":58.0,"label":"species"},{"weight":33.0,"label":"control"},{"weight":30.0,"label":"mite"},{"weight":30.0,"label":"count"},{"weight":28.0,"label":"tenella"},{"weight":26.0,"label":"chicken"},{"weight":24.0,"label":"crf"},{"weight":23.0,"label":"rhipicephalus"},{"weight":22.0,"label":"fish"},{"weight":21.0,"label":"acaricide"},{"weight":21.0,"label":"deg"},{"weight":21.0,"label":"parasite"},{"weight":19.0,"label":"rickettsia"},{"weight":19.0,"label":"infestation"},{"weight":18.0,"label":"elasmobranch"},{"weight":18.0,"label":"anisakis"},{"weight":18.0,"label":"bear"},{"weight":17.0,"label":"microplus"},{"weight":17.0,"label":"flea"},{"weight":17.0,"label":"tilapia"},{"weight":17.0,"label":"simplex"},{"weight":16.0,"label":"coccidiosis"},{"weight":16.0,"label":"delta"}]},{"conceptId":0,"clusterId":0,"hexCoordinates":{"x":-0.8660254037844386,"y":1.5},"labels":[{"weight":88.0,"label":"fiv"},{"weight":77.0,"label":"cat"},{"weight":67.0,"label":"orf"},{"weight":54.0,"label":"virus"},{"weight":53.0,"label":"erv"},{"weight":48.0,"label":"felv"},{"weight":42.0,"label":"carp"},{"weight":39.0,"label":"duck"},{"weight":36.0,"label":"env"},{"weight":34.0,"label":"infection"},{"weight":29.0,"label":"feline"},{"weight":28.0,"label":"cyhv"},{"weight":26.0,"label":"herpesvirus"},{"weight":25.0,"label":"hml"},{"weight":25.0,"label":"retrovirus"},{"weight":21.0,"label":"ifitm"},{"weight":21.0,"label":"fcv"},{"weight":21.0,"label":"viral"},{"weight":18.0,"label":"myl"},{"weight":18.0,"label":"infected"},{"weight":17.0,"label":"khv"},{"weight":16.0,"label":"koi"},{"weight":15.0,"label":"cyprinid"},{"weight":15.0,"label":"virion"},{"weight":15.0,"label":"testing"}]},{"conceptId":6,"clusterId":0,"hexCoordinates":{"x":-2.598076211353316,"y":-1.5},"labels":[{"weight":1201.0,"label":"sample"},{"weight":970.0,"label":"assay"},{"weight":690.0,"label":"detection"},{"weight":554.0,"label":"detect"},{"weight":464.0,"label":"dna"},{"weight":438.0,"label":"pcr"},{"weight":393.0,"label":"method"},{"weight":387.0,"label":"test"},{"weight":284.0,"label":"diagnostic"},{"weight":261.0,"label":"sensitivity"},{"weight":242.0,"label":"laboratory"},{"weight":236.0,"label":"result"},{"weight":216.0,"label":"base"},{"weight":205.0,"label":"rapid"},{"weight":205.0,"label":"time"},{"weight":205.0,"label":"develop"},{"weight":191.0,"label":"clinical"},{"weight":172.0,"label":"low"},{"weight":160.0,"label":"specific"},{"weight":158.0,"label":"reaction"},{"weight":156.0,"label":"target"},{"weight":154.0,"label":"specificity"},{"weight":153.0,"label":"sensitive"},{"weight":148.0,"label":"real"},{"weight":144.0,"label":"study"}]},{"conceptId":26,"clusterId":0,"hexCoordinates":{"x":1.7320508075688772,"y":0.0},"labels":[{"weight":602.0,"label":"malaria"},{"weight":337.0,"label":"parasite"},{"weight":281.0,"label":"plasmodium"},{"weight":264.0,"label":"falciparum"},{"weight":137.0,"label":"blood"},{"weight":130.0,"label":"infection"},{"weight":128.0,"label":"erythrocyte"},{"weight":127.0,"label":"transmission"},{"weight":126.0,"label":"gametocyte"},{"weight":120.0,"label":"vivax"},{"weight":89.0,"label":"knowlesus"},{"weight":88.0,"label":"stage"},{"weight":76.0,"label":"infected"},{"weight":70.0,"label":"severe"},{"weight":63.0,"label":"human"},{"weight":57.0,"label":"var"},{"weight":56.0,"label":"rdt"},{"weight":53.0,"label":"pvmsp"},{"weight":53.0,"label":"density"},{"weight":50.0,"label":"rbc"},{"weight":50.0,"label":"host"},{"weight":49.0,"label":"malarial"},{"weight":49.0,"label":"invasion"},{"weight":48.0,"label":"pfemp"},{"weight":42.0,"label":"study"}]},{"conceptId":4,"clusterId":0,"hexCoordinates":{"x":0.0,"y":-3.0},"labels":[{"weight":1059.0,"label":"disease"},{"weight":417.0,"label":"spread"},{"weight":376.0,"label":"control"},{"weight":342.0,"label":"transmission"},{"weight":341.0,"label":"infection"},{"weight":336.0,"label":"outbreak"},{"weight":304.0,"label":"risk"},{"weight":270.0,"label":"population"},{"weight":246.0,"label":"epidemic"},{"weight":234.0,"label":"infectious"},{"weight":203.0,"label":"impact"},{"weight":201.0,"label":"pathogen"},{"weight":195.0,"label":"model"},{"weight":176.0,"label":"reduce"},{"weight":169.0,"label":"strategy"},{"weight":150.0,"label":"movement"},{"weight":121.0,"label":"epidemiological"},{"weight":119.0,"label":"individual"},{"weight":109.0,"label":"host"},{"weight":107.0,"label":"case"},{"weight":106.0,"label":"increase"},{"weight":89.0,"label":"number"},{"weight":86.0,"label":"infected"},{"weight":86.0,"label":"contact"},{"weight":84.0,"label":"human"}]},{"conceptId":21,"clusterId":0,"hexCoordinates":{"x":0.0,"y":-6.0},"labels":[{"weight":169.0,"label":"kenya"},{"weight":112.0,"label":"africa"},{"weight":80.0,"label":"mer"},{"weight":66.0,"label":"rvfv"},{"weight":65.0,"label":"cov"},{"weight":63.0,"label":"african"},{"weight":61.0,"label":"east"},{"weight":37.0,"label":"mcf"},{"weight":37.0,"label":"valley"},{"weight":34.0,"label":"tanzania"},{"weight":33.0,"label":"camel"},{"weight":31.0,"label":"study"},{"weight":28.0,"label":"western"},{"weight":27.0,"label":"rift"},{"weight":26.0,"label":"uganda"},{"weight":25.0,"label":"fever"},{"weight":24.0,"label":"seropositivity"},{"weight":24.0,"label":"positive"},{"weight":22.0,"label":"alhv"},{"weight":22.0,"label":"south"},{"weight":22.0,"label":"west"},{"weight":21.0,"label":"kenyan"},{"weight":20.0,"label":"morocco"},{"weight":20.0,"label":"korean"},{"weight":20.0,"label":"collect"}]}]}