{"linkageTable":[{"node2":2,"distance":0.45641592401583,"node1":1},{"node2":7,"distance":0.46605198844953,"node1":0},{"node2":8,"distance":0.47841389768692,"node1":3},{"node2":18,"distance":0.47900287149413,"node1":9},{"node2":17,"distance":0.48360697681743,"node1":4},{"node2":21,"distance":0.48743331094439624,"node1":19},{"node2":13,"distance":0.48883066515801,"node1":6},{"node2":22,"distance":0.491047294239985,"node1":24},{"node2":16,"distance":0.492395631730575,"node1":5},{"node2":15,"distance":0.493913389875875,"node1":11},{"node2":25,"distance":0.4952860672795925,"node1":26},{"node2":12,"distance":0.49565299882954,"node1":20},{"node2":23,"distance":0.4960004113906275,"node1":29},{"node2":28,"distance":0.4976887004685523,"node1":31},{"node2":32,"distance":0.49895862895098453,"node1":30},{"node2":14,"distance":0.49943429985704596,"node1":33},{"node2":27,"distance":0.4996229670287474,"node1":34},{"node2":10,"distance":0.49992381391046614,"node1":35}],"conceptsData":[{"conceptId":0,"clusterId":0,"hexCoordinates":{"x":-4.330127018922193,"y":-1.5},"labels":[{"weight":598.0,"label":"stroke"},{"weight":375.0,"label":"wmh"},{"weight":297.0,"label":"svd"},{"weight":282.0,"label":"brain"},{"weight":253.0,"label":"white"},{"weight":243.0,"label":"matter"},{"weight":224.0,"label":"cerebral"},{"weight":224.0,"label":"small"},{"weight":210.0,"label":"volume"},{"weight":198.0,"label":"vessel"},{"weight":172.0,"label":"mri"},{"weight":158.0,"label":"patient"},{"weight":148.0,"label":"disease"},{"weight":147.0,"label":"hyperintensity"},{"weight":140.0,"label":"lacunar"},{"weight":127.0,"label":"score"},{"weight":106.0,"label":"associate"},{"weight":102.0,"label":"age"},{"weight":100.0,"label":"imaging"},{"weight":97.0,"label":"feature"},{"weight":93.0,"label":"magnetic"},{"weight":93.0,"label":"resonance"},{"weight":92.0,"label":"cognitive"},{"weight":81.0,"label":"method"},{"weight":80.0,"label":"impairment"}]},{"conceptId":3,"clusterId":0,"hexCoordinates":{"x":0.0,"y":0.0},"labels":[{"weight":252.0,"label":"limb"},{"weight":207.0,"label":"surgery"},{"weight":195.0,"label":"surgical"},{"weight":181.0,"label":"injury"},{"weight":152.0,"label":"technique"},{"weight":149.0,"label":"tissue"},{"weight":136.0,"label":"prosthetic"},{"weight":135.0,"label":"distal"},{"weight":135.0,"label":"complication"},{"weight":112.0,"label":"patient"},{"weight":111.0,"label":"procedure"},{"weight":109.0,"label":"upper"},{"weight":103.0,"label":"ligament"},{"weight":103.0,"label":"tendon"},{"weight":94.0,"label":"follow"},{"weight":88.0,"label":"report"},{"weight":87.0,"label":"implant"},{"weight":80.0,"label":"prosthesis"},{"weight":80.0,"label":"hand"},{"weight":77.0,"label":"invasive"},{"weight":76.0,"label":"perform"},{"weight":74.0,"label":"proximal"},{"weight":74.0,"label":"reconstruction"},{"weight":69.0,"label":"site"},{"weight":67.0,"label":"tube"}]},{"conceptId":-1,"clusterId":-1,"hexCoordinates":{"x":5.196152422706632,"y":3.0},"labels":[{"weight":2500,"label":"Unclassified"},{"weight":0,"label":""},{"weight":0,"label":""},{"weight":0,"label":""},{"weight":0,"label":""},{"weight":0,"label":""},{"weight":0,"label":""},{"weight":0,"label":""},{"weight":0,"label":""},{"weight":0,"label":""},{"weight":0,"label":""}]},{"conceptId":8,"clusterId":0,"hexCoordinates":{"x":1.7320508075688772,"y":0.0},"labels":[{"weight":608.0,"label":"horse"},{"weight":276.0,"label":"equine"},{"weight":59.0,"label":"study"},{"weight":55.0,"label":"donkey"},{"weight":50.0,"label":"wait"},{"weight":48.0,"label":"veterinary"},{"weight":45.0,"label":"laminitis"},{"weight":39.0,"label":"cyp"},{"weight":38.0,"label":"lameness"},{"weight":37.0,"label":"work"},{"weight":33.0,"label":"reason"},{"weight":33.0,"label":"welfare"},{"weight":30.0,"label":"sign"},{"weight":28.0,"label":"ride"},{"weight":27.0,"label":"pony"},{"weight":27.0,"label":"mare"},{"weight":27.0,"label":"grass"},{"weight":26.0,"label":"colic"},{"weight":25.0,"label":"thoroughbred"},{"weight":23.0,"label":"equid"},{"weight":22.0,"label":"camh"},{"weight":22.0,"label":"grazing"},{"weight":22.0,"label":"cent"},{"weight":21.0,"label":"equus"},{"weight":21.0,"label":"prevalence"}]},{"conceptId":9,"clusterId":0,"hexCoordinates":{"x":-1.7320508075688772,"y":0.0},"labels":[{"weight":738.0,"label":"mri"},{"weight":529.0,"label":"imaging"},{"weight":513.0,"label":"tissue"},{"weight":340.0,"label":"ultrasound"},{"weight":323.0,"label":"scan"},{"weight":300.0,"label":"image"},{"weight":274.0,"label":"resonance"},{"weight":258.0,"label":"magnetic"},{"weight":258.0,"label":"lesion"},{"weight":193.0,"label":"study"},{"weight":191.0,"label":"method"},{"weight":178.0,"label":"anatomical"},{"weight":156.0,"label":"contrast"},{"weight":148.0,"label":"clinical"},{"weight":139.0,"label":"vivo"},{"weight":129.0,"label":"volume"},{"weight":127.0,"label":"anatomy"},{"weight":125.0,"label":"result"},{"weight":123.0,"label":"phantom"},{"weight":115.0,"label":"technique"},{"weight":114.0,"label":"conclusion"},{"weight":103.0,"label":"protocol"},{"weight":102.0,"label":"quantitative"},{"weight":100.0,"label":"perform"},{"weight":90.0,"label":"assess"}]},{"conceptId":17,"clusterId":0,"hexCoordinates":{"x":-1.7320508075688772,"y":-3.0},"labels":[{"weight":892.0,"label":"dental"},{"weight":548.0,"label":"oral"},{"weight":482.0,"label":"tooth"},{"weight":209.0,"label":"caries"},{"weight":132.0,"label":"periodontal"},{"weight":121.0,"label":"dentist"},{"weight":117.0,"label":"treatment"},{"weight":111.0,"label":"periodontitis"},{"weight":90.0,"label":"molar"},{"weight":77.0,"label":"clinical"},{"weight":74.0,"label":"maxillary"},{"weight":74.0,"label":"conclusion"},{"weight":73.0,"label":"fluoride"},{"weight":72.0,"label":"root"},{"weight":71.0,"label":"assess"},{"weight":67.0,"label":"extraction"},{"weight":66.0,"label":"plaque"},{"weight":62.0,"label":"hygiene"},{"weight":62.0,"label":"lesion"},{"weight":61.0,"label":"orthodontic"},{"weight":61.0,"label":"dentistry"},{"weight":60.0,"label":"study"},{"weight":58.0,"label":"gingival"},{"weight":58.0,"label":"aim"},{"weight":57.0,"label":"disease"}]},{"conceptId":18,"clusterId":0,"hexCoordinates":{"x":-0.8660254037844386,"y":1.5},"labels":[{"weight":138.0,"label":"fracture"},{"weight":72.0,"label":"hip"},{"weight":71.0,"label":"implant"},{"weight":50.0,"label":"thiel"},{"weight":49.0,"label":"cadaver"},{"weight":45.0,"label":"embalmed"},{"weight":41.0,"label":"arthroplasty"},{"weight":40.0,"label":"uka"},{"weight":37.0,"label":"revision"},{"weight":37.0,"label":"knee"},{"weight":37.0,"label":"procedure"},{"weight":36.0,"label":"ccc"},{"weight":36.0,"label":"component"},{"weight":28.0,"label":"tibial"},{"weight":27.0,"label":"femoral"},{"weight":24.0,"label":"nerve"},{"weight":23.0,"label":"bma"},{"weight":21.0,"label":"medial"},{"weight":21.0,"label":"volume"},{"weight":20.0,"label":"soft"},{"weight":20.0,"label":"mode"},{"weight":20.0,"label":"total"},{"weight":19.0,"label":"fixation"},{"weight":19.0,"label":"ankle"},{"weight":19.0,"label":"functional"}]},{"conceptId":7,"clusterId":0,"hexCoordinates":{"x":-3.4641016151377544,"y":-3.0},"labels":[{"weight":339.0,"label":"brain"},{"weight":210.0,"label":"volume"},{"weight":202.0,"label":"age"},{"weight":147.0,"label":"matter"},{"weight":128.0,"label":"white"},{"weight":114.0,"label":"cognitive"},{"weight":107.0,"label":"association"},{"weight":102.0,"label":"change"},{"weight":95.0,"label":"year"},{"weight":94.0,"label":"measure"},{"weight":86.0,"label":"cohort"},{"weight":81.0,"label":"retinal"},{"weight":75.0,"label":"vascular"},{"weight":74.0,"label":"imaging"},{"weight":69.0,"label":"hyperintensity"},{"weight":68.0,"label":"structural"},{"weight":62.0,"label":"mri"},{"weight":61.0,"label":"wmh"},{"weight":58.0,"label":"significant"},{"weight":55.0,"label":"speed"},{"weight":54.0,"label":"older"},{"weight":52.0,"label":"associate"},{"weight":49.0,"label":"birth"},{"weight":45.0,"label":"integrity"},{"weight":45.0,"label":"ageing"}]},{"conceptId":16,"clusterId":0,"hexCoordinates":{"x":-4.330127018922193,"y":1.5},"labels":[{"weight":322.0,"label":"capsule"},{"weight":140.0,"label":"endoscopy"},{"weight":94.0,"label":"tract"},{"weight":93.0,"label":"small"},{"weight":92.0,"label":"imaging"},{"weight":79.0,"label":"bowel"},{"weight":76.0,"label":"tissue"},{"weight":64.0,"label":"gastrointestinal"},{"weight":53.0,"label":"ultrasound"},{"weight":46.0,"label":"vivo"},{"weight":43.0,"label":"transducer"},{"weight":38.0,"label":"microultrasound"},{"weight":36.0,"label":"phantom"},{"weight":36.0,"label":"diagnostic"},{"weight":35.0,"label":"device"},{"weight":34.0,"label":"examination"},{"weight":34.0,"label":"frequency"},{"weight":33.0,"label":"porcine"},{"weight":32.0,"label":"colon"},{"weight":32.0,"label":"video"},{"weight":32.0,"label":"limit"},{"weight":31.0,"label":"vce"},{"weight":31.0,"label":"system"},{"weight":27.0,"label":"prototype"},{"weight":27.0,"label":"focus"}]},{"conceptId":12,"clusterId":0,"hexCoordinates":{"x":-5.196152422706632,"y":-3.0},"labels":[{"weight":413.0,"label":"eye"},{"weight":381.0,"label":"retinal"},{"weight":189.0,"label":"visual"},{"weight":145.0,"label":"glaucoma"},{"weight":133.0,"label":"ocular"},{"weight":131.0,"label":"corneal"},{"weight":118.0,"label":"retina"},{"weight":103.0,"label":"cataract"},{"weight":99.0,"label":"retinopathy"},{"weight":96.0,"label":"amd"},{"weight":88.0,"label":"rpe"},{"weight":86.0,"label":"disease"},{"weight":85.0,"label":"acuity"},{"weight":75.0,"label":"lens"},{"weight":71.0,"label":"vision"},{"weight":71.0,"label":"age"},{"weight":70.0,"label":"blindness"},{"weight":67.0,"label":"oct"},{"weight":67.0,"label":"macular"},{"weight":64.0,"label":"refractive"},{"weight":61.0,"label":"result"},{"weight":60.0,"label":"degeneration"},{"weight":60.0,"label":"image"},{"weight":59.0,"label":"imaging"},{"weight":57.0,"label":"ophthalmic"}]},{"conceptId":11,"clusterId":0,"hexCoordinates":{"x":0.8660254037844386,"y":1.5},"labels":[{"weight":1651.0,"label":"bone"},{"weight":268.0,"label":"fracture"},{"weight":144.0,"label":"trabecular"},{"weight":137.0,"label":"mineral"},{"weight":136.0,"label":"mouse"},{"weight":133.0,"label":"skeletal"},{"weight":130.0,"label":"phospho"},{"weight":130.0,"label":"increase"},{"weight":129.0,"label":"osteoblast"},{"weight":126.0,"label":"cortical"},{"weight":111.0,"label":"osteoporosis"},{"weight":110.0,"label":"study"},{"weight":105.0,"label":"density"},{"weight":102.0,"label":"tissue"},{"weight":97.0,"label":"bmd"},{"weight":94.0,"label":"mineralization"},{"weight":86.0,"label":"formation"},{"weight":84.0,"label":"marrow"},{"weight":81.0,"label":"osteoclast"},{"weight":76.0,"label":"calcification"},{"weight":72.0,"label":"osteocyte"},{"weight":66.0,"label":"week"},{"weight":64.0,"label":"age"},{"weight":62.0,"label":"decrease"},{"weight":58.0,"label":"matrix"}]},{"conceptId":10,"clusterId":0,"hexCoordinates":{"x":-0.8660254037844386,"y":-4.5},"labels":[{"weight":183.0,"label":"visual"},{"weight":97.0,"label":"field"},{"weight":70.0,"label":"svop"},{"weight":66.0,"label":"eye"},{"weight":52.0,"label":"test"},{"weight":46.0,"label":"sap"},{"weight":44.0,"label":"saccade"},{"weight":43.0,"label":"perimetry"},{"weight":39.0,"label":"patient"},{"weight":38.0,"label":"compare"},{"weight":25.0,"label":"gaze"},{"weight":25.0,"label":"movement"},{"weight":25.0,"label":"result"},{"weight":24.0,"label":"defect"},{"weight":24.0,"label":"point"},{"weight":21.0,"label":"vision"},{"weight":20.0,"label":"pattern"},{"weight":19.0,"label":"testing"},{"weight":19.0,"label":"subject"},{"weight":18.0,"label":"saccadic"},{"weight":18.0,"label":"blind"},{"weight":17.0,"label":"sensitivity"},{"weight":17.0,"label":"repeatability"},{"weight":16.0,"label":"glitch"},{"weight":16.0,"label":"healthy"}]},{"conceptId":14,"clusterId":0,"hexCoordinates":{"x":1.7320508075688772,"y":-3.0},"labels":[{"weight":356.0,"label":"wound"},{"weight":249.0,"label":"healing"},{"weight":224.0,"label":"ulcer"},{"weight":200.0,"label":"foot"},{"weight":128.0,"label":"amputation"},{"weight":128.0,"label":"limb"},{"weight":102.0,"label":"ulceration"},{"weight":87.0,"label":"pad"},{"weight":59.0,"label":"acanthamoeba"},{"weight":58.0,"label":"compression"},{"weight":57.0,"label":"lower"},{"weight":56.0,"label":"diabetic"},{"weight":55.0,"label":"venous"},{"weight":55.0,"label":"leg"},{"weight":52.0,"label":"stump"},{"weight":49.0,"label":"patient"},{"weight":45.0,"label":"diabetes"},{"weight":44.0,"label":"study"},{"weight":42.0,"label":"heal"},{"weight":40.0,"label":"lymphoedema"},{"weight":39.0,"label":"peripheral"},{"weight":38.0,"label":"chronic"},{"weight":37.0,"label":"skin"},{"weight":33.0,"label":"treatment"},{"weight":29.0,"label":"topical"}]},{"conceptId":15,"clusterId":0,"hexCoordinates":{"x":0.0,"y":3.0},"labels":[{"weight":569.0,"label":"joint"},{"weight":227.0,"label":"cartilage"},{"weight":105.0,"label":"mechanism"},{"weight":101.0,"label":"chondrocyte"},{"weight":98.0,"label":"osteoarthritis"},{"weight":91.0,"label":"articular"},{"weight":86.0,"label":"mode"},{"weight":73.0,"label":"synovial"},{"weight":73.0,"label":"arthritis"},{"weight":70.0,"label":"par"},{"weight":54.0,"label":"bone"},{"weight":49.0,"label":"dof"},{"weight":45.0,"label":"damage"},{"weight":42.0,"label":"analysis"},{"weight":40.0,"label":"operation"},{"weight":38.0,"label":"osteophyte"},{"weight":35.0,"label":"knee"},{"weight":34.0,"label":"change"},{"weight":33.0,"label":"matrix"},{"weight":31.0,"label":"kinematic"},{"weight":31.0,"label":"day"},{"weight":29.0,"label":"dmm"},{"weight":28.0,"label":"degree"},{"weight":28.0,"label":"induce"},{"weight":27.0,"label":"pain"}]},{"conceptId":5,"clusterId":0,"hexCoordinates":{"x":-2.598076211353316,"y":1.5},"labels":[{"weight":92.0,"label":"needle"},{"weight":41.0,"label":"tile"},{"weight":33.0,"label":"tiling"},{"weight":31.0,"label":"tissue"},{"weight":29.0,"label":"tool"},{"weight":27.0,"label":"imaging"},{"weight":26.0,"label":"array"},{"weight":25.0,"label":"surgical"},{"weight":25.0,"label":"technique"},{"weight":22.0,"label":"result"},{"weight":21.0,"label":"probe"},{"weight":20.0,"label":"guidance"},{"weight":18.0,"label":"ultrasound"},{"weight":18.0,"label":"present"},{"weight":17.0,"label":"provide"},{"weight":16.0,"label":"paste"},{"weight":16.0,"label":"intervention"},{"weight":15.0,"label":"scheme"},{"weight":15.0,"label":"transducer"},{"weight":14.0,"label":"fractal"},{"weight":14.0,"label":"bonding"},{"weight":13.0,"label":"perforation"},{"weight":13.0,"label":"substitution"},{"weight":13.0,"label":"packaging"},{"weight":13.0,"label":"promising"}]},{"conceptId":1,"clusterId":0,"hexCoordinates":{"x":-0.8660254037844386,"y":-1.5},"labels":[{"weight":78.0,"label":"vertebral"},{"weight":73.0,"label":"osa"},{"weight":55.0,"label":"cpap"},{"weight":52.0,"label":"vertebra"},{"weight":50.0,"label":"spinal"},{"weight":48.0,"label":"cervical"},{"weight":36.0,"label":"rib"},{"weight":33.0,"label":"dhm"},{"weight":29.0,"label":"thoracic"},{"weight":28.0,"label":"rbd"},{"weight":25.0,"label":"group"},{"weight":24.0,"label":"airway"},{"weight":24.0,"label":"prevalence"},{"weight":22.0,"label":"csc"},{"weight":20.0,"label":"kyphosis"},{"weight":20.0,"label":"radiographic"},{"weight":20.0,"label":"caudal"},{"weight":19.0,"label":"csp"},{"weight":19.0,"label":"lateral"},{"weight":18.0,"label":"lrrg"},{"weight":18.0,"label":"spine"},{"weight":18.0,"label":"mom"},{"weight":17.0,"label":"cvm"},{"weight":17.0,"label":"scoliosis"},{"weight":17.0,"label":"breed"}]},{"conceptId":2,"clusterId":0,"hexCoordinates":{"x":0.8660254037844386,"y":-1.5},"labels":[{"weight":1379.0,"label":"dog"},{"weight":615.0,"label":"cat"},{"weight":337.0,"label":"canine"},{"weight":245.0,"label":"animal"},{"weight":209.0,"label":"owner"},{"weight":201.0,"label":"veterinary"},{"weight":159.0,"label":"clinical"},{"weight":148.0,"label":"pet"},{"weight":138.0,"label":"breed"},{"weight":115.0,"label":"sign"},{"weight":112.0,"label":"human"},{"weight":86.0,"label":"disease"},{"weight":85.0,"label":"identify"},{"weight":78.0,"label":"include"},{"weight":77.0,"label":"companion"},{"weight":74.0,"label":"feline"},{"weight":69.0,"label":"study"},{"weight":68.0,"label":"rabbit"},{"weight":67.0,"label":"finding"},{"weight":66.0,"label":"case"},{"weight":65.0,"label":"objective"},{"weight":64.0,"label":"healthy"},{"weight":61.0,"label":"common"},{"weight":59.0,"label":"describe"},{"weight":57.0,"label":"associate"}]},{"conceptId":6,"clusterId":0,"hexCoordinates":{"x":-2.598076211353316,"y":-1.5},"labels":[{"weight":228.0,"label":"observer"},{"weight":188.0,"label":"inter"},{"weight":185.0,"label":"intra"},{"weight":172.0,"label":"icc"},{"weight":153.0,"label":"reliability"},{"weight":139.0,"label":"agreement"},{"weight":98.0,"label":"measurement"},{"weight":93.0,"label":"coefficient"},{"weight":88.0,"label":"method"},{"weight":75.0,"label":"correlation"},{"weight":67.0,"label":"reproducibility"},{"weight":62.0,"label":"range"},{"weight":60.0,"label":"dvm"},{"weight":60.0,"label":"variability"},{"weight":57.0,"label":"assess"},{"weight":54.0,"label":"measure"},{"weight":45.0,"label":"zooplankton"},{"weight":45.0,"label":"score"},{"weight":45.0,"label":"study"},{"weight":44.0,"label":"assessment"},{"weight":43.0,"label":"excellent"},{"weight":42.0,"label":"vertical"},{"weight":42.0,"label":"repeatability"},{"weight":40.0,"label":"ssl"},{"weight":38.0,"label":"difference"}]},{"conceptId":4,"clusterId":0,"hexCoordinates":{"x":0.0,"y":-3.0},"labels":[{"weight":154.0,"label":"facial"},{"weight":104.0,"label":"asymmetry"},{"weight":66.0,"label":"skull"},{"weight":58.0,"label":"rho"},{"weight":51.0,"label":"lip"},{"weight":50.0,"label":"landmark"},{"weight":47.0,"label":"head"},{"weight":36.0,"label":"face"},{"weight":35.0,"label":"morphology"},{"weight":33.0,"label":"distance"},{"weight":31.0,"label":"image"},{"weight":29.0,"label":"side"},{"weight":27.0,"label":"cleft"},{"weight":25.0,"label":"nose"},{"weight":24.0,"label":"nasal"},{"weight":24.0,"label":"smile"},{"weight":23.0,"label":"upper"},{"weight":23.0,"label":"analysis"},{"weight":22.0,"label":"norm"},{"weight":21.0,"label":"cheek"},{"weight":21.0,"label":"leave"},{"weight":19.0,"label":"omega"},{"weight":18.0,"label":"left"},{"weight":18.0,"label":"anatomical"},{"weight":17.0,"label":"palate"}]},{"conceptId":13,"clusterId":0,"hexCoordinates":{"x":-3.4641016151377544,"y":0.0},"labels":[{"weight":457.0,"label":"hip"},{"weight":384.0,"label":"knee"},{"weight":179.0,"label":"shape"},{"weight":164.0,"label":"fracture"},{"weight":139.0,"label":"osteoarthritis"},{"weight":130.0,"label":"joint"},{"weight":126.0,"label":"pain"},{"weight":111.0,"label":"spine"},{"weight":108.0,"label":"year"},{"weight":106.0,"label":"total"},{"weight":99.0,"label":"arthroplasty"},{"weight":97.0,"label":"associate"},{"weight":89.0,"label":"tka"},{"weight":83.0,"label":"score"},{"weight":74.0,"label":"replacement"},{"weight":65.0,"label":"age"},{"weight":63.0,"label":"femoral"},{"weight":60.0,"label":"greater"},{"weight":60.0,"label":"mode"},{"weight":55.0,"label":"neck"},{"weight":48.0,"label":"tha"},{"weight":48.0,"label":"variation"},{"weight":42.0,"label":"lumbar"},{"weight":41.0,"label":"tkr"},{"weight":41.0,"label":"bone"}]}]}