{"linkageTable":[{"node2":24,"distance":0.45488519331099,"node1":5},{"node2":23,"distance":0.464941421164995,"node1":20},{"node2":21,"distance":0.465146946908645,"node1":14},{"node2":13,"distance":0.46891646633116,"node1":8},{"node2":26,"distance":0.473589936931455,"node1":19},{"node2":29,"distance":0.473945761579685,"node1":4},{"node2":30,"distance":0.47551940355478,"node1":2},{"node2":11,"distance":0.4790108551377025,"node1":33},{"node2":7,"distance":0.48046186659809,"node1":6},{"node2":34,"distance":0.481435951604755,"node1":9},{"node2":27,"distance":0.482415122947965,"node1":25},{"node2":15,"distance":0.483696857615535,"node1":35},{"node2":32,"distance":0.484500271308425,"node1":16},{"node2":41,"distance":0.48502454058149747,"node1":38},{"node2":42,"distance":0.4853978652252109,"node1":39},{"node2":31,"distance":0.485572101342165,"node1":36},{"node2":43,"distance":0.486715057924,"node1":10},{"node2":17,"distance":0.4871451807435,"node1":0},{"node2":45,"distance":0.48881255415663355,"node1":47},{"node2":37,"distance":0.4889544321282675,"node1":49},{"node2":22,"distance":0.48973694119648165,"node1":44},{"node2":53,"distance":0.49135430869188246,"node1":52},{"node2":51,"distance":0.49145758261312533,"node1":50},{"node2":12,"distance":0.492232413826525,"node1":55},{"node2":18,"distance":0.492490482257815,"node1":46},{"node2":40,"distance":0.49340453410136725,"node1":56},{"node2":54,"distance":0.49393065737983166,"node1":58},{"node2":57,"distance":0.4941627520200688,"node1":59},{"node2":48,"distance":0.4957656550093901,"node1":60},{"node2":1,"distance":0.4964659475118888,"node1":61},{"node2":3,"distance":0.49850127619126544,"node1":62},{"node2":28,"distance":0.49905736921144545,"node1":63}],"conceptsData":[{"conceptId":4,"clusterId":0,"hexCoordinates":{"x":-5.196152422706632,"y":0.0},"labels":[{"weight":189.0,"label":"dignity"},{"weight":60.0,"label":"safety"},{"weight":56.0,"label":"human"},{"weight":35.0,"label":"hfe"},{"weight":29.0,"label":"evacuation"},{"weight":27.0,"label":"concept"},{"weight":23.0,"label":"ergonomics"},{"weight":23.0,"label":"approach"},{"weight":22.0,"label":"factor"},{"weight":21.0,"label":"coordination"},{"weight":19.0,"label":"exit"},{"weight":18.0,"label":"eod"},{"weight":17.0,"label":"tip"},{"weight":16.0,"label":"handover"},{"weight":15.0,"label":"dignified"},{"weight":15.0,"label":"curriculum"},{"weight":15.0,"label":"improvement"},{"weight":14.0,"label":"experimental"},{"weight":14.0,"label":"system"},{"weight":13.0,"label":"meaning"},{"weight":13.0,"label":"experiential"},{"weight":13.0,"label":"conceptualise"},{"weight":13.0,"label":"local"},{"weight":13.0,"label":"potential"},{"weight":12.0,"label":"ocr"}]},{"conceptId":29,"clusterId":0,"hexCoordinates":{"x":-4.330127018922193,"y":1.5},"labels":[{"weight":1474.0,"label":"professional"},{"weight":1098.0,"label":"practice"},{"weight":766.0,"label":"work"},{"weight":466.0,"label":"training"},{"weight":412.0,"label":"healthcare"},{"weight":387.0,"label":"support"},{"weight":376.0,"label":"education"},{"weight":365.0,"label":"development"},{"weight":339.0,"label":"practitioner"},{"weight":327.0,"label":"role"},{"weight":314.0,"label":"skill"},{"weight":278.0,"label":"care"},{"weight":266.0,"label":"knowledge"},{"weight":260.0,"label":"management"},{"weight":244.0,"label":"nurse"},{"weight":219.0,"label":"health"},{"weight":215.0,"label":"staff"},{"weight":212.0,"label":"competency"},{"weight":199.0,"label":"identify"},{"weight":192.0,"label":"team"},{"weight":171.0,"label":"provide"},{"weight":164.0,"label":"intervention"},{"weight":157.0,"label":"require"},{"weight":157.0,"label":"setting"},{"weight":153.0,"label":"profession"}]},{"conceptId":-1,"clusterId":-1,"hexCoordinates":{"x":7.794228634059947,"y":4.5},"labels":[{"weight":2500,"label":"Unclassified"},{"weight":0,"label":""},{"weight":0,"label":""},{"weight":0,"label":""},{"weight":0,"label":""},{"weight":0,"label":""},{"weight":0,"label":""},{"weight":0,"label":""},{"weight":0,"label":""},{"weight":0,"label":""},{"weight":0,"label":""}]},{"conceptId":2,"clusterId":0,"hexCoordinates":{"x":3.4641016151377544,"y":0.0},"labels":[{"weight":344.0,"label":"patient"},{"weight":320.0,"label":"service"},{"weight":295.0,"label":"pharmacy"},{"weight":282.0,"label":"health"},{"weight":274.0,"label":"pharmacist"},{"weight":271.0,"label":"community"},{"weight":269.0,"label":"management"},{"weight":245.0,"label":"advice"},{"weight":191.0,"label":"care"},{"weight":165.0,"label":"support"},{"weight":142.0,"label":"consultation"},{"weight":130.0,"label":"professional"},{"weight":122.0,"label":"contact"},{"weight":120.0,"label":"study"},{"weight":119.0,"label":"provide"},{"weight":105.0,"label":"telephone"},{"weight":93.0,"label":"explore"},{"weight":88.0,"label":"face"},{"weight":83.0,"label":"conclusion"},{"weight":81.0,"label":"practice"},{"weight":71.0,"label":"background"},{"weight":69.0,"label":"information"},{"weight":67.0,"label":"interview"},{"weight":67.0,"label":"manage"},{"weight":65.0,"label":"scotland"}]},{"conceptId":27,"clusterId":0,"hexCoordinates":{"x":-3.4641016151377544,"y":-3.0},"labels":[{"weight":2289.0,"label":"service"},{"weight":1527.0,"label":"support"},{"weight":1093.0,"label":"social"},{"weight":945.0,"label":"people"},{"weight":892.0,"label":"care"},{"weight":781.0,"label":"health"},{"weight":511.0,"label":"access"},{"weight":343.0,"label":"user"},{"weight":305.0,"label":"provision"},{"weight":297.0,"label":"experience"},{"weight":294.0,"label":"group"},{"weight":204.0,"label":"include"},{"weight":201.0,"label":"community"},{"weight":197.0,"label":"provide"},{"weight":195.0,"label":"provider"},{"weight":183.0,"label":"barrier"},{"weight":179.0,"label":"explore"},{"weight":174.0,"label":"live"},{"weight":169.0,"label":"identify"},{"weight":164.0,"label":"professional"},{"weight":162.0,"label":"person"},{"weight":158.0,"label":"management"},{"weight":157.0,"label":"finding"},{"weight":151.0,"label":"population"},{"weight":150.0,"label":"improve"}]},{"conceptId":20,"clusterId":0,"hexCoordinates":{"x":0.0,"y":0.0},"labels":[{"weight":2630.0,"label":"care"},{"weight":2595.0,"label":"patient"},{"weight":858.0,"label":"practice"},{"weight":713.0,"label":"primary"},{"weight":492.0,"label":"healthcare"},{"weight":489.0,"label":"nurse"},{"weight":463.0,"label":"management"},{"weight":435.0,"label":"health"},{"weight":331.0,"label":"professional"},{"weight":279.0,"label":"clinical"},{"weight":261.0,"label":"consultation"},{"weight":243.0,"label":"quality"},{"weight":236.0,"label":"clinician"},{"weight":208.0,"label":"centre"},{"weight":182.0,"label":"person"},{"weight":174.0,"label":"service"},{"weight":170.0,"label":"general"},{"weight":160.0,"label":"review"},{"weight":145.0,"label":"improve"},{"weight":142.0,"label":"background"},{"weight":139.0,"label":"conclusion"},{"weight":132.0,"label":"condition"},{"weight":128.0,"label":"experience"},{"weight":126.0,"label":"staff"},{"weight":120.0,"label":"practitioner"}]},{"conceptId":28,"clusterId":0,"hexCoordinates":{"x":3.4641016151377544,"y":3.0},"labels":[{"weight":130.0,"label":"physiotherapy"},{"weight":78.0,"label":"access"},{"weight":57.0,"label":"physiotherapist"},{"weight":56.0,"label":"dmt"},{"weight":51.0,"label":"register"},{"weight":50.0,"label":"ppi"},{"weight":30.0,"label":"progressive"},{"weight":28.0,"label":"service"},{"weight":27.0,"label":"foxn"},{"weight":27.0,"label":"report"},{"weight":25.0,"label":"thymic"},{"weight":25.0,"label":"poe"},{"weight":25.0,"label":"receive"},{"weight":23.0,"label":"tec"},{"weight":20.0,"label":"thymus"},{"weight":20.0,"label":"people"},{"weight":20.0,"label":"level"},{"weight":18.0,"label":"specialist"},{"weight":18.0,"label":"manufacturing"},{"weight":15.0,"label":"survey"},{"weight":15.0,"label":"review"},{"weight":15.0,"label":"member"},{"weight":14.0,"label":"mtec"},{"weight":14.0,"label":"kingdom"},{"weight":14.0,"label":"high"}]},{"conceptId":19,"clusterId":0,"hexCoordinates":{"x":-4.330127018922193,"y":-4.5},"labels":[{"weight":1805.0,"label":"home"},{"weight":1218.0,"label":"care"},{"weight":347.0,"label":"resident"},{"weight":314.0,"label":"older"},{"weight":295.0,"label":"people"},{"weight":154.0,"label":"fall"},{"weight":153.0,"label":"staff"},{"weight":134.0,"label":"dementia"},{"weight":128.0,"label":"live"},{"weight":122.0,"label":"residential"},{"weight":108.0,"label":"quality"},{"weight":105.0,"label":"base"},{"weight":104.0,"label":"setting"},{"weight":79.0,"label":"community"},{"weight":70.0,"label":"podiatry"},{"weight":64.0,"label":"environment"},{"weight":60.0,"label":"adult"},{"weight":58.0,"label":"life"},{"weight":55.0,"label":"institutional"},{"weight":50.0,"label":"long"},{"weight":49.0,"label":"person"},{"weight":46.0,"label":"visit"},{"weight":45.0,"label":"term"},{"weight":44.0,"label":"reduce"},{"weight":39.0,"label":"receive"}]},{"conceptId":15,"clusterId":0,"hexCoordinates":{"x":-2.598076211353316,"y":-4.5},"labels":[{"weight":753.0,"label":"practice"},{"weight":548.0,"label":"theory"},{"weight":539.0,"label":"study"},{"weight":524.0,"label":"research"},{"weight":432.0,"label":"framework"},{"weight":421.0,"label":"process"},{"weight":373.0,"label":"thesis"},{"weight":323.0,"label":"approach"},{"weight":275.0,"label":"develop"},{"weight":265.0,"label":"analysis"},{"weight":255.0,"label":"data"},{"weight":213.0,"label":"understanding"},{"weight":205.0,"label":"theoretical"},{"weight":196.0,"label":"development"},{"weight":183.0,"label":"experience"},{"weight":178.0,"label":"knowledge"},{"weight":175.0,"label":"methodology"},{"weight":173.0,"label":"qualitative"},{"weight":168.0,"label":"finding"},{"weight":167.0,"label":"interview"},{"weight":164.0,"label":"ground"},{"weight":163.0,"label":"work"},{"weight":159.0,"label":"method"},{"weight":158.0,"label":"explore"},{"weight":146.0,"label":"analyse"}]},{"conceptId":13,"clusterId":0,"hexCoordinates":{"x":-1.7320508075688772,"y":3.0},"labels":[{"weight":309.0,"label":"practice"},{"weight":214.0,"label":"prescribe"},{"weight":148.0,"label":"intervention"},{"weight":145.0,"label":"high"},{"weight":134.0,"label":"risk"},{"weight":127.0,"label":"nsaid"},{"weight":106.0,"label":"bingo"},{"weight":87.0,"label":"patient"},{"weight":79.0,"label":"care"},{"weight":79.0,"label":"primary"},{"weight":78.0,"label":"review"},{"weight":57.0,"label":"drug"},{"weight":50.0,"label":"measure"},{"weight":49.0,"label":"trial"},{"weight":49.0,"label":"general"},{"weight":46.0,"label":"implementation"},{"weight":43.0,"label":"data"},{"weight":41.0,"label":"dqip"},{"weight":41.0,"label":"target"},{"weight":40.0,"label":"anti"},{"weight":40.0,"label":"prescribing"},{"weight":35.0,"label":"effectiveness"},{"weight":33.0,"label":"admission"},{"weight":32.0,"label":"steroidal"},{"weight":31.0,"label":"component"}]},{"conceptId":14,"clusterId":0,"hexCoordinates":{"x":-1.7320508075688772,"y":-3.0},"labels":[{"weight":450.0,"label":"interview"},{"weight":367.0,"label":"study"},{"weight":346.0,"label":"analysis"},{"weight":338.0,"label":"data"},{"weight":314.0,"label":"participant"},{"weight":299.0,"label":"qualitative"},{"weight":271.0,"label":"group"},{"weight":253.0,"label":"process"},{"weight":245.0,"label":"relationship"},{"weight":237.0,"label":"method"},{"weight":229.0,"label":"result"},{"weight":219.0,"label":"theme"},{"weight":218.0,"label":"identify"},{"weight":207.0,"label":"approach"},{"weight":200.0,"label":"role"},{"weight":193.0,"label":"structure"},{"weight":193.0,"label":"explore"},{"weight":182.0,"label":"focus"},{"weight":180.0,"label":"support"},{"weight":177.0,"label":"finding"},{"weight":174.0,"label":"individual"},{"weight":170.0,"label":"analyse"},{"weight":168.0,"label":"experience"},{"weight":166.0,"label":"practice"},{"weight":163.0,"label":"thematic"}]},{"conceptId":7,"clusterId":0,"hexCoordinates":{"x":-3.4641016151377544,"y":0.0},"labels":[{"weight":664.0,"label":"care"},{"weight":617.0,"label":"nurse"},{"weight":272.0,"label":"nursing"},{"weight":248.0,"label":"health"},{"weight":247.0,"label":"midwife"},{"weight":237.0,"label":"professional"},{"weight":155.0,"label":"practice"},{"weight":136.0,"label":"staff"},{"weight":108.0,"label":"midwifery"},{"weight":97.0,"label":"role"},{"weight":94.0,"label":"maternity"},{"weight":86.0,"label":"compassionate"},{"weight":86.0,"label":"profession"},{"weight":86.0,"label":"clinical"},{"weight":77.0,"label":"work"},{"weight":73.0,"label":"patient"},{"weight":73.0,"label":"labour"},{"weight":72.0,"label":"design"},{"weight":70.0,"label":"healthcare"},{"weight":69.0,"label":"hospital"},{"weight":68.0,"label":"compassion"},{"weight":64.0,"label":"workforce"},{"weight":57.0,"label":"setting"},{"weight":51.0,"label":"background"},{"weight":51.0,"label":"provision"}]},{"conceptId":32,"clusterId":0,"hexCoordinates":{"x":0.8660254037844386,"y":1.5},"labels":[{"weight":2241.0,"label":"information"},{"weight":880.0,"label":"knowledge"},{"weight":737.0,"label":"attitude"},{"weight":591.0,"label":"awareness"},{"weight":437.0,"label":"perception"},{"weight":420.0,"label":"seek"},{"weight":321.0,"label":"public"},{"weight":309.0,"label":"survey"},{"weight":298.0,"label":"group"},{"weight":255.0,"label":"focus"},{"weight":252.0,"label":"result"},{"weight":247.0,"label":"provide"},{"weight":243.0,"label":"perceive"},{"weight":235.0,"label":"finding"},{"weight":232.0,"label":"study"},{"weight":230.0,"label":"behaviour"},{"weight":227.0,"label":"experience"},{"weight":221.0,"label":"people"},{"weight":218.0,"label":"communication"},{"weight":215.0,"label":"respondent"},{"weight":214.0,"label":"belief"},{"weight":213.0,"label":"participant"},{"weight":206.0,"label":"source"},{"weight":193.0,"label":"influence"},{"weight":193.0,"label":"lack"}]},{"conceptId":1,"clusterId":0,"hexCoordinates":{"x":1.7320508075688772,"y":3.0},"labels":[{"weight":1334.0,"label":"health"},{"weight":514.0,"label":"care"},{"weight":260.0,"label":"service"},{"weight":210.0,"label":"facility"},{"weight":195.0,"label":"public"},{"weight":182.0,"label":"healthcare"},{"weight":172.0,"label":"medical"},{"weight":167.0,"label":"system"},{"weight":154.0,"label":"quality"},{"weight":138.0,"label":"primary"},{"weight":118.0,"label":"access"},{"weight":102.0,"label":"base"},{"weight":100.0,"label":"provider"},{"weight":92.0,"label":"improve"},{"weight":83.0,"label":"practitioner"},{"weight":76.0,"label":"resource"},{"weight":75.0,"label":"setting"},{"weight":73.0,"label":"performance"},{"weight":71.0,"label":"worker"},{"weight":68.0,"label":"country"},{"weight":63.0,"label":"low"},{"weight":61.0,"label":"treatment"},{"weight":58.0,"label":"practice"},{"weight":58.0,"label":"area"},{"weight":58.0,"label":"study"}]},{"conceptId":18,"clusterId":0,"hexCoordinates":{"x":-3.4641016151377544,"y":3.0},"labels":[{"weight":1208.0,"label":"patient"},{"weight":360.0,"label":"care"},{"weight":252.0,"label":"experience"},{"weight":200.0,"label":"quality"},{"weight":142.0,"label":"clinical"},{"weight":130.0,"label":"satisfaction"},{"weight":125.0,"label":"assessment"},{"weight":124.0,"label":"healthcare"},{"weight":115.0,"label":"health"},{"weight":109.0,"label":"improvement"},{"weight":96.0,"label":"tool"},{"weight":84.0,"label":"outcome"},{"weight":80.0,"label":"feedback"},{"weight":69.0,"label":"method"},{"weight":67.0,"label":"assess"},{"weight":67.0,"label":"primary"},{"weight":67.0,"label":"measure"},{"weight":66.0,"label":"utility"},{"weight":65.0,"label":"result"},{"weight":64.0,"label":"conclusion"},{"weight":60.0,"label":"clinician"},{"weight":58.0,"label":"impact"},{"weight":56.0,"label":"score"},{"weight":52.0,"label":"background"},{"weight":52.0,"label":"report"}]},{"conceptId":5,"clusterId":0,"hexCoordinates":{"x":1.7320508075688772,"y":-3.0},"labels":[{"weight":577.0,"label":"stroke"},{"weight":385.0,"label":"survivor"},{"weight":372.0,"label":"rehabilitation"},{"weight":264.0,"label":"patient"},{"weight":171.0,"label":"intervention"},{"weight":154.0,"label":"goal"},{"weight":132.0,"label":"setting"},{"weight":112.0,"label":"prom"},{"weight":86.0,"label":"develop"},{"weight":73.0,"label":"measure"},{"weight":72.0,"label":"report"},{"weight":71.0,"label":"quality"},{"weight":67.0,"label":"post"},{"weight":60.0,"label":"practice"},{"weight":59.0,"label":"conclusion"},{"weight":57.0,"label":"service"},{"weight":55.0,"label":"recovery"},{"weight":55.0,"label":"health"},{"weight":55.0,"label":"experience"},{"weight":51.0,"label":"evaluate"},{"weight":49.0,"label":"support"},{"weight":49.0,"label":"provide"},{"weight":46.0,"label":"consequence"},{"weight":45.0,"label":"nurse"},{"weight":42.0,"label":"instrument"}]},{"conceptId":22,"clusterId":0,"hexCoordinates":{"x":-1.7320508075688772,"y":-6.0},"labels":[{"weight":613.0,"label":"occupational"},{"weight":256.0,"label":"occupation"},{"weight":246.0,"label":"therapy"},{"weight":241.0,"label":"people"},{"weight":224.0,"label":"therapist"},{"weight":208.0,"label":"support"},{"weight":196.0,"label":"health"},{"weight":178.0,"label":"literature"},{"weight":142.0,"label":"life"},{"weight":140.0,"label":"aim"},{"weight":129.0,"label":"research"},{"weight":126.0,"label":"individual"},{"weight":121.0,"label":"work"},{"weight":114.0,"label":"professional"},{"weight":108.0,"label":"explore"},{"weight":104.0,"label":"review"},{"weight":93.0,"label":"proposal"},{"weight":91.0,"label":"practice"},{"weight":81.0,"label":"person"},{"weight":79.0,"label":"group"},{"weight":74.0,"label":"intervention"},{"weight":74.0,"label":"provide"},{"weight":73.0,"label":"propose"},{"weight":68.0,"label":"focus"},{"weight":67.0,"label":"condition"}]},{"conceptId":31,"clusterId":0,"hexCoordinates":{"x":-0.8660254037844386,"y":4.5},"labels":[{"weight":615.0,"label":"therapy"},{"weight":312.0,"label":"client"},{"weight":251.0,"label":"cbt"},{"weight":220.0,"label":"treatment"},{"weight":208.0,"label":"therapist"},{"weight":152.0,"label":"psychological"},{"weight":136.0,"label":"behavioural"},{"weight":131.0,"label":"compassion"},{"weight":129.0,"label":"therapeutic"},{"weight":126.0,"label":"depression"},{"weight":125.0,"label":"cognitive"},{"weight":101.0,"label":"counselling"},{"weight":86.0,"label":"intervention"},{"weight":85.0,"label":"session"},{"weight":79.0,"label":"group"},{"weight":77.0,"label":"anxiety"},{"weight":70.0,"label":"focus"},{"weight":70.0,"label":"present"},{"weight":70.0,"label":"process"},{"weight":69.0,"label":"psychotherapy"},{"weight":69.0,"label":"person"},{"weight":62.0,"label":"tau"},{"weight":61.0,"label":"individual"},{"weight":58.0,"label":"model"},{"weight":54.0,"label":"art"}]},{"conceptId":30,"clusterId":0,"hexCoordinates":{"x":2.598076211353316,"y":-1.5},"labels":[{"weight":1634.0,"label":"survey"},{"weight":909.0,"label":"questionnaire"},{"weight":864.0,"label":"response"},{"weight":693.0,"label":"respondent"},{"weight":612.0,"label":"report"},{"weight":548.0,"label":"question"},{"weight":405.0,"label":"result"},{"weight":342.0,"label":"complete"},{"weight":285.0,"label":"study"},{"weight":285.0,"label":"rate"},{"weight":245.0,"label":"online"},{"weight":217.0,"label":"method"},{"weight":204.0,"label":"current"},{"weight":203.0,"label":"data"},{"weight":188.0,"label":"attitude"},{"weight":184.0,"label":"participant"},{"weight":180.0,"label":"sample"},{"weight":162.0,"label":"respond"},{"weight":153.0,"label":"compare"},{"weight":150.0,"label":"send"},{"weight":149.0,"label":"level"},{"weight":148.0,"label":"answer"},{"weight":148.0,"label":"aim"},{"weight":145.0,"label":"conduct"},{"weight":141.0,"label":"satisfaction"}]},{"conceptId":24,"clusterId":0,"hexCoordinates":{"x":0.8660254037844386,"y":-4.5},"labels":[{"weight":615.0,"label":"research"},{"weight":463.0,"label":"priority"},{"weight":431.0,"label":"expert"},{"weight":428.0,"label":"consensus"},{"weight":385.0,"label":"stakeholder"},{"weight":291.0,"label":"group"},{"weight":257.0,"label":"identify"},{"weight":222.0,"label":"set"},{"weight":218.0,"label":"method"},{"weight":200.0,"label":"list"},{"weight":187.0,"label":"result"},{"weight":184.0,"label":"process"},{"weight":161.0,"label":"develop"},{"weight":154.0,"label":"involve"},{"weight":144.0,"label":"agree"},{"weight":142.0,"label":"round"},{"weight":141.0,"label":"delphi"},{"weight":138.0,"label":"top"},{"weight":136.0,"label":"rank"},{"weight":134.0,"label":"meeting"},{"weight":134.0,"label":"question"},{"weight":129.0,"label":"stage"},{"weight":127.0,"label":"criterion"},{"weight":115.0,"label":"statement"},{"weight":115.0,"label":"management"}]},{"conceptId":21,"clusterId":0,"hexCoordinates":{"x":-0.8660254037844386,"y":-4.5},"labels":[{"weight":1138.0,"label":"care"},{"weight":1062.0,"label":"dementia"},{"weight":442.0,"label":"nurse"},{"weight":433.0,"label":"people"},{"weight":280.0,"label":"patient"},{"weight":270.0,"label":"carer"},{"weight":269.0,"label":"person"},{"weight":167.0,"label":"support"},{"weight":166.0,"label":"palliative"},{"weight":163.0,"label":"life"},{"weight":157.0,"label":"live"},{"weight":127.0,"label":"centre"},{"weight":125.0,"label":"staff"},{"weight":125.0,"label":"practice"},{"weight":108.0,"label":"ward"},{"weight":97.0,"label":"focus"},{"weight":97.0,"label":"setting"},{"weight":91.0,"label":"quality"},{"weight":80.0,"label":"experience"},{"weight":79.0,"label":"data"},{"weight":74.0,"label":"psychosocial"},{"weight":74.0,"label":"home"},{"weight":69.0,"label":"goal"},{"weight":65.0,"label":"health"},{"weight":65.0,"label":"aim"}]},{"conceptId":25,"clusterId":0,"hexCoordinates":{"x":-2.598076211353316,"y":-1.5},"labels":[{"weight":1578.0,"label":"programme"},{"weight":839.0,"label":"evaluation"},{"weight":536.0,"label":"intervention"},{"weight":444.0,"label":"implementation"},{"weight":258.0,"label":"process"},{"weight":250.0,"label":"design"},{"weight":243.0,"label":"effectiveness"},{"weight":238.0,"label":"delivery"},{"weight":217.0,"label":"data"},{"weight":211.0,"label":"context"},{"weight":206.0,"label":"outcome"},{"weight":190.0,"label":"method"},{"weight":182.0,"label":"impact"},{"weight":175.0,"label":"evaluate"},{"weight":173.0,"label":"include"},{"weight":167.0,"label":"implement"},{"weight":159.0,"label":"deliver"},{"weight":156.0,"label":"study"},{"weight":145.0,"label":"qualitative"},{"weight":139.0,"label":"base"},{"weight":132.0,"label":"evidence"},{"weight":128.0,"label":"development"},{"weight":116.0,"label":"effective"},{"weight":114.0,"label":"stage"},{"weight":113.0,"label":"develop"}]},{"conceptId":26,"clusterId":0,"hexCoordinates":{"x":-5.196152422706632,"y":-3.0},"labels":[{"weight":1153.0,"label":"disability"},{"weight":574.0,"label":"intellectual"},{"weight":573.0,"label":"care"},{"weight":429.0,"label":"carer"},{"weight":421.0,"label":"caregiver"},{"weight":363.0,"label":"palliative"},{"weight":328.0,"label":"people"},{"weight":232.0,"label":"life"},{"weight":221.0,"label":"death"},{"weight":219.0,"label":"support"},{"weight":161.0,"label":"die"},{"weight":161.0,"label":"family"},{"weight":152.0,"label":"adult"},{"weight":142.0,"label":"end"},{"weight":116.0,"label":"service"},{"weight":114.0,"label":"experience"},{"weight":102.0,"label":"disabled"},{"weight":83.0,"label":"advanced"},{"weight":78.0,"label":"conclusion"},{"weight":75.0,"label":"bereavement"},{"weight":70.0,"label":"method"},{"weight":67.0,"label":"person"},{"weight":65.0,"label":"background"},{"weight":61.0,"label":"hospice"},{"weight":56.0,"label":"result"}]},{"conceptId":3,"clusterId":0,"hexCoordinates":{"x":4.330127018922193,"y":-1.5},"labels":[{"weight":243.0,"label":"patient"},{"weight":210.0,"label":"consultation"},{"weight":191.0,"label":"empathy"},{"weight":190.0,"label":"multimorbidity"},{"weight":97.0,"label":"area"},{"weight":88.0,"label":"anaphylaxis"},{"weight":64.0,"label":"emotional"},{"weight":63.0,"label":"deprivation"},{"weight":59.0,"label":"high"},{"weight":57.0,"label":"deprive"},{"weight":49.0,"label":"care"},{"weight":49.0,"label":"code"},{"weight":45.0,"label":"response"},{"weight":44.0,"label":"practice"},{"weight":42.0,"label":"cue"},{"weight":37.0,"label":"start"},{"weight":37.0,"label":"general"},{"weight":36.0,"label":"measure"},{"weight":32.0,"label":"concern"},{"weight":30.0,"label":"relational"},{"weight":28.0,"label":"video"},{"weight":28.0,"label":"client"},{"weight":27.0,"label":"low"},{"weight":27.0,"label":"conclusion"},{"weight":25.0,"label":"empathic"}]},{"conceptId":8,"clusterId":0,"hexCoordinates":{"x":0.0,"y":3.0},"labels":[{"weight":545.0,"label":"barrier"},{"weight":303.0,"label":"identify"},{"weight":212.0,"label":"behaviour"},{"weight":201.0,"label":"domain"},{"weight":188.0,"label":"intervention"},{"weight":167.0,"label":"study"},{"weight":163.0,"label":"framework"},{"weight":159.0,"label":"practice"},{"weight":157.0,"label":"patient"},{"weight":152.0,"label":"professional"},{"weight":149.0,"label":"determinant"},{"weight":141.0,"label":"facilitator"},{"weight":134.0,"label":"change"},{"weight":128.0,"label":"influence"},{"weight":128.0,"label":"theoretical"},{"weight":125.0,"label":"perceive"},{"weight":123.0,"label":"belief"},{"weight":122.0,"label":"base"},{"weight":116.0,"label":"care"},{"weight":116.0,"label":"lack"},{"weight":116.0,"label":"health"},{"weight":113.0,"label":"behavioural"},{"weight":110.0,"label":"adherence"},{"weight":108.0,"label":"tdf"},{"weight":101.0,"label":"method"}]},{"conceptId":9,"clusterId":0,"hexCoordinates":{"x":0.8660254037844386,"y":-1.5},"labels":[{"weight":366.0,"label":"pharmacy"},{"weight":261.0,"label":"pharmacist"},{"weight":189.0,"label":"community"},{"weight":168.0,"label":"service"},{"weight":140.0,"label":"impairment"},{"weight":125.0,"label":"people"},{"weight":118.0,"label":"care"},{"weight":103.0,"label":"medicine"},{"weight":91.0,"label":"patient"},{"weight":86.0,"label":"pharmaceutical"},{"weight":85.0,"label":"sensory"},{"weight":73.0,"label":"stoma"},{"weight":73.0,"label":"awareness"},{"weight":72.0,"label":"hearing"},{"weight":71.0,"label":"access"},{"weight":54.0,"label":"scotland"},{"weight":52.0,"label":"healthcare"},{"weight":48.0,"label":"survey"},{"weight":46.0,"label":"older"},{"weight":46.0,"label":"health"},{"weight":45.0,"label":"provide"},{"weight":44.0,"label":"personnel"},{"weight":38.0,"label":"result"},{"weight":36.0,"label":"qatar"},{"weight":36.0,"label":"positive"}]},{"conceptId":17,"clusterId":0,"hexCoordinates":{"x":-1.7320508075688772,"y":0.0},"labels":[{"weight":2216.0,"label":"health"},{"weight":954.0,"label":"care"},{"weight":467.0,"label":"system"},{"weight":208.0,"label":"patient"},{"weight":207.0,"label":"service"},{"weight":175.0,"label":"literacy"},{"weight":169.0,"label":"healthcare"},{"weight":167.0,"label":"primary"},{"weight":156.0,"label":"ehealth"},{"weight":142.0,"label":"ehr"},{"weight":141.0,"label":"record"},{"weight":119.0,"label":"develop"},{"weight":117.0,"label":"electronic"},{"weight":114.0,"label":"medical"},{"weight":113.0,"label":"research"},{"weight":107.0,"label":"resource"},{"weight":103.0,"label":"hospital"},{"weight":100.0,"label":"public"},{"weight":95.0,"label":"process"},{"weight":93.0,"label":"policy"},{"weight":89.0,"label":"information"},{"weight":89.0,"label":"data"},{"weight":84.0,"label":"population"},{"weight":77.0,"label":"professional"},{"weight":68.0,"label":"world"}]},{"conceptId":11,"clusterId":0,"hexCoordinates":{"x":0.0,"y":-3.0},"labels":[{"weight":746.0,"label":"participant"},{"weight":581.0,"label":"study"},{"weight":513.0,"label":"interview"},{"weight":399.0,"label":"method"},{"weight":369.0,"label":"group"},{"weight":345.0,"label":"data"},{"weight":344.0,"label":"qualitative"},{"weight":324.0,"label":"experience"},{"weight":294.0,"label":"focus"},{"weight":289.0,"label":"approach"},{"weight":249.0,"label":"analysis"},{"weight":234.0,"label":"session"},{"weight":230.0,"label":"support"},{"weight":211.0,"label":"intervention"},{"weight":209.0,"label":"explore"},{"weight":195.0,"label":"result"},{"weight":175.0,"label":"finding"},{"weight":160.0,"label":"conduct"},{"weight":156.0,"label":"community"},{"weight":155.0,"label":"design"},{"weight":153.0,"label":"engagement"},{"weight":148.0,"label":"benefit"},{"weight":147.0,"label":"conclusion"},{"weight":145.0,"label":"phase"},{"weight":140.0,"label":"discussion"}]},{"conceptId":16,"clusterId":0,"hexCoordinates":{"x":2.598076211353316,"y":1.5},"labels":[{"weight":809.0,"label":"medication"},{"weight":535.0,"label":"prescribe"},{"weight":421.0,"label":"patient"},{"weight":393.0,"label":"safety"},{"weight":241.0,"label":"error"},{"weight":220.0,"label":"report"},{"weight":206.0,"label":"adherence"},{"weight":192.0,"label":"pharmacist"},{"weight":159.0,"label":"incident"},{"weight":156.0,"label":"medicine"},{"weight":155.0,"label":"hospital"},{"weight":119.0,"label":"adverse"},{"weight":119.0,"label":"drug"},{"weight":113.0,"label":"medical"},{"weight":113.0,"label":"healthcare"},{"weight":109.0,"label":"related"},{"weight":95.0,"label":"prescriber"},{"weight":92.0,"label":"prescription"},{"weight":91.0,"label":"review"},{"weight":82.0,"label":"adr"},{"weight":82.0,"label":"care"},{"weight":76.0,"label":"system"},{"weight":73.0,"label":"harm"},{"weight":71.0,"label":"prescribing"},{"weight":71.0,"label":"improve"}]},{"conceptId":12,"clusterId":0,"hexCoordinates":{"x":-0.8660254037844386,"y":1.5},"labels":[{"weight":854.0,"label":"implementation"},{"weight":382.0,"label":"health"},{"weight":217.0,"label":"process"},{"weight":213.0,"label":"service"},{"weight":201.0,"label":"barrier"},{"weight":184.0,"label":"intervention"},{"weight":159.0,"label":"implement"},{"weight":157.0,"label":"staff"},{"weight":147.0,"label":"care"},{"weight":144.0,"label":"data"},{"weight":143.0,"label":"stakeholder"},{"weight":130.0,"label":"facilitator"},{"weight":130.0,"label":"study"},{"weight":128.0,"label":"digital"},{"weight":121.0,"label":"scale"},{"weight":119.0,"label":"qualitative"},{"weight":118.0,"label":"theory"},{"weight":113.0,"label":"engagement"},{"weight":112.0,"label":"setting"},{"weight":109.0,"label":"evaluation"},{"weight":102.0,"label":"approach"},{"weight":97.0,"label":"method"},{"weight":95.0,"label":"support"},{"weight":93.0,"label":"design"},{"weight":89.0,"label":"deliver"}]},{"conceptId":10,"clusterId":0,"hexCoordinates":{"x":-4.330127018922193,"y":-1.5},"labels":[{"weight":4951.0,"label":"health"},{"weight":1305.0,"label":"mental"},{"weight":366.0,"label":"public"},{"weight":324.0,"label":"population"},{"weight":248.0,"label":"people"},{"weight":225.0,"label":"service"},{"weight":222.0,"label":"outcome"},{"weight":202.0,"label":"wellbeing"},{"weight":181.0,"label":"impact"},{"weight":180.0,"label":"general"},{"weight":155.0,"label":"intervention"},{"weight":146.0,"label":"problem"},{"weight":146.0,"label":"evidence"},{"weight":137.0,"label":"poor"},{"weight":126.0,"label":"promotion"},{"weight":125.0,"label":"illness"},{"weight":122.0,"label":"individual"},{"weight":121.0,"label":"group"},{"weight":121.0,"label":"social"},{"weight":115.0,"label":"ill"},{"weight":112.0,"label":"inequality"},{"weight":103.0,"label":"improve"},{"weight":102.0,"label":"physical"},{"weight":91.0,"label":"link"},{"weight":89.0,"label":"homeless"}]},{"conceptId":23,"clusterId":0,"hexCoordinates":{"x":1.7320508075688772,"y":0.0},"labels":[{"weight":1911.0,"label":"interview"},{"weight":1485.0,"label":"participant"},{"weight":1039.0,"label":"study"},{"weight":738.0,"label":"conduct"},{"weight":736.0,"label":"result"},{"weight":697.0,"label":"data"},{"weight":688.0,"label":"explore"},{"weight":684.0,"label":"experience"},{"weight":683.0,"label":"qualitative"},{"weight":639.0,"label":"theme"},{"weight":592.0,"label":"view"},{"weight":581.0,"label":"analysis"},{"weight":560.0,"label":"method"},{"weight":539.0,"label":"barrier"},{"weight":538.0,"label":"identify"},{"weight":494.0,"label":"analyse"},{"weight":428.0,"label":"perception"},{"weight":411.0,"label":"research"},{"weight":410.0,"label":"perceive"},{"weight":403.0,"label":"concern"},{"weight":388.0,"label":"conclusion"},{"weight":379.0,"label":"group"},{"weight":378.0,"label":"focus"},{"weight":353.0,"label":"semi"},{"weight":346.0,"label":"structured"}]},{"conceptId":0,"clusterId":0,"hexCoordinates":{"x":-0.8660254037844386,"y":-1.5},"labels":[{"weight":790.0,"label":"patient"},{"weight":612.0,"label":"clinical"},{"weight":533.0,"label":"care"},{"weight":518.0,"label":"service"},{"weight":400.0,"label":"hospital"},{"weight":344.0,"label":"clinic"},{"weight":340.0,"label":"specialist"},{"weight":330.0,"label":"emergency"},{"weight":291.0,"label":"clinician"},{"weight":269.0,"label":"practice"},{"weight":260.0,"label":"assessment"},{"weight":252.0,"label":"management"},{"weight":211.0,"label":"staff"},{"weight":210.0,"label":"team"},{"weight":204.0,"label":"referral"},{"weight":203.0,"label":"guideline"},{"weight":201.0,"label":"quality"},{"weight":198.0,"label":"medical"},{"weight":192.0,"label":"pathway"},{"weight":168.0,"label":"healthcare"},{"weight":164.0,"label":"require"},{"weight":161.0,"label":"department"},{"weight":161.0,"label":"national"},{"weight":153.0,"label":"improve"},{"weight":143.0,"label":"method"}]},{"conceptId":6,"clusterId":0,"hexCoordinates":{"x":-2.598076211353316,"y":1.5},"labels":[{"weight":399.0,"label":"study"},{"weight":315.0,"label":"interview"},{"weight":290.0,"label":"development"},{"weight":288.0,"label":"finding"},{"weight":280.0,"label":"support"},{"weight":261.0,"label":"data"},{"weight":240.0,"label":"factor"},{"weight":221.0,"label":"qualitative"},{"weight":215.0,"label":"transition"},{"weight":207.0,"label":"influence"},{"weight":186.0,"label":"experience"},{"weight":184.0,"label":"analysis"},{"weight":182.0,"label":"perception"},{"weight":181.0,"label":"research"},{"weight":179.0,"label":"explore"},{"weight":176.0,"label":"staff"},{"weight":174.0,"label":"supervision"},{"weight":172.0,"label":"manager"},{"weight":172.0,"label":"identify"},{"weight":165.0,"label":"aim"},{"weight":157.0,"label":"structure"},{"weight":155.0,"label":"method"},{"weight":154.0,"label":"role"},{"weight":140.0,"label":"perceive"},{"weight":137.0,"label":"phase"}]}]}