{"linkageTable":[{"node2":10,"distance":0.44208608363761,"node1":3},{"node2":12,"distance":0.45532286992827,"node1":5},{"node2":11,"distance":0.469896902191845,"node1":8},{"node2":16,"distance":0.480366289636515,"node1":0},{"node2":7,"distance":0.480915010064825,"node1":4},{"node2":9,"distance":0.4822646015514075,"node1":17},{"node2":14,"distance":0.485960180479755,"node1":19},{"node2":20,"distance":0.488632407829695,"node1":21},{"node2":22,"distance":0.4896543557951103,"node1":18},{"node2":13,"distance":0.49392808494697615,"node1":23},{"node2":15,"distance":0.4956736545475021,"node1":24},{"node2":6,"distance":0.49611170319533504,"node1":25},{"node2":2,"distance":0.49679027967021655,"node1":26},{"node2":1,"distance":0.49756219030052395,"node1":27}],"conceptsData":[{"conceptId":1,"clusterId":0,"hexCoordinates":{"x":-4.330127018922193,"y":-1.5},"labels":[{"weight":89.0,"label":"cbd"},{"weight":85.0,"label":"union"},{"weight":83.0,"label":"migration"},{"weight":76.0,"label":"move"},{"weight":51.0,"label":"mover"},{"weight":47.0,"label":"change"},{"weight":40.0,"label":"risk"},{"weight":40.0,"label":"partner"},{"weight":34.0,"label":"dissolution"},{"weight":33.0,"label":"couple"},{"weight":32.0,"label":"stability"},{"weight":32.0,"label":"mobility"},{"weight":30.0,"label":"negative"},{"weight":28.0,"label":"type"},{"weight":27.0,"label":"employment"},{"weight":25.0,"label":"characteristic"},{"weight":23.0,"label":"cchf"},{"weight":22.0,"label":"fever"},{"weight":22.0,"label":"difficult"},{"weight":22.0,"label":"find"},{"weight":21.0,"label":"effect"},{"weight":20.0,"label":"increase"},{"weight":19.0,"label":"congo"},{"weight":19.0,"label":"residential"},{"weight":17.0,"label":"bav"}]},{"conceptId":-1,"clusterId":-1,"hexCoordinates":{"x":5.196152422706632,"y":3.0},"labels":[{"weight":2500,"label":"Unclassified"},{"weight":0,"label":""},{"weight":0,"label":""},{"weight":0,"label":""},{"weight":0,"label":""},{"weight":0,"label":""},{"weight":0,"label":""},{"weight":0,"label":""},{"weight":0,"label":""},{"weight":0,"label":""},{"weight":0,"label":""}]},{"conceptId":4,"clusterId":0,"hexCoordinates":{"x":-1.7320508075688772,"y":0.0},"labels":[{"weight":667.0,"label":"risk"},{"weight":611.0,"label":"factor"},{"weight":384.0,"label":"disease"},{"weight":332.0,"label":"prevalence"},{"weight":304.0,"label":"diabetes"},{"weight":294.0,"label":"obesity"},{"weight":202.0,"label":"age"},{"weight":183.0,"label":"cardiovascular"},{"weight":181.0,"label":"year"},{"weight":162.0,"label":"associate"},{"weight":158.0,"label":"population"},{"weight":155.0,"label":"health"},{"weight":147.0,"label":"lifestyle"},{"weight":130.0,"label":"hypertension"},{"weight":127.0,"label":"study"},{"weight":112.0,"label":"smoking"},{"weight":112.0,"label":"people"},{"weight":106.0,"label":"individual"},{"weight":101.0,"label":"participant"},{"weight":100.0,"label":"high"},{"weight":96.0,"label":"data"},{"weight":91.0,"label":"include"},{"weight":88.0,"label":"odds"},{"weight":86.0,"label":"related"},{"weight":85.0,"label":"increase"}]},{"conceptId":8,"clusterId":0,"hexCoordinates":{"x":0.0,"y":0.0},"labels":[{"weight":1530.0,"label":"age"},{"weight":1149.0,"label":"association"},{"weight":1072.0,"label":"associate"},{"weight":829.0,"label":"status"},{"weight":766.0,"label":"year"},{"weight":741.0,"label":"health"},{"weight":723.0,"label":"study"},{"weight":573.0,"label":"regression"},{"weight":548.0,"label":"factor"},{"weight":465.0,"label":"result"},{"weight":461.0,"label":"higher"},{"weight":446.0,"label":"adjust"},{"weight":432.0,"label":"data"},{"weight":415.0,"label":"measure"},{"weight":401.0,"label":"socioeconomic"},{"weight":401.0,"label":"conclusion"},{"weight":383.0,"label":"education"},{"weight":373.0,"label":"lower"},{"weight":373.0,"label":"level"},{"weight":368.0,"label":"cohort"},{"weight":366.0,"label":"method"},{"weight":360.0,"label":"adult"},{"weight":337.0,"label":"model"},{"weight":326.0,"label":"survey"},{"weight":324.0,"label":"demographic"}]},{"conceptId":11,"clusterId":0,"hexCoordinates":{"x":1.7320508075688772,"y":0.0},"labels":[{"weight":2496.0,"label":"older"},{"weight":1683.0,"label":"adult"},{"weight":885.0,"label":"age"},{"weight":593.0,"label":"people"},{"weight":420.0,"label":"frailty"},{"weight":403.0,"label":"ageing"},{"weight":326.0,"label":"younger"},{"weight":259.0,"label":"aged"},{"weight":193.0,"label":"elderly"},{"weight":191.0,"label":"population"},{"weight":179.0,"label":"life"},{"weight":147.0,"label":"physical"},{"weight":140.0,"label":"frail"},{"weight":115.0,"label":"retirement"},{"weight":109.0,"label":"functional"},{"weight":107.0,"label":"individual"},{"weight":105.0,"label":"dwelling"},{"weight":104.0,"label":"community"},{"weight":102.0,"label":"function"},{"weight":90.0,"label":"decline"},{"weight":70.0,"label":"quality"},{"weight":65.0,"label":"fall"},{"weight":62.0,"label":"sarcopenia"},{"weight":61.0,"label":"person"},{"weight":51.0,"label":"daily"}]},{"conceptId":9,"clusterId":0,"hexCoordinates":{"x":0.8660254037844386,"y":-1.5},"labels":[{"weight":3966.0,"label":"age"},{"weight":1678.0,"label":"year"},{"weight":1396.0,"label":"early"},{"weight":773.0,"label":"life"},{"weight":592.0,"label":"stage"},{"weight":472.0,"label":"change"},{"weight":459.0,"label":"adult"},{"weight":449.0,"label":"young"},{"weight":426.0,"label":"decline"},{"weight":410.0,"label":"late"},{"weight":381.0,"label":"trajectory"},{"weight":368.0,"label":"older"},{"weight":362.0,"label":"related"},{"weight":361.0,"label":"cohort"},{"weight":356.0,"label":"onset"},{"weight":330.0,"label":"study"},{"weight":322.0,"label":"younger"},{"weight":317.0,"label":"development"},{"weight":315.0,"label":"increase"},{"weight":306.0,"label":"aged"},{"weight":295.0,"label":"difference"},{"weight":271.0,"label":"time"},{"weight":240.0,"label":"month"},{"weight":240.0,"label":"pattern"},{"weight":232.0,"label":"individual"}]},{"conceptId":14,"clusterId":0,"hexCoordinates":{"x":-2.598076211353316,"y":-1.5},"labels":[{"weight":1210.0,"label":"area"},{"weight":769.0,"label":"neighbourhood"},{"weight":615.0,"label":"household"},{"weight":539.0,"label":"deprivation"},{"weight":500.0,"label":"rural"},{"weight":496.0,"label":"income"},{"weight":484.0,"label":"deprive"},{"weight":476.0,"label":"level"},{"weight":353.0,"label":"socio"},{"weight":328.0,"label":"higher"},{"weight":326.0,"label":"inequality"},{"weight":308.0,"label":"economic"},{"weight":306.0,"label":"access"},{"weight":291.0,"label":"population"},{"weight":286.0,"label":"data"},{"weight":284.0,"label":"community"},{"weight":280.0,"label":"urban"},{"weight":279.0,"label":"social"},{"weight":275.0,"label":"live"},{"weight":252.0,"label":"socioeconomic"},{"weight":226.0,"label":"measure"},{"weight":191.0,"label":"individual"},{"weight":188.0,"label":"low"},{"weight":186.0,"label":"lower"},{"weight":186.0,"label":"study"}]},{"conceptId":12,"clusterId":0,"hexCoordinates":{"x":-0.8660254037844386,"y":1.5},"labels":[{"weight":2074.0,"label":"mortality"},{"weight":1198.0,"label":"death"},{"weight":1019.0,"label":"year"},{"weight":984.0,"label":"rate"},{"weight":546.0,"label":"age"},{"weight":541.0,"label":"population"},{"weight":427.0,"label":"risk"},{"weight":421.0,"label":"increase"},{"weight":371.0,"label":"ratio"},{"weight":369.0,"label":"cohort"},{"weight":326.0,"label":"incidence"},{"weight":320.0,"label":"higher"},{"weight":318.0,"label":"data"},{"weight":305.0,"label":"study"},{"weight":303.0,"label":"scotland"},{"weight":295.0,"label":"compare"},{"weight":291.0,"label":"related"},{"weight":289.0,"label":"time"},{"weight":280.0,"label":"result"},{"weight":263.0,"label":"follow"},{"weight":230.0,"label":"method"},{"weight":218.0,"label":"period"},{"weight":218.0,"label":"conclusion"},{"weight":213.0,"label":"hazard"},{"weight":212.0,"label":"trend"}]},{"conceptId":13,"clusterId":0,"hexCoordinates":{"x":0.0,"y":-3.0},"labels":[{"weight":755.0,"label":"condition"},{"weight":418.0,"label":"epilepsy"},{"weight":350.0,"label":"multimorbidity"},{"weight":267.0,"label":"comorbidity"},{"weight":201.0,"label":"prevalence"},{"weight":197.0,"label":"physical"},{"weight":174.0,"label":"chronic"},{"weight":166.0,"label":"people"},{"weight":166.0,"label":"common"},{"weight":158.0,"label":"disease"},{"weight":155.0,"label":"seizure"},{"weight":143.0,"label":"health"},{"weight":126.0,"label":"mental"},{"weight":125.0,"label":"age"},{"weight":123.0,"label":"population"},{"weight":100.0,"label":"compare"},{"weight":99.0,"label":"number"},{"weight":96.0,"label":"adult"},{"weight":94.0,"label":"group"},{"weight":84.0,"label":"depression"},{"weight":82.0,"label":"general"},{"weight":78.0,"label":"increase"},{"weight":72.0,"label":"primary"},{"weight":69.0,"label":"polypharmacy"},{"weight":63.0,"label":"disorder"}]},{"conceptId":6,"clusterId":0,"hexCoordinates":{"x":-3.4641016151377544,"y":0.0},"labels":[{"weight":184.0,"label":"neighborhood"},{"weight":123.0,"label":"data"},{"weight":114.0,"label":"opioid"},{"weight":78.0,"label":"scotland"},{"weight":69.0,"label":"area"},{"weight":62.0,"label":"linkage"},{"weight":59.0,"label":"health"},{"weight":55.0,"label":"naloxone"},{"weight":55.0,"label":"census"},{"weight":51.0,"label":"child"},{"weight":51.0,"label":"study"},{"weight":48.0,"label":"secondary"},{"weight":46.0,"label":"adolescent"},{"weight":44.0,"label":"national"},{"weight":42.0,"label":"outcome"},{"weight":42.0,"label":"service"},{"weight":42.0,"label":"school"},{"weight":39.0,"label":"individual"},{"weight":36.0,"label":"survey"},{"weight":35.0,"label":"week"},{"weight":35.0,"label":"compare"},{"weight":35.0,"label":"analysis"},{"weight":34.0,"label":"deprive"},{"weight":34.0,"label":"population"},{"weight":33.0,"label":"scottish"}]},{"conceptId":0,"clusterId":0,"hexCoordinates":{"x":0.0,"y":3.0},"labels":[{"weight":1065.0,"label":"risk"},{"weight":520.0,"label":"year"},{"weight":511.0,"label":"incidence"},{"weight":476.0,"label":"population"},{"weight":446.0,"label":"study"},{"weight":427.0,"label":"associate"},{"weight":425.0,"label":"increase"},{"weight":405.0,"label":"case"},{"weight":322.0,"label":"rate"},{"weight":318.0,"label":"age"},{"weight":282.0,"label":"admission"},{"weight":266.0,"label":"data"},{"weight":263.0,"label":"cohort"},{"weight":258.0,"label":"record"},{"weight":256.0,"label":"ratio"},{"weight":255.0,"label":"hospital"},{"weight":251.0,"label":"compare"},{"weight":239.0,"label":"scotland"},{"weight":233.0,"label":"adjust"},{"weight":232.0,"label":"result"},{"weight":205.0,"label":"exposure"},{"weight":201.0,"label":"higher"},{"weight":196.0,"label":"factor"},{"weight":192.0,"label":"method"},{"weight":180.0,"label":"regression"}]},{"conceptId":2,"clusterId":0,"hexCoordinates":{"x":-1.7320508075688772,"y":-3.0},"labels":[{"weight":156.0,"label":"sep"},{"weight":154.0,"label":"load"},{"weight":112.0,"label":"neuroticism"},{"weight":97.0,"label":"allostatic"},{"weight":63.0,"label":"measure"},{"weight":57.0,"label":"associate"},{"weight":49.0,"label":"health"},{"weight":45.0,"label":"association"},{"weight":40.0,"label":"higher"},{"weight":39.0,"label":"socioeconomic"},{"weight":38.0,"label":"time"},{"weight":35.0,"label":"position"},{"weight":32.0,"label":"risk"},{"weight":32.0,"label":"model"},{"weight":31.0,"label":"accumulate"},{"weight":30.0,"label":"life"},{"weight":29.0,"label":"mediate"},{"weight":26.0,"label":"mediator"},{"weight":26.0,"label":"lower"},{"weight":23.0,"label":"physiological"},{"weight":22.0,"label":"score"},{"weight":22.0,"label":"year"},{"weight":21.0,"label":"biomarker"},{"weight":20.0,"label":"factor"},{"weight":19.0,"label":"period"}]},{"conceptId":3,"clusterId":0,"hexCoordinates":{"x":-1.7320508075688772,"y":3.0},"labels":[{"weight":375.0,"label":"death"},{"weight":252.0,"label":"age"},{"weight":245.0,"label":"year"},{"weight":207.0,"label":"rate"},{"weight":170.0,"label":"population"},{"weight":170.0,"label":"estimate"},{"weight":165.0,"label":"mortality"},{"weight":132.0,"label":"gbd"},{"weight":129.0,"label":"country"},{"weight":124.0,"label":"increase"},{"weight":122.0,"label":"data"},{"weight":112.0,"label":"disease"},{"weight":97.0,"label":"global"},{"weight":96.0,"label":"decrease"},{"weight":95.0,"label":"level"},{"weight":83.0,"label":"injury"},{"weight":78.0,"label":"location"},{"weight":74.0,"label":"specific"},{"weight":72.0,"label":"standardised"},{"weight":69.0,"label":"study"},{"weight":68.0,"label":"total"},{"weight":64.0,"label":"sdi"},{"weight":63.0,"label":"disorder"},{"weight":62.0,"label":"yll"},{"weight":58.0,"label":"livebirth"}]},{"conceptId":5,"clusterId":0,"hexCoordinates":{"x":0.8660254037844386,"y":1.5},"labels":[{"weight":469.0,"label":"asian"},{"weight":438.0,"label":"white"},{"weight":364.0,"label":"south"},{"weight":299.0,"label":"ethnic"},{"weight":220.0,"label":"black"},{"weight":189.0,"label":"ethnicity"},{"weight":171.0,"label":"group"},{"weight":132.0,"label":"european"},{"weight":118.0,"label":"african"},{"weight":107.0,"label":"pakistani"},{"weight":98.0,"label":"british"},{"weight":89.0,"label":"woman"},{"weight":84.0,"label":"population"},{"weight":80.0,"label":"void"},{"weight":62.0,"label":"caribbean"},{"weight":57.0,"label":"indian"},{"weight":53.0,"label":"man"},{"weight":53.0,"label":"similar"},{"weight":50.0,"label":"higher"},{"weight":46.0,"label":"minority"},{"weight":44.0,"label":"chinese"},{"weight":41.0,"label":"origin"},{"weight":39.0,"label":"life"},{"weight":38.0,"label":"scottish"},{"weight":35.0,"label":"climb"}]},{"conceptId":10,"clusterId":0,"hexCoordinates":{"x":-2.598076211353316,"y":1.5},"labels":[{"weight":750.0,"label":"health"},{"weight":679.0,"label":"year"},{"weight":671.0,"label":"estimate"},{"weight":631.0,"label":"million"},{"weight":568.0,"label":"burden"},{"weight":502.0,"label":"prevalence"},{"weight":501.0,"label":"population"},{"weight":500.0,"label":"disease"},{"weight":492.0,"label":"country"},{"weight":427.0,"label":"global"},{"weight":414.0,"label":"life"},{"weight":404.0,"label":"increase"},{"weight":378.0,"label":"mortality"},{"weight":349.0,"label":"death"},{"weight":242.0,"label":"rate"},{"weight":201.0,"label":"daly"},{"weight":199.0,"label":"risk"},{"weight":195.0,"label":"data"},{"weight":193.0,"label":"number"},{"weight":179.0,"label":"expectancy"},{"weight":166.0,"label":"high"},{"weight":157.0,"label":"billion"},{"weight":157.0,"label":"age"},{"weight":155.0,"label":"incidence"},{"weight":154.0,"label":"attributable"}]},{"conceptId":7,"clusterId":0,"hexCoordinates":{"x":-0.8660254037844386,"y":-1.5},"labels":[{"weight":1058.0,"label":"associate"},{"weight":924.0,"label":"year"},{"weight":879.0,"label":"study"},{"weight":794.0,"label":"association"},{"weight":711.0,"label":"cross"},{"weight":704.0,"label":"report"},{"weight":605.0,"label":"sectional"},{"weight":575.0,"label":"regression"},{"weight":529.0,"label":"age"},{"weight":520.0,"label":"analysis"},{"weight":489.0,"label":"conclusion"},{"weight":466.0,"label":"participant"},{"weight":462.0,"label":"method"},{"weight":455.0,"label":"result"},{"weight":436.0,"label":"data"},{"weight":421.0,"label":"factor"},{"weight":384.0,"label":"higher"},{"weight":355.0,"label":"significant"},{"weight":353.0,"label":"adjust"},{"weight":350.0,"label":"odds"},{"weight":339.0,"label":"logistic"},{"weight":338.0,"label":"increase"},{"weight":325.0,"label":"time"},{"weight":314.0,"label":"examine"},{"weight":307.0,"label":"measure"}]}]}