{"linkageTable":[{"node2":9,"distance":0.44676102689494,"node1":7},{"node2":10,"distance":0.448866071379875,"node1":1},{"node2":5,"distance":0.449049005590755,"node1":2},{"node2":11,"distance":0.471425894689885,"node1":0},{"node2":3,"distance":0.47214516649716753,"node1":14},{"node2":12,"distance":0.4745861868358734,"node1":16},{"node2":13,"distance":0.47806727432456,"node1":15},{"node2":4,"distance":0.486421114141318,"node1":17},{"node2":8,"distance":0.4905029225703025,"node1":18},{"node2":6,"distance":0.497553658432267,"node1":20},{"node2":19,"distance":0.49825786517366555,"node1":21}],"conceptsData":[{"conceptId":2,"clusterId":0,"hexCoordinates":{"x":0.0,"y":0.0},"labels":[{"weight":504.0,"label":"system"},{"weight":471.0,"label":"power"},{"weight":363.0,"label":"control"},{"weight":352.0,"label":"voltage"},{"weight":336.0,"label":"grid"},{"weight":278.0,"label":"converter"},{"weight":278.0,"label":"propose"},{"weight":274.0,"label":"protection"},{"weight":254.0,"label":"current"},{"weight":229.0,"label":"fault"},{"weight":174.0,"label":"paper"},{"weight":161.0,"label":"frequency"},{"weight":159.0,"label":"simulation"},{"weight":138.0,"label":"stability"},{"weight":130.0,"label":"base"},{"weight":124.0,"label":"scheme"},{"weight":122.0,"label":"phase"},{"weight":115.0,"label":"response"},{"weight":107.0,"label":"synchronous"},{"weight":105.0,"label":"result"},{"weight":94.0,"label":"method"},{"weight":93.0,"label":"harmonic"},{"weight":92.0,"label":"performance"},{"weight":90.0,"label":"source"},{"weight":89.0,"label":"operation"}]},{"conceptId":6,"clusterId":0,"hexCoordinates":{"x":5.196152422706632,"y":0.0},"labels":[{"weight":4168.0,"label":"network"},{"weight":421.0,"label":"node"},{"weight":174.0,"label":"topology"},{"weight":163.0,"label":"graph"},{"weight":147.0,"label":"connection"},{"weight":145.0,"label":"centrality"},{"weight":140.0,"label":"link"},{"weight":138.0,"label":"degree"},{"weight":98.0,"label":"complex"},{"weight":94.0,"label":"connect"},{"weight":87.0,"label":"world"},{"weight":85.0,"label":"path"},{"weight":83.0,"label":"edge"},{"weight":75.0,"label":"hub"},{"weight":72.0,"label":"tie"},{"weight":69.0,"label":"topological"},{"weight":58.0,"label":"random"},{"weight":58.0,"label":"interaction"},{"weight":51.0,"label":"define"},{"weight":50.0,"label":"theory"},{"weight":50.0,"label":"module"},{"weight":48.0,"label":"social"},{"weight":45.0,"label":"sna"},{"weight":38.0,"label":"connected"},{"weight":35.0,"label":"dynamic"}]},{"conceptId":5,"clusterId":0,"hexCoordinates":{"x":1.7320508075688772,"y":0.0},"labels":[{"weight":866.0,"label":"power"},{"weight":776.0,"label":"system"},{"weight":633.0,"label":"network"},{"weight":421.0,"label":"load"},{"weight":405.0,"label":"generation"},{"weight":386.0,"label":"grid"},{"weight":376.0,"label":"distribution"},{"weight":330.0,"label":"energy"},{"weight":318.0,"label":"demand"},{"weight":290.0,"label":"paper"},{"weight":278.0,"label":"distribute"},{"weight":213.0,"label":"control"},{"weight":201.0,"label":"charge"},{"weight":189.0,"label":"frequency"},{"weight":188.0,"label":"smart"},{"weight":179.0,"label":"level"},{"weight":168.0,"label":"renewable"},{"weight":165.0,"label":"capacity"},{"weight":159.0,"label":"operation"},{"weight":154.0,"label":"storage"},{"weight":149.0,"label":"electricity"},{"weight":148.0,"label":"present"},{"weight":133.0,"label":"transmission"},{"weight":127.0,"label":"scheme"},{"weight":126.0,"label":"penetration"}]},{"conceptId":1,"clusterId":0,"hexCoordinates":{"x":2.598076211353316,"y":-1.5},"labels":[{"weight":664.0,"label":"channel"},{"weight":436.0,"label":"power"},{"weight":382.0,"label":"system"},{"weight":351.0,"label":"interference"},{"weight":310.0,"label":"user"},{"weight":282.0,"label":"propose"},{"weight":266.0,"label":"performance"},{"weight":263.0,"label":"multiple"},{"weight":249.0,"label":"result"},{"weight":245.0,"label":"communication"},{"weight":245.0,"label":"base"},{"weight":205.0,"label":"relay"},{"weight":186.0,"label":"derive"},{"weight":184.0,"label":"paper"},{"weight":175.0,"label":"signal"},{"weight":172.0,"label":"probability"},{"weight":169.0,"label":"show"},{"weight":162.0,"label":"wireless"},{"weight":161.0,"label":"transmit"},{"weight":156.0,"label":"energy"},{"weight":154.0,"label":"rate"},{"weight":153.0,"label":"transmission"},{"weight":151.0,"label":"information"},{"weight":148.0,"label":"noise"},{"weight":144.0,"label":"antenna"}]},{"conceptId":0,"clusterId":0,"hexCoordinates":{"x":3.4641016151377544,"y":-3.0},"labels":[{"weight":530.0,"label":"system"},{"weight":397.0,"label":"signal"},{"weight":347.0,"label":"rate"},{"weight":344.0,"label":"communication"},{"weight":261.0,"label":"frequency"},{"weight":260.0,"label":"modulation"},{"weight":253.0,"label":"data"},{"weight":251.0,"label":"optical"},{"weight":239.0,"label":"bit"},{"weight":207.0,"label":"transmission"},{"weight":204.0,"label":"ofdm"},{"weight":188.0,"label":"performance"},{"weight":185.0,"label":"channel"},{"weight":181.0,"label":"receiver"},{"weight":165.0,"label":"error"},{"weight":165.0,"label":"division"},{"weight":150.0,"label":"multiplex"},{"weight":148.0,"label":"orthogonal"},{"weight":148.0,"label":"propose"},{"weight":137.0,"label":"technique"},{"weight":136.0,"label":"filter"},{"weight":135.0,"label":"link"},{"weight":127.0,"label":"paper"},{"weight":125.0,"label":"light"},{"weight":123.0,"label":"ber"}]},{"conceptId":9,"clusterId":0,"hexCoordinates":{"x":-1.7320508075688772,"y":0.0},"labels":[{"weight":589.0,"label":"fault"},{"weight":211.0,"label":"converter"},{"weight":186.0,"label":"hvdc"},{"weight":185.0,"label":"voltage"},{"weight":184.0,"label":"propose"},{"weight":166.0,"label":"terminal"},{"weight":155.0,"label":"current"},{"weight":139.0,"label":"power"},{"weight":131.0,"label":"mmc"},{"weight":124.0,"label":"control"},{"weight":121.0,"label":"network"},{"weight":120.0,"label":"bridge"},{"weight":113.0,"label":"grid"},{"weight":101.0,"label":"operation"},{"weight":93.0,"label":"simulation"},{"weight":88.0,"label":"circuit"},{"weight":78.0,"label":"paper"},{"weight":70.0,"label":"base"},{"weight":70.0,"label":"system"},{"weight":67.0,"label":"dab"},{"weight":66.0,"label":"multi"},{"weight":65.0,"label":"vsc"},{"weight":59.0,"label":"link"},{"weight":58.0,"label":"breaker"},{"weight":58.0,"label":"protection"}]},{"conceptId":11,"clusterId":0,"hexCoordinates":{"x":1.7320508075688772,"y":-3.0},"labels":[{"weight":146.0,"label":"signal"},{"weight":116.0,"label":"error"},{"weight":90.0,"label":"estimation"},{"weight":75.0,"label":"propose"},{"weight":71.0,"label":"papr"},{"weight":65.0,"label":"show"},{"weight":64.0,"label":"technique"},{"weight":63.0,"label":"multiple"},{"weight":62.0,"label":"ofdm"},{"weight":62.0,"label":"performance"},{"weight":59.0,"label":"reduction"},{"weight":59.0,"label":"ratio"},{"weight":57.0,"label":"system"},{"weight":55.0,"label":"noise"},{"weight":53.0,"label":"reduce"},{"weight":50.0,"label":"channel"},{"weight":50.0,"label":"paper"},{"weight":45.0,"label":"mimo"},{"weight":45.0,"label":"slm"},{"weight":41.0,"label":"scheme"},{"weight":41.0,"label":"position"},{"weight":40.0,"label":"receiver"},{"weight":40.0,"label":"source"},{"weight":40.0,"label":"result"},{"weight":39.0,"label":"square"}]},{"conceptId":-1,"clusterId":-1,"hexCoordinates":{"x":8.660254037844386,"y":1.5},"labels":[{"weight":2500,"label":"Unclassified"},{"weight":0,"label":""},{"weight":0,"label":""},{"weight":0,"label":""},{"weight":0,"label":""},{"weight":0,"label":""},{"weight":0,"label":""},{"weight":0,"label":""},{"weight":0,"label":""},{"weight":0,"label":""},{"weight":0,"label":""}]},{"conceptId":10,"clusterId":0,"hexCoordinates":{"x":4.330127018922193,"y":-1.5},"labels":[{"weight":1436.0,"label":"network"},{"weight":595.0,"label":"propose"},{"weight":572.0,"label":"node"},{"weight":452.0,"label":"communication"},{"weight":429.0,"label":"scheme"},{"weight":383.0,"label":"route"},{"weight":361.0,"label":"performance"},{"weight":334.0,"label":"energy"},{"weight":324.0,"label":"wireless"},{"weight":309.0,"label":"base"},{"weight":306.0,"label":"protocol"},{"weight":289.0,"label":"paper"},{"weight":278.0,"label":"access"},{"weight":244.0,"label":"user"},{"weight":240.0,"label":"traffic"},{"weight":218.0,"label":"show"},{"weight":212.0,"label":"mobile"},{"weight":211.0,"label":"packet"},{"weight":208.0,"label":"result"},{"weight":195.0,"label":"resource"},{"weight":189.0,"label":"device"},{"weight":185.0,"label":"data"},{"weight":184.0,"label":"simulation"},{"weight":182.0,"label":"spectrum"},{"weight":177.0,"label":"algorithm"}]},{"conceptId":8,"clusterId":0,"hexCoordinates":{"x":3.4641016151377544,"y":0.0},"labels":[{"weight":484.0,"label":"network"},{"weight":159.0,"label":"user"},{"weight":110.0,"label":"video"},{"weight":108.0,"label":"quality"},{"weight":99.0,"label":"backhaul"},{"weight":73.0,"label":"traffic"},{"weight":70.0,"label":"end"},{"weight":69.0,"label":"mobile"},{"weight":63.0,"label":"qoe"},{"weight":49.0,"label":"mobility"},{"weight":48.0,"label":"wireless"},{"weight":48.0,"label":"performance"},{"weight":47.0,"label":"snare"},{"weight":44.0,"label":"service"},{"weight":44.0,"label":"framework"},{"weight":42.0,"label":"cell"},{"weight":41.0,"label":"cellular"},{"weight":40.0,"label":"management"},{"weight":39.0,"label":"streaming"},{"weight":39.0,"label":"demand"},{"weight":38.0,"label":"metric"},{"weight":37.0,"label":"coordinate"},{"weight":35.0,"label":"centric"},{"weight":34.0,"label":"architecture"},{"weight":32.0,"label":"edge"}]},{"conceptId":3,"clusterId":0,"hexCoordinates":{"x":0.8660254037844386,"y":-1.5},"labels":[{"weight":1877.0,"label":"power"},{"weight":444.0,"label":"energy"},{"weight":313.0,"label":"output"},{"weight":250.0,"label":"efficiency"},{"weight":196.0,"label":"module"},{"weight":166.0,"label":"device"},{"weight":157.0,"label":"system"},{"weight":156.0,"label":"coil"},{"weight":137.0,"label":"maximum"},{"weight":132.0,"label":"generator"},{"weight":129.0,"label":"increase"},{"weight":125.0,"label":"generate"},{"weight":122.0,"label":"application"},{"weight":114.0,"label":"voltage"},{"weight":112.0,"label":"current"},{"weight":109.0,"label":"consumption"},{"weight":109.0,"label":"paper"},{"weight":106.0,"label":"high"},{"weight":105.0,"label":"design"},{"weight":101.0,"label":"converter"},{"weight":101.0,"label":"electrical"},{"weight":96.0,"label":"battery"},{"weight":94.0,"label":"input"},{"weight":93.0,"label":"operate"},{"weight":87.0,"label":"operation"}]},{"conceptId":4,"clusterId":0,"hexCoordinates":{"x":-0.8660254037844386,"y":1.5},"labels":[{"weight":536.0,"label":"active"},{"weight":340.0,"label":"passive"},{"weight":291.0,"label":"frequency"},{"weight":191.0,"label":"damp"},{"weight":146.0,"label":"filter"},{"weight":133.0,"label":"design"},{"weight":108.0,"label":"system"},{"weight":106.0,"label":"control"},{"weight":95.0,"label":"resonance"},{"weight":80.0,"label":"paper"},{"weight":73.0,"label":"stability"},{"weight":73.0,"label":"vibration"},{"weight":73.0,"label":"propose"},{"weight":73.0,"label":"high"},{"weight":70.0,"label":"present"},{"weight":64.0,"label":"order"},{"weight":63.0,"label":"achieve"},{"weight":63.0,"label":"performance"},{"weight":62.0,"label":"position"},{"weight":57.0,"label":"tracking"},{"weight":55.0,"label":"force"},{"weight":53.0,"label":"actuator"},{"weight":53.0,"label":"due"},{"weight":50.0,"label":"provide"},{"weight":48.0,"label":"tuning"}]},{"conceptId":7,"clusterId":0,"hexCoordinates":{"x":-0.8660254037844386,"y":-1.5},"labels":[{"weight":628.0,"label":"voltage"},{"weight":516.0,"label":"converter"},{"weight":493.0,"label":"current"},{"weight":374.0,"label":"cable"},{"weight":291.0,"label":"power"},{"weight":280.0,"label":"high"},{"weight":256.0,"label":"fault"},{"weight":249.0,"label":"propose"},{"weight":236.0,"label":"circuit"},{"weight":203.0,"label":"mmc"},{"weight":200.0,"label":"paper"},{"weight":176.0,"label":"electrical"},{"weight":171.0,"label":"discharge"},{"weight":157.0,"label":"phase"},{"weight":154.0,"label":"topology"},{"weight":153.0,"label":"pulse"},{"weight":152.0,"label":"present"},{"weight":149.0,"label":"capacitor"},{"weight":147.0,"label":"loss"},{"weight":146.0,"label":"switching"},{"weight":142.0,"label":"level"},{"weight":141.0,"label":"modular"},{"weight":125.0,"label":"multilevel"},{"weight":116.0,"label":"low"},{"weight":114.0,"label":"application"}]}]}