[{"topicData":[{"numberOfDocuments":0.0,"label":"Heriot-Watt University"},{"numberOfDocuments":0.0,"label":"Robert Gordon University"},{"numberOfDocuments":0.0,"label":"Glasgow Caledonian University"},{"numberOfDocuments":0.0,"label":"Queen Margaret University"},{"numberOfDocuments":0.0,"label":"University of the Highlands and Islands"},{"numberOfDocuments":0.0,"label":"University of Dundee"},{"numberOfDocuments":0.0,"label":"Edinburgh Napier University"},{"numberOfDocuments":0.0,"label":"University of Stirling"},{"numberOfDocuments":0.0,"label":"Abertay University"},{"numberOfDocuments":0.0,"label":"University of Aberdeen"},{"numberOfDocuments":0.0,"label":"University of Edinburgh"},{"numberOfDocuments":0.0,"label":"University of the West of Scotland"},{"numberOfDocuments":0.0,"label":"University of St Andrews"},{"numberOfDocuments":0.0,"label":"University of Glasgow"},{"numberOfDocuments":0.0,"label":"University of Strathclyde"}],"conceptId":-1},{"topicData":[{"numberOfDocuments":8.498651906615486,"label":"Heriot-Watt University"},{"numberOfDocuments":0.5946748699426542,"label":"Robert Gordon University"},{"numberOfDocuments":0.43335402971306514,"label":"Glasgow Caledonian University"},{"numberOfDocuments":0.14905073889569928,"label":"Queen Margaret University"},{"numberOfDocuments":0.4113352990084598,"label":"University of the Highlands and Islands"},{"numberOfDocuments":1.5723119525788172,"label":"University of Dundee"},{"numberOfDocuments":0.2563031091791975,"label":"Edinburgh Napier University"},{"numberOfDocuments":1.1826441440465494,"label":"University of Stirling"},{"numberOfDocuments":0.08596062392405142,"label":"Abertay University"},{"numberOfDocuments":4.91629263361143,"label":"University of Aberdeen"},{"numberOfDocuments":17.86823860677644,"label":"University of Edinburgh"},{"numberOfDocuments":0.8311195401585006,"label":"University of the West of Scotland"},{"numberOfDocuments":7.9286237692218835,"label":"University of St Andrews"},{"numberOfDocuments":11.275038508326917,"label":"University of Glasgow"},{"numberOfDocuments":36.65560457833702,"label":"University of Strathclyde"}],"conceptId":0},{"topicData":[{"numberOfDocuments":0.6368026714095137,"label":"Heriot-Watt University"},{"numberOfDocuments":0.3463704994192799,"label":"Robert Gordon University"},{"numberOfDocuments":0.14603174603174604,"label":"Glasgow Caledonian University"},{"numberOfDocuments":0.05770596767767319,"label":"Queen Margaret University"},{"numberOfDocuments":0.0,"label":"University of the Highlands and Islands"},{"numberOfDocuments":0.5045431352101019,"label":"University of Dundee"},{"numberOfDocuments":0.5492747614584084,"label":"Edinburgh Napier University"},{"numberOfDocuments":0.34550672747113215,"label":"University of Stirling"},{"numberOfDocuments":0.036897214901346245,"label":"Abertay University"},{"numberOfDocuments":0.4941118600834872,"label":"University of Aberdeen"},{"numberOfDocuments":13.21956715248909,"label":"University of Edinburgh"},{"numberOfDocuments":0.10730897009966778,"label":"University of the West of Scotland"},{"numberOfDocuments":1.1541387718785812,"label":"University of St Andrews"},{"numberOfDocuments":1.6453808748109684,"label":"University of Glasgow"},{"numberOfDocuments":5.814766335368874,"label":"University of Strathclyde"}],"conceptId":1},{"topicData":[{"numberOfDocuments":0.31326060333669103,"label":"Heriot-Watt University"},{"numberOfDocuments":0.43791168067431097,"label":"Robert Gordon University"},{"numberOfDocuments":0.05494505494505495,"label":"Glasgow Caledonian University"},{"numberOfDocuments":0.07650084446491633,"label":"Queen Margaret University"},{"numberOfDocuments":0.16703703703703704,"label":"University of the Highlands and Islands"},{"numberOfDocuments":1.9028827027313973,"label":"University of Dundee"},{"numberOfDocuments":0.04693802713604694,"label":"Edinburgh Napier University"},{"numberOfDocuments":0.34472909361608695,"label":"University of Stirling"},{"numberOfDocuments":0.0,"label":"Abertay University"},{"numberOfDocuments":2.133502586231526,"label":"University of Aberdeen"},{"numberOfDocuments":0.6202199031998681,"label":"University of Edinburgh"},{"numberOfDocuments":0.006578947368421052,"label":"University of the West of Scotland"},{"numberOfDocuments":0.9852574760301318,"label":"University of St Andrews"},{"numberOfDocuments":1.236669465639563,"label":"University of Glasgow"},{"numberOfDocuments":8.859691912531801,"label":"University of Strathclyde"}],"conceptId":2},{"topicData":[{"numberOfDocuments":0.511957691028264,"label":"Heriot-Watt University"},{"numberOfDocuments":0.14418604651162792,"label":"Robert Gordon University"},{"numberOfDocuments":0.0,"label":"Glasgow Caledonian University"},{"numberOfDocuments":0.026785714285714284,"label":"Queen Margaret University"},{"numberOfDocuments":1.7004523167363819,"label":"University of the Highlands and Islands"},{"numberOfDocuments":0.1328125,"label":"University of Dundee"},{"numberOfDocuments":0.22872049689440993,"label":"Edinburgh Napier University"},{"numberOfDocuments":0.26041463712379853,"label":"University of Stirling"},{"numberOfDocuments":0.29415782794654466,"label":"Abertay University"},{"numberOfDocuments":0.25373748199121293,"label":"University of Aberdeen"},{"numberOfDocuments":2.5499224085080243,"label":"University of Edinburgh"},{"numberOfDocuments":0.022988505747126436,"label":"University of the West of Scotland"},{"numberOfDocuments":0.1646305858945734,"label":"University of St Andrews"},{"numberOfDocuments":1.0273169346842879,"label":"University of Glasgow"},{"numberOfDocuments":2.100267401981054,"label":"University of Strathclyde"}],"conceptId":3},{"topicData":[{"numberOfDocuments":3.5140386783103965,"label":"Heriot-Watt University"},{"numberOfDocuments":0.016611524676040806,"label":"Robert Gordon University"},{"numberOfDocuments":0.11458333333333333,"label":"Glasgow Caledonian University"},{"numberOfDocuments":0.048701298701298704,"label":"Queen Margaret University"},{"numberOfDocuments":0.009174311926605505,"label":"University of the Highlands and Islands"},{"numberOfDocuments":0.2203927025355597,"label":"University of Dundee"},{"numberOfDocuments":0.04502602660497397,"label":"Edinburgh Napier University"},{"numberOfDocuments":0.26279690520157184,"label":"University of Stirling"},{"numberOfDocuments":0.0,"label":"Abertay University"},{"numberOfDocuments":1.057681942521064,"label":"University of Aberdeen"},{"numberOfDocuments":2.7937315110884686,"label":"University of Edinburgh"},{"numberOfDocuments":0.13120840756393154,"label":"University of the West of Scotland"},{"numberOfDocuments":1.2500707578610446,"label":"University of St Andrews"},{"numberOfDocuments":2.126313483686469,"label":"University of Glasgow"},{"numberOfDocuments":2.063586279979433,"label":"University of Strathclyde"}],"conceptId":4},{"topicData":[{"numberOfDocuments":1.3996884297384113,"label":"Heriot-Watt University"},{"numberOfDocuments":0.4288507677378299,"label":"Robert Gordon University"},{"numberOfDocuments":0.055153132545431444,"label":"Glasgow Caledonian University"},{"numberOfDocuments":0.2586582261143125,"label":"Queen Margaret University"},{"numberOfDocuments":0.5124439583160162,"label":"University of the Highlands and Islands"},{"numberOfDocuments":1.0390490462954847,"label":"University of Dundee"},{"numberOfDocuments":0.13674663096659279,"label":"Edinburgh Napier University"},{"numberOfDocuments":1.067892474598322,"label":"University of Stirling"},{"numberOfDocuments":0.6197140499456012,"label":"Abertay University"},{"numberOfDocuments":1.1629529355112018,"label":"University of Aberdeen"},{"numberOfDocuments":6.0401392704295676,"label":"University of Edinburgh"},{"numberOfDocuments":0.007352941176470588,"label":"University of the West of Scotland"},{"numberOfDocuments":1.3096757594378248,"label":"University of St Andrews"},{"numberOfDocuments":5.311935951499326,"label":"University of Glasgow"},{"numberOfDocuments":11.226745727340543,"label":"University of Strathclyde"}],"conceptId":5},{"topicData":[{"numberOfDocuments":8.150267062449052,"label":"Heriot-Watt University"},{"numberOfDocuments":0.2762194748283704,"label":"Robert Gordon University"},{"numberOfDocuments":0.1494596163142786,"label":"Glasgow Caledonian University"},{"numberOfDocuments":0.15916721356511573,"label":"Queen Margaret University"},{"numberOfDocuments":0.13843815731687587,"label":"University of the Highlands and Islands"},{"numberOfDocuments":1.9826783880585122,"label":"University of Dundee"},{"numberOfDocuments":0.2052700984834925,"label":"Edinburgh Napier University"},{"numberOfDocuments":1.0330298147912018,"label":"University of Stirling"},{"numberOfDocuments":0.42442910635057707,"label":"Abertay University"},{"numberOfDocuments":1.063308639245358,"label":"University of Aberdeen"},{"numberOfDocuments":8.600797199186022,"label":"University of Edinburgh"},{"numberOfDocuments":0.34131857566831264,"label":"University of the West of Scotland"},{"numberOfDocuments":3.3783339628333553,"label":"University of St Andrews"},{"numberOfDocuments":28.71077130403975,"label":"University of Glasgow"},{"numberOfDocuments":10.793709877573017,"label":"University of Strathclyde"}],"conceptId":6},{"topicData":[{"numberOfDocuments":1.1222222222222222,"label":"Heriot-Watt University"},{"numberOfDocuments":0.4954209358201171,"label":"Robert Gordon University"},{"numberOfDocuments":0.8486714991073525,"label":"Glasgow Caledonian University"},{"numberOfDocuments":0.04685148514851485,"label":"Queen Margaret University"},{"numberOfDocuments":0.14285714285714285,"label":"University of the Highlands and Islands"},{"numberOfDocuments":1.401210343659944,"label":"University of Dundee"},{"numberOfDocuments":0.348314606741573,"label":"Edinburgh Napier University"},{"numberOfDocuments":0.8009843392910286,"label":"University of Stirling"},{"numberOfDocuments":0.0,"label":"Abertay University"},{"numberOfDocuments":1.3616699948192725,"label":"University of Aberdeen"},{"numberOfDocuments":2.507879969635898,"label":"University of Edinburgh"},{"numberOfDocuments":0.9384363583306211,"label":"University of the West of Scotland"},{"numberOfDocuments":0.4235218205825319,"label":"University of St Andrews"},{"numberOfDocuments":1.692221734826901,"label":"University of Glasgow"},{"numberOfDocuments":5.2840174814512135,"label":"University of Strathclyde"}],"conceptId":7},{"topicData":[{"numberOfDocuments":8.708730989284522,"label":"Heriot-Watt University"},{"numberOfDocuments":0.3687724706803629,"label":"Robert Gordon University"},{"numberOfDocuments":0.11631716906946264,"label":"Glasgow Caledonian University"},{"numberOfDocuments":0.010416666666666666,"label":"Queen Margaret University"},{"numberOfDocuments":0.28553851481719683,"label":"University of the Highlands and Islands"},{"numberOfDocuments":0.6030061760328024,"label":"University of Dundee"},{"numberOfDocuments":0.045511613308223474,"label":"Edinburgh Napier University"},{"numberOfDocuments":0.2558761224798477,"label":"University of Stirling"},{"numberOfDocuments":0.04434129962472843,"label":"Abertay University"},{"numberOfDocuments":2.3578816126760094,"label":"University of Aberdeen"},{"numberOfDocuments":20.544863707758555,"label":"University of Edinburgh"},{"numberOfDocuments":0.1595321590254575,"label":"University of the West of Scotland"},{"numberOfDocuments":6.526274659511081,"label":"University of St Andrews"},{"numberOfDocuments":5.848294325311542,"label":"University of Glasgow"},{"numberOfDocuments":4.807903732955003,"label":"University of Strathclyde"}],"conceptId":8},{"topicData":[{"numberOfDocuments":0.02640123034859877,"label":"Heriot-Watt University"},{"numberOfDocuments":0.9951329937747594,"label":"Robert Gordon University"},{"numberOfDocuments":0.0,"label":"Glasgow Caledonian University"},{"numberOfDocuments":1.4782608695652173,"label":"Queen Margaret University"},{"numberOfDocuments":0.0058823529411764705,"label":"University of the Highlands and Islands"},{"numberOfDocuments":0.1549297634163096,"label":"University of Dundee"},{"numberOfDocuments":0.015384615384615385,"label":"Edinburgh Napier University"},{"numberOfDocuments":13.221920637688317,"label":"University of Stirling"},{"numberOfDocuments":0.0,"label":"Abertay University"},{"numberOfDocuments":1.0657138331836828,"label":"University of Aberdeen"},{"numberOfDocuments":2.4714686245099706,"label":"University of Edinburgh"},{"numberOfDocuments":0.0,"label":"University of the West of Scotland"},{"numberOfDocuments":1.2192070594226778,"label":"University of St Andrews"},{"numberOfDocuments":8.8338073709957,"label":"University of Glasgow"},{"numberOfDocuments":0.3367332042348787,"label":"University of Strathclyde"}],"conceptId":9},{"topicData":[{"numberOfDocuments":9.81299984228646,"label":"Heriot-Watt University"},{"numberOfDocuments":0.3871653858321472,"label":"Robert Gordon University"},{"numberOfDocuments":0.03153551429413498,"label":"Glasgow Caledonian University"},{"numberOfDocuments":0.11579151673295339,"label":"Queen Margaret University"},{"numberOfDocuments":0.4366664526679503,"label":"University of the Highlands and Islands"},{"numberOfDocuments":2.0065380703933497,"label":"University of Dundee"},{"numberOfDocuments":0.34791505684998014,"label":"Edinburgh Napier University"},{"numberOfDocuments":0.5050314265844976,"label":"University of Stirling"},{"numberOfDocuments":0.5627848840754179,"label":"Abertay University"},{"numberOfDocuments":7.274394875635193,"label":"University of Aberdeen"},{"numberOfDocuments":43.3951075488126,"label":"University of Edinburgh"},{"numberOfDocuments":0.13722032455996658,"label":"University of the West of Scotland"},{"numberOfDocuments":34.38299946060039,"label":"University of St Andrews"},{"numberOfDocuments":18.328469082023037,"label":"University of Glasgow"},{"numberOfDocuments":29.190782696954333,"label":"University of Strathclyde"}],"conceptId":10},{"topicData":[{"numberOfDocuments":0.4812436545264205,"label":"Heriot-Watt University"},{"numberOfDocuments":0.16760318447716918,"label":"Robert Gordon University"},{"numberOfDocuments":0.0,"label":"Glasgow Caledonian University"},{"numberOfDocuments":0.09476332684913742,"label":"Queen Margaret University"},{"numberOfDocuments":0.1404964834102867,"label":"University of the Highlands and Islands"},{"numberOfDocuments":1.1823893664891032,"label":"University of Dundee"},{"numberOfDocuments":0.012195121951219513,"label":"Edinburgh Napier University"},{"numberOfDocuments":0.16595403418568094,"label":"University of Stirling"},{"numberOfDocuments":0.2543385170160018,"label":"Abertay University"},{"numberOfDocuments":0.3401732184108681,"label":"University of Aberdeen"},{"numberOfDocuments":2.7031262734686123,"label":"University of Edinburgh"},{"numberOfDocuments":0.1579224735625744,"label":"University of the West of Scotland"},{"numberOfDocuments":5.47191546328567,"label":"University of St Andrews"},{"numberOfDocuments":7.978109070517408,"label":"University of Glasgow"},{"numberOfDocuments":5.302234359193483,"label":"University of Strathclyde"}],"conceptId":11},{"topicData":[{"numberOfDocuments":7.741634558000874,"label":"Heriot-Watt University"},{"numberOfDocuments":3.7291486465532078,"label":"Robert Gordon University"},{"numberOfDocuments":0.1506441090919974,"label":"Glasgow Caledonian University"},{"numberOfDocuments":0.15448071259126392,"label":"Queen Margaret University"},{"numberOfDocuments":0.7025115221808135,"label":"University of the Highlands and Islands"},{"numberOfDocuments":3.944471407881354,"label":"University of Dundee"},{"numberOfDocuments":0.6867600279343383,"label":"Edinburgh Napier University"},{"numberOfDocuments":1.087279619013568,"label":"University of Stirling"},{"numberOfDocuments":0.46021138428460795,"label":"Abertay University"},{"numberOfDocuments":1.7318481176804361,"label":"University of Aberdeen"},{"numberOfDocuments":18.807549191174804,"label":"University of Edinburgh"},{"numberOfDocuments":1.2181062838874266,"label":"University of the West of Scotland"},{"numberOfDocuments":11.520551690480145,"label":"University of St Andrews"},{"numberOfDocuments":24.838670395210983,"label":"University of Glasgow"},{"numberOfDocuments":40.594740026881645,"label":"University of Strathclyde"}],"conceptId":12},{"topicData":[{"numberOfDocuments":5.340853884967914,"label":"Heriot-Watt University"},{"numberOfDocuments":1.2317964740007656,"label":"Robert Gordon University"},{"numberOfDocuments":0.3009621180507256,"label":"Glasgow Caledonian University"},{"numberOfDocuments":0.14980736008384243,"label":"Queen Margaret University"},{"numberOfDocuments":0.23111191788369986,"label":"University of the Highlands and Islands"},{"numberOfDocuments":1.1147838888282966,"label":"University of Dundee"},{"numberOfDocuments":0.6365440622279209,"label":"Edinburgh Napier University"},{"numberOfDocuments":0.6045707463935273,"label":"University of Stirling"},{"numberOfDocuments":2.9696369697524156,"label":"Abertay University"},{"numberOfDocuments":2.5440731242121277,"label":"University of Aberdeen"},{"numberOfDocuments":10.095448105843085,"label":"University of Edinburgh"},{"numberOfDocuments":0.5919943726133852,"label":"University of the West of Scotland"},{"numberOfDocuments":3.172708009832548,"label":"University of St Andrews"},{"numberOfDocuments":6.856457226761691,"label":"University of Glasgow"},{"numberOfDocuments":24.100269258670792,"label":"University of Strathclyde"}],"conceptId":13},{"topicData":[{"numberOfDocuments":6.255160264206315,"label":"Heriot-Watt University"},{"numberOfDocuments":1.8023121658091477,"label":"Robert Gordon University"},{"numberOfDocuments":1.148237551494069,"label":"Glasgow Caledonian University"},{"numberOfDocuments":0.9977430788717689,"label":"Queen Margaret University"},{"numberOfDocuments":1.5683298411429596,"label":"University of the Highlands and Islands"},{"numberOfDocuments":4.313571468577418,"label":"University of Dundee"},{"numberOfDocuments":2.151267752585357,"label":"Edinburgh Napier University"},{"numberOfDocuments":5.903701070439529,"label":"University of Stirling"},{"numberOfDocuments":1.4053707764410515,"label":"Abertay University"},{"numberOfDocuments":6.61128961906208,"label":"University of Aberdeen"},{"numberOfDocuments":17.791554806902937,"label":"University of Edinburgh"},{"numberOfDocuments":0.7810682233889216,"label":"University of the West of Scotland"},{"numberOfDocuments":7.793728431176887,"label":"University of St Andrews"},{"numberOfDocuments":14.014960116214255,"label":"University of Glasgow"},{"numberOfDocuments":19.47056683208845,"label":"University of Strathclyde"}],"conceptId":14},{"topicData":[{"numberOfDocuments":12.786445837082082,"label":"Heriot-Watt University"},{"numberOfDocuments":3.3956099235067447,"label":"Robert Gordon University"},{"numberOfDocuments":0.2722994523546392,"label":"Glasgow Caledonian University"},{"numberOfDocuments":2.6299843942247616,"label":"Queen Margaret University"},{"numberOfDocuments":2.0951119637301425,"label":"University of the Highlands and Islands"},{"numberOfDocuments":5.271139511118734,"label":"University of Dundee"},{"numberOfDocuments":1.6083401102736008,"label":"Edinburgh Napier University"},{"numberOfDocuments":1.1256907846861848,"label":"University of Stirling"},{"numberOfDocuments":1.63576389838752,"label":"Abertay University"},{"numberOfDocuments":4.0332300101955845,"label":"University of Aberdeen"},{"numberOfDocuments":24.701860580050848,"label":"University of Edinburgh"},{"numberOfDocuments":0.7140704546922858,"label":"University of the West of Scotland"},{"numberOfDocuments":6.443408907560939,"label":"University of St Andrews"},{"numberOfDocuments":22.87909820224328,"label":"University of Glasgow"},{"numberOfDocuments":27.856135773278506,"label":"University of Strathclyde"}],"conceptId":15},{"topicData":[{"numberOfDocuments":1.172086318823981,"label":"Heriot-Watt University"},{"numberOfDocuments":0.030303030303030304,"label":"Robert Gordon University"},{"numberOfDocuments":0.0,"label":"Glasgow Caledonian University"},{"numberOfDocuments":0.0,"label":"Queen Margaret University"},{"numberOfDocuments":0.22875360271118414,"label":"University of the Highlands and Islands"},{"numberOfDocuments":2.0613929444109753,"label":"University of Dundee"},{"numberOfDocuments":0.011627906976744186,"label":"Edinburgh Napier University"},{"numberOfDocuments":0.2906416783437267,"label":"University of Stirling"},{"numberOfDocuments":0.08974358974358974,"label":"Abertay University"},{"numberOfDocuments":1.4999577891045823,"label":"University of Aberdeen"},{"numberOfDocuments":4.507747647608037,"label":"University of Edinburgh"},{"numberOfDocuments":0.009302325581395349,"label":"University of the West of Scotland"},{"numberOfDocuments":1.1125086155169588,"label":"University of St Andrews"},{"numberOfDocuments":19.87485697491917,"label":"University of Glasgow"},{"numberOfDocuments":2.4885925057602405,"label":"University of Strathclyde"}],"conceptId":16}]