[{"topicData":[{"numberOfDocuments":0.0,"label":"Heriot-Watt University"},{"numberOfDocuments":0.0,"label":"Robert Gordon University"},{"numberOfDocuments":0.0,"label":"Glasgow Caledonian University"},{"numberOfDocuments":0.0,"label":"Queen Margaret University"},{"numberOfDocuments":0.0,"label":"University of the Highlands and Islands"},{"numberOfDocuments":0.0,"label":"University of Dundee"},{"numberOfDocuments":0.0,"label":"Edinburgh Napier University"},{"numberOfDocuments":0.0,"label":"University of Stirling"},{"numberOfDocuments":0.0,"label":"Abertay University"},{"numberOfDocuments":0.0,"label":"University of Aberdeen"},{"numberOfDocuments":0.0,"label":"University of Edinburgh"},{"numberOfDocuments":0.0,"label":"University of the West of Scotland"},{"numberOfDocuments":0.0,"label":"University of Glasgow"},{"numberOfDocuments":0.0,"label":"University of St Andrews"},{"numberOfDocuments":0.0,"label":"University of Strathclyde"}],"conceptId":-1},{"topicData":[{"numberOfDocuments":1.146921900803125,"label":"Heriot-Watt University"},{"numberOfDocuments":0.6894516080290928,"label":"Robert Gordon University"},{"numberOfDocuments":0.6049954671518575,"label":"Glasgow Caledonian University"},{"numberOfDocuments":0.24843293893812216,"label":"Queen Margaret University"},{"numberOfDocuments":1.0070215547327532,"label":"University of the Highlands and Islands"},{"numberOfDocuments":15.087708506796941,"label":"University of Dundee"},{"numberOfDocuments":0.987620672373292,"label":"Edinburgh Napier University"},{"numberOfDocuments":5.090008495308549,"label":"University of Stirling"},{"numberOfDocuments":0.25407665437547944,"label":"Abertay University"},{"numberOfDocuments":10.40633933245218,"label":"University of Aberdeen"},{"numberOfDocuments":59.715663383974295,"label":"University of Edinburgh"},{"numberOfDocuments":1.0072874299536796,"label":"University of the West of Scotland"},{"numberOfDocuments":31.881766022433762,"label":"University of Glasgow"},{"numberOfDocuments":10.867502729829129,"label":"University of St Andrews"},{"numberOfDocuments":6.304168413621585,"label":"University of Strathclyde"}],"conceptId":0},{"topicData":[{"numberOfDocuments":0.4485633625338826,"label":"Heriot-Watt University"},{"numberOfDocuments":0.017543859649122806,"label":"Robert Gordon University"},{"numberOfDocuments":0.01695402298850575,"label":"Glasgow Caledonian University"},{"numberOfDocuments":0.008403361344537815,"label":"Queen Margaret University"},{"numberOfDocuments":0.7175524780735931,"label":"University of the Highlands and Islands"},{"numberOfDocuments":1.2426441757240625,"label":"University of Dundee"},{"numberOfDocuments":0.2544526425550548,"label":"Edinburgh Napier University"},{"numberOfDocuments":3.2198164207219264,"label":"University of Stirling"},{"numberOfDocuments":0.0,"label":"Abertay University"},{"numberOfDocuments":5.113906942597944,"label":"University of Aberdeen"},{"numberOfDocuments":23.882944825630716,"label":"University of Edinburgh"},{"numberOfDocuments":0.034665469241131563,"label":"University of the West of Scotland"},{"numberOfDocuments":5.873154756455946,"label":"University of Glasgow"},{"numberOfDocuments":3.4108067014320183,"label":"University of St Andrews"},{"numberOfDocuments":0.8456580627889151,"label":"University of Strathclyde"}],"conceptId":1},{"topicData":[{"numberOfDocuments":1.4311498958043198,"label":"Heriot-Watt University"},{"numberOfDocuments":0.15945835349950255,"label":"Robert Gordon University"},{"numberOfDocuments":0.22179251292890317,"label":"Glasgow Caledonian University"},{"numberOfDocuments":0.07508153515649768,"label":"Queen Margaret University"},{"numberOfDocuments":2.088533580820545,"label":"University of the Highlands and Islands"},{"numberOfDocuments":2.7853430847633858,"label":"University of Dundee"},{"numberOfDocuments":1.0801905171198645,"label":"Edinburgh Napier University"},{"numberOfDocuments":14.071214434290956,"label":"University of Stirling"},{"numberOfDocuments":0.8734467148444701,"label":"Abertay University"},{"numberOfDocuments":6.189930430985528,"label":"University of Aberdeen"},{"numberOfDocuments":29.34158193267405,"label":"University of Edinburgh"},{"numberOfDocuments":0.2620152870991797,"label":"University of the West of Scotland"},{"numberOfDocuments":16.681534806554314,"label":"University of Glasgow"},{"numberOfDocuments":17.30220993495296,"label":"University of St Andrews"},{"numberOfDocuments":1.3439405876121777,"label":"University of Strathclyde"}],"conceptId":2},{"topicData":[{"numberOfDocuments":4.698527082315216,"label":"Heriot-Watt University"},{"numberOfDocuments":1.8296007469525644,"label":"Robert Gordon University"},{"numberOfDocuments":0.26190009490402816,"label":"Glasgow Caledonian University"},{"numberOfDocuments":0.311971497639447,"label":"Queen Margaret University"},{"numberOfDocuments":2.4916313115157065,"label":"University of the Highlands and Islands"},{"numberOfDocuments":21.538690495817857,"label":"University of Dundee"},{"numberOfDocuments":1.2827379753544157,"label":"Edinburgh Napier University"},{"numberOfDocuments":14.214713514069302,"label":"University of Stirling"},{"numberOfDocuments":1.1236728349027216,"label":"Abertay University"},{"numberOfDocuments":20.69144738718213,"label":"University of Aberdeen"},{"numberOfDocuments":93.63380205571225,"label":"University of Edinburgh"},{"numberOfDocuments":1.978318523555836,"label":"University of the West of Scotland"},{"numberOfDocuments":47.80105350297358,"label":"University of Glasgow"},{"numberOfDocuments":25.158946053677536,"label":"University of St Andrews"},{"numberOfDocuments":7.649088448792734,"label":"University of Strathclyde"}],"conceptId":3},{"topicData":[{"numberOfDocuments":0.45388328068162664,"label":"Heriot-Watt University"},{"numberOfDocuments":0.3077255154080281,"label":"Robert Gordon University"},{"numberOfDocuments":0.0,"label":"Glasgow Caledonian University"},{"numberOfDocuments":0.0688235294117647,"label":"Queen Margaret University"},{"numberOfDocuments":3.466259088562317,"label":"University of the Highlands and Islands"},{"numberOfDocuments":0.7205685008844843,"label":"University of Dundee"},{"numberOfDocuments":0.2521848370209026,"label":"Edinburgh Napier University"},{"numberOfDocuments":5.889977940661209,"label":"University of Stirling"},{"numberOfDocuments":0.384769844580398,"label":"Abertay University"},{"numberOfDocuments":2.175634295230445,"label":"University of Aberdeen"},{"numberOfDocuments":9.975045977955853,"label":"University of Edinburgh"},{"numberOfDocuments":0.022509578544061302,"label":"University of the West of Scotland"},{"numberOfDocuments":3.892841667343042,"label":"University of Glasgow"},{"numberOfDocuments":7.365612178606006,"label":"University of St Andrews"},{"numberOfDocuments":0.5436201687216676,"label":"University of Strathclyde"}],"conceptId":4},{"topicData":[{"numberOfDocuments":1.3818191221854814,"label":"Heriot-Watt University"},{"numberOfDocuments":0.46733437520304,"label":"Robert Gordon University"},{"numberOfDocuments":0.06278447394114092,"label":"Glasgow Caledonian University"},{"numberOfDocuments":0.15129622550143995,"label":"Queen Margaret University"},{"numberOfDocuments":2.7385858787868487,"label":"University of the Highlands and Islands"},{"numberOfDocuments":3.834436948197655,"label":"University of Dundee"},{"numberOfDocuments":0.9964292067446504,"label":"Edinburgh Napier University"},{"numberOfDocuments":9.115076973394842,"label":"University of Stirling"},{"numberOfDocuments":0.3270870159157052,"label":"Abertay University"},{"numberOfDocuments":8.423128716932359,"label":"University of Aberdeen"},{"numberOfDocuments":39.36207774581956,"label":"University of Edinburgh"},{"numberOfDocuments":0.022727272727272728,"label":"University of the West of Scotland"},{"numberOfDocuments":14.723997923741605,"label":"University of Glasgow"},{"numberOfDocuments":13.477910042313221,"label":"University of St Andrews"},{"numberOfDocuments":2.5728812725976082,"label":"University of Strathclyde"}],"conceptId":5},{"topicData":[{"numberOfDocuments":0.5520133371445727,"label":"Heriot-Watt University"},{"numberOfDocuments":0.9545734296278685,"label":"Robert Gordon University"},{"numberOfDocuments":0.13755176667547803,"label":"Glasgow Caledonian University"},{"numberOfDocuments":0.30580000579107974,"label":"Queen Margaret University"},{"numberOfDocuments":2.3268037085086055,"label":"University of the Highlands and Islands"},{"numberOfDocuments":6.654492154171353,"label":"University of Dundee"},{"numberOfDocuments":1.0368625044033632,"label":"Edinburgh Napier University"},{"numberOfDocuments":14.895278380593217,"label":"University of Stirling"},{"numberOfDocuments":0.06451612903225806,"label":"Abertay University"},{"numberOfDocuments":11.968954092327872,"label":"University of Aberdeen"},{"numberOfDocuments":49.174000608965166,"label":"University of Edinburgh"},{"numberOfDocuments":0.33745098331382367,"label":"University of the West of Scotland"},{"numberOfDocuments":17.38891517329854,"label":"University of Glasgow"},{"numberOfDocuments":13.798913505057058,"label":"University of St Andrews"},{"numberOfDocuments":2.3392553293617158,"label":"University of Strathclyde"}],"conceptId":6},{"topicData":[{"numberOfDocuments":8.85923692326319,"label":"Heriot-Watt University"},{"numberOfDocuments":0.6346510765541932,"label":"Robert Gordon University"},{"numberOfDocuments":0.6239394603905352,"label":"Glasgow Caledonian University"},{"numberOfDocuments":0.4562468230036095,"label":"Queen Margaret University"},{"numberOfDocuments":2.647920347221408,"label":"University of the Highlands and Islands"},{"numberOfDocuments":5.902320228177304,"label":"University of Dundee"},{"numberOfDocuments":1.480778712017645,"label":"Edinburgh Napier University"},{"numberOfDocuments":11.534191335442825,"label":"University of Stirling"},{"numberOfDocuments":0.4799444128556828,"label":"Abertay University"},{"numberOfDocuments":14.313012589396804,"label":"University of Aberdeen"},{"numberOfDocuments":60.63902642054047,"label":"University of Edinburgh"},{"numberOfDocuments":0.920399138152616,"label":"University of the West of Scotland"},{"numberOfDocuments":56.84874126692473,"label":"University of Glasgow"},{"numberOfDocuments":20.973073442693007,"label":"University of St Andrews"},{"numberOfDocuments":6.645469650008716,"label":"University of Strathclyde"}],"conceptId":7},{"topicData":[{"numberOfDocuments":0.21505832629626956,"label":"Heriot-Watt University"},{"numberOfDocuments":0.07642579922933523,"label":"Robert Gordon University"},{"numberOfDocuments":0.0,"label":"Glasgow Caledonian University"},{"numberOfDocuments":0.0,"label":"Queen Margaret University"},{"numberOfDocuments":1.632279348648828,"label":"University of the Highlands and Islands"},{"numberOfDocuments":28.527185418916044,"label":"University of Dundee"},{"numberOfDocuments":0.0,"label":"Edinburgh Napier University"},{"numberOfDocuments":0.10518345261782593,"label":"University of Stirling"},{"numberOfDocuments":0.0684931506849315,"label":"Abertay University"},{"numberOfDocuments":2.7777958385517105,"label":"University of Aberdeen"},{"numberOfDocuments":3.424955429697775,"label":"University of Edinburgh"},{"numberOfDocuments":0.15058320654930088,"label":"University of the West of Scotland"},{"numberOfDocuments":1.1671853362557916,"label":"University of Glasgow"},{"numberOfDocuments":9.360159802616336,"label":"University of St Andrews"},{"numberOfDocuments":0.7487833842248105,"label":"University of Strathclyde"}],"conceptId":8},{"topicData":[{"numberOfDocuments":0.5966100755858957,"label":"Heriot-Watt University"},{"numberOfDocuments":0.15053763440860216,"label":"Robert Gordon University"},{"numberOfDocuments":0.01639344262295082,"label":"Glasgow Caledonian University"},{"numberOfDocuments":0.005917159763313609,"label":"Queen Margaret University"},{"numberOfDocuments":0.24000000000000002,"label":"University of the Highlands and Islands"},{"numberOfDocuments":1.650878412280148,"label":"University of Dundee"},{"numberOfDocuments":0.5858152797704448,"label":"Edinburgh Napier University"},{"numberOfDocuments":1.039707080041059,"label":"University of Stirling"},{"numberOfDocuments":0.028169014084507043,"label":"Abertay University"},{"numberOfDocuments":0.605428666018367,"label":"University of Aberdeen"},{"numberOfDocuments":6.50632061969501,"label":"University of Edinburgh"},{"numberOfDocuments":0.10346743945419859,"label":"University of the West of Scotland"},{"numberOfDocuments":5.57845367067786,"label":"University of Glasgow"},{"numberOfDocuments":0.6229025390290257,"label":"University of St Andrews"},{"numberOfDocuments":0.39107954883039786,"label":"University of Strathclyde"}],"conceptId":9}]