{"linkageTable":[{"node2":1,"distance":0.452936244357615,"node1":0},{"node2":10,"distance":0.455888565843465,"node1":3},{"node2":15,"distance":0.4571122513935,"node1":2},{"node2":17,"distance":0.460035109866135,"node1":4},{"node2":13,"distance":0.47110021846723,"node1":8},{"node2":14,"distance":0.472599926479505,"node1":7},{"node2":16,"distance":0.47507492617269254,"node1":20},{"node2":11,"distance":0.47824952336782,"node1":5},{"node2":6,"distance":0.47883422054363,"node1":21},{"node2":24,"distance":0.4789408141366688,"node1":23},{"node2":18,"distance":0.4821601997808025,"node1":22},{"node2":25,"distance":0.48420481472008925,"node1":30},{"node2":28,"distance":0.48670774038336756,"node1":31},{"node2":29,"distance":0.48961887007446264,"node1":32},{"node2":33,"distance":0.49258359071384283,"node1":26},{"node2":19,"distance":0.49389257218779964,"node1":34},{"node2":9,"distance":0.49455068489772747,"node1":35},{"node2":12,"distance":0.49503648583893434,"node1":36},{"node2":27,"distance":0.49697169245431017,"node1":37}],"conceptsData":[{"conceptId":2,"clusterId":0,"hexCoordinates":{"x":0.0,"y":0.0},"labels":[{"weight":594.0,"label":"flow"},{"weight":340.0,"label":"shock"},{"weight":302.0,"label":"surface"},{"weight":191.0,"label":"pressure"},{"weight":177.0,"label":"wall"},{"weight":150.0,"label":"cavity"},{"weight":147.0,"label":"jet"},{"weight":146.0,"label":"roughness"},{"weight":130.0,"label":"layer"},{"weight":128.0,"label":"vortex"},{"weight":102.0,"label":"high"},{"weight":101.0,"label":"number"},{"weight":99.0,"label":"study"},{"weight":89.0,"label":"boundary"},{"weight":87.0,"label":"length"},{"weight":84.0,"label":"structure"},{"weight":78.0,"label":"ratio"},{"weight":74.0,"label":"drag"},{"weight":73.0,"label":"velocity"},{"weight":71.0,"label":"investigate"},{"weight":68.0,"label":"height"},{"weight":68.0,"label":"speed"},{"weight":67.0,"label":"rough"},{"weight":67.0,"label":"channel"},{"weight":67.0,"label":"effect"}]},{"conceptId":12,"clusterId":0,"hexCoordinates":{"x":3.4641016151377544,"y":3.0},"labels":[{"weight":3502.0,"label":"rate"},{"weight":1875.0,"label":"growth"},{"weight":799.0,"label":"time"},{"weight":511.0,"label":"fast"},{"weight":500.0,"label":"increase"},{"weight":495.0,"label":"slow"},{"weight":425.0,"label":"low"},{"weight":395.0,"label":"high"},{"weight":275.0,"label":"process"},{"weight":255.0,"label":"faster"},{"weight":255.0,"label":"rapid"},{"weight":248.0,"label":"grow"},{"weight":191.0,"label":"average"},{"weight":188.0,"label":"lower"},{"weight":180.0,"label":"lead"},{"weight":177.0,"label":"initial"},{"weight":177.0,"label":"decrease"},{"weight":169.0,"label":"diffusion"},{"weight":165.0,"label":"slower"},{"weight":153.0,"label":"accumulation"},{"weight":146.0,"label":"suggest"},{"weight":140.0,"label":"occur"},{"weight":134.0,"label":"accelerate"},{"weight":132.0,"label":"transition"},{"weight":127.0,"label":"stage"}]},{"conceptId":3,"clusterId":0,"hexCoordinates":{"x":2.598076211353316,"y":1.5},"labels":[{"weight":1113.0,"label":"simulation"},{"weight":564.0,"label":"model"},{"weight":461.0,"label":"method"},{"weight":379.0,"label":"computational"},{"weight":374.0,"label":"flow"},{"weight":341.0,"label":"dynamics"},{"weight":320.0,"label":"fluid"},{"weight":252.0,"label":"cfd"},{"weight":242.0,"label":"result"},{"weight":235.0,"label":"numerical"},{"weight":177.0,"label":"present"},{"weight":170.0,"label":"hybrid"},{"weight":155.0,"label":"monte"},{"weight":153.0,"label":"carlo"},{"weight":142.0,"label":"high"},{"weight":138.0,"label":"compare"},{"weight":137.0,"label":"code"},{"weight":129.0,"label":"simulate"},{"weight":126.0,"label":"work"},{"weight":124.0,"label":"solver"},{"weight":123.0,"label":"molecular"},{"weight":118.0,"label":"modelling"},{"weight":117.0,"label":"case"},{"weight":113.0,"label":"gas"},{"weight":109.0,"label":"order"}]},{"conceptId":-1,"clusterId":-1,"hexCoordinates":{"x":7.794228634059947,"y":6.0},"labels":[{"weight":2500,"label":"Unclassified"},{"weight":0,"label":""},{"weight":0,"label":""},{"weight":0,"label":""},{"weight":0,"label":""},{"weight":0,"label":""},{"weight":0,"label":""},{"weight":0,"label":""},{"weight":0,"label":""},{"weight":0,"label":""},{"weight":0,"label":""}]},{"conceptId":8,"clusterId":0,"hexCoordinates":{"x":-1.7320508075688772,"y":0.0},"labels":[{"weight":535.0,"label":"contact"},{"weight":288.0,"label":"angle"},{"weight":238.0,"label":"surface"},{"weight":221.0,"label":"pressure"},{"weight":173.0,"label":"phase"},{"weight":112.0,"label":"tension"},{"weight":103.0,"label":"density"},{"weight":102.0,"label":"increase"},{"weight":99.0,"label":"liquid"},{"weight":93.0,"label":"effect"},{"weight":89.0,"label":"measure"},{"weight":81.0,"label":"temperature"},{"weight":80.0,"label":"line"},{"weight":78.0,"label":"investigate"},{"weight":76.0,"label":"equation"},{"weight":76.0,"label":"fluid"},{"weight":75.0,"label":"interface"},{"weight":75.0,"label":"high"},{"weight":73.0,"label":"mpa"},{"weight":63.0,"label":"ratio"},{"weight":62.0,"label":"wettability"},{"weight":61.0,"label":"work"},{"weight":60.0,"label":"state"},{"weight":59.0,"label":"capillary"},{"weight":58.0,"label":"range"}]},{"conceptId":9,"clusterId":0,"hexCoordinates":{"x":4.330127018922193,"y":1.5},"labels":[{"weight":404.0,"label":"flow"},{"weight":334.0,"label":"permeability"},{"weight":298.0,"label":"reservoir"},{"weight":293.0,"label":"scale"},{"weight":292.0,"label":"fracture"},{"weight":287.0,"label":"pore"},{"weight":195.0,"label":"model"},{"weight":177.0,"label":"rock"},{"weight":176.0,"label":"fluid"},{"weight":124.0,"label":"pressure"},{"weight":124.0,"label":"porous"},{"weight":115.0,"label":"network"},{"weight":102.0,"label":"simulation"},{"weight":100.0,"label":"porosity"},{"weight":95.0,"label":"distribution"},{"weight":91.0,"label":"saturation"},{"weight":91.0,"label":"matrix"},{"weight":77.0,"label":"process"},{"weight":75.0,"label":"hydraulic"},{"weight":75.0,"label":"sample"},{"weight":71.0,"label":"field"},{"weight":71.0,"label":"result"},{"weight":68.0,"label":"transport"},{"weight":67.0,"label":"parameter"},{"weight":65.0,"label":"gas"}]},{"conceptId":17,"clusterId":0,"hexCoordinates":{"x":-1.7320508075688772,"y":3.0},"labels":[{"weight":528.0,"label":"shear"},{"weight":323.0,"label":"force"},{"weight":291.0,"label":"stress"},{"weight":196.0,"label":"flow"},{"weight":186.0,"label":"fluid"},{"weight":173.0,"label":"increase"},{"weight":170.0,"label":"rate"},{"weight":166.0,"label":"viscosity"},{"weight":123.0,"label":"time"},{"weight":116.0,"label":"deformation"},{"weight":111.0,"label":"behaviour"},{"weight":110.0,"label":"show"},{"weight":104.0,"label":"contact"},{"weight":104.0,"label":"condition"},{"weight":97.0,"label":"low"},{"weight":93.0,"label":"pressure"},{"weight":85.0,"label":"rheological"},{"weight":83.0,"label":"newtonian"},{"weight":80.0,"label":"constant"},{"weight":80.0,"label":"strain"},{"weight":80.0,"label":"range"},{"weight":76.0,"label":"dynamic"},{"weight":75.0,"label":"viscoelastic"},{"weight":72.0,"label":"exhibit"},{"weight":72.0,"label":"particle"}]},{"conceptId":18,"clusterId":0,"hexCoordinates":{"x":0.8660254037844386,"y":-1.5},"labels":[{"weight":681.0,"label":"heat"},{"weight":615.0,"label":"thermal"},{"weight":371.0,"label":"transfer"},{"weight":330.0,"label":"temperature"},{"weight":209.0,"label":"number"},{"weight":194.0,"label":"wall"},{"weight":164.0,"label":"flow"},{"weight":145.0,"label":"convection"},{"weight":144.0,"label":"model"},{"weight":137.0,"label":"porous"},{"weight":128.0,"label":"flux"},{"weight":124.0,"label":"entropy"},{"weight":118.0,"label":"channel"},{"weight":117.0,"label":"effect"},{"weight":112.0,"label":"result"},{"weight":110.0,"label":"system"},{"weight":107.0,"label":"fluid"},{"weight":107.0,"label":"show"},{"weight":107.0,"label":"condition"},{"weight":104.0,"label":"conductivity"},{"weight":104.0,"label":"investigate"},{"weight":99.0,"label":"increase"},{"weight":98.0,"label":"phase"},{"weight":96.0,"label":"generation"},{"weight":95.0,"label":"tube"}]},{"conceptId":19,"clusterId":0,"hexCoordinates":{"x":-0.8660254037844386,"y":-1.5},"labels":[{"weight":837.0,"label":"layer"},{"weight":270.0,"label":"thickness"},{"weight":256.0,"label":"bubble"},{"weight":252.0,"label":"air"},{"weight":240.0,"label":"surface"},{"weight":208.0,"label":"discharge"},{"weight":153.0,"label":"thin"},{"weight":153.0,"label":"water"},{"weight":127.0,"label":"pressure"},{"weight":124.0,"label":"effect"},{"weight":118.0,"label":"density"},{"weight":108.0,"label":"liquid"},{"weight":103.0,"label":"electrical"},{"weight":102.0,"label":"current"},{"weight":99.0,"label":"increase"},{"weight":99.0,"label":"gap"},{"weight":92.0,"label":"breakdown"},{"weight":82.0,"label":"interface"},{"weight":81.0,"label":"voltage"},{"weight":80.0,"label":"plasma"},{"weight":72.0,"label":"electrode"},{"weight":71.0,"label":"investigate"},{"weight":69.0,"label":"reduce"},{"weight":64.0,"label":"observe"},{"weight":60.0,"label":"decrease"}]},{"conceptId":5,"clusterId":0,"hexCoordinates":{"x":1.7320508075688772,"y":6.0},"labels":[{"weight":175.0,"label":"sand"},{"weight":160.0,"label":"clay"},{"weight":101.0,"label":"bed"},{"weight":95.0,"label":"sediment"},{"weight":79.0,"label":"mud"},{"weight":59.0,"label":"rate"},{"weight":49.0,"label":"fas"},{"weight":45.0,"label":"cohesive"},{"weight":41.0,"label":"estuary"},{"weight":37.0,"label":"content"},{"weight":35.0,"label":"floc"},{"weight":33.0,"label":"concentration"},{"weight":33.0,"label":"result"},{"weight":30.0,"label":"suspension"},{"weight":30.0,"label":"column"},{"weight":28.0,"label":"sedimentation"},{"weight":28.0,"label":"pebble"},{"weight":26.0,"label":"size"},{"weight":26.0,"label":"process"},{"weight":25.0,"label":"kaolin"},{"weight":25.0,"label":"grain"},{"weight":24.0,"label":"shear"},{"weight":23.0,"label":"bedform"},{"weight":23.0,"label":"deposit"},{"weight":23.0,"label":"transport"}]},{"conceptId":16,"clusterId":0,"hexCoordinates":{"x":-0.8660254037844386,"y":4.5},"labels":[{"weight":939.0,"label":"wave"},{"weight":394.0,"label":"vortex"},{"weight":108.0,"label":"interaction"},{"weight":105.0,"label":"shear"},{"weight":92.0,"label":"water"},{"weight":87.0,"label":"vertical"},{"weight":83.0,"label":"break"},{"weight":80.0,"label":"internal"},{"weight":73.0,"label":"flow"},{"weight":68.0,"label":"vorticity"},{"weight":68.0,"label":"induce"},{"weight":64.0,"label":"horizontal"},{"weight":62.0,"label":"focus"},{"weight":61.0,"label":"surface"},{"weight":58.0,"label":"shallow"},{"weight":58.0,"label":"layer"},{"weight":54.0,"label":"rivulet"},{"weight":53.0,"label":"generate"},{"weight":51.0,"label":"lead"},{"weight":49.0,"label":"filament"},{"weight":49.0,"label":"stability"},{"weight":49.0,"label":"amplitude"},{"weight":49.0,"label":"mode"},{"weight":48.0,"label":"slope"},{"weight":48.0,"label":"pair"}]},{"conceptId":15,"clusterId":0,"hexCoordinates":{"x":1.7320508075688772,"y":0.0},"labels":[{"weight":1536.0,"label":"flow"},{"weight":478.0,"label":"velocity"},{"weight":464.0,"label":"fluid"},{"weight":393.0,"label":"force"},{"weight":305.0,"label":"turbulent"},{"weight":296.0,"label":"number"},{"weight":293.0,"label":"simulation"},{"weight":283.0,"label":"turbulence"},{"weight":243.0,"label":"numerical"},{"weight":230.0,"label":"result"},{"weight":224.0,"label":"model"},{"weight":214.0,"label":"scale"},{"weight":205.0,"label":"eddy"},{"weight":198.0,"label":"reynold"},{"weight":172.0,"label":"energy"},{"weight":166.0,"label":"wall"},{"weight":162.0,"label":"large"},{"weight":150.0,"label":"instability"},{"weight":150.0,"label":"boundary"},{"weight":146.0,"label":"find"},{"weight":143.0,"label":"motion"},{"weight":141.0,"label":"condition"},{"weight":140.0,"label":"particle"},{"weight":139.0,"label":"vortex"},{"weight":136.0,"label":"regime"}]},{"conceptId":13,"clusterId":0,"hexCoordinates":{"x":-2.598076211353316,"y":1.5},"labels":[{"weight":585.0,"label":"droplet"},{"weight":204.0,"label":"surface"},{"weight":200.0,"label":"liquid"},{"weight":182.0,"label":"drop"},{"weight":135.0,"label":"water"},{"weight":125.0,"label":"evaporation"},{"weight":92.0,"label":"emulsion"},{"weight":82.0,"label":"ring"},{"weight":77.0,"label":"tension"},{"weight":67.0,"label":"substrate"},{"weight":66.0,"label":"interfacial"},{"weight":66.0,"label":"microfluidic"},{"weight":60.0,"label":"interface"},{"weight":54.0,"label":"concentration"},{"weight":54.0,"label":"pattern"},{"weight":54.0,"label":"find"},{"weight":51.0,"label":"evaporate"},{"weight":50.0,"label":"deposit"},{"weight":45.0,"label":"formation"},{"weight":42.0,"label":"dynamics"},{"weight":40.0,"label":"contact"},{"weight":39.0,"label":"fluid"},{"weight":37.0,"label":"marangonus"},{"weight":36.0,"label":"breakup"},{"weight":35.0,"label":"pin"}]},{"conceptId":10,"clusterId":0,"hexCoordinates":{"x":0.8660254037844386,"y":1.5},"labels":[{"weight":486.0,"label":"flow"},{"weight":481.0,"label":"particle"},{"weight":262.0,"label":"gas"},{"weight":205.0,"label":"velocity"},{"weight":151.0,"label":"solid"},{"weight":120.0,"label":"boltzmann"},{"weight":103.0,"label":"regime"},{"weight":88.0,"label":"kinetic"},{"weight":87.0,"label":"slip"},{"weight":86.0,"label":"investigate"},{"weight":75.0,"label":"equation"},{"weight":75.0,"label":"collision"},{"weight":75.0,"label":"number"},{"weight":74.0,"label":"liquid"},{"weight":72.0,"label":"method"},{"weight":72.0,"label":"mass"},{"weight":71.0,"label":"sand"},{"weight":61.0,"label":"knudsen"},{"weight":61.0,"label":"rate"},{"weight":60.0,"label":"lattice"},{"weight":57.0,"label":"pattern"},{"weight":56.0,"label":"ratio"},{"weight":55.0,"label":"bed"},{"weight":54.0,"label":"fraction"},{"weight":53.0,"label":"find"}]},{"conceptId":11,"clusterId":0,"hexCoordinates":{"x":2.598076211353316,"y":4.5},"labels":[{"weight":624.0,"label":"depth"},{"weight":559.0,"label":"surface"},{"weight":549.0,"label":"zone"},{"weight":453.0,"label":"layer"},{"weight":348.0,"label":"fine"},{"weight":209.0,"label":"vertical"},{"weight":200.0,"label":"deep"},{"weight":187.0,"label":"grain"},{"weight":186.0,"label":"fraction"},{"weight":181.0,"label":"scale"},{"weight":179.0,"label":"profile"},{"weight":170.0,"label":"coarse"},{"weight":143.0,"label":"show"},{"weight":137.0,"label":"transport"},{"weight":131.0,"label":"volume"},{"weight":127.0,"label":"aggregate"},{"weight":124.0,"label":"bottom"},{"weight":124.0,"label":"result"},{"weight":119.0,"label":"top"},{"weight":109.0,"label":"form"},{"weight":107.0,"label":"grained"},{"weight":105.0,"label":"increase"},{"weight":100.0,"label":"depths"},{"weight":96.0,"label":"mixed"},{"weight":87.0,"label":"deeper"}]},{"conceptId":1,"clusterId":0,"hexCoordinates":{"x":0.0,"y":3.0},"labels":[{"weight":1254.0,"label":"wave"},{"weight":801.0,"label":"model"},{"weight":788.0,"label":"simulation"},{"weight":784.0,"label":"experimental"},{"weight":677.0,"label":"result"},{"weight":536.0,"label":"numerical"},{"weight":420.0,"label":"experiment"},{"weight":370.0,"label":"method"},{"weight":367.0,"label":"study"},{"weight":340.0,"label":"present"},{"weight":336.0,"label":"test"},{"weight":302.0,"label":"paper"},{"weight":300.0,"label":"condition"},{"weight":298.0,"label":"investigate"},{"weight":288.0,"label":"effect"},{"weight":266.0,"label":"base"},{"weight":244.0,"label":"response"},{"weight":234.0,"label":"compare"},{"weight":222.0,"label":"agreement"},{"weight":221.0,"label":"good"},{"weight":221.0,"label":"obtain"},{"weight":206.0,"label":"design"},{"weight":205.0,"label":"validate"},{"weight":196.0,"label":"parameter"},{"weight":195.0,"label":"time"}]},{"conceptId":7,"clusterId":0,"hexCoordinates":{"x":2.598076211353316,"y":-1.5},"labels":[{"weight":1318.0,"label":"equation"},{"weight":706.0,"label":"solution"},{"weight":532.0,"label":"model"},{"weight":381.0,"label":"problem"},{"weight":316.0,"label":"system"},{"weight":283.0,"label":"diffusion"},{"weight":268.0,"label":"result"},{"weight":253.0,"label":"derive"},{"weight":242.0,"label":"obtain"},{"weight":227.0,"label":"describe"},{"weight":217.0,"label":"present"},{"weight":215.0,"label":"numerical"},{"weight":209.0,"label":"boundary"},{"weight":204.0,"label":"form"},{"weight":198.0,"label":"linear"},{"weight":188.0,"label":"theory"},{"weight":188.0,"label":"differential"},{"weight":181.0,"label":"couple"},{"weight":177.0,"label":"show"},{"weight":174.0,"label":"solve"},{"weight":171.0,"label":"time"},{"weight":171.0,"label":"parameter"},{"weight":168.0,"label":"order"},{"weight":166.0,"label":"analytical"},{"weight":161.0,"label":"limit"}]},{"conceptId":4,"clusterId":0,"hexCoordinates":{"x":-0.8660254037844386,"y":1.5},"labels":[{"weight":952.0,"label":"scale"},{"weight":935.0,"label":"model"},{"weight":823.0,"label":"show"},{"weight":680.0,"label":"distribution"},{"weight":655.0,"label":"find"},{"weight":632.0,"label":"result"},{"weight":566.0,"label":"size"},{"weight":520.0,"label":"density"},{"weight":515.0,"label":"phase"},{"weight":512.0,"label":"simulation"},{"weight":504.0,"label":"order"},{"weight":495.0,"label":"large"},{"weight":488.0,"label":"particle"},{"weight":484.0,"label":"range"},{"weight":481.0,"label":"observe"},{"weight":468.0,"label":"length"},{"weight":456.0,"label":"increase"},{"weight":431.0,"label":"system"},{"weight":378.0,"label":"theory"},{"weight":378.0,"label":"shape"},{"weight":362.0,"label":"dynamics"},{"weight":362.0,"label":"effect"},{"weight":361.0,"label":"constant"},{"weight":348.0,"label":"study"},{"weight":331.0,"label":"structure"}]},{"conceptId":14,"clusterId":0,"hexCoordinates":{"x":3.4641016151377544,"y":0.0},"labels":[{"weight":819.0,"label":"method"},{"weight":699.0,"label":"element"},{"weight":537.0,"label":"model"},{"weight":513.0,"label":"finite"},{"weight":441.0,"label":"numerical"},{"weight":409.0,"label":"boundary"},{"weight":371.0,"label":"surface"},{"weight":344.0,"label":"shape"},{"weight":339.0,"label":"mesh"},{"weight":334.0,"label":"base"},{"weight":307.0,"label":"geometry"},{"weight":271.0,"label":"present"},{"weight":258.0,"label":"problem"},{"weight":256.0,"label":"scheme"},{"weight":246.0,"label":"formulation"},{"weight":231.0,"label":"approach"},{"weight":231.0,"label":"analysis"},{"weight":226.0,"label":"dimensional"},{"weight":209.0,"label":"equation"},{"weight":189.0,"label":"order"},{"weight":184.0,"label":"propose"},{"weight":179.0,"label":"solution"},{"weight":177.0,"label":"result"},{"weight":171.0,"label":"simulation"},{"weight":169.0,"label":"case"}]},{"conceptId":6,"clusterId":0,"hexCoordinates":{"x":1.7320508075688772,"y":3.0},"labels":[{"weight":1789.0,"label":"flow"},{"weight":198.0,"label":"rate"},{"weight":186.0,"label":"fluid"},{"weight":151.0,"label":"water"},{"weight":150.0,"label":"pressure"},{"weight":88.0,"label":"regime"},{"weight":84.0,"label":"distribution"},{"weight":70.0,"label":"pipe"},{"weight":69.0,"label":"condition"},{"weight":62.0,"label":"result"},{"weight":61.0,"label":"system"},{"weight":56.0,"label":"gas"},{"weight":55.0,"label":"tube"},{"weight":55.0,"label":"string"},{"weight":53.0,"label":"change"},{"weight":51.0,"label":"gradient"},{"weight":49.0,"label":"nanotube"},{"weight":48.0,"label":"velocity"},{"weight":42.0,"label":"ratio"},{"weight":41.0,"label":"hydraulic"},{"weight":41.0,"label":"diameter"},{"weight":38.0,"label":"cfd"},{"weight":38.0,"label":"reservoir"},{"weight":38.0,"label":"membrane"},{"weight":37.0,"label":"performance"}]},{"conceptId":0,"clusterId":0,"hexCoordinates":{"x":0.8660254037844386,"y":4.5},"labels":[{"weight":448.0,"label":"current"},{"weight":418.0,"label":"flow"},{"weight":401.0,"label":"tidal"},{"weight":330.0,"label":"velocity"},{"weight":224.0,"label":"turbine"},{"weight":167.0,"label":"water"},{"weight":161.0,"label":"horizontal"},{"weight":157.0,"label":"channel"},{"weight":147.0,"label":"condition"},{"weight":146.0,"label":"cavitation"},{"weight":139.0,"label":"hydrodynamic"},{"weight":139.0,"label":"measurement"},{"weight":132.0,"label":"scale"},{"weight":130.0,"label":"array"},{"weight":98.0,"label":"wake"},{"weight":97.0,"label":"turbulence"},{"weight":93.0,"label":"speed"},{"weight":90.0,"label":"vertical"},{"weight":88.0,"label":"wave"},{"weight":84.0,"label":"blade"},{"weight":77.0,"label":"model"},{"weight":71.0,"label":"tide"},{"weight":67.0,"label":"power"},{"weight":66.0,"label":"investigate"},{"weight":65.0,"label":"energy"}]}]}