{"linkageTable":[{"node2":13,"distance":0.44059023546181497,"node1":10},{"node2":3,"distance":0.447816473603055,"node1":0},{"node2":22,"distance":0.455802780530015,"node1":1},{"node2":11,"distance":0.46740002082153337,"node1":24},{"node2":18,"distance":0.47620150669264755,"node1":25},{"node2":19,"distance":0.48305440921045906,"node1":26},{"node2":2,"distance":0.484413745380325,"node1":23},{"node2":27,"distance":0.4872429992809425,"node1":28},{"node2":21,"distance":0.48881940832768,"node1":6},{"node2":17,"distance":0.48888176406243,"node1":8},{"node2":31,"distance":0.4908635925139239,"node1":29},{"node2":12,"distance":0.491441287193425,"node1":4},{"node2":30,"distance":0.49367899019977746,"node1":5},{"node2":14,"distance":0.49428919696556,"node1":9},{"node2":34,"distance":0.49484021337420014,"node1":32},{"node2":15,"distance":0.49603994658661754,"node1":36},{"node2":35,"distance":0.49686122418487505,"node1":37},{"node2":20,"distance":0.49772706561959,"node1":33},{"node2":16,"distance":0.49834721058265063,"node1":38},{"node2":39,"distance":0.49866902550782544,"node1":40},{"node2":7,"distance":0.4995109896408786,"node1":41}],"conceptsData":[{"conceptId":18,"clusterId":0,"hexCoordinates":{"x":3.4641016151377544,"y":0.0},"labels":[{"weight":101.0,"label":"poetry"},{"weight":73.0,"label":"poem"},{"weight":57.0,"label":"poet"},{"weight":31.0,"label":"poetic"},{"weight":30.0,"label":"form"},{"weight":27.0,"label":"aid"},{"weight":23.0,"label":"verse"},{"weight":21.0,"label":"cpt"},{"weight":21.0,"label":"reader"},{"weight":17.0,"label":"measurer"},{"weight":17.0,"label":"ceremony"},{"weight":16.0,"label":"renaissance"},{"weight":16.0,"label":"write"},{"weight":15.0,"label":"experience"},{"weight":14.0,"label":"joke"},{"weight":14.0,"label":"reminder"},{"weight":13.0,"label":"strategy"},{"weight":12.0,"label":"macdiarmid"},{"weight":12.0,"label":"trilogy"},{"weight":11.0,"label":"realisation"},{"weight":11.0,"label":"regular"},{"weight":10.0,"label":"libertine"},{"weight":10.0,"label":"paterson"},{"weight":10.0,"label":"deselection"},{"weight":10.0,"label":"circus"}]},{"conceptId":-1,"clusterId":-1,"hexCoordinates":{"x":8.660254037844386,"y":3.0},"labels":[{"weight":2500,"label":"Unclassified"},{"weight":0,"label":""},{"weight":0,"label":""},{"weight":0,"label":""},{"weight":0,"label":""},{"weight":0,"label":""},{"weight":0,"label":""},{"weight":0,"label":""},{"weight":0,"label":""},{"weight":0,"label":""},{"weight":0,"label":""}]},{"conceptId":4,"clusterId":0,"hexCoordinates":{"x":-1.7320508075688772,"y":0.0},"labels":[{"weight":365.0,"label":"journal"},{"weight":356.0,"label":"author"},{"weight":310.0,"label":"publish"},{"weight":231.0,"label":"research"},{"weight":230.0,"label":"article"},{"weight":205.0,"label":"publication"},{"weight":186.0,"label":"open"},{"weight":159.0,"label":"papers"},{"weight":151.0,"label":"book"},{"weight":146.0,"label":"access"},{"weight":142.0,"label":"citation"},{"weight":115.0,"label":"academic"},{"weight":105.0,"label":"publishing"},{"weight":85.0,"label":"year"},{"weight":84.0,"label":"work"},{"weight":76.0,"label":"cite"},{"weight":74.0,"label":"publisher"},{"weight":69.0,"label":"scholarly"},{"weight":66.0,"label":"paper"},{"weight":63.0,"label":"impact"},{"weight":62.0,"label":"volume"},{"weight":61.0,"label":"university"},{"weight":60.0,"label":"chapter"},{"weight":53.0,"label":"researcher"},{"weight":53.0,"label":"review"}]},{"conceptId":0,"clusterId":0,"hexCoordinates":{"x":2.598076211353316,"y":1.5},"labels":[{"weight":1502.0,"label":"art"},{"weight":691.0,"label":"creative"},{"weight":535.0,"label":"artist"},{"weight":461.0,"label":"work"},{"weight":342.0,"label":"practice"},{"weight":281.0,"label":"creativity"},{"weight":210.0,"label":"craft"},{"weight":198.0,"label":"visual"},{"weight":190.0,"label":"artistic"},{"weight":190.0,"label":"cultural"},{"weight":182.0,"label":"project"},{"weight":175.0,"label":"explore"},{"weight":168.0,"label":"create"},{"weight":165.0,"label":"process"},{"weight":159.0,"label":"research"},{"weight":155.0,"label":"exhibition"},{"weight":140.0,"label":"contemporary"},{"weight":139.0,"label":"make"},{"weight":113.0,"label":"base"},{"weight":109.0,"label":"form"},{"weight":104.0,"label":"material"},{"weight":103.0,"label":"production"},{"weight":94.0,"label":"theatre"},{"weight":84.0,"label":"artwork"},{"weight":84.0,"label":"performance"}]},{"conceptId":20,"clusterId":0,"hexCoordinates":{"x":-2.598076211353316,"y":1.5},"labels":[{"weight":85.0,"label":"fraser"},{"weight":75.0,"label":"economic"},{"weight":53.0,"label":"commentary"},{"weight":41.0,"label":"allander"},{"weight":39.0,"label":"institute"},{"weight":39.0,"label":"label"},{"weight":38.0,"label":"tee"},{"weight":28.0,"label":"revise"},{"weight":27.0,"label":"economy"},{"weight":26.0,"label":"scotland"},{"weight":24.0,"label":"day"},{"weight":19.0,"label":"archive"},{"weight":18.0,"label":"tfa"},{"weight":18.0,"label":"elimination"},{"weight":17.0,"label":"ciclosporin"},{"weight":17.0,"label":"strathclyde"},{"weight":17.0,"label":"scottish"},{"weight":16.0,"label":"article"},{"weight":15.0,"label":"publish"},{"weight":14.0,"label":"analysis"},{"weight":12.0,"label":"prednisolone"},{"weight":12.0,"label":"international"},{"weight":12.0,"label":"university"},{"weight":12.0,"label":"base"},{"weight":11.0,"label":"galen"}]},{"conceptId":9,"clusterId":0,"hexCoordinates":{"x":4.330127018922193,"y":1.5},"labels":[{"weight":554.0,"label":"heritage"},{"weight":524.0,"label":"museum"},{"weight":334.0,"label":"digital"},{"weight":319.0,"label":"cultural"},{"weight":310.0,"label":"collection"},{"weight":308.0,"label":"library"},{"weight":127.0,"label":"archive"},{"weight":122.0,"label":"material"},{"weight":118.0,"label":"preservation"},{"weight":111.0,"label":"paper"},{"weight":106.0,"label":"visitor"},{"weight":99.0,"label":"site"},{"weight":87.0,"label":"object"},{"weight":77.0,"label":"history"},{"weight":76.0,"label":"historical"},{"weight":74.0,"label":"institution"},{"weight":71.0,"label":"study"},{"weight":70.0,"label":"project"},{"weight":61.0,"label":"gallery"},{"weight":61.0,"label":"collect"},{"weight":60.0,"label":"art"},{"weight":57.0,"label":"exhibition"},{"weight":54.0,"label":"historic"},{"weight":52.0,"label":"artefact"},{"weight":51.0,"label":"sector"}]},{"conceptId":17,"clusterId":0,"hexCoordinates":{"x":-0.8660254037844386,"y":1.5},"labels":[{"weight":427.0,"label":"festival"},{"weight":161.0,"label":"event"},{"weight":40.0,"label":"identity"},{"weight":36.0,"label":"cultural"},{"weight":30.0,"label":"edinburgh"},{"weight":27.0,"label":"venue"},{"weight":23.0,"label":"attend"},{"weight":21.0,"label":"celtic"},{"weight":21.0,"label":"audience"},{"weight":21.0,"label":"attendee"},{"weight":21.0,"label":"connection"},{"weight":21.0,"label":"sense"},{"weight":20.0,"label":"epic"},{"weight":20.0,"label":"shared"},{"weight":18.0,"label":"year"},{"weight":16.0,"label":"discuss"},{"weight":16.0,"label":"collective"},{"weight":14.0,"label":"authenticity"},{"weight":14.0,"label":"crowd"},{"weight":14.0,"label":"pilgrim"},{"weight":13.0,"label":"fesman"},{"weight":13.0,"label":"return"},{"weight":13.0,"label":"member"},{"weight":12.0,"label":"valerius"},{"weight":12.0,"label":"rome"}]},{"conceptId":10,"clusterId":0,"hexCoordinates":{"x":0.0,"y":0.0},"labels":[{"weight":1282.0,"label":"film"},{"weight":304.0,"label":"cinema"},{"weight":204.0,"label":"audience"},{"weight":175.0,"label":"television"},{"weight":173.0,"label":"production"},{"weight":136.0,"label":"screen"},{"weight":134.0,"label":"movie"},{"weight":108.0,"label":"documentary"},{"weight":91.0,"label":"character"},{"weight":88.0,"label":"cinematic"},{"weight":85.0,"label":"representation"},{"weight":74.0,"label":"article"},{"weight":58.0,"label":"director"},{"weight":58.0,"label":"make"},{"weight":57.0,"label":"filmmaker"},{"weight":53.0,"label":"genre"},{"weight":52.0,"label":"bbc"},{"weight":52.0,"label":"feature"},{"weight":51.0,"label":"work"},{"weight":51.0,"label":"argue"},{"weight":49.0,"label":"world"},{"weight":49.0,"label":"programme"},{"weight":49.0,"label":"create"},{"weight":47.0,"label":"performance"},{"weight":46.0,"label":"viewer"}]},{"conceptId":14,"clusterId":0,"hexCoordinates":{"x":5.196152422706632,"y":0.0},"labels":[{"weight":119.0,"label":"clothing"},{"weight":108.0,"label":"garment"},{"weight":91.0,"label":"cam"},{"weight":86.0,"label":"spirituality"},{"weight":86.0,"label":"dress"},{"weight":68.0,"label":"wear"},{"weight":66.0,"label":"fashion"},{"weight":59.0,"label":"study"},{"weight":56.0,"label":"die"},{"weight":46.0,"label":"declaration"},{"weight":37.0,"label":"clothes"},{"weight":37.0,"label":"assisted"},{"weight":31.0,"label":"acsc"},{"weight":31.0,"label":"make"},{"weight":29.0,"label":"photography"},{"weight":27.0,"label":"photographer"},{"weight":24.0,"label":"ccp"},{"weight":24.0,"label":"spiritual"},{"weight":22.0,"label":"costume"},{"weight":22.0,"label":"euthanasia"},{"weight":21.0,"label":"end"},{"weight":20.0,"label":"cfh"},{"weight":19.0,"label":"cloth"},{"weight":19.0,"label":"remain"},{"weight":18.0,"label":"photojournalist"}]},{"conceptId":19,"clusterId":0,"hexCoordinates":{"x":1.7320508075688772,"y":-3.0},"labels":[{"weight":41.0,"label":"historical"},{"weight":34.0,"label":"colonial"},{"weight":34.0,"label":"political"},{"weight":30.0,"label":"cyborg"},{"weight":30.0,"label":"politics"},{"weight":30.0,"label":"state"},{"weight":29.0,"label":"character"},{"weight":29.0,"label":"indian"},{"weight":29.0,"label":"history"},{"weight":28.0,"label":"slave"},{"weight":28.0,"label":"mark"},{"weight":28.0,"label":"end"},{"weight":26.0,"label":"article"},{"weight":25.0,"label":"jesus"},{"weight":25.0,"label":"civility"},{"weight":25.0,"label":"joyce"},{"weight":25.0,"label":"memorial"},{"weight":25.0,"label":"racism"},{"weight":25.0,"label":"space"},{"weight":24.0,"label":"armenian"},{"weight":24.0,"label":"cosmopolitanism"},{"weight":24.0,"label":"empire"},{"weight":24.0,"label":"everyday"},{"weight":24.0,"label":"contemporary"},{"weight":23.0,"label":"race"}]},{"conceptId":13,"clusterId":0,"hexCoordinates":{"x":1.7320508075688772,"y":0.0},"labels":[{"weight":599.0,"label":"article"},{"weight":576.0,"label":"work"},{"weight":519.0,"label":"history"},{"weight":428.0,"label":"narrative"},{"weight":369.0,"label":"historical"},{"weight":365.0,"label":"explore"},{"weight":364.0,"label":"form"},{"weight":357.0,"label":"cultural"},{"weight":315.0,"label":"write"},{"weight":311.0,"label":"text"},{"weight":280.0,"label":"contemporary"},{"weight":277.0,"label":"essay"},{"weight":264.0,"label":"time"},{"weight":262.0,"label":"representation"},{"weight":254.0,"label":"argue"},{"weight":251.0,"label":"culture"},{"weight":205.0,"label":"image"},{"weight":204.0,"label":"draw"},{"weight":195.0,"label":"modern"},{"weight":195.0,"label":"relationship"},{"weight":193.0,"label":"world"},{"weight":191.0,"label":"reading"},{"weight":190.0,"label":"present"},{"weight":189.0,"label":"book"},{"weight":189.0,"label":"political"}]},{"conceptId":21,"clusterId":0,"hexCoordinates":{"x":0.0,"y":-3.0},"labels":[{"weight":230.0,"label":"nbsp"},{"weight":148.0,"label":"paragraph"},{"weight":144.0,"label":"conversation"},{"weight":128.0,"label":"http"},{"weight":124.0,"label":"website"},{"weight":117.0,"label":"access"},{"weight":115.0,"label":"article"},{"weight":108.0,"label":"theconversation"},{"weight":91.0,"label":"ndash"},{"weight":80.0,"label":"rsquo"},{"weight":36.0,"label":"ripc"},{"weight":33.0,"label":"year"},{"weight":27.0,"label":"make"},{"weight":25.0,"label":"minus"},{"weight":25.0,"label":"world"},{"weight":22.0,"label":"tang"},{"weight":19.0,"label":"week"},{"weight":17.0,"label":"happen"},{"weight":16.0,"label":"news"},{"weight":16.0,"label":"labour"},{"weight":15.0,"label":"end"},{"weight":15.0,"label":"day"},{"weight":14.0,"label":"battle"},{"weight":13.0,"label":"elution"},{"weight":13.0,"label":"win"}]},{"conceptId":7,"clusterId":0,"hexCoordinates":{"x":3.4641016151377544,"y":-3.0},"labels":[{"weight":62.0,"label":"nature"},{"weight":24.0,"label":"pretend"},{"weight":21.0,"label":"exchange"},{"weight":20.0,"label":"connection"},{"weight":19.0,"label":"world"},{"weight":15.0,"label":"spam"},{"weight":14.0,"label":"ctc"},{"weight":14.0,"label":"research"},{"weight":12.0,"label":"axyridis"},{"weight":12.0,"label":"inform"},{"weight":11.0,"label":"canal"},{"weight":11.0,"label":"build"},{"weight":11.0,"label":"increasingly"},{"weight":10.0,"label":"pterygopalatine"},{"weight":10.0,"label":"fossa"},{"weight":10.0,"label":"expect"},{"weight":10.0,"label":"maintain"},{"weight":10.0,"label":"natural"},{"weight":9.0,"label":"margaritifera"},{"weight":9.0,"label":"conflate"},{"weight":9.0,"label":"head"},{"weight":8.0,"label":"hose"},{"weight":8.0,"label":"bme"},{"weight":8.0,"label":"glmm"},{"weight":8.0,"label":"syntax"}]},{"conceptId":8,"clusterId":0,"hexCoordinates":{"x":0.0,"y":3.0},"labels":[{"weight":1311.0,"label":"music"},{"weight":325.0,"label":"musical"},{"weight":185.0,"label":"musician"},{"weight":150.0,"label":"sound"},{"weight":139.0,"label":"performance"},{"weight":130.0,"label":"instrument"},{"weight":87.0,"label":"listen"},{"weight":76.0,"label":"popular"},{"weight":72.0,"label":"jazz"},{"weight":70.0,"label":"audio"},{"weight":64.0,"label":"improvisation"},{"weight":59.0,"label":"composition"},{"weight":57.0,"label":"creative"},{"weight":56.0,"label":"band"},{"weight":55.0,"label":"live"},{"weight":55.0,"label":"record"},{"weight":50.0,"label":"play"},{"weight":48.0,"label":"drum"},{"weight":48.0,"label":"song"},{"weight":47.0,"label":"piece"},{"weight":44.0,"label":"composer"},{"weight":43.0,"label":"perform"},{"weight":42.0,"label":"piracy"},{"weight":40.0,"label":"punk"},{"weight":38.0,"label":"performer"}]},{"conceptId":15,"clusterId":0,"hexCoordinates":{"x":4.330127018922193,"y":-1.5},"labels":[{"weight":102.0,"label":"trafficking"},{"weight":31.0,"label":"human"},{"weight":28.0,"label":"exploitation"},{"weight":28.0,"label":"anti"},{"weight":27.0,"label":"elliptic"},{"weight":21.0,"label":"form"},{"weight":20.0,"label":"slavery"},{"weight":19.0,"label":"letter"},{"weight":18.0,"label":"dante"},{"weight":18.0,"label":"dirichlet"},{"weight":17.0,"label":"tale"},{"weight":16.0,"label":"solvability"},{"weight":14.0,"label":"homo"},{"weight":13.0,"label":"wallace"},{"weight":12.0,"label":"diva"},{"weight":12.0,"label":"complex"},{"weight":11.0,"label":"carleson"},{"weight":11.0,"label":"empedocle"},{"weight":11.0,"label":"legend"},{"weight":11.0,"label":"intrapreneurship"},{"weight":11.0,"label":"antimonopoly"},{"weight":11.0,"label":"bedroom"},{"weight":11.0,"label":"marriage"},{"weight":10.0,"label":"morgenthau"},{"weight":10.0,"label":"intrapreneurial"}]},{"conceptId":16,"clusterId":0,"hexCoordinates":{"x":3.4641016151377544,"y":3.0},"labels":[{"weight":209.0,"label":"game"},{"weight":49.0,"label":"polyp"},{"weight":45.0,"label":"gaming"},{"weight":38.0,"label":"accessibility"},{"weight":32.0,"label":"player"},{"weight":31.0,"label":"mine"},{"weight":27.0,"label":"partial"},{"weight":23.0,"label":"strategy"},{"weight":22.0,"label":"choose"},{"weight":19.0,"label":"buddhism"},{"weight":18.0,"label":"variable"},{"weight":16.0,"label":"boolean"},{"weight":14.0,"label":"barthe"},{"weight":14.0,"label":"video"},{"weight":14.0,"label":"assignment"},{"weight":14.0,"label":"buddhist"},{"weight":13.0,"label":"miner"},{"weight":13.0,"label":"tabletop"},{"weight":11.0,"label":"phloem"},{"weight":10.0,"label":"tartan"},{"weight":9.0,"label":"atsuc"},{"weight":9.0,"label":"dragon"},{"weight":9.0,"label":"super"},{"weight":8.0,"label":"ostracism"},{"weight":8.0,"label":"videogame"}]},{"conceptId":1,"clusterId":0,"hexCoordinates":{"x":0.8660254037844386,"y":-1.5},"labels":[{"weight":423.0,"label":"story"},{"weight":244.0,"label":"life"},{"weight":203.0,"label":"world"},{"weight":151.0,"label":"time"},{"weight":147.0,"label":"narrative"},{"weight":128.0,"label":"past"},{"weight":109.0,"label":"end"},{"weight":101.0,"label":"people"},{"weight":96.0,"label":"history"},{"weight":91.0,"label":"trauma"},{"weight":88.0,"label":"death"},{"weight":87.0,"label":"read"},{"weight":87.0,"label":"figure"},{"weight":83.0,"label":"war"},{"weight":78.0,"label":"paragraph"},{"weight":78.0,"label":"gothic"},{"weight":77.0,"label":"book"},{"weight":76.0,"label":"leave"},{"weight":76.0,"label":"write"},{"weight":75.0,"label":"live"},{"weight":72.0,"label":"call"},{"weight":71.0,"label":"make"},{"weight":69.0,"label":"man"},{"weight":68.0,"label":"open"},{"weight":68.0,"label":"present"}]},{"conceptId":2,"clusterId":0,"hexCoordinates":{"x":1.7320508075688772,"y":3.0},"labels":[{"weight":289.0,"label":"theatre"},{"weight":148.0,"label":"performance"},{"weight":91.0,"label":"play"},{"weight":88.0,"label":"study"},{"weight":79.0,"label":"audience"},{"weight":60.0,"label":"character"},{"weight":50.0,"label":"dissertation"},{"weight":49.0,"label":"company"},{"weight":47.0,"label":"synaesthete"},{"weight":45.0,"label":"colour"},{"weight":42.0,"label":"stage"},{"weight":38.0,"label":"set"},{"weight":37.0,"label":"style"},{"weight":32.0,"label":"theatrical"},{"weight":31.0,"label":"experience"},{"weight":30.0,"label":"synaesthesia"},{"weight":30.0,"label":"give"},{"weight":29.0,"label":"practical"},{"weight":28.0,"label":"investigate"},{"weight":27.0,"label":"form"},{"weight":27.0,"label":"element"},{"weight":25.0,"label":"synesthesia"},{"weight":25.0,"label":"imagery"},{"weight":25.0,"label":"show"},{"weight":24.0,"label":"synaesthetic"}]},{"conceptId":3,"clusterId":0,"hexCoordinates":{"x":0.8660254037844386,"y":1.5},"labels":[{"weight":475.0,"label":"university"},{"weight":165.0,"label":"edinburgh"},{"weight":131.0,"label":"london"},{"weight":100.0,"label":"glasgow"},{"weight":94.0,"label":"professor"},{"weight":93.0,"label":"work"},{"weight":86.0,"label":"college"},{"weight":78.0,"label":"press"},{"weight":77.0,"label":"include"},{"weight":67.0,"label":"institute"},{"weight":60.0,"label":"royal"},{"weight":53.0,"label":"john"},{"weight":52.0,"label":"exhibition"},{"weight":52.0,"label":"oxford"},{"weight":51.0,"label":"project"},{"weight":50.0,"label":"york"},{"weight":50.0,"label":"william"},{"weight":48.0,"label":"robert"},{"weight":47.0,"label":"andrew"},{"weight":46.0,"label":"usa"},{"weight":46.0,"label":"science"},{"weight":42.0,"label":"peter"},{"weight":42.0,"label":"david"},{"weight":40.0,"label":"dundee"},{"weight":40.0,"label":"queen"}]},{"conceptId":12,"clusterId":0,"hexCoordinates":{"x":-3.4641016151377544,"y":0.0},"labels":[{"weight":188.0,"label":"error"},{"weight":135.0,"label":"panel"},{"weight":86.0,"label":"ets"},{"weight":40.0,"label":"core"},{"weight":39.0,"label":"omission"},{"weight":26.0,"label":"sandwich"},{"weight":25.0,"label":"ace"},{"weight":23.0,"label":"wrong"},{"weight":19.0,"label":"welding"},{"weight":19.0,"label":"list"},{"weight":18.0,"label":"correct"},{"weight":17.0,"label":"damages"},{"weight":15.0,"label":"mmnm"},{"weight":15.0,"label":"novice"},{"weight":14.0,"label":"omit"},{"weight":13.0,"label":"crime"},{"weight":13.0,"label":"assistance"},{"weight":11.0,"label":"apologise"},{"weight":11.0,"label":"regret"},{"weight":10.0,"label":"incorrectly"},{"weight":10.0,"label":"stamp"},{"weight":10.0,"label":"concordance"},{"weight":9.0,"label":"jephcott"},{"weight":9.0,"label":"checklist"},{"weight":9.0,"label":"discrepancy"}]},{"conceptId":5,"clusterId":0,"hexCoordinates":{"x":-1.7320508075688772,"y":-3.0},"labels":[{"weight":437.0,"label":"nbsp"},{"weight":313.0,"label":"rsquo"},{"weight":116.0,"label":"lsquo"},{"weight":86.0,"label":"ndash"},{"weight":82.0,"label":"paragraph"},{"weight":68.0,"label":"ldquo"},{"weight":67.0,"label":"rdquo"},{"weight":47.0,"label":"website"},{"weight":46.0,"label":"article"},{"weight":45.0,"label":"http"},{"weight":45.0,"label":"conversation"},{"weight":44.0,"label":"access"},{"weight":41.0,"label":"theconversation"},{"weight":26.0,"label":"people"},{"weight":21.0,"label":"pound"},{"weight":19.0,"label":"regeneration"},{"weight":18.0,"label":"year"},{"weight":16.0,"label":"handshake"},{"weight":16.0,"label":"bet"},{"weight":15.0,"label":"david"},{"weight":14.0,"label":"popular"},{"weight":13.0,"label":"amp"},{"weight":11.0,"label":"cameron"},{"weight":11.0,"label":"punk"},{"weight":11.0,"label":"minister"}]},{"conceptId":6,"clusterId":0,"hexCoordinates":{"x":-0.8660254037844386,"y":-1.5},"labels":[{"weight":1369.0,"label":"scotland"},{"weight":1117.0,"label":"scottish"},{"weight":344.0,"label":"glasgow"},{"weight":283.0,"label":"england"},{"weight":177.0,"label":"edinburgh"},{"weight":164.0,"label":"national"},{"weight":154.0,"label":"wale"},{"weight":144.0,"label":"city"},{"weight":83.0,"label":"government"},{"weight":79.0,"label":"english"},{"weight":56.0,"label":"research"},{"weight":55.0,"label":"place"},{"weight":52.0,"label":"manchester"},{"weight":51.0,"label":"part"},{"weight":50.0,"label":"scot"},{"weight":47.0,"label":"wider"},{"weight":45.0,"label":"rest"},{"weight":45.0,"label":"council"},{"weight":44.0,"label":"britain"},{"weight":43.0,"label":"liverpool"},{"weight":42.0,"label":"year"},{"weight":39.0,"label":"london"},{"weight":38.0,"label":"support"},{"weight":37.0,"label":"historical"},{"weight":37.0,"label":"british"}]},{"conceptId":11,"clusterId":0,"hexCoordinates":{"x":2.598076211353316,"y":-1.5},"labels":[{"weight":507.0,"label":"book"},{"weight":339.0,"label":"century"},{"weight":327.0,"label":"literary"},{"weight":314.0,"label":"text"},{"weight":314.0,"label":"write"},{"weight":290.0,"label":"work"},{"weight":178.0,"label":"literature"},{"weight":171.0,"label":"article"},{"weight":148.0,"label":"writer"},{"weight":139.0,"label":"author"},{"weight":134.0,"label":"read"},{"weight":132.0,"label":"reader"},{"weight":128.0,"label":"publish"},{"weight":126.0,"label":"reading"},{"weight":124.0,"label":"examine"},{"weight":124.0,"label":"early"},{"weight":122.0,"label":"scottish"},{"weight":117.0,"label":"nineteenth"},{"weight":105.0,"label":"letter"},{"weight":100.0,"label":"library"},{"weight":95.0,"label":"poetry"},{"weight":95.0,"label":"history"},{"weight":94.0,"label":"gothic"},{"weight":88.0,"label":"fiction"},{"weight":86.0,"label":"poet"}]}]}