{"linkageTable":[{"node2":15,"distance":0.462997432459175,"node1":8},{"node2":16,"distance":0.46371901381154,"node1":1},{"node2":11,"distance":0.472176272850975,"node1":5},{"node2":6,"distance":0.477366080590415,"node1":0},{"node2":18,"distance":0.48026257314388254,"node1":19},{"node2":7,"distance":0.483750875307025,"node1":4},{"node2":12,"distance":0.484854009046055,"node1":2},{"node2":17,"distance":0.485382845945935,"node1":23},{"node2":21,"distance":0.4872225117544225,"node1":22},{"node2":14,"distance":0.48819577497919253,"node1":20},{"node2":13,"distance":0.488963638539655,"node1":27},{"node2":26,"distance":0.4900314802350009,"node1":28},{"node2":30,"distance":0.4928161753305938,"node1":29},{"node2":10,"distance":0.49335220195923,"node1":25},{"node2":32,"distance":0.49460900233921834,"node1":31},{"node2":24,"distance":0.49611513614900543,"node1":33},{"node2":3,"distance":0.49769332380512643,"node1":34},{"node2":9,"distance":0.4995586748444911,"node1":35}],"conceptsData":[{"conceptId":1,"clusterId":0,"hexCoordinates":{"x":-1.7320508075688772,"y":0.0},"labels":[{"weight":1381.0,"label":"depression"},{"weight":1090.0,"label":"symptom"},{"weight":818.0,"label":"anxiety"},{"weight":790.0,"label":"disorder"},{"weight":552.0,"label":"depressive"},{"weight":248.0,"label":"mood"},{"weight":245.0,"label":"study"},{"weight":219.0,"label":"fatigue"},{"weight":194.0,"label":"associate"},{"weight":187.0,"label":"report"},{"weight":186.0,"label":"participant"},{"weight":151.0,"label":"risk"},{"weight":148.0,"label":"psychiatric"},{"weight":146.0,"label":"bipolar"},{"weight":140.0,"label":"clinical"},{"weight":140.0,"label":"major"},{"weight":134.0,"label":"mdd"},{"weight":130.0,"label":"distress"},{"weight":129.0,"label":"psychological"},{"weight":127.0,"label":"score"},{"weight":127.0,"label":"individual"},{"weight":122.0,"label":"antidepressant"},{"weight":113.0,"label":"control"},{"weight":105.0,"label":"scale"},{"weight":104.0,"label":"mental"}]},{"conceptId":9,"clusterId":0,"hexCoordinates":{"x":0.0,"y":6.0},"labels":[{"weight":98.0,"label":"score"},{"weight":71.0,"label":"performance"},{"weight":63.0,"label":"test"},{"weight":62.0,"label":"medical"},{"weight":61.0,"label":"ukcat"},{"weight":59.0,"label":"school"},{"weight":46.0,"label":"diagram"},{"weight":41.0,"label":"selection"},{"weight":38.0,"label":"imitation"},{"weight":38.0,"label":"imitate"},{"weight":32.0,"label":"speculation"},{"weight":29.0,"label":"cognitive"},{"weight":27.0,"label":"error"},{"weight":26.0,"label":"examine"},{"weight":24.0,"label":"perform"},{"weight":23.0,"label":"validity"},{"weight":22.0,"label":"pal"},{"weight":22.0,"label":"type"},{"weight":22.0,"label":"method"},{"weight":21.0,"label":"math"},{"weight":20.0,"label":"epm"},{"weight":20.0,"label":"relationship"},{"weight":19.0,"label":"sjt"},{"weight":19.0,"label":"aptitude"},{"weight":18.0,"label":"clutter"}]},{"conceptId":8,"clusterId":0,"hexCoordinates":{"x":0.0,"y":0.0},"labels":[{"weight":1154.0,"label":"relationship"},{"weight":620.0,"label":"effect"},{"weight":567.0,"label":"association"},{"weight":482.0,"label":"associate"},{"weight":368.0,"label":"study"},{"weight":307.0,"label":"outcome"},{"weight":283.0,"label":"mediate"},{"weight":264.0,"label":"result"},{"weight":252.0,"label":"examine"},{"weight":251.0,"label":"data"},{"weight":239.0,"label":"behaviour"},{"weight":235.0,"label":"variable"},{"weight":214.0,"label":"analysis"},{"weight":206.0,"label":"support"},{"weight":196.0,"label":"level"},{"weight":190.0,"label":"investigate"},{"weight":183.0,"label":"moderate"},{"weight":183.0,"label":"model"},{"weight":173.0,"label":"negative"},{"weight":170.0,"label":"test"},{"weight":164.0,"label":"finding"},{"weight":161.0,"label":"causal"},{"weight":159.0,"label":"measure"},{"weight":156.0,"label":"link"},{"weight":153.0,"label":"longitudinal"}]},{"conceptId":17,"clusterId":0,"hexCoordinates":{"x":-0.8660254037844386,"y":-1.5},"labels":[{"weight":838.0,"label":"suicide"},{"weight":422.0,"label":"harm"},{"weight":359.0,"label":"suicidal"},{"weight":303.0,"label":"attempt"},{"weight":231.0,"label":"risk"},{"weight":180.0,"label":"ideation"},{"weight":104.0,"label":"behaviour"},{"weight":97.0,"label":"factor"},{"weight":88.0,"label":"thought"},{"weight":68.0,"label":"report"},{"weight":62.0,"label":"death"},{"weight":58.0,"label":"entrapment"},{"weight":57.0,"label":"suicidality"},{"weight":56.0,"label":"complete"},{"weight":52.0,"label":"history"},{"weight":49.0,"label":"defeat"},{"weight":45.0,"label":"poisoning"},{"weight":43.0,"label":"scale"},{"weight":41.0,"label":"participant"},{"weight":41.0,"label":"future"},{"weight":40.0,"label":"method"},{"weight":40.0,"label":"aim"},{"weight":39.0,"label":"prevention"},{"weight":39.0,"label":"behavior"},{"weight":35.0,"label":"background"}]},{"conceptId":18,"clusterId":0,"hexCoordinates":{"x":0.8660254037844386,"y":-1.5},"labels":[{"weight":648.0,"label":"positive"},{"weight":555.0,"label":"correlation"},{"weight":494.0,"label":"measure"},{"weight":413.0,"label":"negative"},{"weight":365.0,"label":"relationship"},{"weight":352.0,"label":"score"},{"weight":301.0,"label":"intelligence"},{"weight":283.0,"label":"significant"},{"weight":260.0,"label":"test"},{"weight":237.0,"label":"study"},{"weight":230.0,"label":"result"},{"weight":217.0,"label":"association"},{"weight":182.0,"label":"associate"},{"weight":176.0,"label":"participant"},{"weight":172.0,"label":"find"},{"weight":165.0,"label":"mood"},{"weight":132.0,"label":"previous"},{"weight":132.0,"label":"emotional"},{"weight":127.0,"label":"function"},{"weight":126.0,"label":"higher"},{"weight":122.0,"label":"significantly"},{"weight":116.0,"label":"complete"},{"weight":104.0,"label":"questionnaire"},{"weight":103.0,"label":"digit"},{"weight":103.0,"label":"correlate"}]},{"conceptId":3,"clusterId":0,"hexCoordinates":{"x":3.4641016151377544,"y":3.0},"labels":[{"weight":776.0,"label":"sleep"},{"weight":101.0,"label":"spindle"},{"weight":93.0,"label":"night"},{"weight":74.0,"label":"daytime"},{"weight":69.0,"label":"insomnia"},{"weight":64.0,"label":"condition"},{"weight":60.0,"label":"duration"},{"weight":47.0,"label":"nap"},{"weight":43.0,"label":"flow"},{"weight":40.0,"label":"morning"},{"weight":38.0,"label":"rem"},{"weight":37.0,"label":"profile"},{"weight":35.0,"label":"associate"},{"weight":34.0,"label":"layer"},{"weight":33.0,"label":"density"},{"weight":31.0,"label":"quality"},{"weight":31.0,"label":"debris"},{"weight":31.0,"label":"report"},{"weight":28.0,"label":"saline"},{"weight":28.0,"label":"wake"},{"weight":28.0,"label":"latency"},{"weight":28.0,"label":"exchange"},{"weight":27.0,"label":"sill"},{"weight":24.0,"label":"nighttime"},{"weight":24.0,"label":"bedtime"}]},{"conceptId":15,"clusterId":0,"hexCoordinates":{"x":1.7320508075688772,"y":0.0},"labels":[{"weight":362.0,"label":"attachment"},{"weight":145.0,"label":"aggression"},{"weight":119.0,"label":"anger"},{"weight":104.0,"label":"equity"},{"weight":70.0,"label":"emotion"},{"weight":66.0,"label":"regulation"},{"weight":64.0,"label":"aggressive"},{"weight":62.0,"label":"pbf"},{"weight":46.0,"label":"crowdfunding"},{"weight":35.0,"label":"secure"},{"weight":31.0,"label":"strategy"},{"weight":30.0,"label":"hostility"},{"weight":29.0,"label":"hcr"},{"weight":29.0,"label":"suppression"},{"weight":29.0,"label":"avoidance"},{"weight":28.0,"label":"verbal"},{"weight":25.0,"label":"individual"},{"weight":22.0,"label":"insecurity"},{"weight":20.0,"label":"restraint"},{"weight":20.0,"label":"related"},{"weight":19.0,"label":"anxiety"},{"weight":18.0,"label":"crowdfund"},{"weight":18.0,"label":"security"},{"weight":18.0,"label":"involvement"},{"weight":18.0,"label":"start"}]},{"conceptId":7,"clusterId":0,"hexCoordinates":{"x":1.7320508075688772,"y":6.0},"labels":[{"weight":552.0,"label":"cognitive"},{"weight":328.0,"label":"dementia"},{"weight":199.0,"label":"impairment"},{"weight":180.0,"label":"disease"},{"weight":131.0,"label":"year"},{"weight":91.0,"label":"test"},{"weight":88.0,"label":"decline"},{"weight":88.0,"label":"alzheimer"},{"weight":84.0,"label":"brain"},{"weight":84.0,"label":"study"},{"weight":78.0,"label":"cognition"},{"weight":77.0,"label":"participant"},{"weight":73.0,"label":"csd"},{"weight":71.0,"label":"people"},{"weight":64.0,"label":"apoe"},{"weight":61.0,"label":"data"},{"weight":59.0,"label":"assessment"},{"weight":54.0,"label":"memory"},{"weight":54.0,"label":"healthy"},{"weight":54.0,"label":"measure"},{"weight":53.0,"label":"score"},{"weight":51.0,"label":"include"},{"weight":50.0,"label":"onset"},{"weight":50.0,"label":"function"},{"weight":50.0,"label":"age"}]},{"conceptId":13,"clusterId":0,"hexCoordinates":{"x":2.598076211353316,"y":1.5},"labels":[{"weight":249.0,"label":"criterion"},{"weight":175.0,"label":"ptsd"},{"weight":153.0,"label":"disorder"},{"weight":121.0,"label":"dsm"},{"weight":100.0,"label":"icd"},{"weight":97.0,"label":"diagnostic"},{"weight":75.0,"label":"classification"},{"weight":72.0,"label":"meet"},{"weight":71.0,"label":"diagnosis"},{"weight":43.0,"label":"international"},{"weight":42.0,"label":"clinical"},{"weight":41.0,"label":"addiction"},{"weight":41.0,"label":"category"},{"weight":39.0,"label":"icf"},{"weight":39.0,"label":"symptom"},{"weight":37.0,"label":"trauma"},{"weight":37.0,"label":"consistency"},{"weight":37.0,"label":"treatment"},{"weight":36.0,"label":"traumatic"},{"weight":36.0,"label":"stress"},{"weight":36.0,"label":"substance"},{"weight":33.0,"label":"cptsd"},{"weight":30.0,"label":"related"},{"weight":29.0,"label":"manual"},{"weight":26.0,"label":"bidirectional"}]},{"conceptId":11,"clusterId":0,"hexCoordinates":{"x":0.0,"y":3.0},"labels":[{"weight":366.0,"label":"schizophrenia"},{"weight":349.0,"label":"disorder"},{"weight":207.0,"label":"psychosis"},{"weight":166.0,"label":"symptom"},{"weight":139.0,"label":"cognitive"},{"weight":136.0,"label":"asd"},{"weight":112.0,"label":"negative"},{"weight":105.0,"label":"people"},{"weight":104.0,"label":"tom"},{"weight":99.0,"label":"psychiatric"},{"weight":96.0,"label":"antipsychotic"},{"weight":93.0,"label":"individual"},{"weight":87.0,"label":"psychotic"},{"weight":87.0,"label":"metacognition"},{"weight":85.0,"label":"study"},{"weight":82.0,"label":"autism"},{"weight":82.0,"label":"mental"},{"weight":77.0,"label":"clinical"},{"weight":77.0,"label":"spectrum"},{"weight":74.0,"label":"insomnia"},{"weight":72.0,"label":"impairment"},{"weight":70.0,"label":"metacognitive"},{"weight":68.0,"label":"positive"},{"weight":57.0,"label":"evidence"},{"weight":54.0,"label":"deficit"}]},{"conceptId":16,"clusterId":0,"hexCoordinates":{"x":-2.598076211353316,"y":1.5},"labels":[{"weight":2740.0,"label":"pain"},{"weight":723.0,"label":"chronic"},{"weight":156.0,"label":"management"},{"weight":125.0,"label":"back"},{"weight":113.0,"label":"experience"},{"weight":95.0,"label":"intensity"},{"weight":93.0,"label":"analgesic"},{"weight":85.0,"label":"opioid"},{"weight":85.0,"label":"woman"},{"weight":73.0,"label":"severity"},{"weight":72.0,"label":"cpp"},{"weight":72.0,"label":"treatment"},{"weight":72.0,"label":"patient"},{"weight":71.0,"label":"disability"},{"weight":69.0,"label":"related"},{"weight":66.0,"label":"neuropathic"},{"weight":64.0,"label":"cwp"},{"weight":64.0,"label":"painful"},{"weight":63.0,"label":"questionnaire"},{"weight":58.0,"label":"objective"},{"weight":58.0,"label":"symptom"},{"weight":57.0,"label":"musculoskeletal"},{"weight":53.0,"label":"widespread"},{"weight":51.0,"label":"low"},{"weight":51.0,"label":"study"}]},{"conceptId":12,"clusterId":0,"hexCoordinates":{"x":-1.7320508075688772,"y":3.0},"labels":[{"weight":849.0,"label":"social"},{"weight":607.0,"label":"wellbeing"},{"weight":562.0,"label":"life"},{"weight":523.0,"label":"perceive"},{"weight":483.0,"label":"support"},{"weight":453.0,"label":"positive"},{"weight":431.0,"label":"satisfaction"},{"weight":418.0,"label":"study"},{"weight":396.0,"label":"perception"},{"weight":380.0,"label":"psychological"},{"weight":357.0,"label":"relationship"},{"weight":330.0,"label":"intention"},{"weight":328.0,"label":"health"},{"weight":279.0,"label":"influence"},{"weight":269.0,"label":"effect"},{"weight":269.0,"label":"factor"},{"weight":237.0,"label":"quality"},{"weight":233.0,"label":"attitude"},{"weight":215.0,"label":"impact"},{"weight":205.0,"label":"finding"},{"weight":200.0,"label":"emotional"},{"weight":199.0,"label":"affect"},{"weight":196.0,"label":"examine"},{"weight":193.0,"label":"behaviour"},{"weight":192.0,"label":"associate"}]},{"conceptId":14,"clusterId":0,"hexCoordinates":{"x":-0.8660254037844386,"y":1.5},"labels":[{"weight":1405.0,"label":"health"},{"weight":1051.0,"label":"mental"},{"weight":783.0,"label":"life"},{"weight":646.0,"label":"quality"},{"weight":378.0,"label":"physical"},{"weight":364.0,"label":"anxiety"},{"weight":332.0,"label":"depression"},{"weight":320.0,"label":"qol"},{"weight":300.0,"label":"psychological"},{"weight":272.0,"label":"distress"},{"weight":256.0,"label":"hrqol"},{"weight":235.0,"label":"related"},{"weight":226.0,"label":"symptom"},{"weight":175.0,"label":"outcome"},{"weight":170.0,"label":"score"},{"weight":163.0,"label":"stress"},{"weight":160.0,"label":"impact"},{"weight":148.0,"label":"report"},{"weight":144.0,"label":"mindfulness"},{"weight":127.0,"label":"problem"},{"weight":121.0,"label":"condition"},{"weight":112.0,"label":"people"},{"weight":110.0,"label":"illness"},{"weight":106.0,"label":"associate"},{"weight":98.0,"label":"questionnaire"}]},{"conceptId":-1,"clusterId":-1,"hexCoordinates":{"x":6.928203230275509,"y":6.0},"labels":[{"weight":2500,"label":"Unclassified"},{"weight":0,"label":""},{"weight":0,"label":""},{"weight":0,"label":""},{"weight":0,"label":""},{"weight":0,"label":""},{"weight":0,"label":""},{"weight":0,"label":""},{"weight":0,"label":""},{"weight":0,"label":""},{"weight":0,"label":""}]},{"conceptId":10,"clusterId":0,"hexCoordinates":{"x":-2.598076211353316,"y":4.5},"labels":[{"weight":995.0,"label":"personality"},{"weight":658.0,"label":"trait"},{"weight":182.0,"label":"individual"},{"weight":147.0,"label":"style"},{"weight":141.0,"label":"factor"},{"weight":127.0,"label":"score"},{"weight":127.0,"label":"study"},{"weight":114.0,"label":"dimension"},{"weight":105.0,"label":"difference"},{"weight":103.0,"label":"neuroticism"},{"weight":100.0,"label":"conscientiousness"},{"weight":98.0,"label":"humor"},{"weight":94.0,"label":"predict"},{"weight":91.0,"label":"rating"},{"weight":88.0,"label":"extraversion"},{"weight":84.0,"label":"association"},{"weight":79.0,"label":"associate"},{"weight":78.0,"label":"facet"},{"weight":78.0,"label":"relationship"},{"weight":77.0,"label":"openness"},{"weight":77.0,"label":"find"},{"weight":74.0,"label":"finding"},{"weight":73.0,"label":"examine"},{"weight":72.0,"label":"domain"},{"weight":71.0,"label":"item"}]},{"conceptId":2,"clusterId":0,"hexCoordinates":{"x":-0.8660254037844386,"y":4.5},"labels":[{"weight":480.0,"label":"measure"},{"weight":246.0,"label":"score"},{"weight":137.0,"label":"reliability"},{"weight":119.0,"label":"adherence"},{"weight":113.0,"label":"ers"},{"weight":112.0,"label":"validity"},{"weight":93.0,"label":"study"},{"weight":92.0,"label":"quality"},{"weight":88.0,"label":"assess"},{"weight":81.0,"label":"rating"},{"weight":81.0,"label":"high"},{"weight":56.0,"label":"responsiveness"},{"weight":53.0,"label":"reminder"},{"weight":52.0,"label":"rater"},{"weight":51.0,"label":"diary"},{"weight":48.0,"label":"item"},{"weight":44.0,"label":"health"},{"weight":44.0,"label":"questionnaire"},{"weight":36.0,"label":"good"},{"weight":36.0,"label":"internal"},{"weight":34.0,"label":"rate"},{"weight":33.0,"label":"standard"},{"weight":32.0,"label":"alpha"},{"weight":32.0,"label":"base"},{"weight":32.0,"label":"change"}]},{"conceptId":5,"clusterId":0,"hexCoordinates":{"x":0.8660254037844386,"y":1.5},"labels":[{"weight":356.0,"label":"trauma"},{"weight":289.0,"label":"symptom"},{"weight":248.0,"label":"psychological"},{"weight":181.0,"label":"psychosis"},{"weight":179.0,"label":"study"},{"weight":166.0,"label":"anxiety"},{"weight":149.0,"label":"measure"},{"weight":147.0,"label":"relationship"},{"weight":142.0,"label":"participant"},{"weight":130.0,"label":"distress"},{"weight":127.0,"label":"stress"},{"weight":126.0,"label":"emotion"},{"weight":123.0,"label":"disorder"},{"weight":118.0,"label":"traumatic"},{"weight":114.0,"label":"schizophrenia"},{"weight":113.0,"label":"associate"},{"weight":112.0,"label":"questionnaire"},{"weight":109.0,"label":"emotional"},{"weight":104.0,"label":"analysis"},{"weight":102.0,"label":"experience"},{"weight":100.0,"label":"complete"},{"weight":99.0,"label":"depression"},{"weight":97.0,"label":"attachment"},{"weight":97.0,"label":"related"},{"weight":95.0,"label":"childhood"}]},{"conceptId":4,"clusterId":0,"hexCoordinates":{"x":2.598076211353316,"y":4.5},"labels":[{"weight":2274.0,"label":"cognitive"},{"weight":1006.0,"label":"ability"},{"weight":851.0,"label":"function"},{"weight":506.0,"label":"age"},{"weight":479.0,"label":"test"},{"weight":370.0,"label":"intelligence"},{"weight":296.0,"label":"association"},{"weight":275.0,"label":"decline"},{"weight":275.0,"label":"speed"},{"weight":262.0,"label":"performance"},{"weight":255.0,"label":"cognition"},{"weight":236.0,"label":"measure"},{"weight":236.0,"label":"year"},{"weight":232.0,"label":"associate"},{"weight":218.0,"label":"score"},{"weight":211.0,"label":"memory"},{"weight":206.0,"label":"executive"},{"weight":204.0,"label":"older"},{"weight":192.0,"label":"general"},{"weight":192.0,"label":"study"},{"weight":174.0,"label":"processing"},{"weight":150.0,"label":"domain"},{"weight":143.0,"label":"adult"},{"weight":141.0,"label":"life"},{"weight":140.0,"label":"change"}]},{"conceptId":6,"clusterId":0,"hexCoordinates":{"x":1.7320508075688772,"y":3.0},"labels":[{"weight":1118.0,"label":"item"},{"weight":910.0,"label":"scale"},{"weight":839.0,"label":"measure"},{"weight":662.0,"label":"factor"},{"weight":622.0,"label":"validity"},{"weight":400.0,"label":"instrument"},{"weight":377.0,"label":"analysis"},{"weight":376.0,"label":"questionnaire"},{"weight":369.0,"label":"study"},{"weight":359.0,"label":"score"},{"weight":324.0,"label":"reliability"},{"weight":318.0,"label":"test"},{"weight":306.0,"label":"construct"},{"weight":285.0,"label":"version"},{"weight":235.0,"label":"assess"},{"weight":231.0,"label":"tool"},{"weight":231.0,"label":"internal"},{"weight":219.0,"label":"result"},{"weight":203.0,"label":"sample"},{"weight":195.0,"label":"psychometric"},{"weight":189.0,"label":"assessment"},{"weight":182.0,"label":"develop"},{"weight":179.0,"label":"complete"},{"weight":174.0,"label":"structure"},{"weight":173.0,"label":"good"}]},{"conceptId":0,"clusterId":0,"hexCoordinates":{"x":0.8660254037844386,"y":4.5},"labels":[{"weight":684.0,"label":"patient"},{"weight":525.0,"label":"cognitive"},{"weight":523.0,"label":"impairment"},{"weight":315.0,"label":"control"},{"weight":305.0,"label":"motor"},{"weight":282.0,"label":"disease"},{"weight":193.0,"label":"parkinson"},{"weight":171.0,"label":"function"},{"weight":169.0,"label":"healthy"},{"weight":146.0,"label":"deficit"},{"weight":137.0,"label":"functional"},{"weight":122.0,"label":"score"},{"weight":121.0,"label":"impaired"},{"weight":118.0,"label":"mci"},{"weight":116.0,"label":"study"},{"weight":114.0,"label":"neuropsychological"},{"weight":111.0,"label":"group"},{"weight":110.0,"label":"disorder"},{"weight":110.0,"label":"compare"},{"weight":106.0,"label":"dementia"},{"weight":104.0,"label":"clinical"},{"weight":102.0,"label":"assessment"},{"weight":100.0,"label":"test"},{"weight":99.0,"label":"behavioural"},{"weight":99.0,"label":"case"}]}]}