{"linkageTable":[{"node2":3,"distance":0.443390275806455,"node1":0},{"node2":4,"distance":0.46955895438777,"node1":2},{"node2":8,"distance":0.470617318785185,"node1":6},{"node2":7,"distance":0.47631326079321,"node1":15},{"node2":5,"distance":0.48166701257835,"node1":14},{"node2":16,"distance":0.482539396778,"node1":13},{"node2":1,"distance":0.4864015579938929,"node1":18},{"node2":11,"distance":0.4913987391993775,"node1":19},{"node2":17,"distance":0.4935704923219023,"node1":20},{"node2":10,"distance":0.49534219508061206,"node1":21},{"node2":12,"distance":0.49623696544495544,"node1":22},{"node2":9,"distance":0.4992759966906795,"node1":23}],"conceptsData":[{"conceptId":3,"clusterId":0,"hexCoordinates":{"x":-1.7320508075688772,"y":0.0},"labels":[{"weight":1116.0,"label":"plant"},{"weight":316.0,"label":"leaf"},{"weight":199.0,"label":"growth"},{"weight":121.0,"label":"arabidopsis"},{"weight":121.0,"label":"species"},{"weight":90.0,"label":"tundra"},{"weight":89.0,"label":"grow"},{"weight":73.0,"label":"root"},{"weight":60.0,"label":"thaliana"},{"weight":55.0,"label":"leave"},{"weight":48.0,"label":"arctic"},{"weight":41.0,"label":"flowering"},{"weight":41.0,"label":"shoot"},{"weight":41.0,"label":"wall"},{"weight":41.0,"label":"expansion"},{"weight":41.0,"label":"environment"},{"weight":40.0,"label":"shrub"},{"weight":40.0,"label":"rate"},{"weight":38.0,"label":"vegetation"},{"weight":38.0,"label":"biomass"},{"weight":35.0,"label":"extract"},{"weight":35.0,"label":"seed"},{"weight":31.0,"label":"photosynthesis"},{"weight":31.0,"label":"trait"},{"weight":30.0,"label":"microfibril"}]},{"conceptId":6,"clusterId":0,"hexCoordinates":{"x":0.0,"y":0.0},"labels":[{"weight":531.0,"label":"flux"},{"weight":364.0,"label":"forest"},{"weight":363.0,"label":"soil"},{"weight":313.0,"label":"water"},{"weight":203.0,"label":"site"},{"weight":202.0,"label":"carbon"},{"weight":201.0,"label":"tropical"},{"weight":186.0,"label":"ecosystem"},{"weight":181.0,"label":"vegetation"},{"weight":167.0,"label":"season"},{"weight":166.0,"label":"net"},{"weight":156.0,"label":"dry"},{"weight":154.0,"label":"leaf"},{"weight":141.0,"label":"moisture"},{"weight":126.0,"label":"canopy"},{"weight":105.0,"label":"gpp"},{"weight":103.0,"label":"area"},{"weight":102.0,"label":"atmospheric"},{"weight":101.0,"label":"sink"},{"weight":101.0,"label":"productivity"},{"weight":101.0,"label":"global"},{"weight":97.0,"label":"scale"},{"weight":94.0,"label":"montane"},{"weight":94.0,"label":"drought"},{"weight":93.0,"label":"surface"}]},{"conceptId":8,"clusterId":0,"hexCoordinates":{"x":1.7320508075688772,"y":0.0},"labels":[{"weight":772.0,"label":"forest"},{"weight":272.0,"label":"carbon"},{"weight":236.0,"label":"tree"},{"weight":196.0,"label":"biomass"},{"weight":162.0,"label":"tropical"},{"weight":141.0,"label":"disturbance"},{"weight":126.0,"label":"area"},{"weight":123.0,"label":"stock"},{"weight":111.0,"label":"agb"},{"weight":94.0,"label":"estimate"},{"weight":79.0,"label":"canopy"},{"weight":78.0,"label":"density"},{"weight":76.0,"label":"scale"},{"weight":75.0,"label":"height"},{"weight":73.0,"label":"loss"},{"weight":70.0,"label":"plot"},{"weight":69.0,"label":"log"},{"weight":68.0,"label":"stand"},{"weight":66.0,"label":"aboveground"},{"weight":60.0,"label":"deforestation"},{"weight":58.0,"label":"woody"},{"weight":57.0,"label":"ecosystem"},{"weight":56.0,"label":"lidar"},{"weight":54.0,"label":"total"},{"weight":52.0,"label":"structure"}]},{"conceptId":-1,"clusterId":-1,"hexCoordinates":{"x":6.06217782649107,"y":1.5},"labels":[{"weight":2500,"label":"Unclassified"},{"weight":0,"label":""},{"weight":0,"label":""},{"weight":0,"label":""},{"weight":0,"label":""},{"weight":0,"label":""},{"weight":0,"label":""},{"weight":0,"label":""},{"weight":0,"label":""},{"weight":0,"label":""},{"weight":0,"label":""}]},{"conceptId":11,"clusterId":0,"hexCoordinates":{"x":-0.8660254037844386,"y":1.5},"labels":[{"weight":460.0,"label":"fire"},{"weight":85.0,"label":"burn"},{"weight":55.0,"label":"severity"},{"weight":41.0,"label":"burning"},{"weight":37.0,"label":"station"},{"weight":30.0,"label":"microplastic"},{"weight":28.0,"label":"fuel"},{"weight":27.0,"label":"fan"},{"weight":23.0,"label":"super"},{"weight":22.0,"label":"pyrodiversity"},{"weight":22.0,"label":"trojan"},{"weight":20.0,"label":"regime"},{"weight":19.0,"label":"avf"},{"weight":18.0,"label":"size"},{"weight":17.0,"label":"extinguish"},{"weight":17.0,"label":"significant"},{"weight":16.0,"label":"wildfire"},{"weight":16.0,"label":"smoke"},{"weight":15.0,"label":"burnt"},{"weight":15.0,"label":"property"},{"weight":14.0,"label":"pua"},{"weight":13.0,"label":"trypsin"},{"weight":13.0,"label":"access"},{"weight":13.0,"label":"rate"},{"weight":12.0,"label":"terra"}]},{"conceptId":12,"clusterId":0,"hexCoordinates":{"x":1.7320508075688772,"y":-3.0},"labels":[{"weight":1119.0,"label":"soil"},{"weight":1075.0,"label":"root"},{"weight":267.0,"label":"plant"},{"weight":236.0,"label":"water"},{"weight":231.0,"label":"slope"},{"weight":136.0,"label":"suction"},{"weight":133.0,"label":"exudate"},{"weight":90.0,"label":"effect"},{"weight":86.0,"label":"dry"},{"weight":84.0,"label":"increase"},{"weight":79.0,"label":"induce"},{"weight":79.0,"label":"test"},{"weight":73.0,"label":"reinforcement"},{"weight":73.0,"label":"strength"},{"weight":73.0,"label":"growth"},{"weight":72.0,"label":"vegetation"},{"weight":64.0,"label":"property"},{"weight":62.0,"label":"clay"},{"weight":62.0,"label":"stability"},{"weight":61.0,"label":"hair"},{"weight":60.0,"label":"content"},{"weight":60.0,"label":"seed"},{"weight":56.0,"label":"mechanical"},{"weight":55.0,"label":"chia"},{"weight":53.0,"label":"landslide"}]},{"conceptId":0,"clusterId":0,"hexCoordinates":{"x":-0.8660254037844386,"y":-1.5},"labels":[{"weight":698.0,"label":"soil"},{"weight":232.0,"label":"carbon"},{"weight":178.0,"label":"microbial"},{"weight":171.0,"label":"litter"},{"weight":161.0,"label":"increase"},{"weight":156.0,"label":"decomposition"},{"weight":128.0,"label":"change"},{"weight":119.0,"label":"organic"},{"weight":117.0,"label":"ecosystem"},{"weight":105.0,"label":"respiration"},{"weight":103.0,"label":"response"},{"weight":93.0,"label":"community"},{"weight":89.0,"label":"matter"},{"weight":82.0,"label":"climate"},{"weight":73.0,"label":"experiment"},{"weight":71.0,"label":"som"},{"weight":67.0,"label":"vegetation"},{"weight":66.0,"label":"arctic"},{"weight":61.0,"label":"site"},{"weight":61.0,"label":"sensitivity"},{"weight":61.0,"label":"rate"},{"weight":60.0,"label":"loss"},{"weight":59.0,"label":"temperature"},{"weight":58.0,"label":"plant"},{"weight":57.0,"label":"shrub"}]},{"conceptId":1,"clusterId":0,"hexCoordinates":{"x":0.8660254037844386,"y":1.5},"labels":[{"weight":364.0,"label":"peatland"},{"weight":283.0,"label":"peat"},{"weight":173.0,"label":"restoration"},{"weight":112.0,"label":"carbon"},{"weight":96.0,"label":"bog"},{"weight":88.0,"label":"site"},{"weight":72.0,"label":"vegetation"},{"weight":68.0,"label":"accumulation"},{"weight":66.0,"label":"area"},{"weight":55.0,"label":"swamp"},{"weight":50.0,"label":"drainage"},{"weight":47.0,"label":"fen"},{"weight":45.0,"label":"plantation"},{"weight":45.0,"label":"table"},{"weight":44.0,"label":"plm"},{"weight":44.0,"label":"term"},{"weight":43.0,"label":"condition"},{"weight":40.0,"label":"blanket"},{"weight":38.0,"label":"forest"},{"weight":38.0,"label":"loss"},{"weight":35.0,"label":"depth"},{"weight":35.0,"label":"result"},{"weight":34.0,"label":"northern"},{"weight":33.0,"label":"natural"},{"weight":33.0,"label":"surface"}]},{"conceptId":2,"clusterId":0,"hexCoordinates":{"x":-1.7320508075688772,"y":-3.0},"labels":[{"weight":496.0,"label":"biochar"},{"weight":433.0,"label":"soil"},{"weight":286.0,"label":"crop"},{"weight":156.0,"label":"rice"},{"weight":153.0,"label":"yield"},{"weight":148.0,"label":"biomass"},{"weight":139.0,"label":"nutrient"},{"weight":123.0,"label":"miscanthus"},{"weight":111.0,"label":"plant"},{"weight":101.0,"label":"field"},{"weight":90.0,"label":"irrigation"},{"weight":84.0,"label":"organic"},{"weight":84.0,"label":"potential"},{"weight":83.0,"label":"manure"},{"weight":80.0,"label":"wood"},{"weight":80.0,"label":"grow"},{"weight":76.0,"label":"application"},{"weight":73.0,"label":"increase"},{"weight":72.0,"label":"production"},{"weight":69.0,"label":"agricultural"},{"weight":66.0,"label":"seed"},{"weight":65.0,"label":"cultivar"},{"weight":65.0,"label":"treatment"},{"weight":64.0,"label":"ash"},{"weight":64.0,"label":"experiment"}]},{"conceptId":5,"clusterId":0,"hexCoordinates":{"x":-0.8660254037844386,"y":-4.5},"labels":[{"weight":347.0,"label":"crop"},{"weight":315.0,"label":"barley"},{"weight":226.0,"label":"yield"},{"weight":205.0,"label":"grain"},{"weight":167.0,"label":"rice"},{"weight":161.0,"label":"seed"},{"weight":154.0,"label":"plant"},{"weight":116.0,"label":"wheat"},{"weight":83.0,"label":"cereal"},{"weight":72.0,"label":"field"},{"weight":67.0,"label":"variety"},{"weight":63.0,"label":"year"},{"weight":62.0,"label":"legume"},{"weight":54.0,"label":"nitrogen"},{"weight":53.0,"label":"maize"},{"weight":44.0,"label":"cultivar"},{"weight":42.0,"label":"growth"},{"weight":42.0,"label":"grow"},{"weight":42.0,"label":"range"},{"weight":41.0,"label":"landrace"},{"weight":40.0,"label":"pest"},{"weight":40.0,"label":"resistance"},{"weight":39.0,"label":"stage"},{"weight":39.0,"label":"trial"},{"weight":39.0,"label":"accession"}]},{"conceptId":4,"clusterId":0,"hexCoordinates":{"x":0.0,"y":-3.0},"labels":[{"weight":1304.0,"label":"soil"},{"weight":315.0,"label":"soc"},{"weight":174.0,"label":"organic"},{"weight":157.0,"label":"emission"},{"weight":131.0,"label":"ammonia"},{"weight":127.0,"label":"nitrogen"},{"weight":101.0,"label":"carbon"},{"weight":77.0,"label":"aoa"},{"weight":75.0,"label":"aggregate"},{"weight":70.0,"label":"grassland"},{"weight":67.0,"label":"land"},{"weight":67.0,"label":"site"},{"weight":64.0,"label":"aob"},{"weight":64.0,"label":"microbial"},{"weight":60.0,"label":"stock"},{"weight":59.0,"label":"rate"},{"weight":58.0,"label":"agricultural"},{"weight":58.0,"label":"significantly"},{"weight":57.0,"label":"content"},{"weight":56.0,"label":"nutrient"},{"weight":55.0,"label":"management"},{"weight":54.0,"label":"activity"},{"weight":50.0,"label":"concentration"},{"weight":49.0,"label":"residue"},{"weight":49.0,"label":"increase"}]},{"conceptId":9,"clusterId":0,"hexCoordinates":{"x":2.598076211353316,"y":-1.5},"labels":[{"weight":65.0,"label":"shellfish"},{"weight":63.0,"label":"pest"},{"weight":58.0,"label":"toxin"},{"weight":57.0,"label":"hab"},{"weight":57.0,"label":"bloom"},{"weight":56.0,"label":"tree"},{"weight":55.0,"label":"disease"},{"weight":40.0,"label":"harmful"},{"weight":39.0,"label":"strategy"},{"weight":38.0,"label":"algal"},{"weight":38.0,"label":"management"},{"weight":34.0,"label":"insect"},{"weight":33.0,"label":"effect"},{"weight":31.0,"label":"spread"},{"weight":29.0,"label":"model"},{"weight":28.0,"label":"optimal"},{"weight":27.0,"label":"forest"},{"weight":25.0,"label":"grasshopper"},{"weight":24.0,"label":"pathogen"},{"weight":22.0,"label":"biotoxin"},{"weight":21.0,"label":"phytoplankton"},{"weight":19.0,"label":"harvest"},{"weight":19.0,"label":"reduce"},{"weight":18.0,"label":"timber"},{"weight":18.0,"label":"framework"}]},{"conceptId":10,"clusterId":0,"hexCoordinates":{"x":-2.598076211353316,"y":-1.5},"labels":[{"weight":232.0,"label":"tree"},{"weight":195.0,"label":"forest"},{"weight":161.0,"label":"growth"},{"weight":111.0,"label":"species"},{"weight":101.0,"label":"climate"},{"weight":97.0,"label":"range"},{"weight":90.0,"label":"pine"},{"weight":80.0,"label":"treeline"},{"weight":62.0,"label":"oak"},{"weight":62.0,"label":"altitude"},{"weight":62.0,"label":"shift"},{"weight":61.0,"label":"gall"},{"weight":61.0,"label":"vegetation"},{"weight":58.0,"label":"distribution"},{"weight":57.0,"label":"mountain"},{"weight":56.0,"label":"woodland"},{"weight":56.0,"label":"wood"},{"weight":51.0,"label":"advance"},{"weight":51.0,"label":"site"},{"weight":51.0,"label":"response"},{"weight":49.0,"label":"alpine"},{"weight":47.0,"label":"ring"},{"weight":45.0,"label":"establishment"},{"weight":42.0,"label":"drought"},{"weight":41.0,"label":"climatic"}]},{"conceptId":7,"clusterId":0,"hexCoordinates":{"x":0.8660254037844386,"y":-1.5},"labels":[{"weight":711.0,"label":"species"},{"weight":584.0,"label":"tree"},{"weight":386.0,"label":"plant"},{"weight":330.0,"label":"diversity"},{"weight":250.0,"label":"forest"},{"weight":209.0,"label":"community"},{"weight":195.0,"label":"trait"},{"weight":184.0,"label":"composition"},{"weight":153.0,"label":"vegetation"},{"weight":145.0,"label":"functional"},{"weight":125.0,"label":"richness"},{"weight":117.0,"label":"effect"},{"weight":116.0,"label":"grass"},{"weight":115.0,"label":"seed"},{"weight":109.0,"label":"grazing"},{"weight":103.0,"label":"ecosystem"},{"weight":103.0,"label":"structure"},{"weight":94.0,"label":"tropical"},{"weight":82.0,"label":"habitat"},{"weight":82.0,"label":"scale"},{"weight":79.0,"label":"savanna"},{"weight":74.0,"label":"leaf"},{"weight":73.0,"label":"cover"},{"weight":72.0,"label":"density"},{"weight":71.0,"label":"abundance"}]}]}