{"linkageTable":[{"node2":8,"distance":0.443497021272365,"node1":2},{"node2":7,"distance":0.45276442186911503,"node1":4},{"node2":12,"distance":0.471102426010125,"node1":0},{"node2":10,"distance":0.4733130196892775,"node1":13},{"node2":11,"distance":0.47515859646935,"node1":9},{"node2":3,"distance":0.4800530354750567,"node1":16},{"node2":5,"distance":0.48501728642162245,"node1":14},{"node2":18,"distance":0.48578567798168065,"node1":15},{"node2":17,"distance":0.48907593076969796,"node1":20},{"node2":1,"distance":0.49126482397194815,"node1":21},{"node2":19,"distance":0.49244779904275443,"node1":22},{"node2":6,"distance":0.49695812549036456,"node1":23}],"conceptsData":[{"conceptId":2,"clusterId":0,"hexCoordinates":{"x":0.0,"y":0.0},"labels":[{"weight":81.0,"label":"constipation"},{"weight":73.0,"label":"abdominal"},{"weight":65.0,"label":"massage"},{"weight":49.0,"label":"symptom"},{"weight":49.0,"label":"group"},{"weight":45.0,"label":"bowel"},{"weight":43.0,"label":"week"},{"weight":42.0,"label":"usual"},{"weight":41.0,"label":"participant"},{"weight":40.0,"label":"cbt"},{"weight":39.0,"label":"effective"},{"weight":33.0,"label":"advice"},{"weight":32.0,"label":"treatment"},{"weight":31.0,"label":"total"},{"weight":30.0,"label":"limb"},{"weight":29.0,"label":"adverse"},{"weight":28.0,"label":"life"},{"weight":28.0,"label":"control"},{"weight":28.0,"label":"upper"},{"weight":27.0,"label":"change"},{"weight":26.0,"label":"intervention"},{"weight":25.0,"label":"arat"},{"weight":25.0,"label":"score"},{"weight":24.0,"label":"patient"},{"weight":24.0,"label":"effect"}]},{"conceptId":0,"clusterId":0,"hexCoordinates":{"x":2.598076211353316,"y":1.5},"labels":[{"weight":256.0,"label":"repair"},{"weight":153.0,"label":"surgery"},{"weight":151.0,"label":"mesh"},{"weight":107.0,"label":"prolapse"},{"weight":99.0,"label":"woman"},{"weight":78.0,"label":"standard"},{"weight":70.0,"label":"graft"},{"weight":69.0,"label":"treatment"},{"weight":64.0,"label":"foam"},{"weight":53.0,"label":"year"},{"weight":51.0,"label":"quality"},{"weight":49.0,"label":"complication"},{"weight":47.0,"label":"ablation"},{"weight":47.0,"label":"life"},{"weight":40.0,"label":"evla"},{"weight":40.0,"label":"procedure"},{"weight":37.0,"label":"tear"},{"weight":37.0,"label":"trial"},{"weight":37.0,"label":"similar"},{"weight":35.0,"label":"pop"},{"weight":34.0,"label":"term"},{"weight":34.0,"label":"difference"},{"weight":33.0,"label":"vein"},{"weight":32.0,"label":"laser"},{"weight":30.0,"label":"cuff"}]},{"conceptId":3,"clusterId":0,"hexCoordinates":{"x":2.598076211353316,"y":-1.5},"labels":[{"weight":1171.0,"label":"trial"},{"weight":628.0,"label":"recruitment"},{"weight":606.0,"label":"intervention"},{"weight":580.0,"label":"participant"},{"weight":449.0,"label":"study"},{"weight":424.0,"label":"feasibility"},{"weight":262.0,"label":"retention"},{"weight":260.0,"label":"recruit"},{"weight":234.0,"label":"pilot"},{"weight":228.0,"label":"method"},{"weight":213.0,"label":"acceptability"},{"weight":213.0,"label":"rate"},{"weight":209.0,"label":"design"},{"weight":208.0,"label":"consent"},{"weight":197.0,"label":"research"},{"weight":181.0,"label":"rct"},{"weight":179.0,"label":"randomise"},{"weight":173.0,"label":"data"},{"weight":173.0,"label":"follow"},{"weight":171.0,"label":"result"},{"weight":169.0,"label":"feasible"},{"weight":166.0,"label":"conduct"},{"weight":160.0,"label":"month"},{"weight":160.0,"label":"questionnaire"},{"weight":155.0,"label":"outcome"}]},{"conceptId":-1,"clusterId":-1,"hexCoordinates":{"x":7.794228634059947,"y":1.5},"labels":[{"weight":2500,"label":"Unclassified"},{"weight":0,"label":""},{"weight":0,"label":""},{"weight":0,"label":""},{"weight":0,"label":""},{"weight":0,"label":""},{"weight":0,"label":""},{"weight":0,"label":""},{"weight":0,"label":""},{"weight":0,"label":""},{"weight":0,"label":""}]},{"conceptId":8,"clusterId":0,"hexCoordinates":{"x":1.7320508075688772,"y":0.0},"labels":[{"weight":2308.0,"label":"trial"},{"weight":1410.0,"label":"outcome"},{"weight":1247.0,"label":"intervention"},{"weight":1113.0,"label":"participant"},{"weight":1042.0,"label":"month"},{"weight":1017.0,"label":"group"},{"weight":931.0,"label":"primary"},{"weight":651.0,"label":"controlled"},{"weight":640.0,"label":"care"},{"weight":638.0,"label":"randomise"},{"weight":573.0,"label":"arm"},{"weight":514.0,"label":"secondary"},{"weight":503.0,"label":"measure"},{"weight":502.0,"label":"difference"},{"weight":492.0,"label":"follow"},{"weight":469.0,"label":"effectiveness"},{"weight":466.0,"label":"usual"},{"weight":451.0,"label":"health"},{"weight":421.0,"label":"cost"},{"weight":386.0,"label":"randomised"},{"weight":373.0,"label":"control"},{"weight":372.0,"label":"receive"},{"weight":360.0,"label":"quality"},{"weight":346.0,"label":"analysis"},{"weight":340.0,"label":"design"}]},{"conceptId":6,"clusterId":0,"hexCoordinates":{"x":3.4641016151377544,"y":-3.0},"labels":[{"weight":513.0,"label":"donor"},{"weight":279.0,"label":"recipient"},{"weight":255.0,"label":"transplant"},{"weight":232.0,"label":"blood"},{"weight":197.0,"label":"par"},{"weight":185.0,"label":"organ"},{"weight":167.0,"label":"donation"},{"weight":113.0,"label":"transplantation"},{"weight":97.0,"label":"graft"},{"weight":72.0,"label":"donate"},{"weight":71.0,"label":"rbc"},{"weight":71.0,"label":"transfusion"},{"weight":65.0,"label":"kidney"},{"weight":51.0,"label":"lpa"},{"weight":50.0,"label":"rad"},{"weight":49.0,"label":"red"},{"weight":34.0,"label":"sterilization"},{"weight":33.0,"label":"list"},{"weight":31.0,"label":"dcd"},{"weight":31.0,"label":"condition"},{"weight":30.0,"label":"rejection"},{"weight":29.0,"label":"deceased"},{"weight":27.0,"label":"register"},{"weight":27.0,"label":"pre"},{"weight":26.0,"label":"handpiece"}]},{"conceptId":10,"clusterId":0,"hexCoordinates":{"x":0.8660254037844386,"y":-1.5},"labels":[{"weight":514.0,"label":"rehabilitation"},{"weight":466.0,"label":"exercise"},{"weight":295.0,"label":"outcome"},{"weight":281.0,"label":"participant"},{"weight":246.0,"label":"programme"},{"weight":239.0,"label":"week"},{"weight":226.0,"label":"function"},{"weight":209.0,"label":"base"},{"weight":205.0,"label":"stroke"},{"weight":202.0,"label":"training"},{"weight":185.0,"label":"physical"},{"weight":178.0,"label":"group"},{"weight":173.0,"label":"physiotherapy"},{"weight":160.0,"label":"follow"},{"weight":156.0,"label":"measure"},{"weight":147.0,"label":"life"},{"weight":141.0,"label":"people"},{"weight":137.0,"label":"functional"},{"weight":130.0,"label":"month"},{"weight":118.0,"label":"study"},{"weight":117.0,"label":"improve"},{"weight":117.0,"label":"intervention"},{"weight":116.0,"label":"activity"},{"weight":113.0,"label":"quality"},{"weight":104.0,"label":"time"}]},{"conceptId":12,"clusterId":0,"hexCoordinates":{"x":0.8660254037844386,"y":1.5},"labels":[{"weight":1481.0,"label":"cost"},{"weight":526.0,"label":"effectiveness"},{"weight":325.0,"label":"year"},{"weight":324.0,"label":"qaly"},{"weight":317.0,"label":"effective"},{"weight":267.0,"label":"life"},{"weight":263.0,"label":"analysis"},{"weight":253.0,"label":"health"},{"weight":235.0,"label":"quality"},{"weight":187.0,"label":"treatment"},{"weight":179.0,"label":"model"},{"weight":176.0,"label":"economic"},{"weight":172.0,"label":"gain"},{"weight":171.0,"label":"result"},{"weight":154.0,"label":"incremental"},{"weight":143.0,"label":"estimate"},{"weight":142.0,"label":"compare"},{"weight":132.0,"label":"base"},{"weight":128.0,"label":"patient"},{"weight":127.0,"label":"adjust"},{"weight":109.0,"label":"perspective"},{"weight":93.0,"label":"service"},{"weight":93.0,"label":"ratio"},{"weight":91.0,"label":"care"},{"weight":89.0,"label":"outcome"}]},{"conceptId":11,"clusterId":0,"hexCoordinates":{"x":4.330127018922193,"y":-1.5},"labels":[{"weight":874.0,"label":"week"},{"weight":803.0,"label":"patient"},{"weight":445.0,"label":"treatment"},{"weight":444.0,"label":"baseline"},{"weight":436.0,"label":"placebo"},{"weight":387.0,"label":"study"},{"weight":312.0,"label":"difference"},{"weight":297.0,"label":"month"},{"weight":284.0,"label":"group"},{"weight":282.0,"label":"change"},{"weight":275.0,"label":"improvement"},{"weight":275.0,"label":"result"},{"weight":262.0,"label":"score"},{"weight":238.0,"label":"day"},{"weight":228.0,"label":"compare"},{"weight":225.0,"label":"safety"},{"weight":214.0,"label":"significant"},{"weight":206.0,"label":"efficacy"},{"weight":187.0,"label":"receive"},{"weight":185.0,"label":"method"},{"weight":184.0,"label":"versus"},{"weight":182.0,"label":"randomize"},{"weight":179.0,"label":"follow"},{"weight":175.0,"label":"year"},{"weight":172.0,"label":"conclusion"}]},{"conceptId":1,"clusterId":0,"hexCoordinates":{"x":1.7320508075688772,"y":-3.0},"labels":[{"weight":3716.0,"label":"intervention"},{"weight":1196.0,"label":"group"},{"weight":931.0,"label":"study"},{"weight":897.0,"label":"control"},{"weight":648.0,"label":"effect"},{"weight":611.0,"label":"participant"},{"weight":587.0,"label":"significant"},{"weight":582.0,"label":"change"},{"weight":552.0,"label":"post"},{"weight":545.0,"label":"measure"},{"weight":517.0,"label":"follow"},{"weight":486.0,"label":"outcome"},{"weight":481.0,"label":"result"},{"weight":464.0,"label":"test"},{"weight":462.0,"label":"increase"},{"weight":442.0,"label":"improve"},{"weight":410.0,"label":"month"},{"weight":405.0,"label":"design"},{"weight":380.0,"label":"trial"},{"weight":358.0,"label":"base"},{"weight":352.0,"label":"receive"},{"weight":351.0,"label":"method"},{"weight":334.0,"label":"baseline"},{"weight":330.0,"label":"week"},{"weight":321.0,"label":"reduction"}]},{"conceptId":9,"clusterId":0,"hexCoordinates":{"x":3.4641016151377544,"y":0.0},"labels":[{"weight":982.0,"label":"group"},{"weight":878.0,"label":"trial"},{"weight":743.0,"label":"patient"},{"weight":625.0,"label":"treatment"},{"weight":624.0,"label":"placebo"},{"weight":445.0,"label":"primary"},{"weight":427.0,"label":"month"},{"weight":349.0,"label":"assign"},{"weight":346.0,"label":"outcome"},{"weight":308.0,"label":"participant"},{"weight":289.0,"label":"randomly"},{"weight":277.0,"label":"number"},{"weight":275.0,"label":"year"},{"weight":268.0,"label":"analysis"},{"weight":266.0,"label":"register"},{"weight":264.0,"label":"event"},{"weight":246.0,"label":"adverse"},{"weight":243.0,"label":"receive"},{"weight":240.0,"label":"finding"},{"weight":234.0,"label":"week"},{"weight":229.0,"label":"treat"},{"weight":226.0,"label":"standard"},{"weight":214.0,"label":"randomised"},{"weight":208.0,"label":"background"},{"weight":205.0,"label":"difference"}]},{"conceptId":4,"clusterId":0,"hexCoordinates":{"x":-0.8660254037844386,"y":-1.5},"labels":[{"weight":704.0,"label":"ethic"},{"weight":597.0,"label":"ethical"},{"weight":362.0,"label":"research"},{"weight":356.0,"label":"study"},{"weight":300.0,"label":"approval"},{"weight":291.0,"label":"dissemination"},{"weight":266.0,"label":"committee"},{"weight":262.0,"label":"analysis"},{"weight":235.0,"label":"review"},{"weight":229.0,"label":"introduction"},{"weight":221.0,"label":"data"},{"weight":199.0,"label":"health"},{"weight":150.0,"label":"journal"},{"weight":150.0,"label":"peer"},{"weight":149.0,"label":"consent"},{"weight":128.0,"label":"disseminate"},{"weight":118.0,"label":"method"},{"weight":116.0,"label":"international"},{"weight":112.0,"label":"include"},{"weight":111.0,"label":"number"},{"weight":110.0,"label":"national"},{"weight":109.0,"label":"conference"},{"weight":106.0,"label":"publication"},{"weight":96.0,"label":"obtain"},{"weight":94.0,"label":"approve"}]},{"conceptId":5,"clusterId":0,"hexCoordinates":{"x":-1.7320508075688772,"y":-3.0},"labels":[{"weight":209.0,"label":"urinary"},{"weight":128.0,"label":"incontinence"},{"weight":116.0,"label":"woman"},{"weight":114.0,"label":"bladder"},{"weight":85.0,"label":"pelvic"},{"weight":85.0,"label":"symptom"},{"weight":79.0,"label":"pfmt"},{"weight":67.0,"label":"tract"},{"weight":62.0,"label":"continence"},{"weight":59.0,"label":"treatment"},{"weight":51.0,"label":"floor"},{"weight":48.0,"label":"prolapse"},{"weight":48.0,"label":"man"},{"weight":43.0,"label":"muscle"},{"weight":40.0,"label":"mus"},{"weight":36.0,"label":"stress"},{"weight":35.0,"label":"sexual"},{"weight":31.0,"label":"report"},{"weight":29.0,"label":"sling"},{"weight":29.0,"label":"biofeedback"},{"weight":28.0,"label":"month"},{"weight":27.0,"label":"oab"},{"weight":25.0,"label":"surgical"},{"weight":23.0,"label":"catheterisation"},{"weight":23.0,"label":"dysfunction"}]},{"conceptId":7,"clusterId":0,"hexCoordinates":{"x":0.0,"y":-3.0},"labels":[{"weight":1126.0,"label":"intervention"},{"weight":818.0,"label":"trial"},{"weight":342.0,"label":"outcome"},{"weight":295.0,"label":"feasibility"},{"weight":280.0,"label":"study"},{"weight":245.0,"label":"patient"},{"weight":245.0,"label":"participant"},{"weight":235.0,"label":"controlled"},{"weight":197.0,"label":"randomise"},{"weight":194.0,"label":"month"},{"weight":193.0,"label":"acceptability"},{"weight":191.0,"label":"measure"},{"weight":188.0,"label":"programme"},{"weight":171.0,"label":"design"},{"weight":164.0,"label":"deliver"},{"weight":163.0,"label":"effectiveness"},{"weight":158.0,"label":"cancer"},{"weight":152.0,"label":"phase"},{"weight":144.0,"label":"group"},{"weight":139.0,"label":"pilot"},{"weight":135.0,"label":"follow"},{"weight":131.0,"label":"primary"},{"weight":127.0,"label":"rehabilitation"},{"weight":127.0,"label":"control"},{"weight":124.0,"label":"report"}]}]}