{"linkageTable":[{"node2":10,"distance":0.477250601489115,"node1":9},{"node2":8,"distance":0.486331310015265,"node1":6},{"node2":4,"distance":0.48764659169113,"node1":0},{"node2":5,"distance":0.487850979643835,"node1":3},{"node2":13,"distance":0.4901597517301575,"node1":15},{"node2":2,"distance":0.4909287902848,"node1":1},{"node2":14,"distance":0.4929201987364042,"node1":18},{"node2":12,"distance":0.493737170184825,"node1":16},{"node2":20,"distance":0.4966669057098595,"node1":17},{"node2":19,"distance":0.4967797179079209,"node1":21},{"node2":22,"distance":0.4977093550515853,"node1":23},{"node2":7,"distance":0.49835405113625203,"node1":24},{"node2":11,"distance":0.49940081155920346,"node1":25}],"conceptsData":[{"conceptId":3,"clusterId":0,"hexCoordinates":{"x":-1.7320508075688772,"y":0.0},"labels":[{"weight":1130.0,"label":"adolescent"},{"weight":1051.0,"label":"school"},{"weight":544.0,"label":"girl"},{"weight":513.0,"label":"child"},{"weight":361.0,"label":"boy"},{"weight":278.0,"label":"year"},{"weight":223.0,"label":"physical"},{"weight":197.0,"label":"grade"},{"weight":189.0,"label":"peer"},{"weight":188.0,"label":"activity"},{"weight":185.0,"label":"health"},{"weight":167.0,"label":"report"},{"weight":139.0,"label":"aged"},{"weight":124.0,"label":"high"},{"weight":120.0,"label":"study"},{"weight":119.0,"label":"pupil"},{"weight":116.0,"label":"gender"},{"weight":111.0,"label":"behaviour"},{"weight":110.0,"label":"data"},{"weight":107.0,"label":"family"},{"weight":104.0,"label":"obesity"},{"weight":103.0,"label":"achievement"},{"weight":90.0,"label":"behavior"},{"weight":89.0,"label":"youth"},{"weight":87.0,"label":"age"}]},{"conceptId":0,"clusterId":0,"hexCoordinates":{"x":2.598076211353316,"y":-1.5},"labels":[{"weight":580.0,"label":"autism"},{"weight":504.0,"label":"asd"},{"weight":414.0,"label":"child"},{"weight":303.0,"label":"disorder"},{"weight":243.0,"label":"spectrum"},{"weight":211.0,"label":"adhd"},{"weight":148.0,"label":"adult"},{"weight":139.0,"label":"autistic"},{"weight":128.0,"label":"individual"},{"weight":116.0,"label":"social"},{"weight":109.0,"label":"diagnosis"},{"weight":94.0,"label":"attention"},{"weight":94.0,"label":"group"},{"weight":92.0,"label":"typically"},{"weight":89.0,"label":"develop"},{"weight":82.0,"label":"deficit"},{"weight":65.0,"label":"syndrome"},{"weight":63.0,"label":"report"},{"weight":59.0,"label":"disability"},{"weight":56.0,"label":"diagnostic"},{"weight":55.0,"label":"trait"},{"weight":53.0,"label":"behaviour"},{"weight":50.0,"label":"asc"},{"weight":50.0,"label":"adolescent"},{"weight":50.0,"label":"compare"}]},{"conceptId":6,"clusterId":0,"hexCoordinates":{"x":0.0,"y":0.0},"labels":[{"weight":2910.0,"label":"family"},{"weight":528.0,"label":"member"},{"weight":250.0,"label":"support"},{"weight":247.0,"label":"child"},{"weight":153.0,"label":"friend"},{"weight":140.0,"label":"parent"},{"weight":127.0,"label":"experience"},{"weight":114.0,"label":"social"},{"weight":110.0,"label":"relationship"},{"weight":95.0,"label":"focus"},{"weight":93.0,"label":"group"},{"weight":89.0,"label":"protection"},{"weight":87.0,"label":"sibling"},{"weight":84.0,"label":"safeguard"},{"weight":78.0,"label":"provide"},{"weight":77.0,"label":"contact"},{"weight":77.0,"label":"case"},{"weight":72.0,"label":"scotland"},{"weight":69.0,"label":"individual"},{"weight":67.0,"label":"live"},{"weight":67.0,"label":"report"},{"weight":65.0,"label":"life"},{"weight":60.0,"label":"adult"},{"weight":57.0,"label":"impact"},{"weight":56.0,"label":"work"}]},{"conceptId":-1,"clusterId":-1,"hexCoordinates":{"x":7.794228634059947,"y":1.5},"labels":[{"weight":2500,"label":"Unclassified"},{"weight":0,"label":""},{"weight":0,"label":""},{"weight":0,"label":""},{"weight":0,"label":""},{"weight":0,"label":""},{"weight":0,"label":""},{"weight":0,"label":""},{"weight":0,"label":""},{"weight":0,"label":""},{"weight":0,"label":""}]},{"conceptId":8,"clusterId":0,"hexCoordinates":{"x":1.7320508075688772,"y":0.0},"labels":[{"weight":1633.0,"label":"child"},{"weight":293.0,"label":"school"},{"weight":253.0,"label":"care"},{"weight":191.0,"label":"parent"},{"weight":175.0,"label":"scotland"},{"weight":155.0,"label":"carer"},{"weight":149.0,"label":"young"},{"weight":116.0,"label":"education"},{"weight":114.0,"label":"foster"},{"weight":114.0,"label":"disabled"},{"weight":107.0,"label":"home"},{"weight":105.0,"label":"family"},{"weight":103.0,"label":"experience"},{"weight":85.0,"label":"outcome"},{"weight":84.0,"label":"deaf"},{"weight":83.0,"label":"support"},{"weight":82.0,"label":"study"},{"weight":81.0,"label":"sibling"},{"weight":77.0,"label":"educational"},{"weight":76.0,"label":"scottish"},{"weight":75.0,"label":"year"},{"weight":74.0,"label":"place"},{"weight":69.0,"label":"protection"},{"weight":67.0,"label":"people"},{"weight":66.0,"label":"difficulty"}]},{"conceptId":4,"clusterId":0,"hexCoordinates":{"x":3.4641016151377544,"y":-3.0},"labels":[{"weight":3551.0,"label":"child"},{"weight":1701.0,"label":"parent"},{"weight":425.0,"label":"parental"},{"weight":388.0,"label":"mother"},{"weight":329.0,"label":"family"},{"weight":305.0,"label":"year"},{"weight":205.0,"label":"early"},{"weight":195.0,"label":"study"},{"weight":192.0,"label":"age"},{"weight":186.0,"label":"parenting"},{"weight":172.0,"label":"young"},{"weight":161.0,"label":"childhood"},{"weight":150.0,"label":"school"},{"weight":104.0,"label":"development"},{"weight":100.0,"label":"play"},{"weight":99.0,"label":"home"},{"weight":88.0,"label":"nursery"},{"weight":88.0,"label":"aged"},{"weight":87.0,"label":"maternal"},{"weight":86.0,"label":"month"},{"weight":81.0,"label":"preschool"},{"weight":77.0,"label":"communication"},{"weight":76.0,"label":"develop"},{"weight":61.0,"label":"boy"},{"weight":58.0,"label":"skill"}]},{"conceptId":2,"clusterId":0,"hexCoordinates":{"x":4.330127018922193,"y":-1.5},"labels":[{"weight":331.0,"label":"agreement"},{"weight":193.0,"label":"competence"},{"weight":189.0,"label":"reliability"},{"weight":187.0,"label":"score"},{"weight":176.0,"label":"inter"},{"weight":175.0,"label":"motor"},{"weight":100.0,"label":"study"},{"weight":99.0,"label":"kappa"},{"weight":89.0,"label":"test"},{"weight":77.0,"label":"rater"},{"weight":69.0,"label":"assess"},{"weight":64.0,"label":"intra"},{"weight":56.0,"label":"validity"},{"weight":52.0,"label":"show"},{"weight":45.0,"label":"aim"},{"weight":44.0,"label":"skill"},{"weight":39.0,"label":"coefficient"},{"weight":38.0,"label":"cohen"},{"weight":36.0,"label":"precis"},{"weight":36.0,"label":"observer"},{"weight":34.0,"label":"correlation"},{"weight":33.0,"label":"assessment"},{"weight":33.0,"label":"result"},{"weight":31.0,"label":"tool"},{"weight":29.0,"label":"gross"}]},{"conceptId":1,"clusterId":0,"hexCoordinates":{"x":3.4641016151377544,"y":0.0},"labels":[{"weight":4364.0,"label":"child"},{"weight":569.0,"label":"year"},{"weight":532.0,"label":"adult"},{"weight":439.0,"label":"age"},{"weight":295.0,"label":"childhood"},{"weight":216.0,"label":"young"},{"weight":208.0,"label":"paediatric"},{"weight":187.0,"label":"aged"},{"weight":157.0,"label":"developmental"},{"weight":148.0,"label":"development"},{"weight":129.0,"label":"early"},{"weight":119.0,"label":"school"},{"weight":101.0,"label":"preschool"},{"weight":100.0,"label":"control"},{"weight":99.0,"label":"pediatric"},{"weight":84.0,"label":"report"},{"weight":82.0,"label":"adolescent"},{"weight":73.0,"label":"common"},{"weight":67.0,"label":"show"},{"weight":56.0,"label":"aim"},{"weight":47.0,"label":"parent"},{"weight":44.0,"label":"difficulty"},{"weight":42.0,"label":"primary"},{"weight":41.0,"label":"condition"},{"weight":40.0,"label":"younger"}]},{"conceptId":9,"clusterId":0,"hexCoordinates":{"x":0.8660254037844386,"y":1.5},"labels":[{"weight":2696.0,"label":"young"},{"weight":1973.0,"label":"people"},{"weight":676.0,"label":"youth"},{"weight":510.0,"label":"child"},{"weight":410.0,"label":"transition"},{"weight":391.0,"label":"adult"},{"weight":273.0,"label":"adolescent"},{"weight":224.0,"label":"life"},{"weight":185.0,"label":"experience"},{"weight":161.0,"label":"risk"},{"weight":153.0,"label":"year"},{"weight":146.0,"label":"aged"},{"weight":141.0,"label":"school"},{"weight":114.0,"label":"adulthood"},{"weight":103.0,"label":"parent"},{"weight":103.0,"label":"age"},{"weight":101.0,"label":"family"},{"weight":96.0,"label":"behaviour"},{"weight":88.0,"label":"peer"},{"weight":84.0,"label":"adolescence"},{"weight":81.0,"label":"develop"},{"weight":80.0,"label":"social"},{"weight":77.0,"label":"affect"},{"weight":77.0,"label":"group"},{"weight":75.0,"label":"support"}]},{"conceptId":10,"clusterId":0,"hexCoordinates":{"x":-0.8660254037844386,"y":1.5},"labels":[{"weight":215.0,"label":"travel"},{"weight":150.0,"label":"bully"},{"weight":87.0,"label":"victim"},{"weight":60.0,"label":"bullying"},{"weight":55.0,"label":"journey"},{"weight":53.0,"label":"trip"},{"weight":37.0,"label":"transport"},{"weight":36.0,"label":"report"},{"weight":30.0,"label":"synaptophysin"},{"weight":29.0,"label":"victimization"},{"weight":29.0,"label":"traditional"},{"weight":26.0,"label":"sybii"},{"weight":24.0,"label":"cyberbullying"},{"weight":19.0,"label":"lactamase"},{"weight":19.0,"label":"passenger"},{"weight":19.0,"label":"sleep"},{"weight":19.0,"label":"context"},{"weight":18.0,"label":"rafting"},{"weight":18.0,"label":"traveller"},{"weight":18.0,"label":"spindle"},{"weight":17.0,"label":"lipoma"},{"weight":17.0,"label":"reduction"},{"weight":16.0,"label":"cyberbully"},{"weight":16.0,"label":"behaviour"},{"weight":16.0,"label":"internet"}]},{"conceptId":12,"clusterId":0,"hexCoordinates":{"x":1.7320508075688772,"y":-3.0},"labels":[{"weight":160.0,"label":"csf"},{"weight":85.0,"label":"asd"},{"weight":78.0,"label":"asc"},{"weight":73.0,"label":"autism"},{"weight":57.0,"label":"movement"},{"weight":37.0,"label":"tablet"},{"weight":34.0,"label":"cerebrospinal"},{"weight":30.0,"label":"evidence"},{"weight":29.0,"label":"discordance"},{"weight":28.0,"label":"fluid"},{"weight":27.0,"label":"contrast"},{"weight":27.0,"label":"target"},{"weight":27.0,"label":"child"},{"weight":27.0,"label":"pattern"},{"weight":24.0,"label":"group"},{"weight":23.0,"label":"disorder"},{"weight":23.0,"label":"spectrum"},{"weight":22.0,"label":"cryptococcal"},{"weight":22.0,"label":"evi"},{"weight":22.0,"label":"screen"},{"weight":20.0,"label":"meningitis"},{"weight":20.0,"label":"kinematic"},{"weight":20.0,"label":"motor"},{"weight":19.0,"label":"ond"},{"weight":19.0,"label":"discordant"}]},{"conceptId":13,"clusterId":0,"hexCoordinates":{"x":0.8660254037844386,"y":-1.5},"labels":[{"weight":713.0,"label":"child"},{"weight":660.0,"label":"abuse"},{"weight":219.0,"label":"violence"},{"weight":205.0,"label":"parenting"},{"weight":171.0,"label":"domestic"},{"weight":141.0,"label":"sexual"},{"weight":134.0,"label":"protection"},{"weight":131.0,"label":"emotional"},{"weight":129.0,"label":"childhood"},{"weight":123.0,"label":"caregiver"},{"weight":118.0,"label":"family"},{"weight":115.0,"label":"neglect"},{"weight":107.0,"label":"report"},{"weight":106.0,"label":"adolescent"},{"weight":99.0,"label":"physical"},{"weight":95.0,"label":"maltreatment"},{"weight":93.0,"label":"risk"},{"weight":85.0,"label":"problem"},{"weight":66.0,"label":"survivor"},{"weight":60.0,"label":"experience"},{"weight":56.0,"label":"trauma"},{"weight":56.0,"label":"research"},{"weight":55.0,"label":"victim"},{"weight":54.0,"label":"social"},{"weight":53.0,"label":"relationship"}]},{"conceptId":11,"clusterId":0,"hexCoordinates":{"x":4.330127018922193,"y":1.5},"labels":[{"weight":177.0,"label":"adhd"},{"weight":77.0,"label":"problem"},{"weight":62.0,"label":"hyperactivity"},{"weight":58.0,"label":"child"},{"weight":42.0,"label":"mph"},{"weight":40.0,"label":"disorder"},{"weight":37.0,"label":"ldx"},{"weight":37.0,"label":"deficit"},{"weight":36.0,"label":"adolescent"},{"weight":35.0,"label":"attention"},{"weight":34.0,"label":"report"},{"weight":33.0,"label":"symptom"},{"weight":32.0,"label":"conduct"},{"weight":29.0,"label":"education"},{"weight":27.0,"label":"bisphosphonate"},{"weight":26.0,"label":"rrr"},{"weight":24.0,"label":"excess"},{"weight":22.0,"label":"parent"},{"weight":21.0,"label":"follow"},{"weight":20.0,"label":"remit"},{"weight":20.0,"label":"score"},{"weight":19.0,"label":"msd"},{"weight":19.0,"label":"pph"},{"weight":18.0,"label":"rating"},{"weight":18.0,"label":"childhood"}]},{"conceptId":7,"clusterId":0,"hexCoordinates":{"x":2.598076211353316,"y":1.5},"labels":[{"weight":296.0,"label":"communication"},{"weight":259.0,"label":"slt"},{"weight":249.0,"label":"language"},{"weight":201.0,"label":"speech"},{"weight":88.0,"label":"aphasia"},{"weight":74.0,"label":"impairment"},{"weight":71.0,"label":"therapist"},{"weight":62.0,"label":"dld"},{"weight":54.0,"label":"disorder"},{"weight":54.0,"label":"transition"},{"weight":52.0,"label":"difficulty"},{"weight":39.0,"label":"aac"},{"weight":39.0,"label":"swallow"},{"weight":37.0,"label":"child"},{"weight":33.0,"label":"team"},{"weight":32.0,"label":"individual"},{"weight":31.0,"label":"adult"},{"weight":30.0,"label":"therapy"},{"weight":29.0,"label":"sip"},{"weight":28.0,"label":"slp"},{"weight":28.0,"label":"term"},{"weight":27.0,"label":"service"},{"weight":25.0,"label":"problem"},{"weight":24.0,"label":"syndrome"},{"weight":22.0,"label":"affect"}]},{"conceptId":5,"clusterId":0,"hexCoordinates":{"x":-0.8660254037844386,"y":-1.5},"labels":[{"weight":113.0,"label":"usage"},{"weight":84.0,"label":"travel"},{"weight":81.0,"label":"location"},{"weight":70.0,"label":"weekend"},{"weight":59.0,"label":"animal"},{"weight":58.0,"label":"cruelty"},{"weight":44.0,"label":"attitude"},{"weight":41.0,"label":"weekday"},{"weight":41.0,"label":"hour"},{"weight":41.0,"label":"time"},{"weight":39.0,"label":"accessibility"},{"weight":34.0,"label":"type"},{"weight":31.0,"label":"week"},{"weight":31.0,"label":"pattern"},{"weight":29.0,"label":"present"},{"weight":29.0,"label":"investigate"},{"weight":28.0,"label":"component"},{"weight":26.0,"label":"product"},{"weight":24.0,"label":"increase"},{"weight":23.0,"label":"influence"},{"weight":23.0,"label":"work"},{"weight":22.0,"label":"day"},{"weight":21.0,"label":"visit"},{"weight":21.0,"label":"daily"},{"weight":21.0,"label":"act"}]}]}