[{"topicData":[{"numberOfDocuments":0.0,"label":"Heriot-Watt University"},{"numberOfDocuments":0.0,"label":"Robert Gordon University"},{"numberOfDocuments":0.0,"label":"Glasgow Caledonian University"},{"numberOfDocuments":0.0,"label":"Queen Margaret University"},{"numberOfDocuments":0.0,"label":"University of Dundee"},{"numberOfDocuments":0.0,"label":"University of the Highlands and Islands"},{"numberOfDocuments":0.0,"label":"Edinburgh Napier University"},{"numberOfDocuments":0.0,"label":"University of Stirling"},{"numberOfDocuments":0.0,"label":"Abertay University"},{"numberOfDocuments":0.0,"label":"University of Aberdeen"},{"numberOfDocuments":0.0,"label":"University of Edinburgh"},{"numberOfDocuments":0.0,"label":"University of the West of Scotland"},{"numberOfDocuments":0.0,"label":"University of Glasgow"},{"numberOfDocuments":0.0,"label":"University of St Andrews"},{"numberOfDocuments":0.0,"label":"University of Strathclyde"}],"conceptId":-1},{"topicData":[{"numberOfDocuments":0.44624880004091405,"label":"Heriot-Watt University"},{"numberOfDocuments":0.04466403162055336,"label":"Robert Gordon University"},{"numberOfDocuments":0.0,"label":"Glasgow Caledonian University"},{"numberOfDocuments":0.0732094943240454,"label":"Queen Margaret University"},{"numberOfDocuments":0.8729692955284512,"label":"University of Dundee"},{"numberOfDocuments":0.04716981132075471,"label":"University of the Highlands and Islands"},{"numberOfDocuments":0.22812656903398418,"label":"Edinburgh Napier University"},{"numberOfDocuments":1.314291308852105,"label":"University of Stirling"},{"numberOfDocuments":0.18613441452474283,"label":"Abertay University"},{"numberOfDocuments":0.33591440333159883,"label":"University of Aberdeen"},{"numberOfDocuments":4.926064183981599,"label":"University of Edinburgh"},{"numberOfDocuments":0.0,"label":"University of the West of Scotland"},{"numberOfDocuments":2.2105246176960205,"label":"University of Glasgow"},{"numberOfDocuments":4.684377608771653,"label":"University of St Andrews"},{"numberOfDocuments":1.2912608423173015,"label":"University of Strathclyde"}],"conceptId":0},{"topicData":[{"numberOfDocuments":0.49993698571444006,"label":"Heriot-Watt University"},{"numberOfDocuments":0.182997490933966,"label":"Robert Gordon University"},{"numberOfDocuments":0.031286795626576956,"label":"Glasgow Caledonian University"},{"numberOfDocuments":0.03749718021339513,"label":"Queen Margaret University"},{"numberOfDocuments":0.39212297256968726,"label":"University of Dundee"},{"numberOfDocuments":0.20401134434237075,"label":"University of the Highlands and Islands"},{"numberOfDocuments":0.2528890629324799,"label":"Edinburgh Napier University"},{"numberOfDocuments":0.7526249348364498,"label":"University of Stirling"},{"numberOfDocuments":0.06580859360629807,"label":"Abertay University"},{"numberOfDocuments":0.39698817760564986,"label":"University of Aberdeen"},{"numberOfDocuments":104.54451353738736,"label":"University of Edinburgh"},{"numberOfDocuments":0.23093338394060126,"label":"University of the West of Scotland"},{"numberOfDocuments":5.166374673137787,"label":"University of Glasgow"},{"numberOfDocuments":98.49626359381975,"label":"University of St Andrews"},{"numberOfDocuments":3.383243052367657,"label":"University of Strathclyde"}],"conceptId":1},{"topicData":[{"numberOfDocuments":0.2829348110770027,"label":"Heriot-Watt University"},{"numberOfDocuments":0.21240791715288826,"label":"Robert Gordon University"},{"numberOfDocuments":0.08272338190595387,"label":"Glasgow Caledonian University"},{"numberOfDocuments":0.059409477355823324,"label":"Queen Margaret University"},{"numberOfDocuments":1.6996999010436857,"label":"University of Dundee"},{"numberOfDocuments":0.13668939337214425,"label":"University of the Highlands and Islands"},{"numberOfDocuments":0.20601575903600988,"label":"Edinburgh Napier University"},{"numberOfDocuments":0.2557764384182344,"label":"University of Stirling"},{"numberOfDocuments":0.025,"label":"Abertay University"},{"numberOfDocuments":0.26910599084649933,"label":"University of Aberdeen"},{"numberOfDocuments":10.521691674718696,"label":"University of Edinburgh"},{"numberOfDocuments":0.027505426893241137,"label":"University of the West of Scotland"},{"numberOfDocuments":1.673856381237184,"label":"University of Glasgow"},{"numberOfDocuments":56.58049383215708,"label":"University of St Andrews"},{"numberOfDocuments":1.5175932476421166,"label":"University of Strathclyde"}],"conceptId":2},{"topicData":[{"numberOfDocuments":0.9623249079552059,"label":"Heriot-Watt University"},{"numberOfDocuments":0.0,"label":"Robert Gordon University"},{"numberOfDocuments":0.0,"label":"Glasgow Caledonian University"},{"numberOfDocuments":0.06578947368421052,"label":"Queen Margaret University"},{"numberOfDocuments":0.21372105992849028,"label":"University of Dundee"},{"numberOfDocuments":2.0948349278678116,"label":"University of the Highlands and Islands"},{"numberOfDocuments":0.033306364617044226,"label":"Edinburgh Napier University"},{"numberOfDocuments":2.072547560076611,"label":"University of Stirling"},{"numberOfDocuments":0.015151515151515152,"label":"Abertay University"},{"numberOfDocuments":3.0092935263159037,"label":"University of Aberdeen"},{"numberOfDocuments":4.279665999058122,"label":"University of Edinburgh"},{"numberOfDocuments":0.006944444444444444,"label":"University of the West of Scotland"},{"numberOfDocuments":0.9139746486982231,"label":"University of Glasgow"},{"numberOfDocuments":0.3844005183865803,"label":"University of St Andrews"},{"numberOfDocuments":0.4879915428180145,"label":"University of Strathclyde"}],"conceptId":3},{"topicData":[{"numberOfDocuments":3.0553657154530596,"label":"Heriot-Watt University"},{"numberOfDocuments":0.12343289085545721,"label":"Robert Gordon University"},{"numberOfDocuments":0.44847763952241565,"label":"Glasgow Caledonian University"},{"numberOfDocuments":0.026234305142482955,"label":"Queen Margaret University"},{"numberOfDocuments":2.739648081030705,"label":"University of Dundee"},{"numberOfDocuments":0.08230993002594544,"label":"University of the Highlands and Islands"},{"numberOfDocuments":0.0,"label":"Edinburgh Napier University"},{"numberOfDocuments":0.14002528705350553,"label":"University of Stirling"},{"numberOfDocuments":0.07820472638375228,"label":"Abertay University"},{"numberOfDocuments":0.2392539247811415,"label":"University of Aberdeen"},{"numberOfDocuments":5.357062064773637,"label":"University of Edinburgh"},{"numberOfDocuments":0.0,"label":"University of the West of Scotland"},{"numberOfDocuments":2.0816774761488137,"label":"University of Glasgow"},{"numberOfDocuments":24.439335470814886,"label":"University of St Andrews"},{"numberOfDocuments":1.1178916623768835,"label":"University of Strathclyde"}],"conceptId":4},{"topicData":[{"numberOfDocuments":0.23537733950201278,"label":"Heriot-Watt University"},{"numberOfDocuments":0.0,"label":"Robert Gordon University"},{"numberOfDocuments":0.02040816326530612,"label":"Glasgow Caledonian University"},{"numberOfDocuments":0.021336644840821855,"label":"Queen Margaret University"},{"numberOfDocuments":0.5526748724093312,"label":"University of Dundee"},{"numberOfDocuments":0.13440980139453423,"label":"University of the Highlands and Islands"},{"numberOfDocuments":0.045771578029642546,"label":"Edinburgh Napier University"},{"numberOfDocuments":0.3635964727516702,"label":"University of Stirling"},{"numberOfDocuments":0.0472972972972973,"label":"Abertay University"},{"numberOfDocuments":0.45794554469067167,"label":"University of Aberdeen"},{"numberOfDocuments":21.126430147361305,"label":"University of Edinburgh"},{"numberOfDocuments":0.01680672268907563,"label":"University of the West of Scotland"},{"numberOfDocuments":1.1606573889193732,"label":"University of Glasgow"},{"numberOfDocuments":41.24982830357096,"label":"University of St Andrews"},{"numberOfDocuments":1.0617968577609447,"label":"University of Strathclyde"}],"conceptId":5},{"topicData":[{"numberOfDocuments":3.208092688677522,"label":"Heriot-Watt University"},{"numberOfDocuments":0.08667017530078683,"label":"Robert Gordon University"},{"numberOfDocuments":0.0833194516744751,"label":"Glasgow Caledonian University"},{"numberOfDocuments":0.08069184260085241,"label":"Queen Margaret University"},{"numberOfDocuments":5.760574228149681,"label":"University of Dundee"},{"numberOfDocuments":0.2289048958511628,"label":"University of the Highlands and Islands"},{"numberOfDocuments":0.137998830228695,"label":"Edinburgh Napier University"},{"numberOfDocuments":2.049755957401614,"label":"University of Stirling"},{"numberOfDocuments":3.205772248783511,"label":"Abertay University"},{"numberOfDocuments":0.8793197582312446,"label":"University of Aberdeen"},{"numberOfDocuments":15.66303759218221,"label":"University of Edinburgh"},{"numberOfDocuments":0.08897717084257846,"label":"University of the West of Scotland"},{"numberOfDocuments":5.395103807860922,"label":"University of Glasgow"},{"numberOfDocuments":77.55029371719087,"label":"University of St Andrews"},{"numberOfDocuments":2.989024790285642,"label":"University of Strathclyde"}],"conceptId":6},{"topicData":[{"numberOfDocuments":0.9432196637371002,"label":"Heriot-Watt University"},{"numberOfDocuments":0.06646676661669165,"label":"Robert Gordon University"},{"numberOfDocuments":0.13274244517324166,"label":"Glasgow Caledonian University"},{"numberOfDocuments":0.06588363564277927,"label":"Queen Margaret University"},{"numberOfDocuments":0.4119568891064393,"label":"University of Dundee"},{"numberOfDocuments":0.08238940128275443,"label":"University of the Highlands and Islands"},{"numberOfDocuments":0.22938506736602346,"label":"Edinburgh Napier University"},{"numberOfDocuments":0.41298820541767006,"label":"University of Stirling"},{"numberOfDocuments":0.6433659491193737,"label":"Abertay University"},{"numberOfDocuments":1.5370795722997426,"label":"University of Aberdeen"},{"numberOfDocuments":31.907961288039584,"label":"University of Edinburgh"},{"numberOfDocuments":0.19009048683339974,"label":"University of the West of Scotland"},{"numberOfDocuments":5.3756211319457385,"label":"University of Glasgow"},{"numberOfDocuments":46.473710635895905,"label":"University of St Andrews"},{"numberOfDocuments":3.323021675431471,"label":"University of Strathclyde"}],"conceptId":7},{"topicData":[{"numberOfDocuments":0.5302364383655795,"label":"Heriot-Watt University"},{"numberOfDocuments":0.22905326400961318,"label":"Robert Gordon University"},{"numberOfDocuments":0.12058361080281169,"label":"Glasgow Caledonian University"},{"numberOfDocuments":0.09431474182933314,"label":"Queen Margaret University"},{"numberOfDocuments":3.138837197090249,"label":"University of Dundee"},{"numberOfDocuments":0.2561926721881492,"label":"University of the Highlands and Islands"},{"numberOfDocuments":0.08948707757091856,"label":"Edinburgh Napier University"},{"numberOfDocuments":1.2144467068202072,"label":"University of Stirling"},{"numberOfDocuments":0.5567891972993249,"label":"Abertay University"},{"numberOfDocuments":0.4504472124533882,"label":"University of Aberdeen"},{"numberOfDocuments":26.207832259440952,"label":"University of Edinburgh"},{"numberOfDocuments":0.02156177156177156,"label":"University of the West of Scotland"},{"numberOfDocuments":2.982781335444911,"label":"University of Glasgow"},{"numberOfDocuments":70.08993050065635,"label":"University of St Andrews"},{"numberOfDocuments":2.59455274704504,"label":"University of Strathclyde"}],"conceptId":8},{"topicData":[{"numberOfDocuments":1.7710750105175916,"label":"Heriot-Watt University"},{"numberOfDocuments":0.12451704210704702,"label":"Robert Gordon University"},{"numberOfDocuments":0.0771744595274007,"label":"Glasgow Caledonian University"},{"numberOfDocuments":0.02163379913804362,"label":"Queen Margaret University"},{"numberOfDocuments":2.7912494895141116,"label":"University of Dundee"},{"numberOfDocuments":0.13278313084764698,"label":"University of the Highlands and Islands"},{"numberOfDocuments":0.1008176756375386,"label":"Edinburgh Napier University"},{"numberOfDocuments":0.39840438125156963,"label":"University of Stirling"},{"numberOfDocuments":0.1468085106382979,"label":"Abertay University"},{"numberOfDocuments":0.9162289401157795,"label":"University of Aberdeen"},{"numberOfDocuments":4.301799838810526,"label":"University of Edinburgh"},{"numberOfDocuments":0.3920189468360859,"label":"University of the West of Scotland"},{"numberOfDocuments":6.696810023792155,"label":"University of Glasgow"},{"numberOfDocuments":27.25012177167521,"label":"University of St Andrews"},{"numberOfDocuments":1.9881353164780045,"label":"University of Strathclyde"}],"conceptId":9},{"topicData":[{"numberOfDocuments":1.935386163514066,"label":"Heriot-Watt University"},{"numberOfDocuments":0.14225049046568147,"label":"Robert Gordon University"},{"numberOfDocuments":0.19556515486477272,"label":"Glasgow Caledonian University"},{"numberOfDocuments":0.0932224125275263,"label":"Queen Margaret University"},{"numberOfDocuments":0.7618529461198189,"label":"University of Dundee"},{"numberOfDocuments":0.13969059448298043,"label":"University of the Highlands and Islands"},{"numberOfDocuments":0.9327915397791207,"label":"Edinburgh Napier University"},{"numberOfDocuments":0.9622025747602942,"label":"University of Stirling"},{"numberOfDocuments":0.23343084365423095,"label":"Abertay University"},{"numberOfDocuments":0.8844721124274455,"label":"University of Aberdeen"},{"numberOfDocuments":15.217361212583702,"label":"University of Edinburgh"},{"numberOfDocuments":0.3044676317294847,"label":"University of the West of Scotland"},{"numberOfDocuments":6.654384519705749,"label":"University of Glasgow"},{"numberOfDocuments":9.16955072824149,"label":"University of St Andrews"},{"numberOfDocuments":3.45209203541737,"label":"University of Strathclyde"}],"conceptId":10},{"topicData":[{"numberOfDocuments":1.1481930521296426,"label":"Heriot-Watt University"},{"numberOfDocuments":0.10190629868774667,"label":"Robert Gordon University"},{"numberOfDocuments":0.011235955056179775,"label":"Glasgow Caledonian University"},{"numberOfDocuments":0.0913630211392081,"label":"Queen Margaret University"},{"numberOfDocuments":0.7575206305503499,"label":"University of Dundee"},{"numberOfDocuments":0.20963564216460903,"label":"University of the Highlands and Islands"},{"numberOfDocuments":0.1747460860863023,"label":"Edinburgh Napier University"},{"numberOfDocuments":0.4998837037077953,"label":"University of Stirling"},{"numberOfDocuments":0.1479033560989939,"label":"Abertay University"},{"numberOfDocuments":0.3119261205029401,"label":"University of Aberdeen"},{"numberOfDocuments":80.39714368405929,"label":"University of Edinburgh"},{"numberOfDocuments":0.43735967599323455,"label":"University of the West of Scotland"},{"numberOfDocuments":3.4586070321718787,"label":"University of Glasgow"},{"numberOfDocuments":54.657672971711236,"label":"University of St Andrews"},{"numberOfDocuments":2.5718278220937005,"label":"University of Strathclyde"}],"conceptId":11},{"topicData":[{"numberOfDocuments":1.445751602830884,"label":"Heriot-Watt University"},{"numberOfDocuments":0.15872275694213964,"label":"Robert Gordon University"},{"numberOfDocuments":0.030612244897959183,"label":"Glasgow Caledonian University"},{"numberOfDocuments":0.05740370448199423,"label":"Queen Margaret University"},{"numberOfDocuments":2.0920908079243006,"label":"University of Dundee"},{"numberOfDocuments":0.20029091986630995,"label":"University of the Highlands and Islands"},{"numberOfDocuments":0.015728588824245705,"label":"Edinburgh Napier University"},{"numberOfDocuments":2.3181188234274277,"label":"University of Stirling"},{"numberOfDocuments":0.08214134489363847,"label":"Abertay University"},{"numberOfDocuments":0.5555737727879704,"label":"University of Aberdeen"},{"numberOfDocuments":20.290577366051654,"label":"University of Edinburgh"},{"numberOfDocuments":0.2635445752856119,"label":"University of the West of Scotland"},{"numberOfDocuments":4.006802950223112,"label":"University of Glasgow"},{"numberOfDocuments":52.02694929307823,"label":"University of St Andrews"},{"numberOfDocuments":1.9569013924626257,"label":"University of Strathclyde"}],"conceptId":12}]