[{"topicData":[{"numberOfDocuments":0.0,"label":"Heriot-Watt University"},{"numberOfDocuments":0.0,"label":"Robert Gordon University"},{"numberOfDocuments":0.0,"label":"Glasgow Caledonian University"},{"numberOfDocuments":0.0,"label":"Queen Margaret University"},{"numberOfDocuments":0.0,"label":"University of Dundee"},{"numberOfDocuments":0.0,"label":"University of the Highlands and Islands"},{"numberOfDocuments":0.0,"label":"Edinburgh Napier University"},{"numberOfDocuments":0.0,"label":"University of Stirling"},{"numberOfDocuments":0.0,"label":"Abertay University"},{"numberOfDocuments":0.0,"label":"University of Aberdeen"},{"numberOfDocuments":0.0,"label":"University of Edinburgh"},{"numberOfDocuments":0.0,"label":"University of the West of Scotland"},{"numberOfDocuments":0.0,"label":"University of Glasgow"},{"numberOfDocuments":0.0,"label":"University of St Andrews"},{"numberOfDocuments":0.0,"label":"University of Strathclyde"}],"conceptId":-1},{"topicData":[{"numberOfDocuments":0.9292253880377308,"label":"Heriot-Watt University"},{"numberOfDocuments":4.162308757902091,"label":"Robert Gordon University"},{"numberOfDocuments":2.407632975145209,"label":"Glasgow Caledonian University"},{"numberOfDocuments":9.83306837551464,"label":"Queen Margaret University"},{"numberOfDocuments":13.110651618470094,"label":"University of Dundee"},{"numberOfDocuments":1.959519502504846,"label":"University of the Highlands and Islands"},{"numberOfDocuments":7.344636410326051,"label":"Edinburgh Napier University"},{"numberOfDocuments":12.15306472645628,"label":"University of Stirling"},{"numberOfDocuments":1.1359367750705993,"label":"Abertay University"},{"numberOfDocuments":15.083163555808252,"label":"University of Aberdeen"},{"numberOfDocuments":27.582383467160582,"label":"University of Edinburgh"},{"numberOfDocuments":2.605975869792483,"label":"University of the West of Scotland"},{"numberOfDocuments":28.87294755578647,"label":"University of Glasgow"},{"numberOfDocuments":6.9537892490381825,"label":"University of St Andrews"},{"numberOfDocuments":14.112088588348517,"label":"University of Strathclyde"}],"conceptId":0},{"topicData":[{"numberOfDocuments":0.44869376620239126,"label":"Heriot-Watt University"},{"numberOfDocuments":1.2180101191016606,"label":"Robert Gordon University"},{"numberOfDocuments":1.959896377783441,"label":"Glasgow Caledonian University"},{"numberOfDocuments":9.861889854745106,"label":"Queen Margaret University"},{"numberOfDocuments":1.5711977500765366,"label":"University of Dundee"},{"numberOfDocuments":4.109018587596644,"label":"University of the Highlands and Islands"},{"numberOfDocuments":0.9331160363368174,"label":"Edinburgh Napier University"},{"numberOfDocuments":3.215079887374402,"label":"University of Stirling"},{"numberOfDocuments":0.2012353161752795,"label":"Abertay University"},{"numberOfDocuments":3.345776063265454,"label":"University of Aberdeen"},{"numberOfDocuments":10.100431805181257,"label":"University of Edinburgh"},{"numberOfDocuments":0.8860610493102422,"label":"University of the West of Scotland"},{"numberOfDocuments":11.591961245947273,"label":"University of Glasgow"},{"numberOfDocuments":3.577491760909634,"label":"University of St Andrews"},{"numberOfDocuments":8.185494966348811,"label":"University of Strathclyde"}],"conceptId":1},{"topicData":[{"numberOfDocuments":0.4307948962484215,"label":"Heriot-Watt University"},{"numberOfDocuments":8.147914559853595,"label":"Robert Gordon University"},{"numberOfDocuments":1.406395176073185,"label":"Glasgow Caledonian University"},{"numberOfDocuments":2.851864365210054,"label":"Queen Margaret University"},{"numberOfDocuments":4.80365602739064,"label":"University of Dundee"},{"numberOfDocuments":0.7426252114315692,"label":"University of the Highlands and Islands"},{"numberOfDocuments":3.7913560355325147,"label":"Edinburgh Napier University"},{"numberOfDocuments":6.402982392445201,"label":"University of Stirling"},{"numberOfDocuments":1.626221479411019,"label":"Abertay University"},{"numberOfDocuments":5.256155331485773,"label":"University of Aberdeen"},{"numberOfDocuments":10.414289396555683,"label":"University of Edinburgh"},{"numberOfDocuments":1.2994156317668524,"label":"University of the West of Scotland"},{"numberOfDocuments":6.244932780579372,"label":"University of Glasgow"},{"numberOfDocuments":1.4049045330156655,"label":"University of St Andrews"},{"numberOfDocuments":10.044570289422607,"label":"University of Strathclyde"}],"conceptId":2},{"topicData":[{"numberOfDocuments":0.4278861602996156,"label":"Heriot-Watt University"},{"numberOfDocuments":0.3112651670829319,"label":"Robert Gordon University"},{"numberOfDocuments":0.78742824091078,"label":"Glasgow Caledonian University"},{"numberOfDocuments":0.15789473684210525,"label":"Queen Margaret University"},{"numberOfDocuments":1.4763794276130324,"label":"University of Dundee"},{"numberOfDocuments":0.10069298980589303,"label":"University of the Highlands and Islands"},{"numberOfDocuments":0.46631599676997976,"label":"Edinburgh Napier University"},{"numberOfDocuments":0.926065152368893,"label":"University of Stirling"},{"numberOfDocuments":0.1633063399778516,"label":"Abertay University"},{"numberOfDocuments":1.0147722877379732,"label":"University of Aberdeen"},{"numberOfDocuments":6.2308625790569945,"label":"University of Edinburgh"},{"numberOfDocuments":1.0996870109546166,"label":"University of the West of Scotland"},{"numberOfDocuments":7.0849813609871735,"label":"University of Glasgow"},{"numberOfDocuments":6.392135778637679,"label":"University of St Andrews"},{"numberOfDocuments":0.7540391038144568,"label":"University of Strathclyde"}],"conceptId":3},{"topicData":[{"numberOfDocuments":0.2800724387460769,"label":"Heriot-Watt University"},{"numberOfDocuments":2.436798471253924,"label":"Robert Gordon University"},{"numberOfDocuments":0.7003071928071928,"label":"Glasgow Caledonian University"},{"numberOfDocuments":0.19874213836477989,"label":"Queen Margaret University"},{"numberOfDocuments":0.366093927617127,"label":"University of Dundee"},{"numberOfDocuments":0.3946932006633499,"label":"University of the Highlands and Islands"},{"numberOfDocuments":1.6248539238117619,"label":"Edinburgh Napier University"},{"numberOfDocuments":1.6770315152665263,"label":"University of Stirling"},{"numberOfDocuments":0.3238106818887726,"label":"Abertay University"},{"numberOfDocuments":0.3159837921460061,"label":"University of Aberdeen"},{"numberOfDocuments":1.884340550256891,"label":"University of Edinburgh"},{"numberOfDocuments":0.2804668525469022,"label":"University of the West of Scotland"},{"numberOfDocuments":1.6006789481828072,"label":"University of Glasgow"},{"numberOfDocuments":0.16845497334965645,"label":"University of St Andrews"},{"numberOfDocuments":1.5046976093194675,"label":"University of Strathclyde"}],"conceptId":4},{"topicData":[{"numberOfDocuments":0.24021772717961537,"label":"Heriot-Watt University"},{"numberOfDocuments":1.619186592442228,"label":"Robert Gordon University"},{"numberOfDocuments":3.7511923984349416,"label":"Glasgow Caledonian University"},{"numberOfDocuments":4.075239611623301,"label":"Queen Margaret University"},{"numberOfDocuments":3.4062767082425296,"label":"University of Dundee"},{"numberOfDocuments":0.3465390232358558,"label":"University of the Highlands and Islands"},{"numberOfDocuments":4.478901087808424,"label":"Edinburgh Napier University"},{"numberOfDocuments":6.1632123825192515,"label":"University of Stirling"},{"numberOfDocuments":0.025002304323848895,"label":"Abertay University"},{"numberOfDocuments":1.0104079892301103,"label":"University of Aberdeen"},{"numberOfDocuments":6.1313454015980735,"label":"University of Edinburgh"},{"numberOfDocuments":0.22936829912331014,"label":"University of the West of Scotland"},{"numberOfDocuments":6.9102570817106965,"label":"University of Glasgow"},{"numberOfDocuments":1.4411093935526271,"label":"University of St Andrews"},{"numberOfDocuments":3.6029683316431167,"label":"University of Strathclyde"}],"conceptId":5},{"topicData":[{"numberOfDocuments":2.5183139765666054,"label":"Heriot-Watt University"},{"numberOfDocuments":8.62909177470825,"label":"Robert Gordon University"},{"numberOfDocuments":3.596358119357167,"label":"Glasgow Caledonian University"},{"numberOfDocuments":14.882608776850116,"label":"Queen Margaret University"},{"numberOfDocuments":7.7885412049012475,"label":"University of Dundee"},{"numberOfDocuments":1.8729553925284468,"label":"University of the Highlands and Islands"},{"numberOfDocuments":8.88933684212043,"label":"Edinburgh Napier University"},{"numberOfDocuments":17.37703498031474,"label":"University of Stirling"},{"numberOfDocuments":2.592033438639289,"label":"Abertay University"},{"numberOfDocuments":7.312133702907222,"label":"University of Aberdeen"},{"numberOfDocuments":16.4635286144245,"label":"University of Edinburgh"},{"numberOfDocuments":10.009893081355079,"label":"University of the West of Scotland"},{"numberOfDocuments":15.294687329345752,"label":"University of Glasgow"},{"numberOfDocuments":3.8687536462604246,"label":"University of St Andrews"},{"numberOfDocuments":11.159261279945158,"label":"University of Strathclyde"}],"conceptId":6},{"topicData":[{"numberOfDocuments":0.2661589630417161,"label":"Heriot-Watt University"},{"numberOfDocuments":6.148965071254462,"label":"Robert Gordon University"},{"numberOfDocuments":0.5400881789949306,"label":"Glasgow Caledonian University"},{"numberOfDocuments":6.085561319880077,"label":"Queen Margaret University"},{"numberOfDocuments":2.653715501199371,"label":"University of Dundee"},{"numberOfDocuments":0.47242357855100925,"label":"University of the Highlands and Islands"},{"numberOfDocuments":8.534640779362048,"label":"Edinburgh Napier University"},{"numberOfDocuments":7.5270380557297,"label":"University of Stirling"},{"numberOfDocuments":1.3782959576448535,"label":"Abertay University"},{"numberOfDocuments":2.4702691955411376,"label":"University of Aberdeen"},{"numberOfDocuments":5.369427993141718,"label":"University of Edinburgh"},{"numberOfDocuments":3.1355557080897882,"label":"University of the West of Scotland"},{"numberOfDocuments":4.400404646146912,"label":"University of Glasgow"},{"numberOfDocuments":1.6602647183742607,"label":"University of St Andrews"},{"numberOfDocuments":2.563222643620897,"label":"University of Strathclyde"}],"conceptId":7},{"topicData":[{"numberOfDocuments":0.3863450061019419,"label":"Heriot-Watt University"},{"numberOfDocuments":9.761538694514272,"label":"Robert Gordon University"},{"numberOfDocuments":2.75767646840595,"label":"Glasgow Caledonian University"},{"numberOfDocuments":2.5347337661791682,"label":"Queen Margaret University"},{"numberOfDocuments":7.938752375672307,"label":"University of Dundee"},{"numberOfDocuments":1.1790542307411012,"label":"University of the Highlands and Islands"},{"numberOfDocuments":2.7670473305466063,"label":"Edinburgh Napier University"},{"numberOfDocuments":8.851699490989484,"label":"University of Stirling"},{"numberOfDocuments":0.2859740003503567,"label":"Abertay University"},{"numberOfDocuments":8.209817077756398,"label":"University of Aberdeen"},{"numberOfDocuments":9.097045201954092,"label":"University of Edinburgh"},{"numberOfDocuments":1.3908981946321415,"label":"University of the West of Scotland"},{"numberOfDocuments":10.61109221815455,"label":"University of Glasgow"},{"numberOfDocuments":3.8864776786686295,"label":"University of St Andrews"},{"numberOfDocuments":6.1021428465156555,"label":"University of Strathclyde"}],"conceptId":8},{"topicData":[{"numberOfDocuments":0.49374594709678366,"label":"Heriot-Watt University"},{"numberOfDocuments":9.805856955066792,"label":"Robert Gordon University"},{"numberOfDocuments":0.7892364683702692,"label":"Glasgow Caledonian University"},{"numberOfDocuments":1.2150606641461528,"label":"Queen Margaret University"},{"numberOfDocuments":2.257637183263269,"label":"University of Dundee"},{"numberOfDocuments":2.292510673120676,"label":"University of the Highlands and Islands"},{"numberOfDocuments":1.5438771810639071,"label":"Edinburgh Napier University"},{"numberOfDocuments":6.429796654781076,"label":"University of Stirling"},{"numberOfDocuments":0.46364257838470496,"label":"Abertay University"},{"numberOfDocuments":3.356292195107572,"label":"University of Aberdeen"},{"numberOfDocuments":1.8601318277119914,"label":"University of Edinburgh"},{"numberOfDocuments":0.0661764705882353,"label":"University of the West of Scotland"},{"numberOfDocuments":1.7928615203458396,"label":"University of Glasgow"},{"numberOfDocuments":1.1454999215816437,"label":"University of St Andrews"},{"numberOfDocuments":7.060965052296961,"label":"University of Strathclyde"}],"conceptId":9},{"topicData":[{"numberOfDocuments":1.9827433452023089,"label":"Heriot-Watt University"},{"numberOfDocuments":3.501317285555153,"label":"Robert Gordon University"},{"numberOfDocuments":3.90544828450155,"label":"Glasgow Caledonian University"},{"numberOfDocuments":5.127746504089537,"label":"Queen Margaret University"},{"numberOfDocuments":7.376386886385476,"label":"University of Dundee"},{"numberOfDocuments":2.251768963953928,"label":"University of the Highlands and Islands"},{"numberOfDocuments":5.122487432005754,"label":"Edinburgh Napier University"},{"numberOfDocuments":14.389028126243977,"label":"University of Stirling"},{"numberOfDocuments":1.4132431090483866,"label":"Abertay University"},{"numberOfDocuments":3.999097417678791,"label":"University of Aberdeen"},{"numberOfDocuments":17.598636908229995,"label":"University of Edinburgh"},{"numberOfDocuments":2.418481811018997,"label":"University of the West of Scotland"},{"numberOfDocuments":27.59810020754598,"label":"University of Glasgow"},{"numberOfDocuments":4.707386841296041,"label":"University of St Andrews"},{"numberOfDocuments":13.779208720684675,"label":"University of Strathclyde"}],"conceptId":10},{"topicData":[{"numberOfDocuments":4.906553379173206,"label":"Heriot-Watt University"},{"numberOfDocuments":6.724452134272587,"label":"Robert Gordon University"},{"numberOfDocuments":5.754949090721078,"label":"Glasgow Caledonian University"},{"numberOfDocuments":16.162417250582536,"label":"Queen Margaret University"},{"numberOfDocuments":9.112315060741707,"label":"University of Dundee"},{"numberOfDocuments":2.380578044322355,"label":"University of the Highlands and Islands"},{"numberOfDocuments":7.688692089687722,"label":"Edinburgh Napier University"},{"numberOfDocuments":20.58887176189673,"label":"University of Stirling"},{"numberOfDocuments":2.503130241046472,"label":"Abertay University"},{"numberOfDocuments":4.9263807248245435,"label":"University of Aberdeen"},{"numberOfDocuments":22.913990162346696,"label":"University of Edinburgh"},{"numberOfDocuments":3.030701774919509,"label":"University of the West of Scotland"},{"numberOfDocuments":20.064301215615345,"label":"University of Glasgow"},{"numberOfDocuments":4.592373487063406,"label":"University of St Andrews"},{"numberOfDocuments":14.540970736029895,"label":"University of Strathclyde"}],"conceptId":11},{"topicData":[{"numberOfDocuments":0.9503842745523542,"label":"Heriot-Watt University"},{"numberOfDocuments":3.082619626868504,"label":"Robert Gordon University"},{"numberOfDocuments":2.202113646416179,"label":"Glasgow Caledonian University"},{"numberOfDocuments":4.648320730714153,"label":"Queen Margaret University"},{"numberOfDocuments":4.060722865688117,"label":"University of Dundee"},{"numberOfDocuments":0.4754653332892579,"label":"University of the Highlands and Islands"},{"numberOfDocuments":8.238856181895695,"label":"Edinburgh Napier University"},{"numberOfDocuments":10.265896111973998,"label":"University of Stirling"},{"numberOfDocuments":0.26378878279822726,"label":"Abertay University"},{"numberOfDocuments":2.381866517314085,"label":"University of Aberdeen"},{"numberOfDocuments":13.104514340562444,"label":"University of Edinburgh"},{"numberOfDocuments":0.8985453317086826,"label":"University of the West of Scotland"},{"numberOfDocuments":18.87763513485174,"label":"University of Glasgow"},{"numberOfDocuments":1.9885239050265158,"label":"University of St Andrews"},{"numberOfDocuments":9.745126464803887,"label":"University of Strathclyde"}],"conceptId":12},{"topicData":[{"numberOfDocuments":0.11152969168236344,"label":"Heriot-Watt University"},{"numberOfDocuments":4.020307642801084,"label":"Robert Gordon University"},{"numberOfDocuments":0.03305785123966942,"label":"Glasgow Caledonian University"},{"numberOfDocuments":0.09584312154630815,"label":"Queen Margaret University"},{"numberOfDocuments":6.62104150388819,"label":"University of Dundee"},{"numberOfDocuments":0.5122568211519143,"label":"University of the Highlands and Islands"},{"numberOfDocuments":0.40386685757179913,"label":"Edinburgh Napier University"},{"numberOfDocuments":3.753051403022912,"label":"University of Stirling"},{"numberOfDocuments":0.03571428571428571,"label":"Abertay University"},{"numberOfDocuments":1.1617294138064407,"label":"University of Aberdeen"},{"numberOfDocuments":4.064136127193453,"label":"University of Edinburgh"},{"numberOfDocuments":0.2846365996106424,"label":"University of the West of Scotland"},{"numberOfDocuments":3.0436499126065493,"label":"University of Glasgow"},{"numberOfDocuments":1.1369464260234434,"label":"University of St Andrews"},{"numberOfDocuments":0.9556823779702498,"label":"University of Strathclyde"}],"conceptId":13},{"topicData":[{"numberOfDocuments":4.447681800060178,"label":"Heriot-Watt University"},{"numberOfDocuments":9.04691897507128,"label":"Robert Gordon University"},{"numberOfDocuments":2.9967462252568846,"label":"Glasgow Caledonian University"},{"numberOfDocuments":12.228350416408551,"label":"Queen Margaret University"},{"numberOfDocuments":9.94855486000717,"label":"University of Dundee"},{"numberOfDocuments":1.5493712396193968,"label":"University of the Highlands and Islands"},{"numberOfDocuments":6.872322497784402,"label":"Edinburgh Napier University"},{"numberOfDocuments":15.019126859201132,"label":"University of Stirling"},{"numberOfDocuments":3.0305993897491645,"label":"Abertay University"},{"numberOfDocuments":7.0931758031384735,"label":"University of Aberdeen"},{"numberOfDocuments":25.04183358658716,"label":"University of Edinburgh"},{"numberOfDocuments":5.664066126858733,"label":"University of the West of Scotland"},{"numberOfDocuments":18.806132846226685,"label":"University of Glasgow"},{"numberOfDocuments":6.933660100020919,"label":"University of St Andrews"},{"numberOfDocuments":11.657176445149632,"label":"University of Strathclyde"}],"conceptId":14},{"topicData":[{"numberOfDocuments":3.798101660784805,"label":"Heriot-Watt University"},{"numberOfDocuments":12.452454276068071,"label":"Robert Gordon University"},{"numberOfDocuments":3.9606401558815727,"label":"Glasgow Caledonian University"},{"numberOfDocuments":17.030794049303847,"label":"Queen Margaret University"},{"numberOfDocuments":7.709314830344213,"label":"University of Dundee"},{"numberOfDocuments":2.07307300791384,"label":"University of the Highlands and Islands"},{"numberOfDocuments":7.010976746575297,"label":"Edinburgh Napier University"},{"numberOfDocuments":26.662181314027183,"label":"University of Stirling"},{"numberOfDocuments":3.203299583944849,"label":"Abertay University"},{"numberOfDocuments":4.979865138439328,"label":"University of Aberdeen"},{"numberOfDocuments":25.157109736618683,"label":"University of Edinburgh"},{"numberOfDocuments":4.969005273108962,"label":"University of the West of Scotland"},{"numberOfDocuments":15.324911525158244,"label":"University of Glasgow"},{"numberOfDocuments":5.803642514821245,"label":"University of St Andrews"},{"numberOfDocuments":20.924641988660788,"label":"University of Strathclyde"}],"conceptId":15},{"topicData":[{"numberOfDocuments":0.7605476891367062,"label":"Heriot-Watt University"},{"numberOfDocuments":13.96484072774031,"label":"Robert Gordon University"},{"numberOfDocuments":0.37476006732964473,"label":"Glasgow Caledonian University"},{"numberOfDocuments":1.2126925872076302,"label":"Queen Margaret University"},{"numberOfDocuments":5.259767932084413,"label":"University of Dundee"},{"numberOfDocuments":0.6693053023665948,"label":"University of the Highlands and Islands"},{"numberOfDocuments":1.5503065084740573,"label":"Edinburgh Napier University"},{"numberOfDocuments":2.3129352268985555,"label":"University of Stirling"},{"numberOfDocuments":0.5689080043928334,"label":"Abertay University"},{"numberOfDocuments":4.713471615454103,"label":"University of Aberdeen"},{"numberOfDocuments":12.299816856656012,"label":"University of Edinburgh"},{"numberOfDocuments":0.14322478450664525,"label":"University of the West of Scotland"},{"numberOfDocuments":7.286028491458745,"label":"University of Glasgow"},{"numberOfDocuments":1.9267037406803638,"label":"University of St Andrews"},{"numberOfDocuments":9.23996627085476,"label":"University of Strathclyde"}],"conceptId":16},{"topicData":[{"numberOfDocuments":0.7068056892000527,"label":"Heriot-Watt University"},{"numberOfDocuments":3.4057900742301555,"label":"Robert Gordon University"},{"numberOfDocuments":3.2822525674495595,"label":"Glasgow Caledonian University"},{"numberOfDocuments":9.207633223873094,"label":"Queen Margaret University"},{"numberOfDocuments":8.137667606288172,"label":"University of Dundee"},{"numberOfDocuments":1.6210062812077086,"label":"University of the Highlands and Islands"},{"numberOfDocuments":6.1199906022475625,"label":"Edinburgh Napier University"},{"numberOfDocuments":6.7043052406868116,"label":"University of Stirling"},{"numberOfDocuments":0.16058196242398165,"label":"Abertay University"},{"numberOfDocuments":6.773201471307916,"label":"University of Aberdeen"},{"numberOfDocuments":21.68190997793809,"label":"University of Edinburgh"},{"numberOfDocuments":1.190278934108937,"label":"University of the West of Scotland"},{"numberOfDocuments":13.079002382370293,"label":"University of Glasgow"},{"numberOfDocuments":4.744774933050732,"label":"University of St Andrews"},{"numberOfDocuments":13.765442417243255,"label":"University of Strathclyde"}],"conceptId":17},{"topicData":[{"numberOfDocuments":0.2075046083526465,"label":"Heriot-Watt University"},{"numberOfDocuments":0.5951565188538335,"label":"Robert Gordon University"},{"numberOfDocuments":1.5748938756406532,"label":"Glasgow Caledonian University"},{"numberOfDocuments":3.233648896323598,"label":"Queen Margaret University"},{"numberOfDocuments":5.374276204308029,"label":"University of Dundee"},{"numberOfDocuments":0.8089838255977496,"label":"University of the Highlands and Islands"},{"numberOfDocuments":2.447796110176732,"label":"Edinburgh Napier University"},{"numberOfDocuments":5.574655960306557,"label":"University of Stirling"},{"numberOfDocuments":0.11907233343697432,"label":"Abertay University"},{"numberOfDocuments":5.712894335195119,"label":"University of Aberdeen"},{"numberOfDocuments":7.358070614819151,"label":"University of Edinburgh"},{"numberOfDocuments":0.8145688141680325,"label":"University of the West of Scotland"},{"numberOfDocuments":6.453610443037658,"label":"University of Glasgow"},{"numberOfDocuments":1.877391591114098,"label":"University of St Andrews"},{"numberOfDocuments":4.482563212261341,"label":"University of Strathclyde"}],"conceptId":18},{"topicData":[{"numberOfDocuments":1.7303286353930198,"label":"Heriot-Watt University"},{"numberOfDocuments":2.0267409015984024,"label":"Robert Gordon University"},{"numberOfDocuments":3.112803539405557,"label":"Glasgow Caledonian University"},{"numberOfDocuments":4.974009104059018,"label":"Queen Margaret University"},{"numberOfDocuments":3.9899228092724277,"label":"University of Dundee"},{"numberOfDocuments":0.33283697252724137,"label":"University of the Highlands and Islands"},{"numberOfDocuments":3.352708547356276,"label":"Edinburgh Napier University"},{"numberOfDocuments":10.06141461154639,"label":"University of Stirling"},{"numberOfDocuments":0.25287782162931366,"label":"Abertay University"},{"numberOfDocuments":2.070158350602813,"label":"University of Aberdeen"},{"numberOfDocuments":10.08999090505281,"label":"University of Edinburgh"},{"numberOfDocuments":3.1592163401559388,"label":"University of the West of Scotland"},{"numberOfDocuments":7.7431524860970455,"label":"University of Glasgow"},{"numberOfDocuments":2.845308377032773,"label":"University of St Andrews"},{"numberOfDocuments":5.506428830542118,"label":"University of Strathclyde"}],"conceptId":19},{"topicData":[{"numberOfDocuments":0.5041909229583482,"label":"Heriot-Watt University"},{"numberOfDocuments":8.50886139094128,"label":"Robert Gordon University"},{"numberOfDocuments":3.0492881340296365,"label":"Glasgow Caledonian University"},{"numberOfDocuments":11.997958742301567,"label":"Queen Margaret University"},{"numberOfDocuments":14.02438335226394,"label":"University of Dundee"},{"numberOfDocuments":1.271278192694632,"label":"University of the Highlands and Islands"},{"numberOfDocuments":10.002426861990076,"label":"Edinburgh Napier University"},{"numberOfDocuments":11.724239928076884,"label":"University of Stirling"},{"numberOfDocuments":1.749684013747131,"label":"Abertay University"},{"numberOfDocuments":12.73646224447728,"label":"University of Aberdeen"},{"numberOfDocuments":28.712550410463184,"label":"University of Edinburgh"},{"numberOfDocuments":3.8837604275770023,"label":"University of the West of Scotland"},{"numberOfDocuments":27.97477236112032,"label":"University of Glasgow"},{"numberOfDocuments":6.717285233758525,"label":"University of St Andrews"},{"numberOfDocuments":11.698042977681396,"label":"University of Strathclyde"}],"conceptId":20},{"topicData":[{"numberOfDocuments":0.3842412838727109,"label":"Heriot-Watt University"},{"numberOfDocuments":1.2339077676678663,"label":"Robert Gordon University"},{"numberOfDocuments":1.0873382465049692,"label":"Glasgow Caledonian University"},{"numberOfDocuments":15.825537331381037,"label":"Queen Margaret University"},{"numberOfDocuments":3.139299849692742,"label":"University of Dundee"},{"numberOfDocuments":0.5860990109301767,"label":"University of the Highlands and Islands"},{"numberOfDocuments":4.742273076338272,"label":"Edinburgh Napier University"},{"numberOfDocuments":15.989966299725555,"label":"University of Stirling"},{"numberOfDocuments":0.3187941166432412,"label":"Abertay University"},{"numberOfDocuments":1.410310146828562,"label":"University of Aberdeen"},{"numberOfDocuments":10.996320052127647,"label":"University of Edinburgh"},{"numberOfDocuments":6.509739646633365,"label":"University of the West of Scotland"},{"numberOfDocuments":7.843024304336286,"label":"University of Glasgow"},{"numberOfDocuments":0.9964626216225754,"label":"University of St Andrews"},{"numberOfDocuments":3.5544868267618077,"label":"University of Strathclyde"}],"conceptId":21},{"topicData":[{"numberOfDocuments":0.8375022675527704,"label":"Heriot-Watt University"},{"numberOfDocuments":2.0569210684515014,"label":"Robert Gordon University"},{"numberOfDocuments":1.7536930937988489,"label":"Glasgow Caledonian University"},{"numberOfDocuments":34.706024740333994,"label":"Queen Margaret University"},{"numberOfDocuments":2.0129405811503465,"label":"University of Dundee"},{"numberOfDocuments":0.5401436598010279,"label":"University of the Highlands and Islands"},{"numberOfDocuments":4.105421597447938,"label":"Edinburgh Napier University"},{"numberOfDocuments":5.057287937956765,"label":"University of Stirling"},{"numberOfDocuments":0.36748120300751885,"label":"Abertay University"},{"numberOfDocuments":2.6338228837779014,"label":"University of Aberdeen"},{"numberOfDocuments":6.997168028624108,"label":"University of Edinburgh"},{"numberOfDocuments":1.2189973019134934,"label":"University of the West of Scotland"},{"numberOfDocuments":5.416978178964785,"label":"University of Glasgow"},{"numberOfDocuments":1.9645696420350216,"label":"University of St Andrews"},{"numberOfDocuments":4.859006263545378,"label":"University of Strathclyde"}],"conceptId":22},{"topicData":[{"numberOfDocuments":7.612015465992942,"label":"Heriot-Watt University"},{"numberOfDocuments":19.339074623649044,"label":"Robert Gordon University"},{"numberOfDocuments":11.698235793755138,"label":"Glasgow Caledonian University"},{"numberOfDocuments":46.459093267542755,"label":"Queen Margaret University"},{"numberOfDocuments":24.10218893005108,"label":"University of Dundee"},{"numberOfDocuments":5.074437769638939,"label":"University of the Highlands and Islands"},{"numberOfDocuments":18.267987816552594,"label":"Edinburgh Napier University"},{"numberOfDocuments":48.7804124179484,"label":"University of Stirling"},{"numberOfDocuments":3.4841606689106266,"label":"Abertay University"},{"numberOfDocuments":18.006655879269477,"label":"University of Aberdeen"},{"numberOfDocuments":55.24562119483851,"label":"University of Edinburgh"},{"numberOfDocuments":11.321204977175551,"label":"University of the West of Scotland"},{"numberOfDocuments":53.50946371208764,"label":"University of Glasgow"},{"numberOfDocuments":11.958685168286406,"label":"University of St Andrews"},{"numberOfDocuments":27.54160356367367,"label":"University of Strathclyde"}],"conceptId":23},{"topicData":[{"numberOfDocuments":2.4330857280602163,"label":"Heriot-Watt University"},{"numberOfDocuments":3.7173364892547047,"label":"Robert Gordon University"},{"numberOfDocuments":5.605388466087453,"label":"Glasgow Caledonian University"},{"numberOfDocuments":3.245262692348864,"label":"Queen Margaret University"},{"numberOfDocuments":10.564388560648617,"label":"University of Dundee"},{"numberOfDocuments":1.9927426144519953,"label":"University of the Highlands and Islands"},{"numberOfDocuments":4.30926727989347,"label":"Edinburgh Napier University"},{"numberOfDocuments":6.678694155821302,"label":"University of Stirling"},{"numberOfDocuments":0.9071947699277159,"label":"Abertay University"},{"numberOfDocuments":6.588869558209039,"label":"University of Aberdeen"},{"numberOfDocuments":26.654386365344127,"label":"University of Edinburgh"},{"numberOfDocuments":1.4614748068019627,"label":"University of the West of Scotland"},{"numberOfDocuments":18.78117836648858,"label":"University of Glasgow"},{"numberOfDocuments":5.387256428695644,"label":"University of St Andrews"},{"numberOfDocuments":12.359821011074011,"label":"University of Strathclyde"}],"conceptId":24},{"topicData":[{"numberOfDocuments":2.282183668826118,"label":"Heriot-Watt University"},{"numberOfDocuments":1.4376952145805881,"label":"Robert Gordon University"},{"numberOfDocuments":2.7296355816172704,"label":"Glasgow Caledonian University"},{"numberOfDocuments":5.9866422755183315,"label":"Queen Margaret University"},{"numberOfDocuments":8.413549063222654,"label":"University of Dundee"},{"numberOfDocuments":2.8804246480435602,"label":"University of the Highlands and Islands"},{"numberOfDocuments":4.512595304709024,"label":"Edinburgh Napier University"},{"numberOfDocuments":13.367782365342553,"label":"University of Stirling"},{"numberOfDocuments":0.5153581671297458,"label":"Abertay University"},{"numberOfDocuments":2.9945398527115916,"label":"University of Aberdeen"},{"numberOfDocuments":19.962033527921825,"label":"University of Edinburgh"},{"numberOfDocuments":1.9784877242405772,"label":"University of the West of Scotland"},{"numberOfDocuments":22.733700738501273,"label":"University of Glasgow"},{"numberOfDocuments":4.346059690245415,"label":"University of St Andrews"},{"numberOfDocuments":13.317115912233035,"label":"University of Strathclyde"}],"conceptId":25},{"topicData":[{"numberOfDocuments":0.6208575961514945,"label":"Heriot-Watt University"},{"numberOfDocuments":4.054985225856067,"label":"Robert Gordon University"},{"numberOfDocuments":2.0953704254164034,"label":"Glasgow Caledonian University"},{"numberOfDocuments":5.186119139333634,"label":"Queen Margaret University"},{"numberOfDocuments":6.37601990020933,"label":"University of Dundee"},{"numberOfDocuments":0.290810096129102,"label":"University of the Highlands and Islands"},{"numberOfDocuments":5.614814644594457,"label":"Edinburgh Napier University"},{"numberOfDocuments":10.414175086564274,"label":"University of Stirling"},{"numberOfDocuments":0.5730351102810544,"label":"Abertay University"},{"numberOfDocuments":2.7970183567368645,"label":"University of Aberdeen"},{"numberOfDocuments":12.187735419967211,"label":"University of Edinburgh"},{"numberOfDocuments":1.705269041342587,"label":"University of the West of Scotland"},{"numberOfDocuments":17.7595539314124,"label":"University of Glasgow"},{"numberOfDocuments":1.4538121790444218,"label":"University of St Andrews"},{"numberOfDocuments":4.523985734939317,"label":"University of Strathclyde"}],"conceptId":26},{"topicData":[{"numberOfDocuments":5.309792649465092,"label":"Heriot-Watt University"},{"numberOfDocuments":9.942468725699424,"label":"Robert Gordon University"},{"numberOfDocuments":4.38837712472355,"label":"Glasgow Caledonian University"},{"numberOfDocuments":16.10191868383565,"label":"Queen Margaret University"},{"numberOfDocuments":13.093638869847748,"label":"University of Dundee"},{"numberOfDocuments":4.09539602034023,"label":"University of the Highlands and Islands"},{"numberOfDocuments":11.258787689462581,"label":"Edinburgh Napier University"},{"numberOfDocuments":36.353791018636,"label":"University of Stirling"},{"numberOfDocuments":2.2303016858797866,"label":"Abertay University"},{"numberOfDocuments":7.5130799326082025,"label":"University of Aberdeen"},{"numberOfDocuments":29.580410831824636,"label":"University of Edinburgh"},{"numberOfDocuments":3.826796909667326,"label":"University of the West of Scotland"},{"numberOfDocuments":30.603429272013567,"label":"University of Glasgow"},{"numberOfDocuments":6.770339919194012,"label":"University of St Andrews"},{"numberOfDocuments":33.21111376514827,"label":"University of Strathclyde"}],"conceptId":27},{"topicData":[{"numberOfDocuments":0.11515960298831128,"label":"Heriot-Watt University"},{"numberOfDocuments":0.026173821606546886,"label":"Robert Gordon University"},{"numberOfDocuments":1.6241305393573808,"label":"Glasgow Caledonian University"},{"numberOfDocuments":2.423117537571797,"label":"Queen Margaret University"},{"numberOfDocuments":0.306523626922016,"label":"University of Dundee"},{"numberOfDocuments":0.21531166626243026,"label":"University of the Highlands and Islands"},{"numberOfDocuments":0.10848039799739746,"label":"Edinburgh Napier University"},{"numberOfDocuments":0.6520973721100387,"label":"University of Stirling"},{"numberOfDocuments":0.009345794392523364,"label":"Abertay University"},{"numberOfDocuments":0.5572552148054357,"label":"University of Aberdeen"},{"numberOfDocuments":2.897292599386014,"label":"University of Edinburgh"},{"numberOfDocuments":0.07100250626566415,"label":"University of the West of Scotland"},{"numberOfDocuments":2.562771308959567,"label":"University of Glasgow"},{"numberOfDocuments":0.342946670066863,"label":"University of St Andrews"},{"numberOfDocuments":0.4842693495404638,"label":"University of Strathclyde"}],"conceptId":28},{"topicData":[{"numberOfDocuments":3.1105491633392948,"label":"Heriot-Watt University"},{"numberOfDocuments":14.867048480427203,"label":"Robert Gordon University"},{"numberOfDocuments":6.7390683432926,"label":"Glasgow Caledonian University"},{"numberOfDocuments":15.478913453209202,"label":"Queen Margaret University"},{"numberOfDocuments":11.298326615697608,"label":"University of Dundee"},{"numberOfDocuments":1.7131700524610942,"label":"University of the Highlands and Islands"},{"numberOfDocuments":14.775749949033722,"label":"Edinburgh Napier University"},{"numberOfDocuments":23.13020861197379,"label":"University of Stirling"},{"numberOfDocuments":1.8503725379101605,"label":"Abertay University"},{"numberOfDocuments":6.23186169857879,"label":"University of Aberdeen"},{"numberOfDocuments":21.03560493576842,"label":"University of Edinburgh"},{"numberOfDocuments":6.97371132982717,"label":"University of the West of Scotland"},{"numberOfDocuments":24.11541343716242,"label":"University of Glasgow"},{"numberOfDocuments":4.758978913738397,"label":"University of St Andrews"},{"numberOfDocuments":14.751722989157486,"label":"University of Strathclyde"}],"conceptId":29},{"topicData":[{"numberOfDocuments":3.7750159055991213,"label":"Heriot-Watt University"},{"numberOfDocuments":8.305482071270328,"label":"Robert Gordon University"},{"numberOfDocuments":3.451552454133181,"label":"Glasgow Caledonian University"},{"numberOfDocuments":11.915767824878635,"label":"Queen Margaret University"},{"numberOfDocuments":10.194079384352321,"label":"University of Dundee"},{"numberOfDocuments":1.8822243710897393,"label":"University of the Highlands and Islands"},{"numberOfDocuments":5.737124159148121,"label":"Edinburgh Napier University"},{"numberOfDocuments":16.58927551854946,"label":"University of Stirling"},{"numberOfDocuments":2.6643748197498422,"label":"Abertay University"},{"numberOfDocuments":8.748440154853457,"label":"University of Aberdeen"},{"numberOfDocuments":21.98459709940901,"label":"University of Edinburgh"},{"numberOfDocuments":2.5592367125064963,"label":"University of the West of Scotland"},{"numberOfDocuments":24.391815296045035,"label":"University of Glasgow"},{"numberOfDocuments":6.8672435724815655,"label":"University of St Andrews"},{"numberOfDocuments":13.46960749866868,"label":"University of Strathclyde"}],"conceptId":30},{"topicData":[{"numberOfDocuments":0.4106474832746323,"label":"Heriot-Watt University"},{"numberOfDocuments":0.5215884017560612,"label":"Robert Gordon University"},{"numberOfDocuments":1.1500888596987338,"label":"Glasgow Caledonian University"},{"numberOfDocuments":4.118822799640903,"label":"Queen Margaret University"},{"numberOfDocuments":3.713758795408064,"label":"University of Dundee"},{"numberOfDocuments":4.259806513159249,"label":"University of the Highlands and Islands"},{"numberOfDocuments":3.8108313565323297,"label":"Edinburgh Napier University"},{"numberOfDocuments":4.238192669685656,"label":"University of Stirling"},{"numberOfDocuments":0.45866649101741863,"label":"Abertay University"},{"numberOfDocuments":1.961702321232641,"label":"University of Aberdeen"},{"numberOfDocuments":9.320391641708426,"label":"University of Edinburgh"},{"numberOfDocuments":0.9257449013500434,"label":"University of the West of Scotland"},{"numberOfDocuments":9.303991433940123,"label":"University of Glasgow"},{"numberOfDocuments":0.8314088535885371,"label":"University of St Andrews"},{"numberOfDocuments":12.223455959690082,"label":"University of Strathclyde"}],"conceptId":31},{"topicData":[{"numberOfDocuments":6.07661943876049,"label":"Heriot-Watt University"},{"numberOfDocuments":17.48969499373731,"label":"Robert Gordon University"},{"numberOfDocuments":4.550441891536332,"label":"Glasgow Caledonian University"},{"numberOfDocuments":11.510823407220368,"label":"Queen Margaret University"},{"numberOfDocuments":12.247107004318435,"label":"University of Dundee"},{"numberOfDocuments":2.070831872744685,"label":"University of the Highlands and Islands"},{"numberOfDocuments":9.686604263406336,"label":"Edinburgh Napier University"},{"numberOfDocuments":29.09040830463714,"label":"University of Stirling"},{"numberOfDocuments":4.42847559118598,"label":"Abertay University"},{"numberOfDocuments":11.765851686141735,"label":"University of Aberdeen"},{"numberOfDocuments":33.1166837953956,"label":"University of Edinburgh"},{"numberOfDocuments":5.21065716459134,"label":"University of the West of Scotland"},{"numberOfDocuments":29.646515981013685,"label":"University of Glasgow"},{"numberOfDocuments":11.001995251252545,"label":"University of St Andrews"},{"numberOfDocuments":28.402480262680477,"label":"University of Strathclyde"}],"conceptId":32}]