{"linkageTable":[{"node2":15,"distance":0.37932309442647,"node1":4},{"node2":8,"distance":0.453642762862485,"node1":7},{"node2":12,"distance":0.45368444683603,"node1":3},{"node2":10,"distance":0.475587226747265,"node1":1},{"node2":17,"distance":0.48231952449550997,"node1":0},{"node2":11,"distance":0.48348111205817745,"node1":18},{"node2":5,"distance":0.4887215781158375,"node1":19},{"node2":6,"distance":0.4888030053814217,"node1":20},{"node2":14,"distance":0.4891147764742633,"node1":21},{"node2":9,"distance":0.4905804451076225,"node1":16},{"node2":25,"distance":0.4927574956878482,"node1":24},{"node2":13,"distance":0.4952921116939275,"node1":23},{"node2":26,"distance":0.4968158064306255,"node1":22},{"node2":28,"distance":0.4988087556648034,"node1":27},{"node2":2,"distance":0.49889908512809966,"node1":29}],"conceptsData":[{"conceptId":10,"clusterId":0,"hexCoordinates":{"x":3.4641016151377544,"y":-3.0},"labels":[{"weight":501.0,"label":"gait"},{"weight":420.0,"label":"foot"},{"weight":242.0,"label":"walk"},{"weight":141.0,"label":"kinematic"},{"weight":141.0,"label":"ankle"},{"weight":137.0,"label":"knee"},{"weight":131.0,"label":"force"},{"weight":129.0,"label":"study"},{"weight":122.0,"label":"plantar"},{"weight":119.0,"label":"pressure"},{"weight":110.0,"label":"speed"},{"weight":96.0,"label":"compare"},{"weight":95.0,"label":"limb"},{"weight":94.0,"label":"lower"},{"weight":93.0,"label":"peak"},{"weight":90.0,"label":"shoe"},{"weight":89.0,"label":"heel"},{"weight":81.0,"label":"flexion"},{"weight":74.0,"label":"healthy"},{"weight":66.0,"label":"joint"},{"weight":64.0,"label":"afo"},{"weight":64.0,"label":"functional"},{"weight":64.0,"label":"measure"},{"weight":63.0,"label":"treadmill"},{"weight":61.0,"label":"run"}]},{"conceptId":3,"clusterId":0,"hexCoordinates":{"x":0.0,"y":0.0},"labels":[{"weight":274.0,"label":"nitrate"},{"weight":126.0,"label":"nitrite"},{"weight":125.0,"label":"plasma"},{"weight":117.0,"label":"pla"},{"weight":115.0,"label":"oxide"},{"weight":112.0,"label":"nitric"},{"weight":103.0,"label":"reduce"},{"weight":80.0,"label":"con"},{"weight":63.0,"label":"follow"},{"weight":61.0,"label":"nit"},{"weight":60.0,"label":"supplementation"},{"weight":58.0,"label":"dietary"},{"weight":57.0,"label":"bacterium"},{"weight":55.0,"label":"abundance"},{"weight":55.0,"label":"increase"},{"weight":54.0,"label":"min"},{"weight":50.0,"label":"change"},{"weight":46.0,"label":"ingestion"},{"weight":46.0,"label":"reduction"},{"weight":44.0,"label":"salivary"},{"weight":44.0,"label":"trial"},{"weight":38.0,"label":"healthy"},{"weight":38.0,"label":"blood"},{"weight":38.0,"label":"light"},{"weight":34.0,"label":"measure"}]},{"conceptId":1,"clusterId":0,"hexCoordinates":{"x":2.598076211353316,"y":-4.5},"labels":[{"weight":196.0,"label":"pipeline"},{"weight":99.0,"label":"motion"},{"weight":86.0,"label":"pipe"},{"weight":82.0,"label":"internal"},{"weight":76.0,"label":"joint"},{"weight":64.0,"label":"angle"},{"weight":54.0,"label":"rotation"},{"weight":51.0,"label":"axis"},{"weight":48.0,"label":"external"},{"weight":45.0,"label":"plough"},{"weight":45.0,"label":"movement"},{"weight":44.0,"label":"axial"},{"weight":43.0,"label":"lower"},{"weight":41.0,"label":"moment"},{"weight":40.0,"label":"head"},{"weight":39.0,"label":"kinematic"},{"weight":34.0,"label":"diameter"},{"weight":34.0,"label":"determine"},{"weight":32.0,"label":"result"},{"weight":32.0,"label":"force"},{"weight":31.0,"label":"pass"},{"weight":31.0,"label":"plane"},{"weight":29.0,"label":"pull"},{"weight":28.0,"label":"biomechanical"},{"weight":28.0,"label":"location"}]},{"conceptId":-1,"clusterId":-1,"hexCoordinates":{"x":10.392304845413264,"y":1.5},"labels":[{"weight":2500,"label":"Unclassified"},{"weight":0,"label":""},{"weight":0,"label":""},{"weight":0,"label":""},{"weight":0,"label":""},{"weight":0,"label":""},{"weight":0,"label":""},{"weight":0,"label":""},{"weight":0,"label":""},{"weight":0,"label":""},{"weight":0,"label":""}]},{"conceptId":8,"clusterId":0,"hexCoordinates":{"x":5.196152422706632,"y":0.0},"labels":[{"weight":1526.0,"label":"activity"},{"weight":1182.0,"label":"physical"},{"weight":459.0,"label":"time"},{"weight":412.0,"label":"mvpa"},{"weight":375.0,"label":"day"},{"weight":321.0,"label":"walk"},{"weight":294.0,"label":"daily"},{"weight":280.0,"label":"active"},{"weight":263.0,"label":"sedentary"},{"weight":247.0,"label":"moderate"},{"weight":235.0,"label":"step"},{"weight":232.0,"label":"min"},{"weight":231.0,"label":"level"},{"weight":211.0,"label":"intensity"},{"weight":205.0,"label":"vigorous"},{"weight":203.0,"label":"health"},{"weight":186.0,"label":"accelerometer"},{"weight":182.0,"label":"spend"},{"weight":176.0,"label":"count"},{"weight":172.0,"label":"study"},{"weight":168.0,"label":"measure"},{"weight":162.0,"label":"minute"},{"weight":154.0,"label":"year"},{"weight":149.0,"label":"participant"},{"weight":126.0,"label":"behaviour"}]},{"conceptId":2,"clusterId":0,"hexCoordinates":{"x":2.598076211353316,"y":1.5},"labels":[{"weight":648.0,"label":"strength"},{"weight":176.0,"label":"grip"},{"weight":54.0,"label":"uae"},{"weight":46.0,"label":"gcc"},{"weight":46.0,"label":"study"},{"weight":45.0,"label":"handgrip"},{"weight":42.0,"label":"physical"},{"weight":40.0,"label":"weakness"},{"weight":39.0,"label":"hand"},{"weight":35.0,"label":"arab"},{"weight":32.0,"label":"emirate"},{"weight":26.0,"label":"unite"},{"weight":21.0,"label":"pinch"},{"weight":21.0,"label":"muscle"},{"weight":20.0,"label":"upper"},{"weight":19.0,"label":"fitness"},{"weight":18.0,"label":"pap"},{"weight":18.0,"label":"muscular"},{"weight":18.0,"label":"dexterity"},{"weight":18.0,"label":"malaysia"},{"weight":18.0,"label":"month"},{"weight":16.0,"label":"gulf"},{"weight":16.0,"label":"status"},{"weight":16.0,"label":"positive"},{"weight":15.0,"label":"iam"}]},{"conceptId":5,"clusterId":0,"hexCoordinates":{"x":4.330127018922193,"y":-4.5},"labels":[{"weight":455.0,"label":"fall"},{"weight":80.0,"label":"mask"},{"weight":67.0,"label":"risk"},{"weight":59.0,"label":"balance"},{"weight":51.0,"label":"perturbation"},{"weight":36.0,"label":"device"},{"weight":33.0,"label":"faller"},{"weight":28.0,"label":"fear"},{"weight":28.0,"label":"stability"},{"weight":28.0,"label":"history"},{"weight":27.0,"label":"prevention"},{"weight":23.0,"label":"acb"},{"weight":23.0,"label":"carpal"},{"weight":22.0,"label":"scc"},{"weight":21.0,"label":"postural"},{"weight":18.0,"label":"tunnel"},{"weight":18.0,"label":"response"},{"weight":17.0,"label":"anticholinergic"},{"weight":15.0,"label":"autoantibody"},{"weight":15.0,"label":"adota"},{"weight":15.0,"label":"harness"},{"weight":15.0,"label":"standing"},{"weight":14.0,"label":"injury"},{"weight":12.0,"label":"recover"},{"weight":11.0,"label":"deceleration"}]},{"conceptId":7,"clusterId":0,"hexCoordinates":{"x":4.330127018922193,"y":-1.5},"labels":[{"weight":773.0,"label":"time"},{"weight":520.0,"label":"day"},{"weight":512.0,"label":"sedentary"},{"weight":313.0,"label":"sit"},{"weight":307.0,"label":"measure"},{"weight":251.0,"label":"activity"},{"weight":213.0,"label":"step"},{"weight":198.0,"label":"wear"},{"weight":194.0,"label":"monitor"},{"weight":186.0,"label":"method"},{"weight":176.0,"label":"activpal"},{"weight":175.0,"label":"participant"},{"weight":165.0,"label":"behaviour"},{"weight":164.0,"label":"spend"},{"weight":161.0,"label":"minute"},{"weight":160.0,"label":"agreement"},{"weight":135.0,"label":"min"},{"weight":129.0,"label":"study"},{"weight":106.0,"label":"accelerometer"},{"weight":106.0,"label":"hour"},{"weight":106.0,"label":"result"},{"weight":98.0,"label":"difference"},{"weight":97.0,"label":"compare"},{"weight":96.0,"label":"weekend"},{"weight":96.0,"label":"conclusion"}]},{"conceptId":12,"clusterId":0,"hexCoordinates":{"x":1.7320508075688772,"y":0.0},"labels":[{"weight":788.0,"label":"exercise"},{"weight":471.0,"label":"training"},{"weight":421.0,"label":"min"},{"weight":310.0,"label":"intensity"},{"weight":286.0,"label":"performance"},{"weight":264.0,"label":"time"},{"weight":256.0,"label":"test"},{"weight":248.0,"label":"sprint"},{"weight":229.0,"label":"max"},{"weight":211.0,"label":"effect"},{"weight":198.0,"label":"trial"},{"weight":192.0,"label":"study"},{"weight":191.0,"label":"week"},{"weight":182.0,"label":"session"},{"weight":175.0,"label":"sit"},{"weight":175.0,"label":"group"},{"weight":172.0,"label":"increase"},{"weight":171.0,"label":"follow"},{"weight":161.0,"label":"control"},{"weight":159.0,"label":"post"},{"weight":159.0,"label":"protocol"},{"weight":158.0,"label":"participant"},{"weight":154.0,"label":"peak"},{"weight":149.0,"label":"perform"},{"weight":148.0,"label":"compare"}]},{"conceptId":13,"clusterId":0,"hexCoordinates":{"x":6.928203230275509,"y":0.0},"labels":[{"weight":3669.0,"label":"activity"},{"weight":2022.0,"label":"physical"},{"weight":362.0,"label":"participation"},{"weight":333.0,"label":"active"},{"weight":307.0,"label":"level"},{"weight":198.0,"label":"leisure"},{"weight":160.0,"label":"increase"},{"weight":118.0,"label":"exercise"},{"weight":101.0,"label":"motivation"},{"weight":78.0,"label":"influence"},{"weight":74.0,"label":"benefit"},{"weight":73.0,"label":"profile"},{"weight":72.0,"label":"promote"},{"weight":70.0,"label":"type"},{"weight":65.0,"label":"fitness"},{"weight":64.0,"label":"physically"},{"weight":63.0,"label":"social"},{"weight":59.0,"label":"inactive"},{"weight":57.0,"label":"engagement"},{"weight":56.0,"label":"sport"},{"weight":56.0,"label":"explore"},{"weight":53.0,"label":"higher"},{"weight":52.0,"label":"lifestyle"},{"weight":52.0,"label":"participate"},{"weight":49.0,"label":"engage"}]},{"conceptId":0,"clusterId":0,"hexCoordinates":{"x":6.06217782649107,"y":-1.5},"labels":[{"weight":505.0,"label":"behaviour"},{"weight":497.0,"label":"sedentary"},{"weight":433.0,"label":"activity"},{"weight":429.0,"label":"physical"},{"weight":343.0,"label":"lifestyle"},{"weight":276.0,"label":"sit"},{"weight":267.0,"label":"time"},{"weight":253.0,"label":"health"},{"weight":217.0,"label":"change"},{"weight":123.0,"label":"diet"},{"weight":122.0,"label":"intervention"},{"weight":102.0,"label":"healthy"},{"weight":97.0,"label":"weight"},{"weight":94.0,"label":"day"},{"weight":94.0,"label":"reduce"},{"weight":83.0,"label":"base"},{"weight":80.0,"label":"behavior"},{"weight":78.0,"label":"man"},{"weight":75.0,"label":"program"},{"weight":70.0,"label":"dietary"},{"weight":69.0,"label":"adult"},{"weight":66.0,"label":"eurofit"},{"weight":65.0,"label":"improve"},{"weight":59.0,"label":"programme"},{"weight":59.0,"label":"increase"}]},{"conceptId":14,"clusterId":0,"hexCoordinates":{"x":2.598076211353316,"y":-1.5},"labels":[{"weight":1531.0,"label":"sport"},{"weight":632.0,"label":"athlete"},{"weight":388.0,"label":"football"},{"weight":344.0,"label":"coach"},{"weight":322.0,"label":"club"},{"weight":289.0,"label":"player"},{"weight":246.0,"label":"team"},{"weight":238.0,"label":"performance"},{"weight":231.0,"label":"competition"},{"weight":224.0,"label":"elite"},{"weight":189.0,"label":"soccer"},{"weight":166.0,"label":"injury"},{"weight":164.0,"label":"coaching"},{"weight":164.0,"label":"game"},{"weight":153.0,"label":"doping"},{"weight":135.0,"label":"match"},{"weight":135.0,"label":"professional"},{"weight":120.0,"label":"play"},{"weight":112.0,"label":"rugby"},{"weight":105.0,"label":"league"},{"weight":104.0,"label":"level"},{"weight":99.0,"label":"anti"},{"weight":97.0,"label":"youth"},{"weight":90.0,"label":"training"},{"weight":89.0,"label":"competitive"}]},{"conceptId":11,"clusterId":0,"hexCoordinates":{"x":0.8660254037844386,"y":-1.5},"labels":[{"weight":1191.0,"label":"exercise"},{"weight":489.0,"label":"training"},{"weight":288.0,"label":"strength"},{"weight":275.0,"label":"muscle"},{"weight":198.0,"label":"resistance"},{"weight":186.0,"label":"performance"},{"weight":176.0,"label":"week"},{"weight":170.0,"label":"group"},{"weight":161.0,"label":"effect"},{"weight":158.0,"label":"increase"},{"weight":148.0,"label":"improve"},{"weight":144.0,"label":"follow"},{"weight":138.0,"label":"function"},{"weight":122.0,"label":"compare"},{"weight":118.0,"label":"study"},{"weight":107.0,"label":"measure"},{"weight":106.0,"label":"supplementation"},{"weight":100.0,"label":"balance"},{"weight":96.0,"label":"aerobic"},{"weight":92.0,"label":"capacity"},{"weight":91.0,"label":"session"},{"weight":89.0,"label":"post"},{"weight":89.0,"label":"test"},{"weight":85.0,"label":"rest"},{"weight":83.0,"label":"intervention"}]},{"conceptId":6,"clusterId":0,"hexCoordinates":{"x":3.4641016151377544,"y":0.0},"labels":[{"weight":604.0,"label":"walk"},{"weight":157.0,"label":"distance"},{"weight":96.0,"label":"speed"},{"weight":83.0,"label":"walking"},{"weight":63.0,"label":"drop"},{"weight":57.0,"label":"people"},{"weight":57.0,"label":"test"},{"weight":51.0,"label":"intermittent"},{"weight":46.0,"label":"mwt"},{"weight":46.0,"label":"participant"},{"weight":45.0,"label":"effect"},{"weight":44.0,"label":"stimulation"},{"weight":42.0,"label":"duration"},{"weight":41.0,"label":"increase"},{"weight":40.0,"label":"cadence"},{"weight":37.0,"label":"min"},{"weight":37.0,"label":"multiple"},{"weight":36.0,"label":"treadmill"},{"weight":35.0,"label":"cannabidiol"},{"weight":35.0,"label":"exercise"},{"weight":33.0,"label":"claudication"},{"weight":33.0,"label":"pad"},{"weight":33.0,"label":"pwm"},{"weight":32.0,"label":"short"},{"weight":32.0,"label":"slow"}]},{"conceptId":15,"clusterId":0,"hexCoordinates":{"x":1.7320508075688772,"y":-3.0},"labels":[{"weight":141.0,"label":"epac"},{"weight":111.0,"label":"camp"},{"weight":111.0,"label":"activation"},{"weight":110.0,"label":"peak"},{"weight":74.0,"label":"muscle"},{"weight":74.0,"label":"cyclic"},{"weight":53.0,"label":"pka"},{"weight":52.0,"label":"trunk"},{"weight":49.0,"label":"lower"},{"weight":43.0,"label":"socs"},{"weight":35.0,"label":"amp"},{"weight":35.0,"label":"selective"},{"weight":35.0,"label":"maximal"},{"weight":31.0,"label":"agonist"},{"weight":29.0,"label":"determine"},{"weight":29.0,"label":"perform"},{"weight":28.0,"label":"exercise"},{"weight":25.0,"label":"load"},{"weight":23.0,"label":"level"},{"weight":22.0,"label":"cpet"},{"weight":22.0,"label":"leg"},{"weight":19.0,"label":"gluteus"},{"weight":19.0,"label":"activity"},{"weight":18.0,"label":"ezrin"},{"weight":17.0,"label":"spasticity"}]},{"conceptId":9,"clusterId":0,"hexCoordinates":{"x":0.8660254037844386,"y":-4.5},"labels":[{"weight":244.0,"label":"milk"},{"weight":174.0,"label":"cow"},{"weight":129.0,"label":"golf"},{"weight":126.0,"label":"lactation"},{"weight":119.0,"label":"muscle"},{"weight":113.0,"label":"day"},{"weight":75.0,"label":"yield"},{"weight":65.0,"label":"study"},{"weight":60.0,"label":"dairy"},{"weight":53.0,"label":"golfer"},{"weight":52.0,"label":"session"},{"weight":52.0,"label":"level"},{"weight":49.0,"label":"performance"},{"weight":49.0,"label":"significant"},{"weight":47.0,"label":"swing"},{"weight":42.0,"label":"ball"},{"weight":40.0,"label":"difference"},{"weight":39.0,"label":"activity"},{"weight":39.0,"label":"fatigue"},{"weight":39.0,"label":"surface"},{"weight":38.0,"label":"parity"},{"weight":37.0,"label":"put"},{"weight":37.0,"label":"increase"},{"weight":37.0,"label":"distance"},{"weight":36.0,"label":"electromyography"}]},{"conceptId":4,"clusterId":0,"hexCoordinates":{"x":0.0,"y":-3.0},"labels":[{"weight":293.0,"label":"force"},{"weight":143.0,"label":"contact"},{"weight":122.0,"label":"vertical"},{"weight":105.0,"label":"horizontal"},{"weight":103.0,"label":"mix"},{"weight":71.0,"label":"squat"},{"weight":69.0,"label":"finger"},{"weight":46.0,"label":"bar"},{"weight":42.0,"label":"movement"},{"weight":41.0,"label":"back"},{"weight":39.0,"label":"velocity"},{"weight":38.0,"label":"thrust"},{"weight":32.0,"label":"hip"},{"weight":31.0,"label":"split"},{"weight":26.0,"label":"lift"},{"weight":25.0,"label":"separate"},{"weight":22.0,"label":"press"},{"weight":22.0,"label":"dynamic"},{"weight":22.0,"label":"measure"},{"weight":22.0,"label":"experiment"},{"weight":22.0,"label":"reaction"},{"weight":21.0,"label":"barbell"},{"weight":21.0,"label":"static"},{"weight":21.0,"label":"mass"},{"weight":21.0,"label":"case"}]}]}