{"linkageTable":[{"node2":6,"distance":0.45869035732784,"node1":2},{"node2":3,"distance":0.462982014337035,"node1":1},{"node2":9,"distance":0.46799549570504,"node1":7},{"node2":5,"distance":0.4738245751345225,"node1":10},{"node2":8,"distance":0.4837742692706175,"node1":11},{"node2":13,"distance":0.48476042478705494,"node1":0},{"node2":14,"distance":0.4899608408186738,"node1":15},{"node2":12,"distance":0.4911760140669067,"node1":16},{"node2":4,"distance":0.49547959976490996,"node1":17}],"conceptsData":[{"conceptId":8,"clusterId":0,"hexCoordinates":{"x":3.4641016151377544,"y":-3.0},"labels":[{"weight":346.0,"label":"effector"},{"weight":344.0,"label":"plant"},{"weight":182.0,"label":"host"},{"weight":157.0,"label":"potato"},{"weight":140.0,"label":"pathogen"},{"weight":128.0,"label":"nematode"},{"weight":118.0,"label":"resistance"},{"weight":84.0,"label":"infestan"},{"weight":75.0,"label":"aphid"},{"weight":74.0,"label":"infection"},{"weight":60.0,"label":"phytophthora"},{"weight":55.0,"label":"immunity"},{"weight":54.0,"label":"secrete"},{"weight":54.0,"label":"cell"},{"weight":53.0,"label":"protein"},{"weight":49.0,"label":"oomycete"},{"weight":49.0,"label":"expression"},{"weight":47.0,"label":"gene"},{"weight":46.0,"label":"gland"},{"weight":45.0,"label":"identify"},{"weight":44.0,"label":"species"},{"weight":42.0,"label":"solanum"},{"weight":41.0,"label":"associate"},{"weight":40.0,"label":"cyst"},{"weight":40.0,"label":"parasitic"}]},{"conceptId":2,"clusterId":0,"hexCoordinates":{"x":0.0,"y":0.0},"labels":[{"weight":475.0,"label":"population"},{"weight":427.0,"label":"species"},{"weight":318.0,"label":"divergence"},{"weight":299.0,"label":"genetic"},{"weight":243.0,"label":"hybrid"},{"weight":205.0,"label":"gene"},{"weight":183.0,"label":"evolutionary"},{"weight":126.0,"label":"adaptive"},{"weight":123.0,"label":"adaptation"},{"weight":122.0,"label":"selection"},{"weight":106.0,"label":"ecological"},{"weight":105.0,"label":"speciation"},{"weight":104.0,"label":"flow"},{"weight":101.0,"label":"variation"},{"weight":99.0,"label":"isolation"},{"weight":96.0,"label":"genomic"},{"weight":93.0,"label":"diversity"},{"weight":90.0,"label":"lineage"},{"weight":88.0,"label":"show"},{"weight":86.0,"label":"pattern"},{"weight":84.0,"label":"hybridization"},{"weight":82.0,"label":"plant"},{"weight":82.0,"label":"origin"},{"weight":81.0,"label":"evolution"},{"weight":78.0,"label":"native"}]},{"conceptId":6,"clusterId":0,"hexCoordinates":{"x":1.7320508075688772,"y":0.0},"labels":[{"weight":1188.0,"label":"population"},{"weight":878.0,"label":"genetic"},{"weight":409.0,"label":"marker"},{"weight":379.0,"label":"diversity"},{"weight":371.0,"label":"locus"},{"weight":279.0,"label":"snp"},{"weight":233.0,"label":"gene"},{"weight":226.0,"label":"allele"},{"weight":214.0,"label":"individual"},{"weight":199.0,"label":"region"},{"weight":191.0,"label":"haplotype"},{"weight":190.0,"label":"chromosome"},{"weight":190.0,"label":"genotype"},{"weight":185.0,"label":"identify"},{"weight":177.0,"label":"polymorphism"},{"weight":169.0,"label":"variation"},{"weight":169.0,"label":"structure"},{"weight":156.0,"label":"microsatellite"},{"weight":150.0,"label":"single"},{"weight":147.0,"label":"selection"},{"weight":145.0,"label":"high"},{"weight":140.0,"label":"level"},{"weight":138.0,"label":"differentiation"},{"weight":122.0,"label":"linkage"},{"weight":121.0,"label":"analysis"}]},{"conceptId":3,"clusterId":0,"hexCoordinates":{"x":2.598076211353316,"y":-1.5},"labels":[{"weight":1730.0,"label":"gene"},{"weight":1293.0,"label":"genome"},{"weight":904.0,"label":"sequence"},{"weight":671.0,"label":"species"},{"weight":444.0,"label":"identify"},{"weight":398.0,"label":"evolution"},{"weight":388.0,"label":"analysis"},{"weight":342.0,"label":"family"},{"weight":289.0,"label":"protein"},{"weight":268.0,"label":"genomic"},{"weight":257.0,"label":"evolutionary"},{"weight":249.0,"label":"lineage"},{"weight":236.0,"label":"include"},{"weight":215.0,"label":"functional"},{"weight":206.0,"label":"conserve"},{"weight":204.0,"label":"sequencing"},{"weight":201.0,"label":"specific"},{"weight":193.0,"label":"important"},{"weight":185.0,"label":"find"},{"weight":184.0,"label":"number"},{"weight":183.0,"label":"present"},{"weight":174.0,"label":"encode"},{"weight":172.0,"label":"reveal"},{"weight":163.0,"label":"duplication"},{"weight":163.0,"label":"element"}]},{"conceptId":7,"clusterId":0,"hexCoordinates":{"x":3.4641016151377544,"y":0.0},"labels":[{"weight":1182.0,"label":"isolate"},{"weight":738.0,"label":"sequence"},{"weight":718.0,"label":"strain"},{"weight":393.0,"label":"genome"},{"weight":326.0,"label":"genetic"},{"weight":325.0,"label":"diversity"},{"weight":301.0,"label":"analysis"},{"weight":286.0,"label":"identify"},{"weight":279.0,"label":"lineage"},{"weight":276.0,"label":"type"},{"weight":275.0,"label":"host"},{"weight":257.0,"label":"population"},{"weight":254.0,"label":"gene"},{"weight":250.0,"label":"genotype"},{"weight":222.0,"label":"sequencing"},{"weight":201.0,"label":"distinct"},{"weight":195.0,"label":"sample"},{"weight":179.0,"label":"reveal"},{"weight":177.0,"label":"associate"},{"weight":172.0,"label":"study"},{"weight":170.0,"label":"suggest"},{"weight":159.0,"label":"region"},{"weight":159.0,"label":"find"},{"weight":157.0,"label":"phylogenetic"},{"weight":156.0,"label":"transmission"}]},{"conceptId":0,"clusterId":0,"hexCoordinates":{"x":-0.8660254037844386,"y":-1.5},"labels":[{"weight":892.0,"label":"genome"},{"weight":668.0,"label":"gene"},{"weight":620.0,"label":"sequence"},{"weight":276.0,"label":"assembly"},{"weight":234.0,"label":"sequencing"},{"weight":216.0,"label":"dna"},{"weight":183.0,"label":"genetic"},{"weight":182.0,"label":"genomic"},{"weight":144.0,"label":"cas"},{"weight":138.0,"label":"organism"},{"weight":134.0,"label":"single"},{"weight":130.0,"label":"generate"},{"weight":128.0,"label":"encode"},{"weight":121.0,"label":"crispr"},{"weight":120.0,"label":"target"},{"weight":119.0,"label":"protein"},{"weight":119.0,"label":"identify"},{"weight":117.0,"label":"editing"},{"weight":117.0,"label":"species"},{"weight":116.0,"label":"multiple"},{"weight":115.0,"label":"chromosome"},{"weight":108.0,"label":"strain"},{"weight":102.0,"label":"assemble"},{"weight":98.0,"label":"evolution"},{"weight":96.0,"label":"large"}]},{"conceptId":1,"clusterId":0,"hexCoordinates":{"x":1.7320508075688772,"y":-3.0},"labels":[{"weight":170.0,"label":"vertebrate"},{"weight":123.0,"label":"fish"},{"weight":104.0,"label":"mammal"},{"weight":70.0,"label":"specimen"},{"weight":70.0,"label":"fossil"},{"weight":67.0,"label":"species"},{"weight":65.0,"label":"dinosaur"},{"weight":63.0,"label":"evolution"},{"weight":62.0,"label":"group"},{"weight":60.0,"label":"reptile"},{"weight":59.0,"label":"cretaceous"},{"weight":58.0,"label":"body"},{"weight":49.0,"label":"jurassic"},{"weight":49.0,"label":"feature"},{"weight":48.0,"label":"ancestor"},{"weight":47.0,"label":"bird"},{"weight":47.0,"label":"small"},{"weight":46.0,"label":"lineage"},{"weight":46.0,"label":"million"},{"weight":46.0,"label":"early"},{"weight":44.0,"label":"year"},{"weight":43.0,"label":"include"},{"weight":42.0,"label":"describe"},{"weight":41.0,"label":"hominin"},{"weight":41.0,"label":"evolutionary"}]},{"conceptId":9,"clusterId":0,"hexCoordinates":{"x":4.330127018922193,"y":-1.5},"labels":[{"weight":153.0,"label":"sequencing"},{"weight":135.0,"label":"read"},{"weight":122.0,"label":"sequence"},{"weight":85.0,"label":"genome"},{"weight":69.0,"label":"crf"},{"weight":45.0,"label":"assembly"},{"weight":42.0,"label":"invadolysin"},{"weight":40.0,"label":"length"},{"weight":39.0,"label":"illumina"},{"weight":35.0,"label":"dataset"},{"weight":31.0,"label":"coverage"},{"weight":30.0,"label":"minion"},{"weight":30.0,"label":"reference"},{"weight":29.0,"label":"quality"},{"weight":25.0,"label":"platform"},{"weight":24.0,"label":"insert"},{"weight":24.0,"label":"end"},{"weight":24.0,"label":"generate"},{"weight":20.0,"label":"metagenomic"},{"weight":19.0,"label":"seq"},{"weight":18.0,"label":"ehv"},{"weight":18.0,"label":"nanopore"},{"weight":16.0,"label":"isoprene"},{"weight":16.0,"label":"paired"},{"weight":16.0,"label":"full"}]},{"conceptId":4,"clusterId":0,"hexCoordinates":{"x":0.0,"y":-3.0},"labels":[{"weight":152.0,"label":"species"},{"weight":152.0,"label":"type"},{"weight":125.0,"label":"genetic"},{"weight":104.0,"label":"taxonomic"},{"weight":104.0,"label":"morphological"},{"weight":102.0,"label":"specimen"},{"weight":100.0,"label":"foraminifera"},{"weight":67.0,"label":"bulloide"},{"weight":61.0,"label":"planktonic"},{"weight":59.0,"label":"foraminiferal"},{"weight":57.0,"label":"sequence"},{"weight":51.0,"label":"morphology"},{"weight":47.0,"label":"molecular"},{"weight":43.0,"label":"specific"},{"weight":41.0,"label":"dna"},{"weight":39.0,"label":"ssu"},{"weight":39.0,"label":"collect"},{"weight":35.0,"label":"genotype"},{"weight":35.0,"label":"identification"},{"weight":34.0,"label":"character"},{"weight":33.0,"label":"distribution"},{"weight":32.0,"label":"hmf"},{"weight":31.0,"label":"assign"},{"weight":30.0,"label":"metabarcoding"},{"weight":30.0,"label":"barcode"}]},{"conceptId":5,"clusterId":0,"hexCoordinates":{"x":0.8660254037844386,"y":-1.5},"labels":[{"weight":1026.0,"label":"species"},{"weight":338.0,"label":"phylogenetic"},{"weight":226.0,"label":"tree"},{"weight":211.0,"label":"evolutionary"},{"weight":168.0,"label":"phylogeny"},{"weight":168.0,"label":"data"},{"weight":157.0,"label":"diversity"},{"weight":144.0,"label":"lineage"},{"weight":139.0,"label":"analysis"},{"weight":131.0,"label":"taxa"},{"weight":130.0,"label":"genus"},{"weight":126.0,"label":"relationship"},{"weight":125.0,"label":"sequence"},{"weight":121.0,"label":"molecular"},{"weight":113.0,"label":"support"},{"weight":112.0,"label":"suggest"},{"weight":104.0,"label":"morphological"},{"weight":102.0,"label":"clade"},{"weight":102.0,"label":"diversification"},{"weight":96.0,"label":"evolution"},{"weight":92.0,"label":"genera"},{"weight":89.0,"label":"group"},{"weight":87.0,"label":"base"},{"weight":81.0,"label":"history"},{"weight":76.0,"label":"family"}]},{"conceptId":-1,"clusterId":-1,"hexCoordinates":{"x":7.794228634059947,"y":0.0},"labels":[{"weight":2500,"label":"Unclassified"},{"weight":0,"label":""},{"weight":0,"label":""},{"weight":0,"label":""},{"weight":0,"label":""},{"weight":0,"label":""},{"weight":0,"label":""},{"weight":0,"label":""},{"weight":0,"label":""},{"weight":0,"label":""},{"weight":0,"label":""}]}]}