{"linkageTable":[{"node2":17,"distance":0.457722155391355,"node1":7},{"node2":16,"distance":0.461748372354445,"node1":8},{"node2":6,"distance":0.47921848017538,"node1":0},{"node2":11,"distance":0.48036782970061,"node1":10},{"node2":15,"distance":0.4807420580929,"node1":12},{"node2":18,"distance":0.48561935404146,"node1":1},{"node2":13,"distance":0.48909035759148,"node1":2},{"node2":14,"distance":0.490705876430895,"node1":5},{"node2":25,"distance":0.49323472114032835,"node1":23},{"node2":21,"distance":0.49380946398019127,"node1":20},{"node2":19,"distance":0.4943664796562087,"node1":24},{"node2":3,"distance":0.495206006172603,"node1":26},{"node2":22,"distance":0.49562069816286997,"node1":29},{"node2":9,"distance":0.49587538740741627,"node1":27},{"node2":30,"distance":0.4974798412459343,"node1":31},{"node2":4,"distance":0.4980978122905123,"node1":32},{"node2":28,"distance":0.4984718085328662,"node1":33}],"conceptsData":[{"conceptId":2,"clusterId":0,"hexCoordinates":{"x":2.598076211353316,"y":4.5},"labels":[{"weight":168.0,"label":"microbiota"},{"weight":87.0,"label":"gut"},{"weight":35.0,"label":"microbial"},{"weight":33.0,"label":"host"},{"weight":33.0,"label":"bacterial"},{"weight":31.0,"label":"composition"},{"weight":31.0,"label":"bacterium"},{"weight":30.0,"label":"colonization"},{"weight":28.0,"label":"microbiome"},{"weight":26.0,"label":"vibrio"},{"weight":26.0,"label":"health"},{"weight":23.0,"label":"respiratory"},{"weight":23.0,"label":"suggest"},{"weight":21.0,"label":"understand"},{"weight":21.0,"label":"community"},{"weight":19.0,"label":"rhizosphere"},{"weight":19.0,"label":"tube"},{"weight":19.0,"label":"influence"},{"weight":19.0,"label":"architecture"},{"weight":19.0,"label":"factor"},{"weight":18.0,"label":"commensal"},{"weight":18.0,"label":"impact"},{"weight":17.0,"label":"regeneration"},{"weight":17.0,"label":"era"},{"weight":14.0,"label":"operculum"}]},{"conceptId":9,"clusterId":0,"hexCoordinates":{"x":-3.4641016151377544,"y":3.0},"labels":[{"weight":329.0,"label":"tuberculosis"},{"weight":230.0,"label":"treatment"},{"weight":113.0,"label":"patient"},{"weight":96.0,"label":"rifampicin"},{"weight":90.0,"label":"regimen"},{"weight":86.0,"label":"drug"},{"weight":81.0,"label":"culture"},{"weight":76.0,"label":"isoniazid"},{"weight":75.0,"label":"mtb"},{"weight":59.0,"label":"mycobacterium"},{"weight":52.0,"label":"anti"},{"weight":45.0,"label":"smear"},{"weight":45.0,"label":"pulmonary"},{"weight":44.0,"label":"sputum"},{"weight":40.0,"label":"resistant"},{"weight":38.0,"label":"inh"},{"weight":36.0,"label":"positive"},{"weight":35.0,"label":"receive"},{"weight":34.0,"label":"moxifloxacin"},{"weight":32.0,"label":"month"},{"weight":31.0,"label":"outcome"},{"weight":30.0,"label":"ethambutol"},{"weight":28.0,"label":"mgit"},{"weight":28.0,"label":"pyrazinamide"},{"weight":27.0,"label":"mdr"}]},{"conceptId":0,"clusterId":0,"hexCoordinates":{"x":-2.598076211353316,"y":1.5},"labels":[{"weight":227.0,"label":"bacterium"},{"weight":189.0,"label":"bacterial"},{"weight":151.0,"label":"antimicrobial"},{"weight":128.0,"label":"honey"},{"weight":114.0,"label":"growth"},{"weight":78.0,"label":"gram"},{"weight":75.0,"label":"coli"},{"weight":73.0,"label":"surface"},{"weight":69.0,"label":"cfu"},{"weight":68.0,"label":"colony"},{"weight":61.0,"label":"concentration"},{"weight":59.0,"label":"culture"},{"weight":55.0,"label":"antibacterial"},{"weight":55.0,"label":"show"},{"weight":54.0,"label":"pathogen"},{"weight":54.0,"label":"aeruginosa"},{"weight":53.0,"label":"count"},{"weight":53.0,"label":"produce"},{"weight":52.0,"label":"antibiotic"},{"weight":51.0,"label":"sample"},{"weight":50.0,"label":"activity"},{"weight":50.0,"label":"test"},{"weight":47.0,"label":"aureus"},{"weight":47.0,"label":"microbial"},{"weight":45.0,"label":"control"}]},{"conceptId":13,"clusterId":0,"hexCoordinates":{"x":3.4641016151377544,"y":3.0},"labels":[{"weight":524.0,"label":"microbial"},{"weight":464.0,"label":"community"},{"weight":361.0,"label":"bacterial"},{"weight":357.0,"label":"gene"},{"weight":314.0,"label":"bacterium"},{"weight":293.0,"label":"microbiome"},{"weight":283.0,"label":"abundance"},{"weight":245.0,"label":"microbiota"},{"weight":237.0,"label":"diversity"},{"weight":218.0,"label":"composition"},{"weight":214.0,"label":"rrna"},{"weight":195.0,"label":"gut"},{"weight":174.0,"label":"sequencing"},{"weight":171.0,"label":"species"},{"weight":164.0,"label":"sample"},{"weight":147.0,"label":"analysis"},{"weight":123.0,"label":"sequence"},{"weight":116.0,"label":"rumen"},{"weight":113.0,"label":"study"},{"weight":96.0,"label":"metagenomic"},{"weight":83.0,"label":"high"},{"weight":83.0,"label":"identify"},{"weight":81.0,"label":"structure"},{"weight":80.0,"label":"otus"},{"weight":77.0,"label":"strain"}]},{"conceptId":7,"clusterId":0,"hexCoordinates":{"x":0.0,"y":0.0},"labels":[{"weight":531.0,"label":"strain"},{"weight":348.0,"label":"infection"},{"weight":340.0,"label":"bacterial"},{"weight":286.0,"label":"virulence"},{"weight":253.0,"label":"pathogen"},{"weight":232.0,"label":"host"},{"weight":222.0,"label":"bacterium"},{"weight":194.0,"label":"phage"},{"weight":191.0,"label":"aureus"},{"weight":145.0,"label":"resistance"},{"weight":135.0,"label":"associate"},{"weight":130.0,"label":"isolate"},{"weight":117.0,"label":"coli"},{"weight":115.0,"label":"antibiotic"},{"weight":109.0,"label":"gene"},{"weight":99.0,"label":"model"},{"weight":98.0,"label":"toxin"},{"weight":97.0,"label":"plasmid"},{"weight":95.0,"label":"disease"},{"weight":94.0,"label":"type"},{"weight":89.0,"label":"human"},{"weight":76.0,"label":"colonization"},{"weight":76.0,"label":"mutant"},{"weight":75.0,"label":"pseudomallei"},{"weight":72.0,"label":"streptococcus"}]},{"conceptId":3,"clusterId":0,"hexCoordinates":{"x":2.598076211353316,"y":-1.5},"labels":[{"weight":435.0,"label":"chicken"},{"weight":218.0,"label":"bird"},{"weight":139.0,"label":"human"},{"weight":124.0,"label":"poultry"},{"weight":124.0,"label":"campylobacter"},{"weight":111.0,"label":"avian"},{"weight":104.0,"label":"jejunus"},{"weight":95.0,"label":"squirrel"},{"weight":90.0,"label":"broiler"},{"weight":84.0,"label":"infection"},{"weight":81.0,"label":"line"},{"weight":70.0,"label":"host"},{"weight":67.0,"label":"egg"},{"weight":60.0,"label":"salmonella"},{"weight":59.0,"label":"pathogen"},{"weight":59.0,"label":"gene"},{"weight":58.0,"label":"animal"},{"weight":55.0,"label":"meat"},{"weight":54.0,"label":"source"},{"weight":45.0,"label":"avbd"},{"weight":44.0,"label":"species"},{"weight":44.0,"label":"bacterial"},{"weight":43.0,"label":"red"},{"weight":41.0,"label":"associate"},{"weight":39.0,"label":"strain"}]},{"conceptId":11,"clusterId":0,"hexCoordinates":{"x":-1.7320508075688772,"y":0.0},"labels":[{"weight":143.0,"label":"tilapia"},{"weight":111.0,"label":"abc"},{"weight":87.0,"label":"fno"},{"weight":84.0,"label":"fish"},{"weight":77.0,"label":"isolate"},{"weight":72.0,"label":"nile"},{"weight":52.0,"label":"strain"},{"weight":50.0,"label":"transporter"},{"weight":48.0,"label":"resistance"},{"weight":38.0,"label":"emb"},{"weight":31.0,"label":"challenge"},{"weight":30.0,"label":"catfish"},{"weight":30.0,"label":"salmonis"},{"weight":28.0,"label":"drug"},{"weight":25.0,"label":"mic"},{"weight":25.0,"label":"susceptibility"},{"weight":24.0,"label":"leniusculus"},{"weight":24.0,"label":"niloticus"},{"weight":24.0,"label":"plasmid"},{"weight":23.0,"label":"mortality"},{"weight":22.0,"label":"ioa"},{"weight":22.0,"label":"deltamethrin"},{"weight":21.0,"label":"serovar"},{"weight":21.0,"label":"red"},{"weight":21.0,"label":"resistant"}]},{"conceptId":-1,"clusterId":-1,"hexCoordinates":{"x":7.794228634059947,"y":4.5},"labels":[{"weight":2500,"label":"Unclassified"},{"weight":0,"label":""},{"weight":0,"label":""},{"weight":0,"label":""},{"weight":0,"label":""},{"weight":0,"label":""},{"weight":0,"label":""},{"weight":0,"label":""},{"weight":0,"label":""},{"weight":0,"label":""},{"weight":0,"label":""}]},{"conceptId":16,"clusterId":0,"hexCoordinates":{"x":0.8660254037844386,"y":4.5},"labels":[{"weight":136.0,"label":"sri"},{"weight":99.0,"label":"lanka"},{"weight":88.0,"label":"pesticide"},{"weight":60.0,"label":"cse"},{"weight":47.0,"label":"mobilization"},{"weight":46.0,"label":"swimmer"},{"weight":43.0,"label":"colony"},{"weight":30.0,"label":"zoospore"},{"weight":30.0,"label":"mobilize"},{"weight":25.0,"label":"aip"},{"weight":25.0,"label":"lankan"},{"weight":24.0,"label":"winter"},{"weight":23.0,"label":"swimming"},{"weight":23.0,"label":"publishing"},{"weight":21.0,"label":"motility"},{"weight":20.0,"label":"flagellar"},{"weight":19.0,"label":"markedness"},{"weight":18.0,"label":"colloid"},{"weight":17.0,"label":"llc"},{"weight":17.0,"label":"motile"},{"weight":17.0,"label":"beekeeper"},{"weight":16.0,"label":"speed"},{"weight":15.0,"label":"cot"},{"weight":14.0,"label":"icv"},{"weight":14.0,"label":"marked"}]},{"conceptId":8,"clusterId":0,"hexCoordinates":{"x":1.7320508075688772,"y":3.0},"labels":[{"weight":334.0,"label":"bacterial"},{"weight":307.0,"label":"microbial"},{"weight":264.0,"label":"community"},{"weight":244.0,"label":"bacterium"},{"weight":149.0,"label":"culture"},{"weight":122.0,"label":"biofilm"},{"weight":107.0,"label":"microorganism"},{"weight":90.0,"label":"strain"},{"weight":88.0,"label":"degradation"},{"weight":82.0,"label":"condition"},{"weight":80.0,"label":"isolate"},{"weight":78.0,"label":"marine"},{"weight":75.0,"label":"hydrocarbon"},{"weight":75.0,"label":"growth"},{"weight":64.0,"label":"degrading"},{"weight":64.0,"label":"study"},{"weight":63.0,"label":"environment"},{"weight":61.0,"label":"associate"},{"weight":56.0,"label":"microcosm"},{"weight":52.0,"label":"sediment"},{"weight":50.0,"label":"diversity"},{"weight":49.0,"label":"anaerobic"},{"weight":49.0,"label":"environmental"},{"weight":44.0,"label":"biodegradation"},{"weight":44.0,"label":"organism"}]},{"conceptId":17,"clusterId":0,"hexCoordinates":{"x":1.7320508075688772,"y":0.0},"labels":[{"weight":498.0,"label":"protein"},{"weight":382.0,"label":"cell"},{"weight":303.0,"label":"membrane"},{"weight":296.0,"label":"show"},{"weight":278.0,"label":"pathway"},{"weight":268.0,"label":"enzyme"},{"weight":238.0,"label":"growth"},{"weight":233.0,"label":"system"},{"weight":225.0,"label":"bacterial"},{"weight":224.0,"label":"secretion"},{"weight":221.0,"label":"bacterium"},{"weight":201.0,"label":"essential"},{"weight":186.0,"label":"activity"},{"weight":175.0,"label":"transporter"},{"weight":174.0,"label":"coli"},{"weight":170.0,"label":"lipid"},{"weight":168.0,"label":"mutant"},{"weight":167.0,"label":"acid"},{"weight":158.0,"label":"transport"},{"weight":158.0,"label":"role"},{"weight":152.0,"label":"synthesis"},{"weight":143.0,"label":"type"},{"weight":141.0,"label":"metabolism"},{"weight":135.0,"label":"demonstrate"},{"weight":129.0,"label":"involve"}]},{"conceptId":14,"clusterId":0,"hexCoordinates":{"x":2.598076211353316,"y":1.5},"labels":[{"weight":715.0,"label":"biofilm"},{"weight":287.0,"label":"yeast"},{"weight":198.0,"label":"albican"},{"weight":163.0,"label":"fungal"},{"weight":146.0,"label":"infection"},{"weight":141.0,"label":"candida"},{"weight":137.0,"label":"resistance"},{"weight":132.0,"label":"antifungal"},{"weight":124.0,"label":"species"},{"weight":120.0,"label":"formation"},{"weight":118.0,"label":"strain"},{"weight":103.0,"label":"fungus"},{"weight":82.0,"label":"denture"},{"weight":82.0,"label":"cerevisiae"},{"weight":77.0,"label":"show"},{"weight":76.0,"label":"bacterium"},{"weight":75.0,"label":"pathogen"},{"weight":73.0,"label":"isolate"},{"weight":69.0,"label":"clinical"},{"weight":69.0,"label":"vitro"},{"weight":66.0,"label":"form"},{"weight":64.0,"label":"ability"},{"weight":63.0,"label":"auris"},{"weight":60.0,"label":"growth"},{"weight":60.0,"label":"cell"}]},{"conceptId":10,"clusterId":0,"hexCoordinates":{"x":-0.8660254037844386,"y":1.5},"labels":[{"weight":999.0,"label":"resistance"},{"weight":527.0,"label":"resistant"},{"weight":453.0,"label":"antibiotic"},{"weight":273.0,"label":"mrsa"},{"weight":264.0,"label":"isolate"},{"weight":241.0,"label":"aureus"},{"weight":234.0,"label":"infection"},{"weight":227.0,"label":"antimicrobial"},{"weight":168.0,"label":"staphylococcus"},{"weight":144.0,"label":"coli"},{"weight":123.0,"label":"bacterium"},{"weight":119.0,"label":"strain"},{"weight":114.0,"label":"gene"},{"weight":102.0,"label":"bacterial"},{"weight":100.0,"label":"susceptible"},{"weight":96.0,"label":"human"},{"weight":93.0,"label":"methicillin"},{"weight":87.0,"label":"drug"},{"weight":85.0,"label":"mdr"},{"weight":83.0,"label":"pathogen"},{"weight":83.0,"label":"susceptibility"},{"weight":77.0,"label":"amr"},{"weight":77.0,"label":"clinical"},{"weight":72.0,"label":"positive"},{"weight":70.0,"label":"multidrug"}]},{"conceptId":12,"clusterId":0,"hexCoordinates":{"x":4.330127018922193,"y":1.5},"labels":[{"weight":280.0,"label":"fungal"},{"weight":201.0,"label":"albican"},{"weight":147.0,"label":"wall"},{"weight":126.0,"label":"cell"},{"weight":120.0,"label":"dectin"},{"weight":111.0,"label":"infection"},{"weight":96.0,"label":"candida"},{"weight":89.0,"label":"pathogen"},{"weight":88.0,"label":"macrophage"},{"weight":85.0,"label":"human"},{"weight":78.0,"label":"host"},{"weight":77.0,"label":"receptor"},{"weight":76.0,"label":"fungus"},{"weight":73.0,"label":"response"},{"weight":70.0,"label":"immune"},{"weight":62.0,"label":"antifungal"},{"weight":58.0,"label":"allergen"},{"weight":53.0,"label":"clec"},{"weight":53.0,"label":"yeast"},{"weight":52.0,"label":"phagocytosis"},{"weight":51.0,"label":"lectin"},{"weight":49.0,"label":"recognition"},{"weight":47.0,"label":"virulence"},{"weight":45.0,"label":"glucan"},{"weight":45.0,"label":"mouse"}]},{"conceptId":1,"clusterId":0,"hexCoordinates":{"x":0.8660254037844386,"y":-1.5},"labels":[{"weight":75.0,"label":"mmp"},{"weight":72.0,"label":"module"},{"weight":53.0,"label":"beaked"},{"weight":45.0,"label":"plasmid"},{"weight":38.0,"label":"timp"},{"weight":35.0,"label":"ess"},{"weight":26.0,"label":"essc"},{"weight":21.0,"label":"esa"},{"weight":21.0,"label":"type"},{"weight":19.0,"label":"deep"},{"weight":18.0,"label":"spironolactone"},{"weight":18.0,"label":"variant"},{"weight":16.0,"label":"bnf"},{"weight":15.0,"label":"med"},{"weight":14.0,"label":"mesoplodon"},{"weight":14.0,"label":"formation"},{"weight":13.0,"label":"mbnf"},{"weight":13.0,"label":"sac"},{"weight":13.0,"label":"collagen"},{"weight":13.0,"label":"strand"},{"weight":12.0,"label":"metalloproteinase"},{"weight":11.0,"label":"blainville"},{"weight":11.0,"label":"dive"},{"weight":11.0,"label":"staphylococcus"},{"weight":10.0,"label":"picp"}]},{"conceptId":4,"clusterId":0,"hexCoordinates":{"x":0.0,"y":3.0},"labels":[{"weight":420.0,"label":"fracture"},{"weight":203.0,"label":"biofilm"},{"weight":128.0,"label":"formation"},{"weight":54.0,"label":"show"},{"weight":42.0,"label":"lbf"},{"weight":42.0,"label":"hbf"},{"weight":37.0,"label":"significantly"},{"weight":33.0,"label":"isolate"},{"weight":32.0,"label":"associate"},{"weight":31.0,"label":"fractured"},{"weight":31.0,"label":"liner"},{"weight":26.0,"label":"find"},{"weight":25.0,"label":"edna"},{"weight":25.0,"label":"heterogeneity"},{"weight":24.0,"label":"construct"},{"weight":24.0,"label":"analysis"},{"weight":23.0,"label":"compare"},{"weight":21.0,"label":"mfhw"},{"weight":21.0,"label":"fracturing"},{"weight":21.0,"label":"matrix"},{"weight":19.0,"label":"form"},{"weight":19.0,"label":"high"},{"weight":18.0,"label":"chitinase"},{"weight":18.0,"label":"aperture"},{"weight":18.0,"label":"low"}]},{"conceptId":5,"clusterId":0,"hexCoordinates":{"x":0.8660254037844386,"y":1.5},"labels":[{"weight":176.0,"label":"coli"},{"weight":133.0,"label":"mastitis"},{"weight":107.0,"label":"bovine"},{"weight":104.0,"label":"infection"},{"weight":92.0,"label":"milk"},{"weight":86.0,"label":"salmonella"},{"weight":74.0,"label":"strain"},{"weight":70.0,"label":"bacterial"},{"weight":68.0,"label":"isolate"},{"weight":58.0,"label":"mammary"},{"weight":58.0,"label":"escherichia"},{"weight":57.0,"label":"ipf"},{"weight":53.0,"label":"aureus"},{"weight":53.0,"label":"bacterium"},{"weight":49.0,"label":"cattle"},{"weight":48.0,"label":"typhimurium"},{"weight":47.0,"label":"stx"},{"weight":41.0,"label":"dairy"},{"weight":40.0,"label":"cow"},{"weight":38.0,"label":"factor"},{"weight":37.0,"label":"enterica"},{"weight":36.0,"label":"associate"},{"weight":33.0,"label":"significantly"},{"weight":32.0,"label":"farm"},{"weight":31.0,"label":"clinical"}]},{"conceptId":6,"clusterId":0,"hexCoordinates":{"x":-1.7320508075688772,"y":3.0},"labels":[{"weight":257.0,"label":"light"},{"weight":77.0,"label":"inactivation"},{"weight":66.0,"label":"efficacy"},{"weight":66.0,"label":"dose"},{"weight":64.0,"label":"exposure"},{"weight":59.0,"label":"spore"},{"weight":57.0,"label":"expose"},{"weight":44.0,"label":"decontamination"},{"weight":44.0,"label":"demonstrate"},{"weight":41.0,"label":"log"},{"weight":40.0,"label":"achieve"},{"weight":38.0,"label":"contamination"},{"weight":38.0,"label":"bacterial"},{"weight":37.0,"label":"wheel"},{"weight":35.0,"label":"aerosol"},{"weight":35.0,"label":"reduction"},{"weight":34.0,"label":"viability"},{"weight":32.0,"label":"disinfection"},{"weight":31.0,"label":"study"},{"weight":30.0,"label":"result"},{"weight":28.0,"label":"violet"},{"weight":27.0,"label":"airborne"},{"weight":26.0,"label":"lethal"},{"weight":25.0,"label":"susceptibility"},{"weight":25.0,"label":"environmental"}]},{"conceptId":15,"clusterId":0,"hexCoordinates":{"x":3.4641016151377544,"y":0.0},"labels":[{"weight":252.0,"label":"infection"},{"weight":175.0,"label":"parasite"},{"weight":174.0,"label":"mouse"},{"weight":111.0,"label":"host"},{"weight":66.0,"label":"polygyrus"},{"weight":65.0,"label":"burden"},{"weight":60.0,"label":"strain"},{"weight":58.0,"label":"wild"},{"weight":49.0,"label":"resistance"},{"weight":42.0,"label":"monocytogene"},{"weight":42.0,"label":"spp"},{"weight":39.0,"label":"type"},{"weight":38.0,"label":"compare"},{"weight":37.0,"label":"worm"},{"weight":36.0,"label":"infected"},{"weight":34.0,"label":"susceptibility"},{"weight":34.0,"label":"find"},{"weight":32.0,"label":"balb"},{"weight":32.0,"label":"difficile"},{"weight":32.0,"label":"nematode"},{"weight":32.0,"label":"treatment"},{"weight":31.0,"label":"helminth"},{"weight":30.0,"label":"prfa"},{"weight":28.0,"label":"mil"},{"weight":28.0,"label":"toxin"}]}]}