[{"topicData":[{"numberOfDocuments":0.0,"label":"Heriot-Watt University"},{"numberOfDocuments":0.0,"label":"Robert Gordon University"},{"numberOfDocuments":0.0,"label":"Glasgow Caledonian University"},{"numberOfDocuments":0.0,"label":"Queen Margaret University"},{"numberOfDocuments":0.0,"label":"University of Dundee"},{"numberOfDocuments":0.0,"label":"University of the Highlands and Islands"},{"numberOfDocuments":0.0,"label":"Edinburgh Napier University"},{"numberOfDocuments":0.0,"label":"University of Stirling"},{"numberOfDocuments":0.0,"label":"Abertay University"},{"numberOfDocuments":0.0,"label":"University of Aberdeen"},{"numberOfDocuments":0.0,"label":"University of Edinburgh"},{"numberOfDocuments":0.0,"label":"University of the West of Scotland"},{"numberOfDocuments":0.0,"label":"University of Glasgow"},{"numberOfDocuments":0.0,"label":"University of St Andrews"},{"numberOfDocuments":0.0,"label":"University of Strathclyde"}],"conceptId":-1},{"topicData":[{"numberOfDocuments":3.800982755612396,"label":"Heriot-Watt University"},{"numberOfDocuments":0.9734808362516822,"label":"Robert Gordon University"},{"numberOfDocuments":0.19435288820454408,"label":"Glasgow Caledonian University"},{"numberOfDocuments":0.087614941789579,"label":"Queen Margaret University"},{"numberOfDocuments":1.64088725931693,"label":"University of Dundee"},{"numberOfDocuments":2.0529582826507284,"label":"University of the Highlands and Islands"},{"numberOfDocuments":0.32816262130037355,"label":"Edinburgh Napier University"},{"numberOfDocuments":3.473847550162894,"label":"University of Stirling"},{"numberOfDocuments":0.3420310391363023,"label":"Abertay University"},{"numberOfDocuments":2.6906960786623397,"label":"University of Aberdeen"},{"numberOfDocuments":14.055948355788367,"label":"University of Edinburgh"},{"numberOfDocuments":1.4791363892741827,"label":"University of the West of Scotland"},{"numberOfDocuments":15.466627285209322,"label":"University of Glasgow"},{"numberOfDocuments":2.821401899346352,"label":"University of St Andrews"},{"numberOfDocuments":14.334882766769699,"label":"University of Strathclyde"}],"conceptId":0},{"topicData":[{"numberOfDocuments":0.7494041224078372,"label":"Heriot-Watt University"},{"numberOfDocuments":1.4744923949426194,"label":"Robert Gordon University"},{"numberOfDocuments":0.05084745762711865,"label":"Glasgow Caledonian University"},{"numberOfDocuments":0.03529411764705882,"label":"Queen Margaret University"},{"numberOfDocuments":1.9284294249059963,"label":"University of Dundee"},{"numberOfDocuments":1.0219123627266575,"label":"University of the Highlands and Islands"},{"numberOfDocuments":0.0,"label":"Edinburgh Napier University"},{"numberOfDocuments":0.7453465472333398,"label":"University of Stirling"},{"numberOfDocuments":0.0,"label":"Abertay University"},{"numberOfDocuments":2.035623485457772,"label":"University of Aberdeen"},{"numberOfDocuments":2.4290565915041524,"label":"University of Edinburgh"},{"numberOfDocuments":0.7995967692998531,"label":"University of the West of Scotland"},{"numberOfDocuments":3.3659860267732338,"label":"University of Glasgow"},{"numberOfDocuments":1.6662954628693287,"label":"University of St Andrews"},{"numberOfDocuments":2.4519577309760203,"label":"University of Strathclyde"}],"conceptId":1},{"topicData":[{"numberOfDocuments":1.5717202991506933,"label":"Heriot-Watt University"},{"numberOfDocuments":4.167286435325039,"label":"Robert Gordon University"},{"numberOfDocuments":0.19451372140537604,"label":"Glasgow Caledonian University"},{"numberOfDocuments":0.043478260869565216,"label":"Queen Margaret University"},{"numberOfDocuments":0.5619441344952064,"label":"University of Dundee"},{"numberOfDocuments":7.421418010954692,"label":"University of the Highlands and Islands"},{"numberOfDocuments":0.022222222222222223,"label":"Edinburgh Napier University"},{"numberOfDocuments":0.5288721177760335,"label":"University of Stirling"},{"numberOfDocuments":0.13042253521126762,"label":"Abertay University"},{"numberOfDocuments":1.0450399458607085,"label":"University of Aberdeen"},{"numberOfDocuments":6.49136982028899,"label":"University of Edinburgh"},{"numberOfDocuments":0.0666806543818038,"label":"University of the West of Scotland"},{"numberOfDocuments":13.092683949127771,"label":"University of Glasgow"},{"numberOfDocuments":0.8879169400857451,"label":"University of St Andrews"},{"numberOfDocuments":15.699508482233187,"label":"University of Strathclyde"}],"conceptId":2},{"topicData":[{"numberOfDocuments":13.463061851246612,"label":"Heriot-Watt University"},{"numberOfDocuments":0.6707125956791551,"label":"Robert Gordon University"},{"numberOfDocuments":0.2592692165045104,"label":"Glasgow Caledonian University"},{"numberOfDocuments":0.03943468296409473,"label":"Queen Margaret University"},{"numberOfDocuments":1.5046333587436662,"label":"University of Dundee"},{"numberOfDocuments":2.0453144134724024,"label":"University of the Highlands and Islands"},{"numberOfDocuments":0.8223651593597442,"label":"Edinburgh Napier University"},{"numberOfDocuments":1.130275167851265,"label":"University of Stirling"},{"numberOfDocuments":0.9731582792793878,"label":"Abertay University"},{"numberOfDocuments":7.741136749344256,"label":"University of Aberdeen"},{"numberOfDocuments":7.448535267528395,"label":"University of Edinburgh"},{"numberOfDocuments":1.3603264053368125,"label":"University of the West of Scotland"},{"numberOfDocuments":6.892427809131391,"label":"University of Glasgow"},{"numberOfDocuments":1.7881886602185295,"label":"University of St Andrews"},{"numberOfDocuments":8.03530880200642,"label":"University of Strathclyde"}],"conceptId":3},{"topicData":[{"numberOfDocuments":0.09214180135152554,"label":"Heriot-Watt University"},{"numberOfDocuments":1.2625981650526659,"label":"Robert Gordon University"},{"numberOfDocuments":0.1518987341772152,"label":"Glasgow Caledonian University"},{"numberOfDocuments":0.00909090909090909,"label":"Queen Margaret University"},{"numberOfDocuments":0.3551398901732927,"label":"University of Dundee"},{"numberOfDocuments":0.0,"label":"University of the Highlands and Islands"},{"numberOfDocuments":0.17395755770662696,"label":"Edinburgh Napier University"},{"numberOfDocuments":0.252955806339669,"label":"University of Stirling"},{"numberOfDocuments":0.031213603540647564,"label":"Abertay University"},{"numberOfDocuments":0.35688212472847564,"label":"University of Aberdeen"},{"numberOfDocuments":8.241572044869665,"label":"University of Edinburgh"},{"numberOfDocuments":0.42643222394504937,"label":"University of the West of Scotland"},{"numberOfDocuments":11.36451374325867,"label":"University of Glasgow"},{"numberOfDocuments":4.741859952985801,"label":"University of St Andrews"},{"numberOfDocuments":0.9743911967911539,"label":"University of Strathclyde"}],"conceptId":4},{"topicData":[{"numberOfDocuments":6.353247927075159,"label":"Heriot-Watt University"},{"numberOfDocuments":5.551776773064792,"label":"Robert Gordon University"},{"numberOfDocuments":0.6623790554796426,"label":"Glasgow Caledonian University"},{"numberOfDocuments":0.30174266720841875,"label":"Queen Margaret University"},{"numberOfDocuments":1.6785566008845418,"label":"University of Dundee"},{"numberOfDocuments":1.0530520055335408,"label":"University of the Highlands and Islands"},{"numberOfDocuments":0.23592661554824088,"label":"Edinburgh Napier University"},{"numberOfDocuments":1.929778947833217,"label":"University of Stirling"},{"numberOfDocuments":0.35699107710565897,"label":"Abertay University"},{"numberOfDocuments":5.4771054370667756,"label":"University of Aberdeen"},{"numberOfDocuments":6.113208210100535,"label":"University of Edinburgh"},{"numberOfDocuments":0.044298405744188876,"label":"University of the West of Scotland"},{"numberOfDocuments":2.799197704683942,"label":"University of Glasgow"},{"numberOfDocuments":3.178670255341395,"label":"University of St Andrews"},{"numberOfDocuments":4.53640083136209,"label":"University of Strathclyde"}],"conceptId":5},{"topicData":[{"numberOfDocuments":16.90612758017876,"label":"Heriot-Watt University"},{"numberOfDocuments":3.2778166408936773,"label":"Robert Gordon University"},{"numberOfDocuments":3.2396455788490655,"label":"Glasgow Caledonian University"},{"numberOfDocuments":0.09400806886852814,"label":"Queen Margaret University"},{"numberOfDocuments":2.348697849539958,"label":"University of Dundee"},{"numberOfDocuments":6.4198742338444825,"label":"University of the Highlands and Islands"},{"numberOfDocuments":0.37526138210472765,"label":"Edinburgh Napier University"},{"numberOfDocuments":2.0674259468444967,"label":"University of Stirling"},{"numberOfDocuments":3.7715978650858792,"label":"Abertay University"},{"numberOfDocuments":5.3102046091750745,"label":"University of Aberdeen"},{"numberOfDocuments":18.162977714413195,"label":"University of Edinburgh"},{"numberOfDocuments":6.261433475914507,"label":"University of the West of Scotland"},{"numberOfDocuments":12.047838381789612,"label":"University of Glasgow"},{"numberOfDocuments":4.387959442606707,"label":"University of St Andrews"},{"numberOfDocuments":8.37478913945907,"label":"University of Strathclyde"}],"conceptId":6},{"topicData":[{"numberOfDocuments":0.7652955639020007,"label":"Heriot-Watt University"},{"numberOfDocuments":0.5928432351961763,"label":"Robert Gordon University"},{"numberOfDocuments":0.0,"label":"Glasgow Caledonian University"},{"numberOfDocuments":0.5704147258926437,"label":"Queen Margaret University"},{"numberOfDocuments":0.36852488985492243,"label":"University of Dundee"},{"numberOfDocuments":0.41867279271259783,"label":"University of the Highlands and Islands"},{"numberOfDocuments":0.037037037037037035,"label":"Edinburgh Napier University"},{"numberOfDocuments":0.13662086543913754,"label":"University of Stirling"},{"numberOfDocuments":0.03225806451612903,"label":"Abertay University"},{"numberOfDocuments":3.230370412937064,"label":"University of Aberdeen"},{"numberOfDocuments":6.800935309268958,"label":"University of Edinburgh"},{"numberOfDocuments":0.05737704918032787,"label":"University of the West of Scotland"},{"numberOfDocuments":2.097698157834431,"label":"University of Glasgow"},{"numberOfDocuments":0.4287888408236152,"label":"University of St Andrews"},{"numberOfDocuments":7.266132653307197,"label":"University of Strathclyde"}],"conceptId":7},{"topicData":[{"numberOfDocuments":0.5640799093291402,"label":"Heriot-Watt University"},{"numberOfDocuments":0.03067484662576687,"label":"Robert Gordon University"},{"numberOfDocuments":0.013381506757660913,"label":"Glasgow Caledonian University"},{"numberOfDocuments":0.0,"label":"Queen Margaret University"},{"numberOfDocuments":0.106203007518797,"label":"University of Dundee"},{"numberOfDocuments":0.5372886149331892,"label":"University of the Highlands and Islands"},{"numberOfDocuments":0.016250521553901224,"label":"Edinburgh Napier University"},{"numberOfDocuments":0.2421362489486964,"label":"University of Stirling"},{"numberOfDocuments":0.0,"label":"Abertay University"},{"numberOfDocuments":0.4432863754602885,"label":"University of Aberdeen"},{"numberOfDocuments":2.695537380545875,"label":"University of Edinburgh"},{"numberOfDocuments":0.0,"label":"University of the West of Scotland"},{"numberOfDocuments":0.5472300658396028,"label":"University of Glasgow"},{"numberOfDocuments":0.1302878359809163,"label":"University of St Andrews"},{"numberOfDocuments":1.5652580485769787,"label":"University of Strathclyde"}],"conceptId":8},{"topicData":[{"numberOfDocuments":2.020801302813215,"label":"Heriot-Watt University"},{"numberOfDocuments":0.6780593496555657,"label":"Robert Gordon University"},{"numberOfDocuments":0.03613053613053613,"label":"Glasgow Caledonian University"},{"numberOfDocuments":0.1326991600373692,"label":"Queen Margaret University"},{"numberOfDocuments":1.5326950296864907,"label":"University of Dundee"},{"numberOfDocuments":0.8653247387852744,"label":"University of the Highlands and Islands"},{"numberOfDocuments":1.4097190066544356,"label":"Edinburgh Napier University"},{"numberOfDocuments":6.671082920333282,"label":"University of Stirling"},{"numberOfDocuments":0.7485706228685055,"label":"Abertay University"},{"numberOfDocuments":7.064257092379457,"label":"University of Aberdeen"},{"numberOfDocuments":41.138986958587395,"label":"University of Edinburgh"},{"numberOfDocuments":0.8973411153905901,"label":"University of the West of Scotland"},{"numberOfDocuments":11.412381193679986,"label":"University of Glasgow"},{"numberOfDocuments":1.954243086767952,"label":"University of St Andrews"},{"numberOfDocuments":9.97837792455902,"label":"University of Strathclyde"}],"conceptId":9},{"topicData":[{"numberOfDocuments":3.747816131826211,"label":"Heriot-Watt University"},{"numberOfDocuments":0.9553259121229561,"label":"Robert Gordon University"},{"numberOfDocuments":0.0,"label":"Glasgow Caledonian University"},{"numberOfDocuments":0.1564805057955743,"label":"Queen Margaret University"},{"numberOfDocuments":0.8256272029959189,"label":"University of Dundee"},{"numberOfDocuments":1.1606480709344533,"label":"University of the Highlands and Islands"},{"numberOfDocuments":0.47464839864682756,"label":"Edinburgh Napier University"},{"numberOfDocuments":0.9967283174344779,"label":"University of Stirling"},{"numberOfDocuments":0.6150722708824181,"label":"Abertay University"},{"numberOfDocuments":1.5877879800782788,"label":"University of Aberdeen"},{"numberOfDocuments":2.158213304858813,"label":"University of Edinburgh"},{"numberOfDocuments":0.6299923194046522,"label":"University of the West of Scotland"},{"numberOfDocuments":1.0466693821377362,"label":"University of Glasgow"},{"numberOfDocuments":0.5274720057589204,"label":"University of St Andrews"},{"numberOfDocuments":1.5305228205534958,"label":"University of Strathclyde"}],"conceptId":10},{"topicData":[{"numberOfDocuments":13.059673809913384,"label":"Heriot-Watt University"},{"numberOfDocuments":3.5162264848800513,"label":"Robert Gordon University"},{"numberOfDocuments":1.0386770233296678,"label":"Glasgow Caledonian University"},{"numberOfDocuments":0.1398400775690325,"label":"Queen Margaret University"},{"numberOfDocuments":1.7738921878412501,"label":"University of Dundee"},{"numberOfDocuments":3.7012666170433146,"label":"University of the Highlands and Islands"},{"numberOfDocuments":0.5482497014729629,"label":"Edinburgh Napier University"},{"numberOfDocuments":2.374190817823943,"label":"University of Stirling"},{"numberOfDocuments":3.7709606754583054,"label":"Abertay University"},{"numberOfDocuments":7.247887076759996,"label":"University of Aberdeen"},{"numberOfDocuments":19.85171782330966,"label":"University of Edinburgh"},{"numberOfDocuments":9.944889155613428,"label":"University of the West of Scotland"},{"numberOfDocuments":25.7232678500565,"label":"University of Glasgow"},{"numberOfDocuments":7.765354261976625,"label":"University of St Andrews"},{"numberOfDocuments":14.278450532440084,"label":"University of Strathclyde"}],"conceptId":11},{"topicData":[{"numberOfDocuments":19.859987063584764,"label":"Heriot-Watt University"},{"numberOfDocuments":2.385539231401688,"label":"Robert Gordon University"},{"numberOfDocuments":1.7685391218131652,"label":"Glasgow Caledonian University"},{"numberOfDocuments":0.48132432689874377,"label":"Queen Margaret University"},{"numberOfDocuments":9.085339440553842,"label":"University of Dundee"},{"numberOfDocuments":1.4160872385856271,"label":"University of the Highlands and Islands"},{"numberOfDocuments":0.6794132745793807,"label":"Edinburgh Napier University"},{"numberOfDocuments":6.939611090192748,"label":"University of Stirling"},{"numberOfDocuments":3.2199051026633425,"label":"Abertay University"},{"numberOfDocuments":11.520410955785218,"label":"University of Aberdeen"},{"numberOfDocuments":20.696493139436217,"label":"University of Edinburgh"},{"numberOfDocuments":6.014416306035358,"label":"University of the West of Scotland"},{"numberOfDocuments":23.222661048767716,"label":"University of Glasgow"},{"numberOfDocuments":13.484201006343092,"label":"University of St Andrews"},{"numberOfDocuments":32.244440050034605,"label":"University of Strathclyde"}],"conceptId":12},{"topicData":[{"numberOfDocuments":6.477831542040633,"label":"Heriot-Watt University"},{"numberOfDocuments":4.3686127716078085,"label":"Robert Gordon University"},{"numberOfDocuments":5.054805100398912,"label":"Glasgow Caledonian University"},{"numberOfDocuments":0.030772141089549534,"label":"Queen Margaret University"},{"numberOfDocuments":0.9924966823344896,"label":"University of Dundee"},{"numberOfDocuments":4.856670226105028,"label":"University of the Highlands and Islands"},{"numberOfDocuments":0.6463306094420853,"label":"Edinburgh Napier University"},{"numberOfDocuments":2.9849455088228103,"label":"University of Stirling"},{"numberOfDocuments":2.2178386158853196,"label":"Abertay University"},{"numberOfDocuments":2.2022823216673855,"label":"University of Aberdeen"},{"numberOfDocuments":8.36694107689476,"label":"University of Edinburgh"},{"numberOfDocuments":3.3788778998120734,"label":"University of the West of Scotland"},{"numberOfDocuments":10.45180412020283,"label":"University of Glasgow"},{"numberOfDocuments":1.288845075937273,"label":"University of St Andrews"},{"numberOfDocuments":6.929463921905371,"label":"University of Strathclyde"}],"conceptId":13},{"topicData":[{"numberOfDocuments":4.135870254445859,"label":"Heriot-Watt University"},{"numberOfDocuments":3.1693593122038655,"label":"Robert Gordon University"},{"numberOfDocuments":0.0,"label":"Glasgow Caledonian University"},{"numberOfDocuments":0.3407480902942005,"label":"Queen Margaret University"},{"numberOfDocuments":1.554455240845795,"label":"University of Dundee"},{"numberOfDocuments":0.768129931034227,"label":"University of the Highlands and Islands"},{"numberOfDocuments":0.37644807392569196,"label":"Edinburgh Napier University"},{"numberOfDocuments":1.801992529202498,"label":"University of Stirling"},{"numberOfDocuments":7.588775980424426,"label":"Abertay University"},{"numberOfDocuments":2.6928716993241384,"label":"University of Aberdeen"},{"numberOfDocuments":6.582493823399067,"label":"University of Edinburgh"},{"numberOfDocuments":1.070153420337208,"label":"University of the West of Scotland"},{"numberOfDocuments":5.726349122000009,"label":"University of Glasgow"},{"numberOfDocuments":1.5070632124472827,"label":"University of St Andrews"},{"numberOfDocuments":7.374093496880589,"label":"University of Strathclyde"}],"conceptId":14},{"topicData":[{"numberOfDocuments":8.273229374672438,"label":"Heriot-Watt University"},{"numberOfDocuments":3.5493847898632302,"label":"Robert Gordon University"},{"numberOfDocuments":0.4912307729332648,"label":"Glasgow Caledonian University"},{"numberOfDocuments":0.23552922869738907,"label":"Queen Margaret University"},{"numberOfDocuments":3.4391724358223543,"label":"University of Dundee"},{"numberOfDocuments":6.977278909897966,"label":"University of the Highlands and Islands"},{"numberOfDocuments":0.9230085798910536,"label":"Edinburgh Napier University"},{"numberOfDocuments":7.889902818972254,"label":"University of Stirling"},{"numberOfDocuments":0.4458373992362804,"label":"Abertay University"},{"numberOfDocuments":12.116705647510265,"label":"University of Aberdeen"},{"numberOfDocuments":8.626817430985794,"label":"University of Edinburgh"},{"numberOfDocuments":3.214176495537811,"label":"University of the West of Scotland"},{"numberOfDocuments":8.866508748689206,"label":"University of Glasgow"},{"numberOfDocuments":3.2274003575437296,"label":"University of St Andrews"},{"numberOfDocuments":8.385117053962537,"label":"University of Strathclyde"}],"conceptId":15},{"topicData":[{"numberOfDocuments":15.279955454895997,"label":"Heriot-Watt University"},{"numberOfDocuments":0.859232488069794,"label":"Robert Gordon University"},{"numberOfDocuments":4.591259585963278,"label":"Glasgow Caledonian University"},{"numberOfDocuments":0.1234108377241746,"label":"Queen Margaret University"},{"numberOfDocuments":8.665756626051733,"label":"University of Dundee"},{"numberOfDocuments":0.08150681468492134,"label":"University of the Highlands and Islands"},{"numberOfDocuments":1.372643627765519,"label":"Edinburgh Napier University"},{"numberOfDocuments":0.8326813044979299,"label":"University of Stirling"},{"numberOfDocuments":0.41277780832985955,"label":"Abertay University"},{"numberOfDocuments":6.668742330294699,"label":"University of Aberdeen"},{"numberOfDocuments":15.723622293073188,"label":"University of Edinburgh"},{"numberOfDocuments":2.0835966228120846,"label":"University of the West of Scotland"},{"numberOfDocuments":7.267772888404211,"label":"University of Glasgow"},{"numberOfDocuments":1.1075576379963274,"label":"University of St Andrews"},{"numberOfDocuments":8.499603485016479,"label":"University of Strathclyde"}],"conceptId":16},{"topicData":[{"numberOfDocuments":17.889005590685894,"label":"Heriot-Watt University"},{"numberOfDocuments":2.226479949025032,"label":"Robert Gordon University"},{"numberOfDocuments":0.03359092608749844,"label":"Glasgow Caledonian University"},{"numberOfDocuments":0.40503565961699856,"label":"Queen Margaret University"},{"numberOfDocuments":0.6041042292053007,"label":"University of Dundee"},{"numberOfDocuments":0.2767188956840907,"label":"University of the Highlands and Islands"},{"numberOfDocuments":0.8237994425188665,"label":"Edinburgh Napier University"},{"numberOfDocuments":0.7474687238675539,"label":"University of Stirling"},{"numberOfDocuments":0.3980718896199958,"label":"Abertay University"},{"numberOfDocuments":9.947249948009857,"label":"University of Aberdeen"},{"numberOfDocuments":4.421549951151816,"label":"University of Edinburgh"},{"numberOfDocuments":0.1974869270925254,"label":"University of the West of Scotland"},{"numberOfDocuments":2.639820414407167,"label":"University of Glasgow"},{"numberOfDocuments":0.6035145399325045,"label":"University of St Andrews"},{"numberOfDocuments":11.71611036051897,"label":"University of Strathclyde"}],"conceptId":17},{"topicData":[{"numberOfDocuments":28.73902557590771,"label":"Heriot-Watt University"},{"numberOfDocuments":5.195783725953746,"label":"Robert Gordon University"},{"numberOfDocuments":0.15043926881933112,"label":"Glasgow Caledonian University"},{"numberOfDocuments":0.6148797473389562,"label":"Queen Margaret University"},{"numberOfDocuments":0.7407235936377674,"label":"University of Dundee"},{"numberOfDocuments":0.5704861427819439,"label":"University of the Highlands and Islands"},{"numberOfDocuments":0.6969908167231207,"label":"Edinburgh Napier University"},{"numberOfDocuments":1.253451699959578,"label":"University of Stirling"},{"numberOfDocuments":0.7793641224098358,"label":"Abertay University"},{"numberOfDocuments":12.10068445292498,"label":"University of Aberdeen"},{"numberOfDocuments":19.29112713613433,"label":"University of Edinburgh"},{"numberOfDocuments":0.30790524717194706,"label":"University of the West of Scotland"},{"numberOfDocuments":9.61186720696432,"label":"University of Glasgow"},{"numberOfDocuments":1.3784064761153147,"label":"University of St Andrews"},{"numberOfDocuments":12.35586919862015,"label":"University of Strathclyde"}],"conceptId":18},{"topicData":[{"numberOfDocuments":3.824345060207679,"label":"Heriot-Watt University"},{"numberOfDocuments":0.8553386134696493,"label":"Robert Gordon University"},{"numberOfDocuments":0.26428710744308254,"label":"Glasgow Caledonian University"},{"numberOfDocuments":0.20249028939342104,"label":"Queen Margaret University"},{"numberOfDocuments":0.7954165220084901,"label":"University of Dundee"},{"numberOfDocuments":0.27816110979072134,"label":"University of the Highlands and Islands"},{"numberOfDocuments":0.48632136488206057,"label":"Edinburgh Napier University"},{"numberOfDocuments":0.3002479279482653,"label":"University of Stirling"},{"numberOfDocuments":0.6349550930350791,"label":"Abertay University"},{"numberOfDocuments":4.137346391647203,"label":"University of Aberdeen"},{"numberOfDocuments":10.484402318751417,"label":"University of Edinburgh"},{"numberOfDocuments":1.5488471331607039,"label":"University of the West of Scotland"},{"numberOfDocuments":8.174834588308226,"label":"University of Glasgow"},{"numberOfDocuments":3.595136497586081,"label":"University of St Andrews"},{"numberOfDocuments":10.807493482775001,"label":"University of Strathclyde"}],"conceptId":19}]